time,open,high,low,close,volume
2016-01-04T16:00:00.000Z,91892.9766,93394.9141,91579.4375,93228.9766,6402
2016-01-05T16:00:00.000Z,93031.8281,93348.5547,92265.2031,92889.6328,5231
2016-01-06T16:00:00.000Z,92009.6328,93396.1484,91784.8281,92292.1953,6580
2016-01-07T16:00:00.000Z,92159.6484,93140.6563,90621.4688,92649.6328,7659
2016-01-10T16:00:00.000Z,92454.2109,93750.1484,92454.2109,93321.4766,7187
2016-01-11T16:00:00.000Z,93364.8672,94266.8359,92394.125,92844.0078,7688
2016-01-12T16:00:00.000Z,92881.1172,93271.4844,92004.8516,92918.4922,8747
2016-01-13T16:00:00.000Z,92445.8281,93550.6719,91766.1172,93194.375,6886
2016-01-14T16:00:00.000Z,93151.25,94354.0781,92811.8359,93186.4609,6651
2016-01-17T16:00:00.000Z,92935.2344,95375.75,92487.0938,95013.0781,8527
2016-01-18T16:00:00.000Z,95188.0078,95352.3359,94401.5547,94810.0234,6506
2016-01-19T16:00:00.000Z,94635.4453,94887.1719,93531.8047,93932.3672,5782
2016-01-20T16:00:00.000Z,94094.8828,95668.8516,94094.8828,95264.3438,10376
2016-01-21T16:00:00.000Z,95571.7734,96400.3438,95243.5547,96145.8438,7719
2016-01-24T16:00:00.000Z,96311.8281,97825.3984,96311.8281,97710.7266,10446
2016-01-25T16:00:00.000Z,97780.6875,97945.6406,96810.3984,97683.6641,8031
2016-01-26T16:00:00.000Z,98070,100470,98070,100380,16755
2016-01-27T16:00:00.000Z,100786.75,100962.3438,100039.0234,100256.0859,14603
2016-01-28T16:00:00.000Z,99631.0781,99894.8438,97692.5391,98276.7656,19804
2016-01-31T16:00:00.000Z,99951.625,100253.6172,97875.4844,98450.1406,19925
2016-02-01T16:00:00.000Z,98684.0391,99177.3359,98421.3125,98963.2656,10927
2016-02-02T16:00:00.000Z,99380.6875,99419.5547,97961.0156,98699.1484,9726
2016-02-03T16:00:00.000Z,98611.8281,99965.9063,98405.25,99767.125,8277
2016-02-04T16:00:00.000Z,100046.5547,100385.2969,98628.9453,99432.25,5977
2016-02-14T16:00:00.000Z,98710.5703,100270.1719,98113.6875,99930.7422,3231
2016-02-15T16:00:00.000Z,99855.0625,100173.1641,99030.8672,99194.2422,6334
2016-02-16T16:00:00.000Z,99230.5938,99530.5313,98230.4844,98762.6328,5111
2016-02-17T16:00:00.000Z,99595.0703,99905.1172,98597.1094,99330.9766,5709
2016-02-18T16:00:00.000Z,99418.6484,100275.3594,98921.0547,100236.5547,6747
2016-02-21T16:00:00.000Z,100288.4766,103481.5625,99803.6875,103276.3984,12516
2016-02-22T16:00:00.000Z,103678.7578,105665.8594,103394.3047,105519.8438,26002
2016-02-23T16:00:00.000Z,106166.5625,106293.4609,104797.7266,105160.4531,27333
2016-02-24T16:00:00.000Z,105418.6094,106258.25,104863.9609,105175.9531,22281
2016-02-25T16:00:00.000Z,105313.7656,105482.0156,102554.4609,103948.6172,24332
2016-02-28T16:00:00.000Z,104259.2891,105368.6719,102931.8984,103641.2813,25683
2016-02-29T16:00:00.000Z,104286.125,104651.7031,103189.8828,104089,15878
2016-03-01T16:00:00.000Z,104513.3594,105004.7422,103872.3984,104702.375,16157
2016-03-02T16:00:00.000Z,104791.25,108535.875,104692.5,108535.625,37103
2016-03-03T16:00:00.000Z,109478.3203,113916.4688,108657.7578,111594.7891,39780
2016-03-06T16:00:00.000Z,112781.125,114677.2656,111814.3359,112896.4688,41635
2016-03-07T16:00:00.000Z,113717.5078,117604.2969,111142.0547,114568.9531,59405
2016-03-08T16:00:00.000Z,114225.2031,114225.2031,110089.3125,110165.1953,38474
2016-03-09T16:00:00.000Z,110432.9141,112685.7109,108157.2578,109004.1953,48607
2016-03-10T16:00:00.000Z,109484.2188,111003.25,107720.2734,109928.1016,35471
2016-03-13T16:00:00.000Z,110507.75,110992.5703,109322.5703,109886.5625,26453
2016-03-14T16:00:00.000Z,109758.5,110540.5156,108306.2109,108711.7031,25283
2016-03-15T16:00:00.000Z,108441.3672,109644.4219,108016.2031,109502.1016,21100
2016-03-16T16:00:00.000Z,109367.7266,110470.6172,109307.0313,109997.6797,17178
2016-03-17T16:00:00.000Z,110093.0938,113653.5391,110045.375,112871.9844,31238
2016-03-20T16:00:00.000Z,112508.9922,112980.0781,108202.5,109405.5313,28281
2016-03-21T16:00:00.000Z,109728.7969,110468.0625,108912.7813,108998.3281,21120
2016-03-22T16:00:00.000Z,109193.4922,110514.2891,108319.4375,109052.5938,23095
2016-03-23T16:00:00.000Z,109487.2188,110700.2422,109050.9609,110247.0781,35987
2016-03-24T16:00:00.000Z,110744.9844,112070.5781,110398.875,112016.1172,29070
2016-03-27T16:00:00.000Z,112012.6797,112874.8359,108336.6719,108624.3906,20631
2016-03-28T16:00:00.000Z,108346.7344,109782.7422,108164.1328,108508.9297,20930
2016-03-29T16:00:00.000Z,108876.4609,109284.4688,105102.3672,105176.8906,34410
2016-03-30T16:00:00.000Z,105278.1719,105920.375,103101.1563,103540.4375,35744
2016-03-31T16:00:00.000Z,103115.2813,105652.4297,103106.0703,104940.7969,26384
2016-04-04T16:00:00.000Z,103641.9688,105802.9844,103387.9922,105504.9844,10106
2016-04-05T16:00:00.000Z,105150.4375,106314.0313,105035.4219,106197.7656,15351
2016-04-06T16:00:00.000Z,106309.3828,107482.7266,106181.3047,107177.4844,13747
2016-04-07T16:00:00.000Z,107252.2578,107274.4922,105376.4141,106680.5469,17219
2016-04-10T16:00:00.000Z,106883.6953,110600.8359,106883.6953,109242.9063,18071
2016-04-11T16:00:00.000Z,109959.5078,109998.8281,107477.7813,108640.9688,13381
2016-04-12T16:00:00.000Z,109282.0703,112786.6094,109053.7266,110789.9063,17824
2016-04-13T16:00:00.000Z,111986.5,113688.2031,110449.0625,112238.1016,21299
2016-04-14T16:00:00.000Z,113012.0156,113781.625,110860.3281,111685.3203,12095
2016-04-17T16:00:00.000Z,111863.6875,112027.9922,109916.1406,110441.8359,13074
2016-04-18T16:00:00.000Z,110761.6563,112184.4766,110297.4844,111830.7656,12772
2016-04-19T16:00:00.000Z,111887.9922,112929.5938,110822.4766,111702.9297,12807
2016-04-20T16:00:00.000Z,113010.5781,114855.3203,111215.3672,114768.4297,15602
2016-04-21T16:00:00.000Z,113311.8359,114278.0469,110414.9297,111644.9922,14914
2016-04-24T16:00:00.000Z,112516.1953,113739.0547,109466.7891,110160.125,12616
2016-04-25T16:00:00.000Z,110329.8281,110782.3125,108496.3047,108858.5156,7996
2016-04-26T16:00:00.000Z,108915.6406,110211.3047,108522.1406,109062.875,6689
2016-04-27T16:00:00.000Z,108996.0938,109028.0234,107478.9141,107672.5,6976
2016-04-28T16:00:00.000Z,107817.9219,109982.3438,107605.4531,109164.9531,8345
2016-05-02T16:00:00.000Z,109096.6016,111626.375,108592.7266,111621.4141,4921
2016-05-03T16:00:00.000Z,111583.3438,112739.1484,110782.7813,111163.5313,10018
2016-05-04T16:00:00.000Z,111332.375,113392.375,110929.0547,112634.5,15738
2016-05-05T16:00:00.000Z,112736.1953,113496.5234,109652.2266,110388.9219,20907
2016-05-08T16:00:00.000Z,110292.2422,112319.8594,109455.9063,109903.0625,16714
2016-05-09T16:00:00.000Z,109980.8359,110003.1172,106127.0156,108473.8125,19593
2016-05-10T16:00:00.000Z,108336.6094,109639.3047,107109.9219,109061.0781,13610
2016-05-11T16:00:00.000Z,109375.6719,111885.9688,106615.9297,110075.3672,12902
2016-05-12T16:00:00.000Z,109857.8516,109946.9688,105524.9766,107412.5781,17166
2016-05-15T16:00:00.000Z,107149.6094,108262.3984,105571.7422,107871.9844,11235
2016-05-16T16:00:00.000Z,107895.9766,108553,107310.625,108087.1094,11751
2016-05-17T16:00:00.000Z,107780,108630,106540,106580,12183
2016-05-18T16:00:00.000Z,106149.9453,107499.0781,105790.1719,106729.5703,11304
2016-05-19T16:00:00.000Z,106120,107390,105210,107150,7675
2016-05-22T16:00:00.000Z,107962.6094,107962.6094,105501.8203,105929.7031,11943
2016-05-23T16:00:00.000Z,104991.9609,106209.3984,104233.5547,105514.0313,9718
2016-05-24T16:00:00.000Z,105583.6797,105703.4063,104605.9375,104692.4531,7717
2016-05-25T16:00:00.000Z,104798.625,106595.6719,104499.6328,106496.0078,9179
2016-05-26T16:00:00.000Z,106497.3125,108354.2266,105818.4375,108304.3047,10066
2016-05-29T16:00:00.000Z,108530.9375,108870.1406,107413.5469,108002.4375,6774
2016-05-30T16:00:00.000Z,107575.6016,108978.1094,107535.6953,108646.4063,6465
2016-05-31T16:00:00.000Z,108406.5547,108743.0859,106102.1719,106152.0625,9538
2016-06-01T16:00:00.000Z,106216.9844,108286.375,106207.0234,108097.0313,9111
2016-06-02T16:00:00.000Z,107848.8203,108267.0156,107032.3438,107540.1563,6088
2016-06-05T16:00:00.000Z,108399.7188,109719.1875,108359.7344,109299.3594,8576
2016-06-06T16:00:00.000Z,109089.0469,109817.4375,108919.4297,109508.125,5765
2016-06-07T16:00:00.000Z,109550,109620,108440,109270,6197
2016-06-12T16:00:00.000Z,110288.75,111991.3047,109830.75,111563.1797,5032
2016-06-13T16:00:00.000Z,112000,112070,110660,111890,5846
2016-06-14T16:00:00.000Z,111881.4922,112001.2656,111033.0938,111761.7188,5296
2016-06-15T16:00:00.000Z,112430,113200,111140,111440,8066
2016-06-16T16:00:00.000Z,111729.2969,112770.4141,111267.3906,112760.6641,5872
2016-06-19T16:00:00.000Z,113097.9063,113484.9844,111579.3438,112290.8125,5130
2016-06-20T16:00:00.000Z,112294.8984,112334.7109,110662.4375,110921.2422,6541
2016-06-21T16:00:00.000Z,110255.2578,111892.2969,110115.5078,111672.6875,4787
2016-06-22T16:00:00.000Z,111851.9141,112280.0469,110607.3516,111483.5234,4774
2016-06-23T16:00:00.000Z,112090,112790,110300,110600,9026
2016-06-26T16:00:00.000Z,111010,113120,110750,112880,7211
2016-06-27T16:00:00.000Z,111871.0625,112791.3984,111841.2422,112592.625,5969
2016-06-28T16:00:00.000Z,112870.5625,113449.5469,111014.0391,111632.9531,10049
2016-06-29T16:00:00.000Z,112212.8203,113080.8281,111674.0547,112771.5391,7164
2016-06-30T16:00:00.000Z,112380,118000,112060,118000,17105
2016-07-03T16:00:00.000Z,118997.0547,123909.5781,117802.2031,122767.2891,29400
2016-07-04T16:00:00.000Z,124088.1563,125677.2344,117823.7031,120332.0938,30675
2016-07-05T16:00:00.000Z,120717.6172,121332.5547,115831.7031,117291.8359,22652
2016-07-06T16:00:00.000Z,116797.8359,119509.4141,116053.5234,116933.7422,16830
2016-07-07T16:00:00.000Z,117153.6328,117779.3125,113868.1094,114911.3203,12158
2016-07-10T16:00:00.000Z,116042.875,119252.2656,114873.3203,117579.125,14698
2016-07-11T16:00:00.000Z,118304.4609,120500.9219,118036.1016,119847.3828,14740
2016-07-12T16:00:00.000Z,120180.7656,122003.6875,118184.9922,119080.3828,23257
2016-07-13T16:00:00.000Z,119232.1016,119608.0625,117535.7109,118015.7344,12315
2016-07-14T16:00:00.000Z,118314.9063,119840.9609,118136.8125,119732.4609,13656
2016-07-17T16:00:00.000Z,120497.1797,120744.3672,117054.4453,117054.4453,12933
2016-07-18T16:00:00.000Z,117256.9297,118186.3594,116746.4219,117365.9688,11334
2016-07-19T16:00:00.000Z,117301.9688,118511.9688,116819.4219,118102.0781,11796
2016-07-20T16:00:00.000Z,117643.7188,119495.3984,117179.6016,118826.5313,10824
2016-07-21T16:00:00.000Z,118912.2188,119820.0234,117541.6875,118004.5625,11798
2016-07-24T16:00:00.000Z,118068.6328,118523.0547,116873.9375,117558.2188,6913
2016-07-25T16:00:00.000Z,117650.375,118527.1406,116932.875,118165.0156,8433
2016-07-26T16:00:00.000Z,118145.4297,121921.8672,117959.2734,120924.3359,19543
2016-07-27T16:00:00.000Z,121216.8516,121577.8672,120319.9141,121371.7344,11349
2016-07-28T16:00:00.000Z,122164.9375,122164.9375,119302.3516,120110.1875,8965
2016-07-31T16:00:00.000Z,120312.5313,120407.7969,118543.2422,119784.0547,8165
2016-08-01T16:00:00.000Z,119943.3984,120863.3438,118887.1094,120583.7109,6697
2016-08-02T16:00:00.000Z,121159.7109,121159.7109,119172.3047,119516.9453,6745
2016-08-03T16:00:00.000Z,119721.6797,119779.5703,117649.4375,117800.4297,7956
2016-08-04T16:00:00.000Z,117753.2266,120798.2813,117753.2266,120343.3828,8042
2016-08-07T16:00:00.000Z,120912.1484,122322.0156,119572.75,122241.1406,8371
2016-08-08T16:00:00.000Z,121494.2891,122665.0859,120912.2109,122499.2813,5803
2016-08-09T16:00:00.000Z,122835.8594,125527.5781,122246.75,124713.7578,10093
2016-08-10T16:00:00.000Z,125291.8438,125914.2656,123419.7266,123689.4453,11163
2016-08-11T16:00:00.000Z,123099.0078,124571.5547,122991.8828,124411.3438,7081
2016-08-14T16:00:00.000Z,123893.5,124065.5391,122018.1172,122412.4922,6482
2016-08-15T16:00:00.000Z,122467.1016,124065.7188,122437.9297,123595.1406,5541
2016-08-16T16:00:00.000Z,123304.625,124075.5313,122506.9063,122669.9922,4242
2016-08-17T16:00:00.000Z,122878.625,122954.7969,121020.5781,121460.1094,7145
2016-08-18T16:00:00.000Z,121858.8438,123218.9297,121640.1094,122246.4375,4592
2016-08-21T16:00:00.000Z,122309.0547,123174.6328,121933.375,122170.7578,6039
2016-08-22T16:00:00.000Z,122321.1953,122873.5703,120793.6953,122033.7109,3806
2016-08-23T16:00:00.000Z,122361.7578,124793.8906,122318.2188,124525.6875,7825
2016-08-24T16:00:00.000Z,124698.3672,125124.6953,122171.3828,123127.9922,9112
2016-08-25T16:00:00.000Z,122819.5625,123866.8359,122653.8203,123440.9688,4408
2016-08-28T16:00:00.000Z,123642.2656,124596.9297,123369.2813,124242.2656,5598
2016-08-29T16:00:00.000Z,123761.9609,124413.6094,123572.9219,123691.8359,5043
2016-08-30T16:00:00.000Z,123350.1406,123843.5156,122557.7578,123499.9375,5034
2016-08-31T16:00:00.000Z,123483.7266,124894.9375,123280.3828,124630.4453,7565
2016-09-01T16:00:00.000Z,124967.9922,127726.0234,124711.1719,127442.7578,15282
2016-09-04T16:00:00.000Z,127454.8359,128489.5391,127360.625,127751.0313,8874
2016-09-05T16:00:00.000Z,128009.6406,128221.25,126151.8438,127082.3359,8585
2016-09-06T16:00:00.000Z,127325.7266,127590.8125,126361.7031,127584.0391,7884
2016-09-07T16:00:00.000Z,127886.7813,127921.7031,126356.9141,126981.8438,7362
2016-09-08T16:00:00.000Z,127196.75,127543.1797,126822.0313,126878.2031,5521
2016-09-11T16:00:00.000Z,126870.1563,126870.1563,122032.0234,122354.2109,16139
2016-09-12T16:00:00.000Z,122671.875,123666.0781,122191.3203,122645.625,8638
2016-09-13T16:00:00.000Z,122904.2734,123421.5859,122008.5234,122589.125,8364
2016-09-18T16:00:00.000Z,122684.6094,124798.6953,122508.4375,123850.9297,5937
2016-09-19T16:00:00.000Z,124348.3906,124667.5391,124088.4609,124373.3359,4499
2016-09-20T16:00:00.000Z,124677.1328,125676.7813,123887.4063,124386.7422,7259
2016-09-21T16:00:00.000Z,123991.6328,126772.0469,123742.9219,126227.6563,9634
2016-09-22T16:00:00.000Z,126257.6484,127499.2734,125965.7891,127070.75,8004
2016-09-25T16:00:00.000Z,127298.1953,128235.1484,126318.2031,127017.5859,7564
2016-09-26T16:00:00.000Z,127552.1172,127789.6953,125374.3203,127336.7656,7935
2016-09-27T16:00:00.000Z,127455.6406,127739.2109,126242.1641,127501.9922,6297
2016-09-28T16:00:00.000Z,127689.7734,129923.4609,127367.5078,128168.9688,11582
2016-09-29T16:00:00.000Z,128318.4297,129174.2734,127727.5859,128711.9688,5646
2016-10-09T16:00:00.000Z,128750.8281,129731.0156,126704.6797,129365.2734,6080
2016-10-10T16:00:00.000Z,129118.2109,130198.6563,128819.3906,129893.9141,6740
2016-10-11T16:00:00.000Z,129164.2734,129450.4766,127766.3672,129007.2031,7917
2016-10-12T16:00:00.000Z,129480.8281,129579.6406,127811.1719,128107.6016,5893
2016-10-13T16:00:00.000Z,127762.3203,128397.6953,126818.2344,126917.0781,7868
2016-10-16T16:00:00.000Z,127173.9766,128675.7969,127085.0859,128220.0156,6736
2016-10-17T16:00:00.000Z,128121.5547,129380.7891,127213.2344,128758.7891,7032
2016-10-18T16:00:00.000Z,129192.1406,129567.7031,128539.8047,128767.9375,6138
2016-10-19T16:00:00.000Z,129271.9844,129930.8203,128570.2891,129575.1406,7734
2016-10-20T16:00:00.000Z,129350.1641,132106.0625,129192.5938,131982.7344,18636
2016-10-23T16:00:00.000Z,131897.7031,132400.0781,131208.4844,132350.7813,9313
2016-10-24T16:00:00.000Z,132527.0156,134636.6406,132349.6719,134203.9531,12573
2016-10-25T16:00:00.000Z,133682.2031,135894.75,132669.6875,133356.0469,11051
2016-10-26T16:00:00.000Z,133986.9375,134491.6094,132287.2188,133110.4688,8059
2016-10-27T16:00:00.000Z,133504.8125,135881.5469,132768.125,135676.1719,10013
2016-10-30T16:00:00.000Z,135401.3281,136321.1406,134122.2813,135356.0313,8810
2016-10-31T16:00:00.000Z,135747.75,138136.5938,134569.0781,137604.0156,13694
2016-11-01T16:00:00.000Z,137560.6094,137982.625,135462.125,135687.4688,10326
2016-11-02T16:00:00.000Z,135971.5469,138091.7969,135629.5625,137964.7813,6616
2016-11-03T16:00:00.000Z,138483.8906,143409.5781,138327.4375,142722.4531,21688
2016-11-06T16:00:00.000Z,141772.8906,147419.5625,140927.375,147419.5625,18515
2016-11-07T16:00:00.000Z,146895.2344,154908.2656,146706.7188,150261.1719,31211
2016-11-08T16:00:00.000Z,150644.7656,154223.6094,146615.4688,149960.1875,31252
2016-11-09T16:00:00.000Z,150972.2656,155669.2969,149347.8906,153918.5,38545
2016-11-10T16:00:00.000Z,154148.4219,154533.8438,150465.25,153167.5469,21200
2016-11-13T16:00:00.000Z,153112.0938,157484.6406,143246.4688,146498.4063,37208
2016-11-14T16:00:00.000Z,146615.6875,152588.375,142642.1406,144077.7031,24745
2016-11-15T16:00:00.000Z,143539.2031,146164.7344,142829.8594,145119.0625,13045
2016-11-16T16:00:00.000Z,144856.8906,145039.0469,141212.6719,141586.2969,12759
2016-11-17T16:00:00.000Z,142381.8438,144684.2656,139177.8438,140449.1563,15103
2016-11-20T16:00:00.000Z,141652.4063,145152.5313,138606,143491.375,16463
2016-11-21T16:00:00.000Z,144345.25,149281.6563,143332.25,147605.5,15862
2016-11-22T16:00:00.000Z,147807.7969,148488.9688,145638.7656,147105.875,10943
2016-11-23T16:00:00.000Z,147103.7969,151188.8906,146181.0313,146884.1719,22441
2016-11-24T16:00:00.000Z,147264.8125,148548.6406,143535.4375,146057.3438,12515
2016-11-27T16:00:00.000Z,145411.9063,149239.7188,144413.8906,149239.7188,13890
2016-11-28T16:00:00.000Z,148740.0313,149480.3125,142530.3125,142931.5156,15434
2016-11-29T16:00:00.000Z,144087.8438,144087.8438,137578.3125,140278.1719,15038
2016-11-30T16:00:00.000Z,143309.1875,146729.5156,141501.2344,145940.9688,14842
2016-12-01T16:00:00.000Z,145127.1875,146034.5469,142555.5781,144173.4063,10006
2016-12-04T16:00:00.000Z,144164.0938,145858.1719,143449.2969,144408.4063,10028
2016-12-05T16:00:00.000Z,144960.0156,145652.5625,143299.2344,145209.3438,9063
2016-12-06T16:00:00.000Z,145269.625,146872.9063,143999.4688,146323.375,10190
2016-12-07T16:00:00.000Z,147576.3281,148191.6563,144269.8906,144876.8438,10955
2016-12-08T16:00:00.000Z,145920.3125,146458.125,142632.375,144328.625,8304
2016-12-11T16:00:00.000Z,144323.8438,145796.8438,143310.1406,143602.2813,7308
2016-12-12T16:00:00.000Z,143519.5625,148959.9688,142615.2031,148265.375,12054
2016-12-13T16:00:00.000Z,149884.4688,149949.0469,146055.6406,148530.3906,11110
2016-12-14T16:00:00.000Z,148935.8281,150876.1094,146748.8281,150769.5781,11050
2016-12-15T16:00:00.000Z,149139.9375,150653.2969,148712.5156,148824.4531,7111
2016-12-18T16:00:00.000Z,148262.8281,149887.1406,144369,144441.25,9182
2016-12-19T16:00:00.000Z,144123.1406,145288.5625,142701.7813,144286.9531,7806
2016-12-20T16:00:00.000Z,144445.3281,145624.3438,144035.1406,144752.1094,4015
2016-12-21T16:00:00.000Z,144877.4531,145394.9219,143428.6563,143428.6563,5636
2016-12-22T16:00:00.000Z,143323.0469,145907.1094,142712.3125,144200.5156,7029
2016-12-25T16:00:00.000Z,144942.7969,145424.6563,137811.7969,140855.1563,14608
2016-12-26T16:00:00.000Z,140546.0781,145018.1406,140409.3281,144969.7656,6981
2016-12-27T16:00:00.000Z,144666.1563,147011.75,144345.2656,146709.1406,8786
2016-12-28T16:00:00.000Z,146692.3281,148661.7656,145042.3281,147350.7969,9590
2016-12-29T16:00:00.000Z,147372.9219,148257.8906,145560.7344,146504.6719,7606
2017-01-02T16:00:00.000Z,146576.0781,149991.0938,145389.3594,149389.6875,7955
2017-01-03T16:00:00.000Z,149602.0313,151079,148283.7813,150190.6406,13232
2017-01-04T16:00:00.000Z,150184.2656,154157.9375,149254.1875,153747.0781,13117
2017-01-05T16:00:00.000Z,153116.0938,154678.5938,151548.3438,152383.3281,14204
2017-01-08T16:00:00.000Z,152572.6094,153367.3125,151888.2344,152891.6094,9579
2017-01-09T16:00:00.000Z,152911.7656,155042.7188,151997.5156,154273.25,13504
2017-01-10T16:00:00.000Z,155064.375,155064.375,152496.2344,153062.4375,10470
2017-01-11T16:00:00.000Z,152744.5,152893.7344,147365.6406,149206.7188,17206
2017-01-12T16:00:00.000Z,148400,150167.0156,148305.4375,148874.4063,9186
2017-01-15T16:00:00.000Z,148699.25,151112,148699.25,150208.1406,8341
2017-01-16T16:00:00.000Z,150032.5313,150662.2031,146884.6875,147794.9844,9503
2017-01-17T16:00:00.000Z,146835.3906,149063.8594,146588.7813,147732.6875,7019
2017-01-18T16:00:00.000Z,147157.0313,148790.9375,147127.3906,148212.7344,6066
2017-01-19T16:00:00.000Z,148441.0313,149044.2813,144034.7969,144104.0625,9023
2017-01-22T16:00:00.000Z,143616.625,146213.7813,143330.5781,144848.9063,8671
2017-01-23T16:00:00.000Z,143968.9063,146819.1406,143919.5938,145581.3906,5859
2017-01-24T16:00:00.000Z,146275.5938,148732,145467.25,148229.8594,5299
2017-01-25T16:00:00.000Z,148017.6719,149973.2344,145939.4375,149019.9219,4291
2017-02-02T16:00:00.000Z,146842.0156,148978.6094,146051.8594,146130.4688,2912
2017-02-05T16:00:00.000Z,146032.5,147085.4688,145158.4844,145538.3438,5334
2017-02-06T16:00:00.000Z,144829.6094,145898.6094,143562.875,144626.6094,9124
2017-02-07T16:00:00.000Z,142635.4063,144713.4063,142507.3438,143989.6406,11933
2017-02-08T16:00:00.000Z,143811.375,146779.8125,143574.8438,145755.5938,12305
2017-02-09T16:00:00.000Z,145995.0156,146486.8438,145283.5156,146070.4219,9006
2017-02-12T16:00:00.000Z,146338.2031,150608.7344,146210.5,150377.6719,12486
2017-02-13T16:00:00.000Z,150356.75,150832.3594,149251.875,150778.6563,10148
2017-02-14T16:00:00.000Z,151669.9844,151669.9844,147361.7813,148554.6094,11107
2017-02-15T16:00:00.000Z,149234.6563,150382.4219,148092.6094,148584.6406,9850
2017-02-16T16:00:00.000Z,148174.5938,149060.9219,146231.1094,146772.0938,7811
2017-02-19T16:00:00.000Z,146651.0469,148612.5469,145734.9063,148026.3594,8428
2017-02-20T16:00:00.000Z,148513.4375,149748.1406,148041.8125,149041.7188,7981
2017-02-21T16:00:00.000Z,148910.8125,149499.2344,147720.0781,148209.7188,5859
2017-02-22T16:00:00.000Z,147872.4219,148493.3125,145109.875,145299.4531,8257
2017-02-23T16:00:00.000Z,145825.5625,146042.1563,144120.2031,145615.7031,8556
2017-02-26T16:00:00.000Z,145753.375,148277.4063,145567.5625,147070.3906,8179
2017-02-27T16:00:00.000Z,147067.7188,147953.1094,145750.2969,145854.625,6713
2017-02-28T16:00:00.000Z,145622.9375,146762.0625,145422.3438,146032.75,6350
2017-03-01T16:00:00.000Z,146595.5625,148441.3125,146501.0156,147674.9375,8350
2017-03-02T16:00:00.000Z,147734.6719,147734.6719,145417.5781,145986.4688,8268
2017-03-05T16:00:00.000Z,146005.5313,146554.1094,144794.6094,145184.125,8126
2017-03-06T16:00:00.000Z,144943.2031,145451.9531,143884.9688,144443.875,7768
2017-03-07T16:00:00.000Z,144409.4844,144446.7031,142695.625,142935.25,8612
2017-03-08T16:00:00.000Z,142518.5,143396.9063,139988.2656,140978.7031,11795
2017-03-09T16:00:00.000Z,140757.4844,143260.7813,138942.4063,142911,12437
2017-03-12T16:00:00.000Z,143171.7344,145142.75,142344.2969,145142.75,12564
2017-03-13T16:00:00.000Z,145194.4844,145369.4375,143800.75,144132.1719,6651
2017-03-14T16:00:00.000Z,144235.4063,146477.5313,144235.4063,145890.6406,10938
2017-03-15T16:00:00.000Z,146328.9688,147515.8438,145856.0625,147269.4219,7030
2017-03-16T16:00:00.000Z,147868.5469,147868.5469,146001.3438,146800.6719,7463
2017-03-19T16:00:00.000Z,147480.8906,147752.25,146538.4375,147017.8125,6455
2017-03-20T16:00:00.000Z,147253.8594,147627.0469,145687.5,146644.8438,7800
2017-03-21T16:00:00.000Z,147153.4063,147293.3125,145180.1094,145953.5156,9252
2017-03-22T16:00:00.000Z,146144,147260.9531,145518.375,146708.3906,7284
2017-03-23T16:00:00.000Z,146009.6406,147025.625,145481,146497.2656,7381
2017-03-26T16:00:00.000Z,145694.6719,146267.8594,142385.8438,142709.8594,10139
2017-03-27T16:00:00.000Z,142253.3438,144212.8906,141374.8906,142856.0781,9056
2017-03-28T16:00:00.000Z,143009.5781,144492.5625,142420.375,143900.75,6548
2017-03-29T16:00:00.000Z,143508.1563,144293.9844,142797.8438,143213.5156,6036
2017-03-30T16:00:00.000Z,143341.6719,144121.3594,142450.6094,142887.0156,6620
2017-04-04T16:00:00.000Z,142675.8125,144205.625,141903.7813,143590.7031,4731
2017-04-05T16:00:00.000Z,143757.3906,146964.8125,143757.3906,146912.1563,8543
2017-04-06T16:00:00.000Z,147088.5156,147244.6563,145499.75,146110.4219,10817
2017-04-09T16:00:00.000Z,145747.9219,146523,145286.9688,145432.2656,5570
2017-04-10T16:00:00.000Z,145837.5625,145998.6406,141876.1406,141901.5781,9651
2017-04-11T16:00:00.000Z,142188.0313,142791.3438,140402.1563,141114.0938,11654
2017-04-12T16:00:00.000Z,141428.9219,143377.0781,140419.0625,142613.9063,11035
2017-04-13T16:00:00.000Z,142423.7344,143692.8438,141094.1406,141205.9844,6794
2017-04-16T16:00:00.000Z,141065.0313,143326.0313,138718.1875,143097.5156,11661
2017-04-17T16:00:00.000Z,142892.7656,143341.4219,142105.125,142603.4844,5807
2017-04-18T16:00:00.000Z,142751.3594,142888.0781,139872.5938,140906.5,10340
2017-04-19T16:00:00.000Z,141362.5156,142378.4844,138796.9688,141393.75,12875
2017-04-20T16:00:00.000Z,141209.0469,141935.6563,140007.0313,140192.5469,10009
2017-04-23T16:00:00.000Z,139504.8906,140091.0156,136154.9375,137659.6094,18011
2017-04-24T16:00:00.000Z,137265.9219,138765.5781,136983.4531,138078.3594,10065
2017-04-25T16:00:00.000Z,138492.9375,138986.125,137598.5156,137992.0156,9567
2017-04-26T16:00:00.000Z,138870.8594,141635.7656,138628.7344,140683.5938,10198
2017-04-27T16:00:00.000Z,140204.4531,142127.7344,139687.4375,141890.9375,8718
2017-05-01T16:00:00.000Z,142210.6875,145125.9063,142153.625,144041,5632
2017-05-02T16:00:00.000Z,144071.5781,144107.7344,142388.3594,142472.4375,6701
2017-05-03T16:00:00.000Z,141855.7656,142038.8906,140280.9063,140974.9844,8718
2017-05-04T16:00:00.000Z,140622.4844,142126.6094,140110.125,140284.4063,9382
2017-05-07T16:00:00.000Z,140439.7031,141252.9219,139348.5938,139348.5938,9178
2017-05-08T16:00:00.000Z,139654.3438,141627.5,139623.3438,141449.2344,8501
2017-05-09T16:00:00.000Z,142021.2344,142040.8906,140698.5625,140768.8281,6715
2017-05-10T16:00:00.000Z,141181.0781,141644.3281,139841.8281,141566.3594,8774
2017-05-11T16:00:00.000Z,142466.7656,142569,141151.3125,141430.4531,6966
2017-05-14T16:00:00.000Z,142387.9219,142387.9219,140537.375,141607.0313,8591
2017-05-15T16:00:00.000Z,141036.1094,141477.6406,139946.7344,140557.9063,9201
2017-05-16T16:00:00.000Z,141204.8281,143365.0313,140709.5313,143194.1719,10342
2017-05-17T16:00:00.000Z,142720.0781,144324.3438,142502.6563,143968.4375,9795
2017-05-18T16:00:00.000Z,143496.125,144946.1875,143333.7031,144060.0781,8812
2017-05-21T16:00:00.000Z,144780.2188,147667.4531,144400.6563,145160.625,13306
2017-05-22T16:00:00.000Z,145692.4063,146184.6875,144717.6875,144994.1563,7798
2017-05-23T16:00:00.000Z,145240.5156,145437.1875,143871.7188,144299.4844,5036
2017-05-24T16:00:00.000Z,144291.0938,146008.125,143960.3281,146008.125,6968
2017-05-25T16:00:00.000Z,145889.875,146348.625,144593.2188,144831.4219,7686
2017-05-30T16:00:00.000Z,144781.6406,145484.2813,142747.2969,143244.4531,6667
2017-05-31T16:00:00.000Z,143286.75,144494.7969,142136.2188,143674.8125,8183
2017-06-01T16:00:00.000Z,143614.4531,144107.4531,142576.7344,142723.9063,5798
2017-06-04T16:00:00.000Z,142370.8125,143982.4063,142275.8438,142514.5156,7905
2017-06-05T16:00:00.000Z,142530.6094,143662.5625,141763.625,143320.9688,7901
2017-06-06T16:00:00.000Z,143272.2656,144443.0625,141420.3906,141723.6094,12570
2017-06-07T16:00:00.000Z,141659.7656,142305.0938,141003.4531,141826.9063,8738
2017-06-08T16:00:00.000Z,141330.6094,142053.1563,141189.5313,142050.4063,6910
2017-06-11T16:00:00.000Z,141942.8906,142515.4688,141522.125,142211.6875,7351
2017-06-12T16:00:00.000Z,142305.2188,145662.0469,141725.125,144877.5625,14862
2017-06-13T16:00:00.000Z,144621.7188,146292.4531,144055.1719,146273.125,13168
2017-06-14T16:00:00.000Z,146005.0313,146187.9844,144525.3906,144807.7969,10373
2017-06-15T16:00:00.000Z,144654.7031,146212.5625,144596.6094,145606.4063,7983
2017-06-18T16:00:00.000Z,145702.7969,145750.9063,143787.2344,144472.0313,10987
2017-06-19T16:00:00.000Z,144713.2031,144838.2188,142993.8281,143267.0156,6920
2017-06-20T16:00:00.000Z,143228.1875,143502.875,142252.7656,142986.4219,8981
2017-06-21T16:00:00.000Z,143234.6875,145201.8438,143090,144730.4063,9833
2017-06-22T16:00:00.000Z,145089.2969,145377.1094,143198.75,144469.6406,7247
2017-06-25T16:00:00.000Z,144567.75,144567.75,142557.5,142916.0313,6984
2017-06-26T16:00:00.000Z,142913.8281,143251.4844,141803.5781,143004.25,7535
2017-06-27T16:00:00.000Z,143074.7188,144672.2813,142861.4375,144475.9375,8602
2017-06-28T16:00:00.000Z,144591.6719,145342.3125,143961.7813,145227.3281,7382
2017-06-29T16:00:00.000Z,145599.5156,146227.5313,144894.6094,145679.625,8808
2017-07-02T16:00:00.000Z,145566.4688,146004.8594,145040.2188,145646.9688,5569
2017-07-03T16:00:00.000Z,145935.2656,146615.375,144357.0156,144784.6875,8418
2017-07-04T16:00:00.000Z,144765.9063,146143.25,144582.7344,145560.7188,5939
2017-07-05T16:00:00.000Z,145151.4531,145325.1563,143777.6094,143864.6563,7101
2017-07-06T16:00:00.000Z,144019.4375,144612.25,143839.1875,144367.2344,5727
2017-07-09T16:00:00.000Z,144320.75,144860.7344,142891.5313,143462.5156,8463
2017-07-10T16:00:00.000Z,143444.7813,144826.7344,143067.9063,144788.2656,6719
2017-07-11T16:00:00.000Z,144740.6094,145560.2188,144585.2969,145449.3281,7778
2017-07-12T16:00:00.000Z,145710.5625,146392.5,145064.4688,145952.1719,6461
2017-07-13T16:00:00.000Z,145775.0938,145841.875,143367.0625,143445.4688,9963
2017-07-16T16:00:00.000Z,143860.0469,145837.8281,143361.6406,145498.25,8513
2017-07-17T16:00:00.000Z,145624.2188,145817.6563,144431.6719,145634.5938,6619
2017-07-18T16:00:00.000Z,145743.0469,148274.5469,145657.2813,147456.1719,19942
2017-07-19T16:00:00.000Z,147164,147526.3125,146153.2656,146315.9688,7670
2017-07-20T16:00:00.000Z,146330.2031,146737.6875,145212.7031,145559.0938,8469
2017-07-23T16:00:00.000Z,145851.4688,147359.0625,145572.0313,146595.3906,8980
2017-07-24T16:00:00.000Z,146785.6563,147343.5469,146274.3281,147112.6719,6938
2017-07-25T16:00:00.000Z,147585.5469,148466.9063,146598.4063,146912.6563,12593
2017-07-26T16:00:00.000Z,147210.3906,150639.875,147210.3906,150400.0781,23143
2017-07-27T16:00:00.000Z,150480.7188,151579.5313,148522.25,149186.7656,19084
2017-07-30T16:00:00.000Z,149786.4375,150748.4219,149002.3906,150058.4688,10603
2017-07-31T16:00:00.000Z,149822.8594,150112.0156,147380.2969,147461.7031,9273
2017-08-01T16:00:00.000Z,147209.9063,147842.5469,146051.3438,146566.0313,8837
2017-08-02T16:00:00.000Z,146753.4844,148169.25,146628.6094,147602.5938,5777
2017-08-03T16:00:00.000Z,148206.0938,149192.5938,147753.6875,148652.1875,7906
2017-08-06T16:00:00.000Z,148884.9688,149069.7188,147377.8594,148244.2188,6641
2017-08-07T16:00:00.000Z,148437.75,149146.9219,146512.1875,147158.3281,8648
2017-08-08T16:00:00.000Z,146932.5938,147960.5625,146595.0938,147889.5469,13992
2017-08-09T16:00:00.000Z,148172.7813,148937.6719,146836.9375,147870.2031,10177
2017-08-10T16:00:00.000Z,147648.9531,148062.1719,145239.2813,146070.2656,10832
2017-08-13T16:00:00.000Z,146204.4375,146705.2344,144738.0781,144738.0781,7413
2017-08-14T16:00:00.000Z,144507.7656,145822.8906,143911.2188,145256.1875,6248
2017-08-15T16:00:00.000Z,145131.4063,146056.4219,143640.6406,143980.0469,8726
2017-08-16T16:00:00.000Z,144416.7188,146826.9688,144185.25,146243.5469,14645
2017-08-17T16:00:00.000Z,146140.0156,146140.0156,144757.125,145530.8594,7517
2017-08-20T16:00:00.000Z,145768.5938,146173.5781,144973.0156,145610.0625,8986
2017-08-21T16:00:00.000Z,145462,146117.875,145001.4688,145458.8906,7820
2017-08-22T16:00:00.000Z,145529.9063,145838,142854.9688,143371.9688,11977
2017-08-23T16:00:00.000Z,143866.8906,145016.6406,143737.4688,144754.7656,8176
2017-08-24T16:00:00.000Z,145313.75,145473.8594,144486.7969,144872.1875,8162
2017-08-27T16:00:00.000Z,144867.7344,145498.5938,143527.0313,145353.4063,8398
2017-08-28T16:00:00.000Z,145729.1719,146896.6094,145046.2813,145745.3594,9764
2017-08-29T16:00:00.000Z,146280.2344,146475.25,144551.3594,144973.4531,8050
2017-08-30T16:00:00.000Z,144815.4219,147097.2969,144358,146543.9688,10178
2017-08-31T16:00:00.000Z,146601.4688,147108.2656,146115.7031,146431.7656,6483
2017-09-03T16:00:00.000Z,146329.2656,147390.8281,146274.6563,146361.2031,11194
2017-09-04T16:00:00.000Z,146129.7344,146737.0781,145547.2188,145547.2188,7782
2017-09-05T16:00:00.000Z,145594.0313,145891.9219,144487,144553.0313,8438
2017-09-06T16:00:00.000Z,144594.8281,144978.5625,143987.2344,144068.7344,7391
2017-09-07T16:00:00.000Z,144266.3281,144889.625,142904.2656,143873.6875,9292
2017-09-10T16:00:00.000Z,143893.5156,144354.5313,142396.7188,143912.4688,8987
2017-09-11T16:00:00.000Z,143983.3125,144470.0313,143653.6094,144126.4219,6809
2017-09-12T16:00:00.000Z,144014.7813,144572.9688,143765.875,144382.1406,5385
2017-09-13T16:00:00.000Z,144118.3281,145063.7813,143189,143697.7813,8726
2017-09-14T16:00:00.000Z,144159.8594,144428.0156,141999.0156,142172.875,8504
2017-09-17T16:00:00.000Z,142113.3125,143682.75,141874.8125,143265.5313,6930
2017-09-18T16:00:00.000Z,144303.6719,145888.6563,143948.4531,145268.6094,7095
2017-09-19T16:00:00.000Z,145555.4688,146564.8906,145130.0156,146222.125,6904
2017-09-20T16:00:00.000Z,146450.3281,146581.1563,144312.2344,144778.8594,8706
2017-09-21T16:00:00.000Z,144828.2813,145179,143217.0313,144207.0313,9485
2017-09-24T16:00:00.000Z,144818.5313,146180.7031,143802.5469,145357.9688,9833
2017-09-25T16:00:00.000Z,145624.5156,147197.3438,145348.4844,147197.3438,8208
2017-09-26T16:00:00.000Z,146583.25,147443.0625,146317.5938,147260,6597
2017-09-27T16:00:00.000Z,147133.5938,147330.0625,145832.9375,146321.6563,6337
2017-09-28T16:00:00.000Z,146387.9219,147123.9844,146307.125,146844.3594,4875
2017-10-08T16:00:00.000Z,146393.4219,148392.0469,145716.625,148296.2656,5646
2017-10-09T16:00:00.000Z,148296.9531,148572.0938,146521.1875,146760.5781,7659
2017-10-10T16:00:00.000Z,146706.9688,147304.9375,145641.9375,145778.6563,7762
2017-10-11T16:00:00.000Z,145779.6094,146583.9375,145064.9219,146329.2656,8521
2017-10-12T16:00:00.000Z,146397.0625,147199.7969,146041.2188,146925.1719,5410
2017-10-15T16:00:00.000Z,146923.9219,148001.5938,146579.6719,147881.5781,9381
2017-10-16T16:00:00.000Z,147803.6406,147972.1875,146749.0313,147101.8594,6405
2017-10-17T16:00:00.000Z,146562.2813,146867.1719,145232.2344,145491.8281,7998
2017-10-18T16:00:00.000Z,144722.8125,145412.1719,144437.2031,144756.9844,6321
2017-10-19T16:00:00.000Z,144226.7656,145109.5,144089.0313,144611.5781,7197
2017-10-22T16:00:00.000Z,144375.3594,144975.9844,143717.6563,144758.7344,8299
2017-10-23T16:00:00.000Z,144561.2969,145650.0625,144344.7656,145032.6406,5777
2017-10-24T16:00:00.000Z,145141.1563,145256.7969,144715.6406,145022.5625,3973
2017-10-25T16:00:00.000Z,144914.7656,145899.1875,144816.6719,145226.625,4500
2017-10-26T16:00:00.000Z,145315.125,145423.2031,143735.0938,143735.0938,6211
2017-10-29T16:00:00.000Z,143264.2344,144948.4063,143155.8438,143721.0625,4261
2017-10-30T16:00:00.000Z,143829.9063,144151.2813,142781.5781,143705.25,5946
2017-10-31T16:00:00.000Z,143293.4688,145406.4375,141015.5469,144433.8125,17409
2017-11-01T16:00:00.000Z,144945.5313,144945.5313,143594.4844,144174.9531,7287
2017-11-02T16:00:00.000Z,143773.375,144407.0625,143440.625,143930.8281,3892
2017-11-05T16:00:00.000Z,143933.1563,144509.8594,143523.4688,144239.0156,5020
2017-11-06T16:00:00.000Z,144056.0313,144396.3125,142619.25,142744.5625,8006
2017-11-07T16:00:00.000Z,142745.25,143073.6406,141455.6875,141775.3281,6732
2017-11-08T16:00:00.000Z,141536.8438,142716.9531,141275.7344,142113.0156,6249
2017-11-09T16:00:00.000Z,142098.2188,144209.7188,141866.6563,143928.6875,9039
2017-11-12T16:00:00.000Z,144087.0938,144491.3281,143181.2031,143853.7188,5457
2017-11-13T16:00:00.000Z,143191.8125,144825.75,142902.1563,144047.3906,6196
2017-11-14T16:00:00.000Z,143964.6719,144108.3906,141969.9219,143065.1563,8346
2017-11-15T16:00:00.000Z,143442.4688,143846.2813,142870.7969,143168.2344,5200
2017-11-16T16:00:00.000Z,143830.2344,143830.2344,142354.5781,142538.6563,5289
2017-11-19T16:00:00.000Z,142731.0313,143487,142395.9063,142707.9531,4341
2017-11-20T16:00:00.000Z,142882.4219,143458.1406,142268.5,143003.4219,5660
2017-11-21T16:00:00.000Z,142910.5625,143562.8281,142481.0156,142827.8125,4675
2017-11-22T16:00:00.000Z,142789.1094,143018.1406,141236.3125,141776.0781,7985
2017-11-23T16:00:00.000Z,141868.7813,143419.375,141713.0625,143373.5625,7287
2017-11-26T16:00:00.000Z,143832.8594,144086.5,143045.0469,143234.3594,6934
2017-11-27T16:00:00.000Z,143087.5156,143851.3438,142809.2188,143103.5781,6573
2017-11-28T16:00:00.000Z,143004.8906,143209.1719,142406.8438,142583.1563,5213
2017-11-29T16:00:00.000Z,142616.9531,143155.4375,141644.875,141796.8281,7433
2017-11-30T16:00:00.000Z,142252.875,142307.75,140441.8281,140893.9531,8823
2017-12-03T16:00:00.000Z,140815.0313,142200.125,140492.0938,141920.6406,6268
2017-12-04T16:00:00.000Z,141689.9531,142079.5781,140605.1094,140644.0781,4868
2017-12-05T16:00:00.000Z,139750.1719,141231.5,139604.8594,141010.6563,7067
2017-12-06T16:00:00.000Z,141168.8594,141287.6563,139733.7188,140096.0625,4854
2017-12-07T16:00:00.000Z,140458.5313,140494.3125,139479.5625,139623.6875,5986
2017-12-10T16:00:00.000Z,139784.2344,139808.9375,138082.5781,138095.75,8020
2017-12-11T16:00:00.000Z,138345.2813,138959.7969,136462.1094,137830.25,15541
2017-12-12T16:00:00.000Z,137598.2344,138135.4688,134271.8438,134750.5,14456
2017-12-13T16:00:00.000Z,134321.1563,136346.625,133143.875,135253.9531,19525
2017-12-14T16:00:00.000Z,135515.7344,136121.9375,134936.875,135259.75,8337
2017-12-17T16:00:00.000Z,136286.875,138883.5469,136041.9688,138450.3438,13918
2017-12-18T16:00:00.000Z,139287.4063,139459.9688,138075.3906,138247.2813,8632
2017-12-19T16:00:00.000Z,138567.8906,139571.625,138231.125,139178.2969,8067
2017-12-20T16:00:00.000Z,139983.375,140472.6406,139034.9688,139316.2188,7356
2017-12-21T16:00:00.000Z,139501.2188,139689.6094,138619.0938,139100.9219,5907
2017-12-24T16:00:00.000Z,139091.7969,140220.1406,138813.2188,139855.6719,7918
2017-12-25T16:00:00.000Z,140029.2656,142333.7969,139448.6875,142284.7969,10242
2017-12-26T16:00:00.000Z,142292.3906,142631.7969,141476.5938,142020.1563,5859
2017-12-27T16:00:00.000Z,142184.0313,143599.4844,141767.125,143593.0156,6984
2017-12-28T16:00:00.000Z,143566.5,144452.3125,143034.5313,144243.8281,8726
2018-01-01T16:00:00.000Z,144561.9219,146075.2344,144076.625,145291.8281,4778
2018-01-02T16:00:00.000Z,145535.4375,145750.0781,144086.4844,144527.2656,5307
2018-01-03T16:00:00.000Z,144716.5938,145130.4219,143699.8906,144906.375,5062
2018-01-04T16:00:00.000Z,144872.4844,145303.7813,144017.3438,145142.4688,4636
2018-01-07T16:00:00.000Z,145136.5781,145192.875,143924.2969,144223.8281,4455
2018-01-08T16:00:00.000Z,144320.2656,144430.1563,143397.2969,144292.6094,5726
2018-01-09T16:00:00.000Z,144524.8125,145227.5313,144257.2813,145025.5625,6241
2018-01-10T16:00:00.000Z,145678.0938,145911.3438,144871.7031,144925.1563,4873
2018-01-11T16:00:00.000Z,145205,145519.0625,144587.4844,145114.5,6459
2018-01-14T16:00:00.000Z,145285.1094,145335.125,144490.3125,144629.9844,6388
2018-01-15T16:00:00.000Z,144918.2344,145423.4531,144545.5938,144734.6094,5814
2018-01-16T16:00:00.000Z,144829.4375,145586.6875,144537.0625,144759.7969,6300
2018-01-17T16:00:00.000Z,144811.0313,145161.1875,143662.3281,143797.3438,7127
2018-01-18T16:00:00.000Z,144302.5781,146093.7344,143660.625,146074.6719,10712
2018-01-21T16:00:00.000Z,146038.3281,146910.8594,145390.4063,146719.1406,8006
2018-01-22T16:00:00.000Z,146883.7813,147095.25,145952.75,146917.0156,5962
2018-01-23T16:00:00.000Z,146694.125,146929.1719,146247.3125,146643.9688,3651
2018-01-24T16:00:00.000Z,147005.2031,148073.2188,146855.7969,146942.1406,7866
2018-01-25T16:00:00.000Z,147219.3594,147899.7656,146656.125,147133.9688,6263
2018-01-28T16:00:00.000Z,148834.2969,151490.6406,148302.2344,150974.6875,21767
2018-01-29T16:00:00.000Z,151199.5313,151415.5156,149435.8438,150081.5938,13444
2018-01-30T16:00:00.000Z,150679.7344,150837.7813,148699.1875,150204.2656,11037
2018-01-31T16:00:00.000Z,150095.8906,150185,148963.9688,149316.8594,5915
2018-02-01T16:00:00.000Z,149731.25,149900.2813,148339.0156,148756.6875,6221
2018-02-04T16:00:00.000Z,148939.4375,150386.8438,147504.8125,150157.4844,10399
2018-02-05T16:00:00.000Z,149822.9844,150792.625,149364.0156,150051.1094,8509
2018-02-06T16:00:00.000Z,150126.875,151966.2969,149530.0469,151308.8125,14242
2018-02-07T16:00:00.000Z,151572.9375,151969.4688,149245.3906,149400.1563,13903
2018-02-08T16:00:00.000Z,149305.1719,149565.3125,147102.2969,147286.4688,12331
2018-02-11T16:00:00.000Z,146660.6563,147450.875,146147.5625,146458.4688,8863
2018-02-12T16:00:00.000Z,146840.7188,147712.5938,146448.6875,146943.3906,5352
2018-02-13T16:00:00.000Z,147349.4688,149455.125,147141.0156,149015.75,7872
2018-02-21T16:00:00.000Z,149559,149559,147238.4531,147311.0156,3450
2018-02-22T16:00:00.000Z,147066.3594,148467.375,146785.2188,147474.6719,7079
2018-02-25T16:00:00.000Z,147990.5781,148282.7188,147033.7344,147630.3906,6632
2018-02-26T16:00:00.000Z,147597.2969,148634.4063,147176.9531,148394.75,8157
2018-02-27T16:00:00.000Z,148102.2031,148982.3438,147801.2969,148239.2656,6335
2018-02-28T16:00:00.000Z,148317.375,148643.3906,147404.0781,147521,6299
2018-03-01T16:00:00.000Z,147159.5781,147728.8906,146734.0313,147569.5313,5040
2018-03-04T16:00:00.000Z,147453.6094,148467.1563,147328.3594,147802.1563,5524
2018-03-05T16:00:00.000Z,147715.2813,148002.0781,146723.1719,146800.5313,7926
2018-03-06T16:00:00.000Z,146947.3125,147353.9688,146370.0938,146782.6875,6915
2018-03-07T16:00:00.000Z,146861.3594,146861.3594,145804.5,145804.5,6064
2018-03-08T16:00:00.000Z,146054.1563,147463.2344,145648.4688,146634.3594,10751
2018-03-11T16:00:00.000Z,146402.4531,147853.7656,146278.4063,147165.5313,7123
2018-03-12T16:00:00.000Z,146901.9688,147204.0938,146332.25,146382.0625,6018
2018-03-13T16:00:00.000Z,146668.5313,146791.3438,145412.4375,145458.3906,10020
2018-03-14T16:00:00.000Z,145484.0781,145759.4219,144803.7813,145158.5,11833
2018-03-15T16:00:00.000Z,144358.5938,145087.9219,143832.5781,144990.7031,9893
2018-03-18T16:00:00.000Z,144897.0938,145390.7656,144406.25,145115.1094,7004
2018-03-19T16:00:00.000Z,144549.4531,144800.8281,144020.2813,144062.8438,7359
2018-03-20T16:00:00.000Z,144271.0156,144783.2656,143595.5625,143619.0625,7933
2018-03-21T16:00:00.000Z,143618.875,145312.5938,143615.5625,145126.875,7321
2018-03-22T16:00:00.000Z,145183.1094,145545.3125,141734.9531,141821.5469,15090
2018-03-25T16:00:00.000Z,142173.5625,143017.1875,141820.3438,142634.4375,9608
2018-03-26T16:00:00.000Z,142694.3594,143589.3125,142075.2656,142317.5938,7296
2018-03-27T16:00:00.000Z,142463.9531,142653.5625,140637.25,141101.7031,8236
2018-03-28T16:00:00.000Z,141691.4063,142233.875,140834.2188,142233.875,7746
2018-03-29T16:00:00.000Z,142454.875,145130.0625,142454.875,145130.0625,9909
2018-04-01T16:00:00.000Z,145218.5938,146738.7813,144686.625,146592.5313,11077
2018-04-02T16:00:00.000Z,146654.8438,146852.5938,145692.6719,146008.9688,7968
2018-04-03T16:00:00.000Z,146347.625,146347.625,145677.8906,145896.5156,7331
2018-04-08T16:00:00.000Z,145850.9375,146162.7188,144682.7188,145422.7188,6933
2018-04-09T16:00:00.000Z,145411.8281,146111.8438,145105.1563,145378.5156,7082
2018-04-10T16:00:00.000Z,145729.5313,145761.4688,144528.5156,144966.5625,7587
2018-04-11T16:00:00.000Z,144902.4219,145009.3281,143547.9219,143913.1563,9780
2018-04-12T16:00:00.000Z,143853.9844,144599.9375,143497.5781,144072.6406,8983
2018-04-15T16:00:00.000Z,144374.3594,145199.1563,143699.7031,145117.8594,8906
2018-04-16T16:00:00.000Z,145290.25,146277.75,144950.625,146161.125,10235
2018-04-17T16:00:00.000Z,146175.3906,147191.7344,145850.4063,147082.8281,9726
2018-04-18T16:00:00.000Z,147585.3906,148937.8906,146463.4688,147232.4219,11340
2018-04-19T16:00:00.000Z,146890.4531,147729.4375,146579.7813,147571.6406,8122
2018-04-22T16:00:00.000Z,147679.3281,147980.6406,146873.125,147222.5156,8179
2018-04-23T16:00:00.000Z,146446.0781,146649.4219,145328.5781,145479.3906,10893
2018-04-24T16:00:00.000Z,145590.375,146108.7969,145214.6094,145356.8438,6329
2018-04-25T16:00:00.000Z,145712.7031,146623.8438,145614.2813,146066.9219,8456
2018-04-26T16:00:00.000Z,146061.8281,147425.9844,146061.8281,146916.8281,8703
2018-05-01T16:00:00.000Z,146657.0313,146847.4063,146011.2188,146645.7969,4042
2018-05-02T16:00:00.000Z,146533.4844,146777.2031,146176.5156,146570.5,4707
2018-05-03T16:00:00.000Z,146981.9219,147851.5625,146805.6406,147201.9844,9870
2018-05-06T16:00:00.000Z,147069.9063,147216.4063,146639.5156,146821.7656,6189
2018-05-07T16:00:00.000Z,146850.9844,146875.9531,145452.5938,145594.6406,9610
2018-05-08T16:00:00.000Z,145665.2344,145822.6875,144816.75,144867.5313,7288
2018-05-09T16:00:00.000Z,144843.4219,145876.8281,144709.5156,145869.3125,8024
2018-05-10T16:00:00.000Z,145060.6719,145247.4375,144683.1875,144994.2344,7493
2018-05-13T16:00:00.000Z,144874.25,145601.4219,144874.25,145548.3281,6070
2018-05-14T16:00:00.000Z,145294.7344,145930.1094,144973.6563,145882.2813,5938
2018-05-15T16:00:00.000Z,145420.9063,146023.5,145277.125,145433.9531,5304
2018-05-16T16:00:00.000Z,145425.8438,146269.7344,145181.6094,145961.7031,6059
2018-05-17T16:00:00.000Z,145433.2344,145616.2969,144531.1406,145001.5781,8884
2018-05-20T16:00:00.000Z,144975.4375,146263.3281,144335.6719,146246.9688,8168
2018-05-21T16:00:00.000Z,145955.7031,146479.1875,145696.6563,145829.7969,5999
2018-05-22T16:00:00.000Z,145859.7656,147320.0469,145544.875,147286.7344,8911
2018-05-23T16:00:00.000Z,147230.6406,148270.9531,146766.0469,148251.625,12943
2018-05-24T16:00:00.000Z,147813.7031,148193.8125,146441.9375,146580,9487
2018-05-27T16:00:00.000Z,146419.3906,150849.875,146419.3906,150521.9063,19774
2018-05-28T16:00:00.000Z,150336.5469,155156.1875,150045.7344,154686.625,44432
2018-05-29T16:00:00.000Z,153999.8281,157542.3438,153031.7969,153322.7969,62156
2018-05-30T16:00:00.000Z,153443.2188,156531.7656,153216.3906,155024.0781,41532
2018-05-31T16:00:00.000Z,155180.9219,156524.7031,153592.875,154853.375,35393
2018-06-03T16:00:00.000Z,155067.4688,155400.8125,151570.2188,151833.6406,35768
2018-06-04T16:00:00.000Z,152238.1875,153786.9688,150840.75,151760.4844,30047
2018-06-05T16:00:00.000Z,151878.3125,153829.0781,151801.875,152689,23726
2018-06-06T16:00:00.000Z,152880.6406,155068.8438,152388.3125,153517.375,34708
2018-06-07T16:00:00.000Z,153957.0156,154468.1719,151643.7813,152134.5,18851
2018-06-10T16:00:00.000Z,152449.5781,153515.6094,151756,152222.2813,13155
2018-06-11T16:00:00.000Z,152424.7969,153291.2813,151450.125,151946.3281,14478
2018-06-12T16:00:00.000Z,152310.6875,152790.4219,147331.4063,147585.0313,30843
2018-06-13T16:00:00.000Z,147783.7813,148549.5625,147313.9219,147531.5,19393
2018-06-14T16:00:00.000Z,147729.4375,148525.1094,146756.9844,147461.6719,15892
2018-06-18T16:00:00.000Z,146821.1094,146821.1094,144922.4688,144959.6875,11273
2018-06-19T16:00:00.000Z,144947.6719,146341.0156,144742.375,146145.1094,8514
2018-06-20T16:00:00.000Z,145958.4375,147414.8125,145705.2656,145862.0156,9912
2018-06-21T16:00:00.000Z,145973.4688,146339.2813,145175.2031,146222.9688,9272
2018-06-24T16:00:00.000Z,146411.0781,146674.375,145150.5156,145350.5313,12015
2018-06-25T16:00:00.000Z,145605.3906,145771.2031,144205.1563,145568.2344,10708
2018-06-26T16:00:00.000Z,145723.1563,145880.375,145029.4375,145112.8125,7943
2018-06-27T16:00:00.000Z,144843.25,145614.75,144299.4219,144308.5,13797
2018-06-28T16:00:00.000Z,143855.75,144803.375,143784.6719,144365.5938,9749
2018-07-01T16:00:00.000Z,144343.2344,146155.6875,144287.9531,145239.0625,14154
2018-07-02T16:00:00.000Z,145361.75,146007.8594,145093.4063,145788.875,7815
2018-07-03T16:00:00.000Z,146214.5313,146450.3125,144680.3125,144828.125,9881
2018-07-04T16:00:00.000Z,145010.9688,145082.2656,142690.4063,142799.0313,14570
2018-07-05T16:00:00.000Z,143134.8906,144099.4844,141911.7969,143554.2344,15873
2018-07-08T16:00:00.000Z,143314.0156,144671.375,142990.875,144166.2969,8843
2018-07-09T16:00:00.000Z,143820.4531,144530.6719,143661.5938,144332.8438,6761
2018-07-10T16:00:00.000Z,144821.6406,144941.9531,141546.5313,142846.4844,13583
2018-07-11T16:00:00.000Z,143139.7813,144694.9375,142906.3594,144409.1406,9599
2018-07-12T16:00:00.000Z,144292.7031,146082.7656,143951.6875,145444.9531,10527
2018-07-15T16:00:00.000Z,145325.2969,146158.9063,144868.5781,145352.2813,8845
2018-07-16T16:00:00.000Z,145042.9063,145358.3906,143938.9844,144428.375,9352
2018-07-17T16:00:00.000Z,144353.1094,145138,144060.5469,145067.375,7674
2018-07-18T16:00:00.000Z,145087.625,145915.2031,144749.2344,144931.9219,7739
2018-07-19T16:00:00.000Z,144581.4219,146905.3594,144573.6563,145855.7813,12036
2018-07-22T16:00:00.000Z,145772.9844,146453.0156,145088.6406,145347.1094,9735
2018-07-23T16:00:00.000Z,145603.1094,145644.6875,144574.6094,144965.4531,8674
2018-07-24T16:00:00.000Z,145372.125,146329.4531,145287.2656,146119.1406,10741
2018-07-25T16:00:00.000Z,146379.9844,146561.375,145783.9063,146155.4844,8608
2018-07-26T16:00:00.000Z,146278.7188,147390.4688,145844,147349.5781,12791
2018-07-29T16:00:00.000Z,147248.875,149196.3438,146936.875,148449.2656,14098
2018-07-30T16:00:00.000Z,148522.0313,149534.8594,148349.7344,148827.3281,8737
2018-07-31T16:00:00.000Z,148853.9844,148976.7969,147525.2031,147976.9219,7928
2018-08-01T16:00:00.000Z,147725.7656,148585.75,147700.1719,147946.1563,8755
2018-08-02T16:00:00.000Z,147737.8125,148248.0313,146102.2031,146285.6406,10087
2018-08-05T16:00:00.000Z,146949.8281,147427.5625,146519.8906,147017.2344,6810
2018-08-06T16:00:00.000Z,147345.1406,148403.9375,146948.375,147904.9375,7802
2018-08-07T16:00:00.000Z,147892.3594,148252.4063,147095.3594,148142.0313,7188
2018-08-08T16:00:00.000Z,148134.75,148414.2656,147221.7969,148074.3125,6840
2018-08-09T16:00:00.000Z,148349.7813,148482.1719,146316.1094,146408.375,11711
2018-08-12T16:00:00.000Z,146252.7969,147162.5469,146248.3438,146885.8906,5736
2018-08-13T16:00:00.000Z,146782.7344,146949.125,144993.1406,146323.5156,12010
2018-08-14T16:00:00.000Z,145706.9688,145938.9688,144607.2344,144607.2344,10203
2018-08-15T16:00:00.000Z,144641.2031,144880.1563,142316.0938,144094.0156,15226
2018-08-16T16:00:00.000Z,144083.4688,145091.0781,143755.8125,143755.8125,10242
2018-08-19T16:00:00.000Z,143918.125,145226.8281,143918.125,144394.0938,8527
2018-08-20T16:00:00.000Z,144569.0156,144755.2813,142005.7656,144267.7656,16231
2018-08-21T16:00:00.000Z,144339.25,145657.2031,144123.7031,144783.1719,13053
2018-08-22T16:00:00.000Z,145534.6719,145853.2031,144228.625,144414.0781,9456
2018-08-23T16:00:00.000Z,144650.6563,145418.2344,143959.4063,145319.1563,9528
2018-08-26T16:00:00.000Z,145249.125,145989.5938,144689.1719,145432.5469,10125
2018-08-27T16:00:00.000Z,145393.5469,146110.5156,145090.1094,146103.4688,8206
2018-08-28T16:00:00.000Z,145927.2813,146364.0781,144871.6875,145519.0313,7865
2018-08-29T16:00:00.000Z,145332.5938,146050.5,144731.7188,145195.2813,7184
2018-08-30T16:00:00.000Z,145065.2344,146879.6094,145041.9219,145870.3125,11026
2018-09-02T16:00:00.000Z,145709.0781,146167.9063,144887.7656,144973.4688,8357
2018-09-03T16:00:00.000Z,144986.3125,145135.7344,143173.3906,143278.3125,12624
2018-09-04T16:00:00.000Z,143648.0156,145062.2031,142995.2188,145005.8281,11058
2018-09-05T16:00:00.000Z,144787.0781,144875.5469,143094.6406,144089.7656,10616
2018-09-06T16:00:00.000Z,144076.7031,144452.7656,142843.9531,143147.7344,10393
2018-09-09T16:00:00.000Z,143388.75,144768.5313,143194.7031,144655.2813,9072
2018-09-10T16:00:00.000Z,144813.0156,145143.5625,144304.5469,144983.3125,7810
2018-09-11T16:00:00.000Z,144646.1563,144686.2656,143543.8281,143847.2344,9474
2018-09-12T16:00:00.000Z,143807.6719,144351.0313,143531.6406,144076.1406,9431
2018-09-13T16:00:00.000Z,144377.1875,144467.5156,143252.2656,143639.8438,12531
2018-09-16T16:00:00.000Z,143769.9688,145650.2813,143478.8906,144041.6406,9938
2018-09-17T16:00:00.000Z,143940.1094,144326.0313,143685.7031,144127.4844,6964
2018-09-18T16:00:00.000Z,144635.4531,144864.7969,142341.4844,144686.6875,18005
2018-09-19T16:00:00.000Z,144647.1406,146283.375,144267.8438,146084.5938,11374
2018-09-20T16:00:00.000Z,146313.3906,147511.0313,145648.7344,147413.25,10271
2018-09-24T16:00:00.000Z,146991.5156,147277.6094,146223.8906,146888.4844,4190
2018-09-25T16:00:00.000Z,146860.2188,146968.6094,145723.5313,145812.2188,6287
2018-09-26T16:00:00.000Z,146207.375,148435.6563,145936.3594,147967.4219,12156
2018-09-27T16:00:00.000Z,147674.6094,148848.5781,146899.4688,147989.1094,9229
2018-10-07T16:00:00.000Z,147194.4219,147999.875,146933.3281,147236.4844,4129
2018-10-08T16:00:00.000Z,147668.5313,147678.6563,146650.8906,147233.9063,7051
2018-10-09T16:00:00.000Z,147136.4844,147460.1563,146409.8281,147097.4375,8384
2018-10-10T16:00:00.000Z,147503.9844,147921.4688,146706.6094,147048.7188,8679
2018-10-11T16:00:00.000Z,147290.1406,149050.2188,147088.5469,147769.5625,11880
2018-10-14T16:00:00.000Z,147546.3438,148053.7031,146677.4375,146967.4063,7482
2018-10-15T16:00:00.000Z,146640.5313,148029.1094,146640.5313,147789.9531,8922
2018-10-16T16:00:00.000Z,147951.7031,148664.1094,147527.875,148664.1094,8806
2018-10-17T16:00:00.000Z,148727.7188,148819.1094,147487.2969,147614.875,7812
2018-10-18T16:00:00.000Z,147641.1094,147863.8594,146342.625,146937.9688,11682
2018-10-21T16:00:00.000Z,146858.625,148089.4375,146652.8281,147460.2656,7261
2018-10-22T16:00:00.000Z,147678.0313,148629.25,147278.6719,147768.2656,13609
2018-10-23T16:00:00.000Z,148231.8906,148519.8906,147692.4844,147962.8438,9468
2018-10-24T16:00:00.000Z,148074.5156,148365.3906,147529.4063,147884.5469,11023
2018-10-25T16:00:00.000Z,148089.5156,148252.6875,147123.5,147650.0469,10581
2018-10-28T16:00:00.000Z,147639.0781,147782.7656,146746.2031,146878.1094,8763
2018-10-29T16:00:00.000Z,146906.5781,147349.9219,146306.25,146857.3125,8208
2018-10-30T16:00:00.000Z,146528.7969,146838.875,145488.7031,145916.9063,8912
2018-10-31T16:00:00.000Z,146084.9375,146361.2813,145589.5313,146057.6719,8164
2018-11-01T16:00:00.000Z,145852.0469,146855.3906,145852.0469,146846.5625,8282
2018-11-04T16:00:00.000Z,146654.25,146940.2188,145271.5,145505.9063,9582
2018-11-05T16:00:00.000Z,145764.125,146216.0781,145004.1406,146177.75,8149
2018-11-06T16:00:00.000Z,146046.375,146854.875,145821.4219,146732.7344,10033
2018-11-07T16:00:00.000Z,146745.7656,148083.6719,146558.9219,147938.4531,13903
2018-11-08T16:00:00.000Z,148352.0938,149957.9688,148086.3906,149924.7969,19269
2018-11-11T16:00:00.000Z,149559.9063,151931.375,148982.0313,151892.4688,26162
2018-11-12T16:00:00.000Z,151769.0625,152871.8281,151306.5469,151768.4219,22156
2018-11-13T16:00:00.000Z,151561.1094,152637.875,150796.9531,152327.6563,20747
2018-11-14T16:00:00.000Z,152336.1875,154384.625,151892.0469,154020.9688,31882
2018-11-15T16:00:00.000Z,153799.2344,154880.2344,152943.4844,153459.625,22990
2018-11-18T16:00:00.000Z,153641.5781,154873.6875,152610.8281,154048.3594,21054
2018-11-19T16:00:00.000Z,154192.1563,154593.2969,152554.3125,152790.7969,22472
2018-11-20T16:00:00.000Z,152978.5625,152978.5625,149160.0156,150920.2031,27848
2018-11-21T16:00:00.000Z,151333.6563,151333.6563,149148.75,149437.9219,17913
2018-11-22T16:00:00.000Z,149635.4531,149689.5625,146180.7031,146784,30879
2018-11-25T16:00:00.000Z,146244.3594,148604.7344,144245.3594,145485.2969,28506
2018-11-26T16:00:00.000Z,145829.0469,147583.8125,144740.7813,145227.3281,24592
2018-11-27T16:00:00.000Z,144639.7031,145234.3438,143675.375,144663.2344,23207
2018-11-28T16:00:00.000Z,144714.5469,145168.2813,144124.1406,144327.2188,13461
2018-11-29T16:00:00.000Z,145062.1563,145137.1563,144190.0781,144291.3438,13761
2018-12-02T16:00:00.000Z,144285.3594,146902.9375,143184.9844,145438.9375,20964
2018-12-03T16:00:00.000Z,145863.0625,146170.0938,145118.6094,146032.125,9766
2018-12-04T16:00:00.000Z,146586.8906,146916.4844,145505.4531,146345.0156,13419
2018-12-05T16:00:00.000Z,146356.4375,146572.25,144972.3594,145315.5781,11231
2018-12-06T16:00:00.000Z,145129.0469,146346.3125,144850.4688,146053.8906,11088
2018-12-09T16:00:00.000Z,145649.2656,146015.625,144896.3281,145601.6094,8875
2018-12-10T16:00:00.000Z,145633.2656,145683.8125,144684.7813,145475.375,9934
2018-12-11T16:00:00.000Z,145540.3281,146212.2344,145162.8281,145372.9688,12880
2018-12-12T16:00:00.000Z,145740.2813,146207.3281,145374.9375,146131.3125,8889
2018-12-13T16:00:00.000Z,145937.2656,146535.4688,145598.0625,145917.3906,8509
2018-12-16T16:00:00.000Z,145966.8281,146431.8438,145498.1406,146340.0625,9391
2018-12-17T16:00:00.000Z,146133.4688,146671.2188,145703.2031,145777.1719,8171
2018-12-18T16:00:00.000Z,145853.5313,146245.7188,145019.75,146196.6094,10992
2018-12-19T16:00:00.000Z,145988.5,146452.3594,145471.7656,145471.7656,9632
2018-12-20T16:00:00.000Z,146154,146584.7344,145665.6094,146446.9844,9349
2018-12-23T16:00:00.000Z,146498.7344,146908.125,145932.1094,146053,10141
2018-12-24T16:00:00.000Z,146253.8438,146389.5,144997.1875,145056.3438,10574
2018-12-25T16:00:00.000Z,144962.9688,144962.9688,143905.625,144045.1875,11478
2018-12-26T16:00:00.000Z,144365.0938,145454.2188,144073.0625,144193.4531,8462
2018-12-27T16:00:00.000Z,144364.0156,144630.1406,141958.6875,143134.6719,13382
2019-01-01T16:00:00.000Z,143142.7344,143756.4844,142329.2188,143603.7344,7197
2019-01-02T16:00:00.000Z,143021.2031,143917.8125,143021.2031,143901.9844,9433
2019-01-03T16:00:00.000Z,143945.4063,144592.2188,143286.8906,144023.1875,11929
2019-01-06T16:00:00.000Z,144122.5,144942.9063,143987.8594,144780.4531,9741
2019-01-07T16:00:00.000Z,145364.7031,145364.7031,144660.6875,145008.6094,7614
2019-01-08T16:00:00.000Z,145399.6875,146670.6094,144927.3594,146622.5781,11090
2019-01-09T16:00:00.000Z,146646.0156,146654.5938,145989.0156,146116.2031,6667
2019-01-10T16:00:00.000Z,146171.6563,147356.1094,145854.7188,147086.2188,12427
2019-01-13T16:00:00.000Z,147192.6875,148611.2969,146903.1719,147430.125,12912
2019-01-14T16:00:00.000Z,147682.625,148728.2813,147113.125,148711.3594,11495
2019-01-15T16:00:00.000Z,148568.7969,148912.4531,148032.0156,148578.4375,11396
2019-01-16T16:00:00.000Z,148773.7188,148812.9531,147653.4219,148016.5938,8406
2019-01-17T16:00:00.000Z,148302.8438,148683.4844,147659.4844,148030.3594,10277
2019-01-20T16:00:00.000Z,148365.5469,148755,147111.7188,147998.5313,11713
2019-01-21T16:00:00.000Z,148175.3594,149763.8281,147762.3594,147958.125,16464
2019-01-22T16:00:00.000Z,148164.9375,148448.6406,147152.5625,147384.0156,8230
2019-01-23T16:00:00.000Z,147794.4375,148765.3281,147794.4375,148280.6094,9736
2019-01-24T16:00:00.000Z,148700.8438,149207.3125,148297.2656,148990.6719,10650
2019-01-27T16:00:00.000Z,148144.9688,148144.9688,147369.4063,147734.8438,10240
2019-01-28T16:00:00.000Z,147862.8594,148482.7969,147442.5,147673.1094,8799
2019-01-29T16:00:00.000Z,147919.8594,148855.5781,147698.7813,148678.0625,9653
2019-01-30T16:00:00.000Z,147960.1406,148685.9063,147604.0469,148335.4688,7982
2019-01-31T16:00:00.000Z,148968.0469,149172.8281,147815.5156,149030.2344,6099
2019-02-10T16:00:00.000Z,149342,150613.2969,149120.125,150595.0625,7695
2019-02-11T16:00:00.000Z,150411.3125,150411.3125,149408.2969,149971.1875,6426
2019-02-12T16:00:00.000Z,149682,150054.7344,147908.3125,148041.6094,9650
2019-02-13T16:00:00.000Z,148774.3906,149273.7344,148357.5,148715.1875,7191
2019-02-14T16:00:00.000Z,148790.8281,148964.2344,148139.5,148399.7813,6342
2019-02-17T16:00:00.000Z,148189.1719,149654.7656,148170.5469,149182.4375,8673
2019-02-18T16:00:00.000Z,148987.0469,150875.0156,148940.4531,150824.4844,9742
2019-02-19T16:00:00.000Z,150550.7344,151432.6719,150142.6875,150552.2969,10273
2019-02-20T16:00:00.000Z,150871.2969,151098.1875,150386.9531,150625.0156,7692
2019-02-21T16:00:00.000Z,150487.5781,151180.9844,149326.375,149695.8438,10201
2019-02-24T16:00:00.000Z,150410.7813,153558.6094,149926.7813,152725.7813,20320
2019-02-25T16:00:00.000Z,152593.7344,152762.9688,151579.6563,151642.4219,13261
2019-02-26T16:00:00.000Z,151710.7031,151880.7813,150144.5781,150461.6719,10032
2019-02-27T16:00:00.000Z,150638.1719,150857.8594,150232.4375,150703.0625,7439
2019-02-28T16:00:00.000Z,151135.5625,151539.8906,150352.25,151177.7656,7122
2019-03-03T16:00:00.000Z,151058.75,151476.4844,150253.4375,150440.3125,8821
2019-03-04T16:00:00.000Z,149918.3438,150135.5469,148958.0469,149707.5313,12519
2019-03-05T16:00:00.000Z,149880.4063,149987.4063,148499.3281,148648.9063,9775
2019-03-06T16:00:00.000Z,148840.0313,148930.4531,148396.5156,148732.375,7840
2019-03-07T16:00:00.000Z,148758.2344,149145.1406,147341.3125,147395.7813,11801
2019-03-10T16:00:00.000Z,147517.7344,147999.7344,146992.625,147186.1875,9388
2019-03-11T16:00:00.000Z,146832.6406,147509.625,146767,147363.5,8375
2019-03-12T16:00:00.000Z,147648.8906,148389.7188,147366.0156,147429.9063,7840
2019-03-13T16:00:00.000Z,147522.3281,148037.7813,147293,147958.8906,6897
2019-03-14T16:00:00.000Z,147884.0469,147915.3594,147006.2813,147808.875,10332
2019-03-17T16:00:00.000Z,147181.3438,147883.1875,146912.1719,146914.6406,10362
2019-03-18T16:00:00.000Z,147205.2813,147344.8594,146966.7188,147310.5781,11581
2019-03-19T16:00:00.000Z,147407.375,148503.2969,147294.1563,148503.2969,9682
2019-03-20T16:00:00.000Z,148494.5156,148951.75,148070.6875,148508.625,10713
2019-03-21T16:00:00.000Z,148421.0313,148832.4375,148286.3281,148392.4063,7265
2019-03-24T16:00:00.000Z,148612.7344,148836.2656,147221.0469,147464,9680
2019-03-25T16:00:00.000Z,147423.0156,147671.1094,147077.2813,147520.625,7085
2019-03-26T16:00:00.000Z,147546.5781,147897.3281,147232.4219,147367.1719,8486
2019-03-27T16:00:00.000Z,147473.8438,147649.0469,146237.9844,147290.2344,14429
2019-03-28T16:00:00.000Z,147363.9219,149455.0469,147276.4688,148814.6875,16210
2019-03-31T16:00:00.000Z,148913.2188,149715.8906,148549.7969,149339.1406,9258
2019-04-01T16:00:00.000Z,149211.5469,149677.0625,148708.5781,149573.1719,8169
2019-04-02T16:00:00.000Z,149050.1719,150025.1875,148905.3438,149789.9063,7921
2019-04-03T16:00:00.000Z,149554.5313,149646.0625,148846.2656,149092.4531,6395
2019-04-07T16:00:00.000Z,149185.1094,149540.9688,148667.9375,149518.3125,5326
2019-04-08T16:00:00.000Z,149508.4375,149623.0781,148902.0313,149169.1719,7370
2019-04-09T16:00:00.000Z,149547.0156,149552.0469,148767.0156,148879.1875,8778
2019-04-10T16:00:00.000Z,148675.2969,149098.1406,147975.8594,148031.9375,11034
2019-04-11T16:00:00.000Z,148146.0156,148418.5313,147648.4531,148259.9531,8264
2019-04-14T16:00:00.000Z,148568.9531,149248.8438,148220.0313,148927.1719,8311
2019-04-15T16:00:00.000Z,148844.875,149032.2031,147931.3438,148050.0938,7292
2019-04-16T16:00:00.000Z,148066.375,148577.125,147748.4844,147966.4219,8030
2019-04-17T16:00:00.000Z,147948.4375,148173.2031,147524.9531,147617.5938,8419
2019-04-18T16:00:00.000Z,147528.7344,147991.7969,147037.8125,147991.7969,8075
2019-04-21T16:00:00.000Z,147605.75,147911.6563,147071.6719,147118.5625,8218
2019-04-22T16:00:00.000Z,147560.75,147613.7969,147108.8281,147613.25,5501
2019-04-23T16:00:00.000Z,147238.7969,147533.5469,146790.2969,147384.5156,8635
2019-04-24T16:00:00.000Z,147267.875,147353.8438,146483.3906,146708.2188,7732
2019-04-25T16:00:00.000Z,146339.0469,146566.2656,145946.7813,146137.6719,6625
2019-04-28T16:00:00.000Z,146576.125,147864.5781,146423.8281,147654.5469,7324
2019-04-29T16:00:00.000Z,147708.2656,148190.4219,147446.1875,148190.3438,6795
2019-05-05T16:00:00.000Z,146558.3438,147082.6094,146415.6563,146979.5469,4228
2019-05-06T16:00:00.000Z,147321.5938,147916.1875,147009.625,147099.0156,7030
2019-05-07T16:00:00.000Z,147109.0156,147425.9219,146644.5781,146858.8281,6407
2019-05-08T16:00:00.000Z,146593.7656,147106.4531,145663,145783.1875,7979
2019-05-09T16:00:00.000Z,145613.0469,146095.2344,145321.8281,146046.5625,8283
2019-05-12T16:00:00.000Z,145496.0625,146625.2344,145455.3125,145471.7813,7901
2019-05-13T16:00:00.000Z,145664.7656,145664.7656,144900.4063,145320.8906,7993
2019-05-14T16:00:00.000Z,145812.1719,146099.3438,145365.8125,145637.8438,7154
2019-05-15T16:00:00.000Z,145376.0625,146246.4688,145376.0625,146171.2344,6753
2019-05-16T16:00:00.000Z,145930.3281,146148.7188,145311.0469,145350.5,9177
2019-05-19T16:00:00.000Z,145768.5,145808.1875,145036.5781,145547.5,7991
2019-05-20T16:00:00.000Z,145428.3594,145548.5,145022.9219,145161.4531,6061
2019-05-21T16:00:00.000Z,145459.1563,145558.3594,144472.1719,144680.1563,7906
2019-05-22T16:00:00.000Z,144690.7031,144976.3438,144054.1563,144430.4688,5990
2019-05-23T16:00:00.000Z,144301.5781,144509.8125,143513.2969,144436.4219,8307
2019-05-26T16:00:00.000Z,144079.2344,145907.75,143861.3438,145561.4531,8804
2019-05-27T16:00:00.000Z,145234.9219,146179.625,145086.2031,146157.3125,6387
2019-05-28T16:00:00.000Z,145890.25,146088.4375,145473.1719,145511.0313,5770
2019-05-29T16:00:00.000Z,144808.1406,145065.6719,143123.8906,143153.6094,11040
2019-05-30T16:00:00.000Z,143332.3438,143987.7656,142817.75,143388.2656,8992
2019-06-02T16:00:00.000Z,143358.6094,143437.8438,142545.625,143090.625,7914
2019-06-03T16:00:00.000Z,143220.6563,143840.9219,143036.75,143345.6719,7048
2019-06-04T16:00:00.000Z,143266.8281,143621.8125,142919.6875,143313.2031,5021
2019-06-05T16:00:00.000Z,143392.1875,143609.7656,142986.5938,143312.4531,5652
2019-06-09T16:00:00.000Z,143520.7188,144443.5469,143145.1406,144305.1719,6148
2019-06-10T16:00:00.000Z,144562.1406,145622.3906,144444.3906,145503.8906,8513
2019-06-11T16:00:00.000Z,145485.0469,145713.6563,144769.9531,145336.1875,6525
2019-06-12T16:00:00.000Z,145310.2656,145767.3125,144839.5156,145548.4688,5283
2019-06-13T16:00:00.000Z,145542.1094,145997.9375,144672.2031,144904.2031,7335
2019-06-16T16:00:00.000Z,144921.5,144994.9219,144346.625,144434.4531,4966
2019-06-17T16:00:00.000Z,144280.7344,144475.6406,143528.625,143666.3906,5448
2019-06-18T16:00:00.000Z,143618.1719,145016.6563,143500.7188,144079.3438,7243
2019-06-19T16:00:00.000Z,143730.7969,144317.2188,143652.6719,144135.9375,4467
2019-06-20T16:00:00.000Z,144489.6563,144771.7344,144140.625,144339.1875,5445
2019-06-23T16:00:00.000Z,144154.9219,144377.5313,143263.3125,143419.1563,6271
2019-06-24T16:00:00.000Z,143752.6719,144266.1406,143596.375,144128.4688,5684
2019-06-25T16:00:00.000Z,144162.4531,144324.0313,143527,143527,5892
2019-06-26T16:00:00.000Z,143639.9063,143949.2188,143112.5469,143737.4219,5714
2019-06-27T16:00:00.000Z,143686.7969,143891.1719,143116.3906,143166.3906,5683
2019-06-30T16:00:00.000Z,143291.0625,143339.2344,141911.1875,142351.7344,9543
2019-07-01T16:00:00.000Z,142463.3281,142679.4063,135369.1406,135369.1406,29220
2019-07-02T16:00:00.000Z,135658.9375,135658.9375,128036.1094,132581.9375,83175
2019-07-03T16:00:00.000Z,134165.9219,135138.9219,133290.5469,133687.6094,35415
2019-07-04T16:00:00.000Z,134073.7344,134574.0313,133580.875,134111.9219,16880
2019-07-07T16:00:00.000Z,134183.0625,137092.2031,133797.125,136720.8594,21223
2019-07-08T16:00:00.000Z,137158.9375,137158.9375,135269.0938,136037.5469,13769
2019-07-09T16:00:00.000Z,135547.9219,137122.0469,135504.875,136746.7813,11245
2019-07-10T16:00:00.000Z,136433.4063,136509.4688,133077.4844,133876.7344,20158
2019-07-11T16:00:00.000Z,133762.5781,135621.0469,133420.2969,134874.5156,14091
2019-07-14T16:00:00.000Z,134480.6563,134554.0625,133164.8281,133488.7031,11115
2019-07-15T16:00:00.000Z,133529.0469,135598.5781,132432.9531,135137.4219,15046
2019-07-16T16:00:00.000Z,134986.1094,134992.0313,133373.8906,134399.5781,8282
2019-07-17T16:00:00.000Z,134203.2344,136758.2031,133946.3594,134965.9219,12839
2019-07-18T16:00:00.000Z,134895.5625,136292.1094,134355.125,135301.5469,9220
2019-07-21T16:00:00.000Z,135184.7188,136049.0625,133960.5938,134581.4219,10948
2019-07-22T16:00:00.000Z,134922.6406,135941.6406,134810.5781,135010.5781,8084
2019-07-23T16:00:00.000Z,134580.75,134624.2813,131162.0781,134032.5625,26322
2019-07-24T16:00:00.000Z,134475.3906,136569.4063,134364.9688,135212.6094,16503
2019-07-25T16:00:00.000Z,134920.9688,135998.5625,134830.2813,135658.9688,9645
2019-07-28T16:00:00.000Z,135443.7344,135521.1563,133816.7656,134835.9844,12019
2019-07-29T16:00:00.000Z,134497.5938,135264.6094,134105.7969,134898.7031,9487
2019-07-30T16:00:00.000Z,134929.4688,135317.3281,134019.2031,134286.7344,11289
2019-07-31T16:00:00.000Z,134127.8438,135856.1719,134127.8438,134711.2969,14649
2019-08-01T16:00:00.000Z,134545.5625,135456.8438,134092.7813,135293.875,11902
2019-08-04T16:00:00.000Z,135326.3906,135610.0313,133154.0625,133583.5,14472
2019-08-05T16:00:00.000Z,133608.0469,135069.3281,133526.5625,134772.5469,10815
2019-08-06T16:00:00.000Z,134891.3906,134988.4531,133865.9375,134609.6094,9065
2019-08-07T16:00:00.000Z,134582.625,138324.1563,133526.3125,135418.5625,27485
2019-08-08T16:00:00.000Z,135294.8125,136467.625,135090.5313,135266.9688,11391
2019-08-11T16:00:00.000Z,135800.0469,136124.2031,131843.1875,133646.875,17780
2019-08-12T16:00:00.000Z,133951.4063,135550.1719,133666.6719,133868.5938,8649
2019-08-13T16:00:00.000Z,133896.2344,135426.1875,133790.8281,134877.9688,8495
2019-08-14T16:00:00.000Z,134678.1406,134932.9063,133334.9844,133979.125,9514
2019-08-15T16:00:00.000Z,134046.5625,135470.6875,133075.8125,133075.8125,10839
2019-08-18T16:00:00.000Z,133030.0781,133418.2969,129981.3047,130422.7891,20915
2019-08-19T16:00:00.000Z,130535.4531,131738.2344,130066.8125,131454.9219,18801
2019-08-20T16:00:00.000Z,131409.0313,132426.1406,130929.6797,131700.2188,14493
2019-08-21T16:00:00.000Z,131026.9063,131527.5938,130289.4375,131415.4063,12824
2019-08-22T16:00:00.000Z,130566.0781,131042.3359,129166.0703,129920.0625,20516
2019-08-25T16:00:00.000Z,130117.7969,130306.9766,128007.1328,129015.1953,17186
2019-08-26T16:00:00.000Z,129182.6172,129473.3047,128338.8828,128338.8828,9492
2019-08-27T16:00:00.000Z,128339.0859,129316.5391,128339.0859,129247.9375,10696
2019-08-28T16:00:00.000Z,129225.0781,130179.4922,128840.9609,128972.7969,10887
2019-08-29T16:00:00.000Z,128959.4609,129804.7813,128790.375,129573.875,9225
2019-09-01T16:00:00.000Z,130630.6328,135797.1875,130526.4297,135552.4688,82861
2019-09-02T16:00:00.000Z,136976.4844,138748.8906,133767.7969,135351.5156,58202
2019-09-03T16:00:00.000Z,135439.2969,141413.5938,134295.4219,140014.2813,64400
2019-09-04T16:00:00.000Z,140269.0781,144909.5938,138415.4844,142769.4375,102458
2019-09-05T16:00:00.000Z,141787.4219,143433.0938,140141.75,140476.625,74855
2019-09-08T16:00:00.000Z,140793.4844,142042.5938,138216.9688,139209.0156,43454
2019-09-09T16:00:00.000Z,139189.1563,141145.625,139082.9688,140630.7969,31506
2019-09-10T16:00:00.000Z,140327.5156,140606.5156,139288.5156,139816.0469,20166
2019-09-11T16:00:00.000Z,140045.2031,142105.6094,139506.6719,141601.0156,39541
2019-09-15T16:00:00.000Z,137839.9688,138277.75,135671.3906,137170.0156,23603
2019-09-16T16:00:00.000Z,137217.7188,138661.5156,136703.6406,137016.4844,21528
2019-09-17T16:00:00.000Z,136777.1563,137888.7813,136331.0313,137275.875,15611
2019-09-18T16:00:00.000Z,137188.5781,137588.5938,136813.5781,137353.9531,13919
2019-09-19T16:00:00.000Z,136346.625,137250,135925.1094,136886.0938,17507
2019-09-22T16:00:00.000Z,136498,138439.2031,136160.4219,137318.7344,25403
2019-09-23T16:00:00.000Z,137386.6406,137609.7188,136243.75,136552.4688,13709
2019-09-24T16:00:00.000Z,136494.25,136794.9844,136050.75,136277.6094,10588
2019-09-25T16:00:00.000Z,136355.2031,137548.1094,135503.7344,136108.6563,14565
2019-09-26T16:00:00.000Z,136467.3125,137243.3438,135089.625,135594.5,13817
2019-09-29T16:00:00.000Z,135430.4219,135585.2656,133297.0156,134790.4063,17552
2019-10-07T16:00:00.000Z,134991.8281,135602.5781,133723.625,135249.8906,8223
2019-10-08T16:00:00.000Z,135201.6875,136989.7031,135192.0313,136913.7188,16779
2019-10-09T16:00:00.000Z,136701.2344,137267.5156,135791.7969,136661.7656,14136
2019-10-10T16:00:00.000Z,136478.5469,137025.5625,135597.0938,136156.4531,13751
2019-10-13T16:00:00.000Z,136492.9688,138046.5938,136076.4531,137230.3906,18707
2019-10-14T16:00:00.000Z,137355.7188,137616.7969,136186.7969,136857.9063,13827
2019-10-15T16:00:00.000Z,137011.8281,139100,136906.8594,138780.4844,19377
2019-10-16T16:00:00.000Z,138733.7344,139883.5156,138371.2188,139616.3906,21343
2019-10-17T16:00:00.000Z,140574.625,141765.2344,139919.6875,140514.9375,27189
2019-10-20T16:00:00.000Z,139592.8281,139645.2656,137040.9375,137988.5313,23071
2019-10-21T16:00:00.000Z,138083.875,138093.2969,137239.7813,137806.9063,10364
2019-10-22T16:00:00.000Z,137901.1094,139301.9063,137647.2344,138376.3281,11892
2019-10-23T16:00:00.000Z,138423.3594,138451.5781,137366.2969,138122.1563,12441
2019-10-24T16:00:00.000Z,138244.4688,139378.9844,137577.6094,138209.1719,11169
2019-10-27T16:00:00.000Z,138256.4375,139667.625,138006.1094,139017.5313,12846
2019-10-28T16:00:00.000Z,139281.2344,139394.7344,138234.5313,138522.5156,11465
2019-10-29T16:00:00.000Z,138427.3125,138912.5,138315.4688,138734.7188,7314
2019-10-30T16:00:00.000Z,138641.6563,138641.6563,137812.2813,138330.75,10599
2019-10-31T16:00:00.000Z,138384.1563,138691.8281,136609.7969,137210.0469,13357
2019-11-03T16:00:00.000Z,137296.75,137638.3281,136248.6563,136637.0938,11843
2019-11-04T16:00:00.000Z,136352.5938,137372,136101.8594,136958.2031,11429
2019-11-05T16:00:00.000Z,136851.75,137095.5781,136023.1875,136565.7188,7983
2019-11-06T16:00:00.000Z,136477.7344,137457.6406,136396.3906,136931.5938,8373
2019-11-07T16:00:00.000Z,137154.4688,137492.5625,136912.5469,137175.9688,7917
2019-11-10T16:00:00.000Z,137123.8125,138087.3281,136631.9219,137428.4219,11686
2019-11-11T16:00:00.000Z,137322.2188,137322.2188,136094.5938,136306.1719,10821
2019-11-12T16:00:00.000Z,136422.125,136447.3125,134251.4844,134605.7813,19075
2019-11-13T16:00:00.000Z,134922.3125,135000.125,133444.75,134657.9531,13027
2019-11-14T16:00:00.000Z,134658.2344,135236.7656,134173.8281,134457.9219,9227
2019-11-17T16:00:00.000Z,134462.1563,135568.3125,133825.3906,135319.9219,15817
2019-11-18T16:00:00.000Z,135251.1719,135251.1719,133413.0781,134412.5469,20037
2019-11-19T16:00:00.000Z,133969.4531,134669.1094,133682.1563,134439.0156,9791
2019-11-20T16:00:00.000Z,134412.125,137274.5781,134343.7969,137005.9531,20841
2019-11-21T16:00:00.000Z,136909.5156,138397.1875,136485.3125,137958.3438,25375
2019-11-24T16:00:00.000Z,137525.4375,137907.0938,137041.1563,137606.6563,11047
2019-11-25T16:00:00.000Z,137603.5625,137840.7031,136844.0625,137453.8281,12236
2019-11-26T16:00:00.000Z,137331.7031,137505.7344,136819.5313,136990.7344,8064
2019-11-27T16:00:00.000Z,136984.0156,137904.6094,136984.0156,137179.5156,11823
2019-11-28T16:00:00.000Z,137195.2344,137691.4531,136500.2656,137061.9219,11317
2019-12-01T16:00:00.000Z,137028.9688,138370.0625,136771.6719,138313.1094,12189
2019-12-02T16:00:00.000Z,138059.6406,138167.6094,137025.8906,137631.875,10051
2019-12-03T16:00:00.000Z,138214.7969,138578.8438,137755.2969,138117.5469,13029
2019-12-04T16:00:00.000Z,138351.0938,138465.4375,137139.2188,138126.2969,9783
2019-12-05T16:00:00.000Z,138196.8594,138476.7344,137915.3438,138289.2969,7450
2019-12-08T16:00:00.000Z,138269.4531,139473.5,138167.625,139413.25,11473
2019-12-09T16:00:00.000Z,139304.0156,140759.6719,139304.0156,140361.2813,10332
2019-12-10T16:00:00.000Z,140487.9688,140955.8438,139992.4063,140725.875,9122
2019-12-11T16:00:00.000Z,140728.5156,140829.0781,139406.9375,139903.6563,12655
2019-12-12T16:00:00.000Z,139648.9844,139768.3906,138643.4844,138652.1719,10127
2019-12-15T16:00:00.000Z,138514.125,139953.4688,138398.5469,139764.7656,8776
2019-12-16T16:00:00.000Z,140175.2344,140343.7031,138858.4063,139524.6875,7833
2019-12-17T16:00:00.000Z,139465.6875,140407.875,139465.6875,140221.9063,8713
2019-12-18T16:00:00.000Z,139688.8594,141102.75,139587.8594,140672.4531,7703
2019-12-19T16:00:00.000Z,140337.7813,141018.6563,140071.7188,140486.5,8394
2019-12-22T16:00:00.000Z,140163.8438,141982.5156,140013.2656,141330.5625,9530
2019-12-23T16:00:00.000Z,141135.1094,141758.1719,140074.2813,140191.0938,11842
2019-12-24T16:00:00.000Z,140425.5781,140438.875,139220.2344,139517.5156,7954
2019-12-25T16:00:00.000Z,139487.9375,140372.7656,139401.8438,139961.3281,5641
2019-12-26T16:00:00.000Z,139759.7969,139834.6563,139121.0156,139133.0938,13718
2019-12-29T16:00:00.000Z,138469.4063,138563.6563,136583.3438,137188.6406,36126
2019-12-30T16:00:00.000Z,136945.0625,137099.1094,135881.4844,136012.9688,52676
2020-01-01T16:00:00.000Z,136475.6094,137068.7031,135448.5,136458.9219,30215
2020-01-02T16:00:00.000Z,136283.3125,137358.8438,136114.6875,136227.9531,58139
2020-01-05T16:00:00.000Z,135107.25,136182.4063,134688.125,135789.1406,90369
2020-01-06T16:00:00.000Z,135516.3906,136080,135437.8906,136077.5469,59442
2020-01-07T16:00:00.000Z,136165.875,137202.7656,135963.8438,136477.2188,58266
2020-01-08T16:00:00.000Z,136557.2031,138501.75,136500.3125,138458.3594,48560
2020-01-09T16:00:00.000Z,138365.0625,138686.6719,137826.0625,138131.1719,36464
2020-01-12T16:00:00.000Z,138140.2188,138685.7031,137571.5938,138679.0625,31744
2020-01-13T16:00:00.000Z,138675.1719,139404.0313,138142.125,138732.3594,35702
2020-01-14T16:00:00.000Z,138795.3594,140241.4063,138612,139874.9844,39175
2020-01-15T16:00:00.000Z,139833.9375,140972.4219,139479.625,139892.375,42446
2020-01-16T16:00:00.000Z,140717.8594,140966.4688,139968.3281,140777.1719,44327
2020-01-19T16:00:00.000Z,140805.4375,140947.8281,138692.6719,140041.5781,48237
2020-01-20T16:00:00.000Z,140114,141165.6875,139012.5469,139119.25,61197
2020-01-21T16:00:00.000Z,139109.1563,140686.9375,138766.1875,140201.7188,36220
2020-01-22T16:00:00.000Z,140312.0156,140474.9063,137243.7031,137454.4688,36710
2020-02-02T16:00:00.000Z,132701.125,133297.125,130421.9063,130849.2031,15515
2020-02-03T16:00:00.000Z,130831.5859,132822.9531,129816.9922,131870.9063,19489
2020-02-04T16:00:00.000Z,131433.5938,132409.8906,131367.4219,131814.1094,16021
2020-02-05T16:00:00.000Z,132680.8438,133887.1094,132149.4219,133459.6406,13657
2020-02-06T16:00:00.000Z,133697.3594,135310.0313,133320.7344,134021.7656,23551
2020-02-09T16:00:00.000Z,133110.625,134539.625,132859.625,133991.6563,14586
2020-02-10T16:00:00.000Z,133929.2031,135221.0156,133691.4844,134856.8594,11164
2020-02-11T16:00:00.000Z,134778.1875,135201.7031,133990.6094,134176.3906,8968
2020-02-12T16:00:00.000Z,133971.7188,135019.5781,133971.7188,134667.6406,7205
2020-02-13T16:00:00.000Z,134955.7813,134955.7813,134361.0625,134611.4375,7479
2020-02-16T16:00:00.000Z,134826.1406,135617.0781,134107.2031,135565.3125,11172
2020-02-17T16:00:00.000Z,135364.625,136655.4063,134911.7813,135513.0625,17667
2020-02-18T16:00:00.000Z,135022.7031,135993.4844,135022.7031,135735.875,7557
2020-02-19T16:00:00.000Z,135484.125,136237.0313,135384.5156,135944.875,8655
2020-02-20T16:00:00.000Z,135895.2969,136131.9063,135104.3281,136122.3281,11933
2020-02-23T16:00:00.000Z,135922.2969,137428.7969,135746.2969,137137.1563,17126
2020-02-24T16:00:00.000Z,136000.4375,136988.5313,135962.1719,136785.9219,18574
2020-02-25T16:00:00.000Z,136869,137425.3438,135823.3438,135927.9063,20354
2020-02-26T16:00:00.000Z,135872.6563,136766.3594,135378.4375,136221.0781,22945
2020-02-27T16:00:00.000Z,135162.5938,135162.5938,131587.2031,131762.875,32796
2020-03-01T16:00:00.000Z,131685.875,134619.8281,131424.7031,134476.0313,32590
2020-03-02T16:00:00.000Z,136237.0938,136237.0938,134842.1094,135671.2813,30482
2020-03-03T16:00:00.000Z,135310.0625,136365.3438,135215.0781,136326.5313,34078
2020-03-04T16:00:00.000Z,136815.5156,137484.5469,136281,136740.0781,29028
2020-03-05T16:00:00.000Z,136923.7813,136937,135247.375,135516.4844,24802
2020-03-08T16:00:00.000Z,134105.8125,134426.0781,132879.1875,133275.9531,39302
2020-03-09T16:00:00.000Z,134775.4531,136359.1094,134496.7344,135305.5625,29923
2020-03-10T16:00:00.000Z,135043.4688,135922.5156,134824.9688,135610.6719,26578
2020-03-11T16:00:00.000Z,134825.1563,135245.0625,133300.1094,133886.9375,35529
2020-03-12T16:00:00.000Z,131101.2344,131996.4063,126998.0859,129874.1953,40058
2020-03-15T16:00:00.000Z,129692.1953,129852.5313,126130.5547,127064.6875,47298
2020-03-16T16:00:00.000Z,126217.1563,126217.1563,122965.5313,123555.7109,52228
2020-03-17T16:00:00.000Z,118144.0234,120253.2969,117356.8594,117356.8594,56228
2020-03-18T16:00:00.000Z,113997.4766,114185.4141,108185.5703,108191.6563,11456
2020-03-19T16:00:00.000Z,111577.0391,114986.3594,104450.2422,114546.6875,85113
2020-03-22T16:00:00.000Z,109507.8047,109680.4531,103200.7734,107176.3438,86022
2020-03-23T16:00:00.000Z,111298.4766,114173.6172,110422.6328,113823.5469,119420
2020-03-24T16:00:00.000Z,114607.0547,116735.8594,113184.7734,116667.125,96318
2020-03-25T16:00:00.000Z,117213.8047,117882.7188,115103.1797,115368.1406,100511
2020-03-26T16:00:00.000Z,115999.0547,118670.4375,115745.4688,118670.4375,84786
2020-03-29T16:00:00.000Z,117332.25,118788.25,115090.6484,118154.1172,58218
2020-03-30T16:00:00.000Z,118956.0547,120406.9297,117934.2578,119788.9219,68612
2020-03-31T16:00:00.000Z,120137.8906,121855.1172,119642.1719,120505.1406,80106
2020-04-01T16:00:00.000Z,121310.6719,121512.9141,117747.0078,119604.2266,106798
2020-04-02T16:00:00.000Z,119387.125,120487.0391,118282.1406,119947.125,79211
2020-04-06T16:00:00.000Z,120842.1016,122441.3828,120158.2109,120645.8281,62756
2020-04-07T16:00:00.000Z,120585.5938,121437.9297,119256.0547,121297.5938,54974
2020-04-08T16:00:00.000Z,121377.6172,122173.7813,120765.1953,121768.7422,47239
2020-04-09T16:00:00.000Z,122557.5859,125909.375,122397.4531,125592.6016,60906
2020-04-12T16:00:00.000Z,125947.625,127938.7969,125577.8281,126417.2422,58888
2020-04-13T16:00:00.000Z,126880.6641,128056.7891,125113.2266,125767.0078,69007
2020-04-14T16:00:00.000Z,126068.375,126852.8438,125189.7656,126228.1719,54499
2020-04-15T16:00:00.000Z,125215.75,125436.7578,124139.4375,125217.2656,48981
2020-04-16T16:00:00.000Z,126003.3281,127865.0625,125803.2656,127237.4922,57533
2020-04-19T16:00:00.000Z,126526.5469,128450.3438,125897.125,127236.5703,64656
2020-04-20T16:00:00.000Z,126565.9531,126960.0156,124552.0234,124607.4375,74193
2020-04-21T16:00:00.000Z,123521.4141,123610.7969,121270.0078,122287.0703,53054
2020-04-22T16:00:00.000Z,124391.0703,127864.7031,123960.9219,127234.4922,72545
2020-04-23T16:00:00.000Z,126620.4453,127496.2578,125576.5156,127218.8828,66552
2020-04-26T16:00:00.000Z,129358.5703,132954.5313,128587.2344,131135.75,93297
2020-04-27T16:00:00.000Z,129738.8828,130287.3203,128171.6016,128591.4375,68768
2020-04-28T16:00:00.000Z,128632.4063,129168.7813,127884.7891,128318.9531,53454
2020-04-29T16:00:00.000Z,127861.9766,128267.0547,126657.9141,127572.0313,41943
2020-05-05T16:00:00.000Z,127352.4375,129525.0781,127321.7422,128690.0625,46280
2020-05-06T16:00:00.000Z,128025.6094,129703.8047,127742.6016,128673.2969,50935
2020-05-07T16:00:00.000Z,129197.9922,130764.1094,128904.5547,130110.2891,52472
2020-05-10T16:00:00.000Z,130172.2266,131426.125,129308.4297,131058.7656,63671
2020-05-11T16:00:00.000Z,130449.8359,131229.1563,129522.2578,129826.5234,50890
2020-05-12T16:00:00.000Z,130822.1172,130879.1719,128882.5078,129948.1641,55671
2020-05-13T16:00:00.000Z,129966.9766,130222.7031,128852.0391,129320.6563,50621
2020-05-14T16:00:00.000Z,129177.3516,129294.1328,127508.6953,128858.4063,50060
2020-05-17T16:00:00.000Z,128259.5234,130420,127297.1875,130386.4063,49472
2020-05-18T16:00:00.000Z,130337.8516,131390.1406,129695.4297,130144.1172,44289
2020-05-19T16:00:00.000Z,130653.5391,134583.7656,130551.9063,134227.8906,65302
2020-05-20T16:00:00.000Z,133709.0625,135523.1406,133208.2188,134208.5156,63605
2020-05-21T16:00:00.000Z,134405.8906,134415.6094,131198.7656,131259.7969,68733
2020-05-24T16:00:00.000Z,131827.5469,134522.75,131827.5469,132898.6875,59628
2020-05-25T16:00:00.000Z,133374.4375,133566.1563,131969.4375,133494.7344,73322
2020-05-26T16:00:00.000Z,133115.4375,134168.5469,132736.625,133456.0938,85188
2020-05-27T16:00:00.000Z,133304.4531,133999.5,132379.2656,133987.0313,68815
2020-05-28T16:00:00.000Z,133623,135043.5781,133471.125,134773.5313,57017
2020-05-31T16:00:00.000Z,134462.3594,135673.7969,133694.9219,135427.0313,60628
2020-06-01T16:00:00.000Z,135503.375,135797.2813,134023.4063,134755.0938,47038
2020-06-02T16:00:00.000Z,135361.8594,137014.4063,135221.8594,136794.0313,51694
2020-06-03T16:00:00.000Z,136324.4219,136412.7344,133620.8125,133920.625,57475
2020-06-04T16:00:00.000Z,134244.4531,135218.5625,134046.9375,134920.375,51203
2020-06-07T16:00:00.000Z,136562.1094,137559.6563,136101,137142.6094,58611
2020-06-08T16:00:00.000Z,137115.7813,138516.6406,136561.125,138407.6719,51191
2020-06-09T16:00:00.000Z,137963.2031,138682.25,137137.1406,138366.5469,50442
2020-06-10T16:00:00.000Z,138749.8438,139547.7813,136691.375,137350.625,54320
2020-06-11T16:00:00.000Z,136595.9531,137519.5,135602.1406,137161.7031,52827
2020-06-14T16:00:00.000Z,137383.9063,137695.75,134644.9219,134894,57395
2020-06-15T16:00:00.000Z,135257.875,138153.6563,134791.3125,137987.7656,60180
2020-06-16T16:00:00.000Z,137917.5313,138560.7344,137446.7188,138419.4063,48457
2020-06-17T16:00:00.000Z,138103.2656,138806.0313,137646.8281,138511.8906,39274
2020-06-18T16:00:00.000Z,138399.3438,138415.9531,136646,137421.1406,45360
2020-06-21T16:00:00.000Z,137595.9844,138813.7031,136461.6563,137030.125,47216
2020-06-22T16:00:00.000Z,137572.0938,138483.7813,136758.75,138249.2344,47733
2020-06-23T16:00:00.000Z,137925.3594,138417.1563,137548.5469,138222.4219,31728
2020-06-28T16:00:00.000Z,138160.4375,138355.9688,136840.3125,137433.0469,40952
2020-06-29T16:00:00.000Z,137154.7813,138933.9219,136890.0625,138741.6719,51271
2020-06-30T16:00:00.000Z,138694.0156,139012.5625,137491.1094,138540.8594,56407
2020-07-01T16:00:00.000Z,138155.6094,138569.7969,137530.8906,138377.8281,45887
2020-07-02T16:00:00.000Z,138320.6094,140252.9531,138128.5938,139775.5625,51932
2020-07-05T16:00:00.000Z,139865.7188,142613.5,139230.2969,142375.9063,47382
2020-07-06T16:00:00.000Z,142354.2188,142354.2188,140445.375,141042,43756
2020-07-07T16:00:00.000Z,140781.5781,141645.6406,140543.8125,141115.9219,41867
2020-07-08T16:00:00.000Z,140892.8438,141453.75,139730.1094,140877.25,50815
2020-07-09T16:00:00.000Z,141957.0313,142507.6406,138673.25,138909.125,66962
2020-07-12T16:00:00.000Z,138998.8594,144461.2813,138998.8594,143859.5781,80911
2020-07-13T16:00:00.000Z,143711.4063,143921.8438,141702.8594,142673.2188,63672
2020-07-14T16:00:00.000Z,142461.625,142999.9844,141690.7188,142092.375,54969
2020-07-15T16:00:00.000Z,142228.2656,142238.0625,139134.3438,139914.4063,69562
2020-07-16T16:00:00.000Z,140679.8438,142107.1719,140653.4063,141168.8906,67532
2020-07-19T16:00:00.000Z,141041.1406,141332.3438,139715.8594,140301.2813,60034
2020-07-20T16:00:00.000Z,140446.0469,142411.75,140391.5,141447.5469,61269
2020-07-21T16:00:00.000Z,142363.1563,143737.0313,141670.6406,142811.9219,66517
2020-07-22T16:00:00.000Z,142803.125,142900.5625,140500.9531,141282.2188,55571
2020-07-23T16:00:00.000Z,142067.9219,143498.8281,141493.1719,141864.3281,65793
2020-07-26T16:00:00.000Z,141780.125,146940.3281,141780.125,146561.1719,78527
2020-07-27T16:00:00.000Z,146044.5625,154167.3594,145800.0938,148137.4688,112644
2020-07-28T16:00:00.000Z,148373.9219,150600.3594,145656.8281,147433.9844,74198
2020-07-29T16:00:00.000Z,147311.6875,148080.0156,146510.0313,147198.4063,76334
2020-07-30T16:00:00.000Z,146662.9844,147107.0313,145202.9063,146611.5,70019
2020-08-02T16:00:00.000Z,145890.75,147451.1406,143561.1719,146504.4531,68302
2020-08-03T16:00:00.000Z,146576.9844,148260.7344,145115.4063,146104.9531,75046
2020-08-04T16:00:00.000Z,146286.9688,147237.9063,145318.8125,146011.3438,69027
2020-08-05T16:00:00.000Z,146097.6875,147585.5313,145180.4844,145991.9063,88191
2020-08-06T16:00:00.000Z,146337.3125,148649.0156,145860.1719,146636.0156,84341
2020-08-09T16:00:00.000Z,146446.9844,147366.0469,144507.0938,144957.9375,85457
2020-08-10T16:00:00.000Z,145823.9219,146577.3438,142773.2813,142989.0625,80328
2020-08-11T16:00:00.000Z,143499.375,144308.9375,141701.4219,143601.5313,78022
2020-08-12T16:00:00.000Z,144173.6406,144222.2813,141225.1719,141774.625,63213
2020-08-13T16:00:00.000Z,141791.5781,143496.6563,141471.0938,142054.8125,62654
2020-08-16T16:00:00.000Z,142767.7344,144167.9688,141688.7188,142977.3125,62448
2020-08-17T16:00:00.000Z,142458.0781,143433.4688,141883.7344,142937.0625,61505
2020-08-18T16:00:00.000Z,143059.1406,143516.7969,141971.7031,142659.3594,68914
2020-08-19T16:00:00.000Z,142859.4688,144626.9375,141742.9063,142033.7813,85275
2020-08-20T16:00:00.000Z,142153.7344,144445.3281,141955.8438,143999.8906,68041
2020-08-23T16:00:00.000Z,143916.1719,143916.1719,140773.4844,141380.6094,67697
2020-08-24T16:00:00.000Z,140942.125,142091.9688,140806.2656,141274.6406,48381
2020-08-25T16:00:00.000Z,141444.5,142017.6719,140631.3281,141564.1094,54652
2020-08-26T16:00:00.000Z,141776.3281,143932.875,141776.3281,143750.2656,61984
2020-08-27T16:00:00.000Z,143538.5625,144621.1406,143347.7031,144422.5,55820
2020-08-30T16:00:00.000Z,144439.5,145957.1406,143604.7969,145253.0313,46543
2020-08-31T16:00:00.000Z,145522.6563,146145.1094,144700.0156,145845.4063,43747
2020-09-01T16:00:00.000Z,145884.25,147017.1563,145446.0781,146604.5,48197
2020-09-02T16:00:00.000Z,146617.6719,148708.9844,146406.4375,147293.8281,63579
2020-09-03T16:00:00.000Z,146891.3125,147226.9063,144869.3906,146131.625,55129
2020-09-06T16:00:00.000Z,146202.75,147456.2031,145620.7188,145732.0156,54367
2020-09-07T16:00:00.000Z,146090.8906,148156.5,146029.3906,147331.6406,59387
2020-09-08T16:00:00.000Z,146985,146985,144146.4219,144579.0469,63077
2020-09-09T16:00:00.000Z,144236.0625,145608.1719,143150.5313,143505.125,60133
2020-09-10T16:00:00.000Z,143967.3594,143979.9688,141607.7813,142179.5625,56454
2020-09-13T16:00:00.000Z,142376.9375,145327.6406,142376.9375,144943.9375,50735
2020-09-14T16:00:00.000Z,145107,145107,143393.7344,143934.2656,50544
2020-09-15T16:00:00.000Z,143998.8594,145055.2656,143769.4844,143904.9844,56712
2020-09-16T16:00:00.000Z,144161.2188,144851.25,141843.2031,141844.7656,50316
2020-09-17T16:00:00.000Z,142110.0313,144061.3125,141319.4531,143918.0469,55778
2020-09-20T16:00:00.000Z,143520.0938,145358.1094,142152.4688,145285.9844,58009
2020-09-21T16:00:00.000Z,144971.2031,144971.2031,142866.0469,144065.8594,61588
2020-09-22T16:00:00.000Z,144123.0156,146776.3125,144123.0156,145092.875,76432
2020-09-23T16:00:00.000Z,144319.4531,144323.3125,141349.3438,141526.9219,87894
2020-09-24T16:00:00.000Z,140844.375,141739.8125,139066.7344,141306.5313,89521
2020-09-27T16:00:00.000Z,140380.7656,142148.9844,138506.5469,141747.5156,74465
2020-09-28T16:00:00.000Z,141621.6406,143421.3594,141587.2188,143307.5781,69743
2020-09-29T16:00:00.000Z,142880.4844,145665.4844,142737.4531,145480.5469,69612
2020-10-08T16:00:00.000Z,146589.6563,148613.8906,146386.1563,147211.2813,43412
2020-10-11T16:00:00.000Z,146988.5313,147784.4375,146298.0625,146383.0781,52757
2020-10-12T16:00:00.000Z,146878.7188,147274.4844,145863.125,146382.75,55106
2020-10-13T16:00:00.000Z,146295.2031,146585.9688,145648.2188,146073.2656,46327
2020-10-14T16:00:00.000Z,146263.0781,147108.9531,145872.2813,146229.0625,49021
2020-10-15T16:00:00.000Z,146178.8125,147075.4844,145533.4063,146319.2813,54634
2020-10-18T16:00:00.000Z,146443.6719,147306.0625,144874.0625,147029.75,64533
2020-10-19T16:00:00.000Z,147888.9688,148400.7344,146573.8281,147319.6094,54725
2020-10-20T16:00:00.000Z,147492.2813,148122.2031,147104.9375,147116.875,69503
2020-10-21T16:00:00.000Z,147446.4688,148328.4844,145560.3906,145700.4688,73100
2020-10-22T16:00:00.000Z,145782.0781,146470.2188,145380.625,146131.1094,45180
2020-10-25T16:00:00.000Z,146074.0156,146338.0469,143245.4375,143249.3438,58006
2020-10-26T16:00:00.000Z,142346.25,144724.2969,142346.25,144012.6719,43208
2020-10-27T16:00:00.000Z,144617.5781,145054.7656,143435.3594,144195.1406,46232
2020-10-28T16:00:00.000Z,143562.4063,143855.5781,142497.1406,143650.2656,41843
2020-10-29T16:00:00.000Z,142989.9844,144010.8281,142134.25,142739.0781,46325
2020-11-01T16:00:00.000Z,142072.0156,144309,142043.2188,144085.5625,42906
2020-11-02T16:00:00.000Z,144067.1875,145913.9219,143451.375,145813.0313,38239
2020-11-03T16:00:00.000Z,145810.9219,146528.7656,144757.3594,145217.625,39004
2020-11-04T16:00:00.000Z,145772.5,146609.8438,145485.0938,146197.7813,38054
2020-11-05T16:00:00.000Z,146519.4375,147019.2188,145545.8594,146716.0469,41531
2020-11-08T16:00:00.000Z,146784.4219,147475.4375,145789.2969,146435.0469,49090
2020-11-09T16:00:00.000Z,146228.5938,147096.8438,145783.2813,145948.5,45219
2020-11-10T16:00:00.000Z,146040.125,146589.1875,145316.4219,145506.7656,42878
2020-11-11T16:00:00.000Z,145334.625,146524.4531,145127.0781,145451.0469,44035
2020-11-12T16:00:00.000Z,145880.5313,146727.5625,145160.4531,146444.0938,48483
2020-11-15T16:00:00.000Z,146508.7969,148882.3125,145900.7188,148788.8906,60145
2020-11-16T16:00:00.000Z,148931.4219,150325.7813,148100.25,148470.25,70313
2020-11-17T16:00:00.000Z,148695.7813,152521.9219,148627.9063,151546.4063,73050
2020-11-18T16:00:00.000Z,151544.0938,151544.0938,147007.3906,147008.1563,71618
2020-11-19T16:00:00.000Z,146996.6406,147720.0625,146208.6406,146737.7813,54855
2020-11-22T16:00:00.000Z,146950.4531,147187.5625,146063.2031,146843.0938,57982
2020-11-23T16:00:00.000Z,146774.9531,146993.5469,145397.0156,146427.3125,47109
2020-11-24T16:00:00.000Z,146435.1094,146743.7969,145178.7969,145278.3125,48741
2020-11-25T16:00:00.000Z,145334.5938,146646.1406,145311.3281,146520.7344,56699
2020-11-26T16:00:00.000Z,146566.2031,149118.3438,146391.2031,148507.8125,58680
2020-11-29T16:00:00.000Z,148947.2188,149744.5781,147881.6563,149591.5625,63969
2020-11-30T16:00:00.000Z,149627.3125,149710.4688,145590.25,145896.0938,61077
2020-12-01T16:00:00.000Z,146094.5313,147352.7813,145749.4844,146326.4063,44991
2020-12-02T16:00:00.000Z,146275.9531,146558.6563,145232.1406,145949.7344,38443
2020-12-03T16:00:00.000Z,146110.8125,148058.1563,145982.0313,147933.2969,43734
2020-12-06T16:00:00.000Z,147823.2813,149001.2813,147174.625,148814.6094,45547
2020-12-07T16:00:00.000Z,148616.4219,150096.6719,148545.125,149521.9844,46677
2020-12-08T16:00:00.000Z,149515.7188,150533.2031,148381.2813,149612.625,47683
2020-12-09T16:00:00.000Z,149960.3594,151904,149960.3594,151363.2969,53202
2020-12-10T16:00:00.000Z,151759.9844,153917.3906,148671.8281,150033.7969,78049
2020-12-13T16:00:00.000Z,150352.75,152053.7344,149688.2188,150744.8594,50832
2020-12-14T16:00:00.000Z,151333.8281,153791.0313,151186.3594,151517.4219,71780
2020-12-15T16:00:00.000Z,152154.0625,154448.3594,151973.4688,153346.9219,69070
2020-12-16T16:00:00.000Z,153360.375,155165.9844,152885.3906,154576.875,69634
2020-12-17T16:00:00.000Z,154382.2188,155376.3594,153057.4844,154699.5781,63327
2020-12-20T16:00:00.000Z,155190.2188,155475.5,151620.0156,152181.4531,74067
2020-12-21T16:00:00.000Z,152020.3281,152575.3438,150816.75,150869.75,65351
2020-12-22T16:00:00.000Z,151061.5313,152504.125,149234.0313,150551.0938,73927
2020-12-23T16:00:00.000Z,150771.7188,152006.3906,150509.3594,151581.7969,51115
2020-12-24T16:00:00.000Z,151592.1094,153848.0625,151592.1094,153313.9063,57994
2020-12-27T16:00:00.000Z,153589.1406,153963.5313,151729.5313,153408.1875,66806
2020-12-28T16:00:00.000Z,153085.6406,154019.0625,152210.0313,153136.1875,99595
2020-12-29T16:00:00.000Z,153477.6563,154209.4844,151554.2813,151778.0625,93951
2020-12-30T16:00:00.000Z,151538.2344,152479.8438,150525.2344,151093.8125,74299
2021-01-03T16:00:00.000Z,151516.4844,154412.0469,151117.4844,154315.75,62560
2021-01-04T16:00:00.000Z,154532.3281,159863.8125,154431.0625,158889.8125,114332
2021-01-05T16:00:00.000Z,158560.9688,159241.3125,157169.7969,158692.2031,90809
2021-01-06T16:00:00.000Z,158577.1719,159436.9375,157339.3906,158690.1406,92123
2021-01-07T16:00:00.000Z,157866.1406,158724.2656,156556.8281,158508.5156,107360
2021-01-10T16:00:00.000Z,158438.2344,158510.6719,152660.375,153797.0313,120338
2021-01-11T16:00:00.000Z,153468.4219,154676.0781,151666.3125,153251.1563,90531
2021-01-12T16:00:00.000Z,153759.2031,154443.3594,152700.3906,153314.3594,86865
2021-01-13T16:00:00.000Z,153464.7344,154112.2031,152259.2188,153525.4375,57169
2021-01-14T16:00:00.000Z,153721.4531,154910.0781,153505.0469,153824.4531,56209
2021-01-17T16:00:00.000Z,153827.8281,156928.4531,153827.8281,156781.1094,73861
2021-01-18T16:00:00.000Z,156907.4844,158435.8281,156639.9219,157898.3125,66340
2021-01-19T16:00:00.000Z,157944.9531,158727.3906,157380.4375,157930.0781,53087
2021-01-20T16:00:00.000Z,158401.4219,161634,158401.4219,161587.2188,95345
2021-01-21T16:00:00.000Z,161209.6875,164129.6719,161209.6875,162586.0625,115043
2021-01-24T16:00:00.000Z,162037.5,171097.1719,162005.5781,169616.7188,152968
2021-01-25T16:00:00.000Z,170147.5938,172942.5156,168451.6094,170613.5938,188009
2021-01-26T16:00:00.000Z,172651.0313,173799.8594,169346.4063,171111.9531,207801
2021-01-27T16:00:00.000Z,171493.2031,172874.625,169895.9063,170887.4219,195713
2021-01-28T16:00:00.000Z,171597.2813,174874.4219,170874.2813,172191.875,244538
2021-01-31T16:00:00.000Z,173194.25,173482.3594,165317.0469,169665.4844,251587
2021-02-01T16:00:00.000Z,170159.6719,170395.5469,166879.375,167083.1094,141372
2021-02-02T16:00:00.000Z,168051.625,168555.3906,163209.4844,164238.5938,168586
2021-02-03T16:00:00.000Z,164837.8906,164862.8281,162998.25,163898.6406,97868
2021-02-04T16:00:00.000Z,163659.0938,165072.4844,162867.125,163587.1094,96542
2021-02-07T16:00:00.000Z,164730.2188,167088.7188,164142.7656,166141.2031,128836
2021-02-08T16:00:00.000Z,165878.1094,166042.6875,162415.5625,163553.9219,101859
2021-02-09T16:00:00.000Z,163661.3906,166185.5,163423.8125,163824.5625,94422
2021-02-17T16:00:00.000Z,168092.6563,174524.1563,168008,174413.2969,81239
2021-02-18T16:00:00.000Z,175171.375,181515.0156,174999.5469,181515.0156,141968
2021-02-21T16:00:00.000Z,182521.9375,194599.2031,182028.4063,192777.0313,287561
2021-02-22T16:00:00.000Z,192153.6719,193819.1719,187211.625,190634.7031,278470
2021-02-23T16:00:00.000Z,190937,191783.3125,186130.8281,188589.0938,248592
2021-02-24T16:00:00.000Z,189097.0938,199524.3906,187854.2969,191912.125,303070
2021-02-25T16:00:00.000Z,193026.6563,194918.9219,183486.2969,184554.5156,313222
2021-02-28T16:00:00.000Z,183115.4063,186288.6094,181448.1875,182466.3125,182300
2021-03-01T16:00:00.000Z,174995.2969,178535.6875,173427.3125,177330.1406,220939
2021-03-02T16:00:00.000Z,179098.0469,181520.2031,177591.9219,178241.7188,131215
2021-03-03T16:00:00.000Z,178379.5313,178834.0781,173049.5625,173562.0469,129529
2021-03-04T16:00:00.000Z,173367.1719,177605.0156,171495.7813,173588.9219,165372
2021-03-07T16:00:00.000Z,175184.5313,178784.3594,170502.9375,170867.4844,151326
2021-03-08T16:00:00.000Z,172222.9219,174728.1094,170817.4375,170840.7969,98772
2021-03-09T16:00:00.000Z,171900.4375,177026.6563,171572.25,174090.2969,141735
2021-03-10T16:00:00.000Z,174838.8281,180235.5469,173875.8906,179929.1563,144755
2021-03-11T16:00:00.000Z,182165.3125,182886.0469,178056.4688,180311.1406,147050
2021-03-14T16:00:00.000Z,179693.0938,179727.1563,174701.0938,176361.375,138109
2021-03-15T16:00:00.000Z,176313.5469,177619.4531,173948.0625,174733.5625,96716
2021-03-16T16:00:00.000Z,175157.4844,176829.0469,174079.0625,176138.9688,84811
2021-03-17T16:00:00.000Z,177220.1875,177983.2344,175312.6563,176567.9219,81321
2021-03-18T16:00:00.000Z,177085.9844,178513.1563,174794.6563,174953.4219,107903
2021-03-21T16:00:00.000Z,174779.8438,179110.7969,174255.1563,177934.3125,107967
2021-03-22T16:00:00.000Z,177636.5,179278.0625,175527.625,176655.4844,104848
2021-03-23T16:00:00.000Z,177061.9219,178189.8438,172857.7188,173473.6094,108465
2021-03-24T16:00:00.000Z,173274.5313,174137.3438,171213.7813,171531,86787
2021-03-25T16:00:00.000Z,171454.3281,175106.1406,169857.2188,174849.3594,115341
2021-03-28T16:00:00.000Z,174926.8438,175984.9688,173913.4844,175495.6094,97975
2021-03-29T16:00:00.000Z,175446.7188,176737.5313,174855.25,175709.0938,79850
2021-03-30T16:00:00.000Z,175571.0625,176107.4063,172665.1719,173751.0781,100621
2021-03-31T16:00:00.000Z,174573.4375,177442.0781,174149.5781,176510.6875,96309
2021-04-01T16:00:00.000Z,176791.7344,183215.4219,176421.0156,182523.1563,147637
2021-04-05T16:00:00.000Z,182593.8906,188097.0313,182593.8906,184190.6563,85933
2021-04-06T16:00:00.000Z,184518.5469,185897,183590.8438,184668.4375,90344
2021-04-07T16:00:00.000Z,183849.8906,183849.8906,181394.1406,183139.125,94204
2021-04-08T16:00:00.000Z,183171.6875,184553.0781,180863.25,181514.7344,77573
2021-04-11T16:00:00.000Z,181595.6719,181815.0781,176628.9219,178187.3125,100272
2021-04-12T16:00:00.000Z,178446.4219,178839.2656,176312.5469,177909.0781,84128
2021-04-13T16:00:00.000Z,178373.0938,179004.7969,176949.2813,177771.9844,67881
2021-04-14T16:00:00.000Z,178314.2188,180476.1094,178314.2188,179898.1719,115697
2021-04-15T16:00:00.000Z,180781.125,183519.2969,180549.0156,183276.3594,107025
2021-04-18T16:00:00.000Z,183893.125,186644.75,183893.125,185187.3438,99818
2021-04-19T16:00:00.000Z,184991.1719,185968.9844,182365.5,185299.8594,89819
2021-04-20T16:00:00.000Z,185747.9063,185838.875,182937.5313,183941.4375,87057
2021-04-21T16:00:00.000Z,184166.8438,185597.2969,182652.4688,183295.8125,104903
2021-04-22T16:00:00.000Z,183435.4531,184174.4063,181921.9219,183822.7344,68696
2021-04-25T16:00:00.000Z,184045.7969,187260.0156,183327.8438,186663.5313,105106
2021-04-26T16:00:00.000Z,186500.7188,188935.0313,185312.9063,186411.6094,108860
2021-04-27T16:00:00.000Z,186448.5781,187718.3906,184571.0313,185175.8906,99520
2021-04-28T16:00:00.000Z,188236.9844,193527.5,187668.8125,192186.8125,164285
2021-04-29T16:00:00.000Z,192981.0938,194517.3438,190179.8281,194058.9531,112721
2021-05-05T16:00:00.000Z,198113.375,200783.75,196384.0781,197423.6406,68172
2021-05-06T16:00:00.000Z,200013.5781,200177.4375,195667.2344,198047.2188,96113
2021-05-09T16:00:00.000Z,195850.8906,198281.3125,194316.0938,195742.9531,118640
2021-05-10T16:00:00.000Z,194879.5156,195445.8125,192544.3281,194629.2969,91768
2021-05-11T16:00:00.000Z,196039.9375,197582.3906,194772.5938,196670.9531,92617
2021-05-12T16:00:00.000Z,195829.2813,196312.7969,190624.4375,192267.6719,110633
2021-05-13T16:00:00.000Z,193847.6563,194123.6563,190294.5469,192848.1563,97422
2021-05-16T16:00:00.000Z,194269.5625,197936.9688,194194.1094,197308.8594,109150
2021-05-17T16:00:00.000Z,198234.1563,199740.5781,197602.7656,198531.25,74143
2021-05-18T16:00:00.000Z,200060.6406,200334.4063,198146.3906,198643.3906,93534
2021-05-19T16:00:00.000Z,197177.3594,197246.2344,192402.0469,195264.6875,131545
2021-05-20T16:00:00.000Z,195588.625,198663.0781,193716.4219,197224.0625,126054
2021-05-23T16:00:00.000Z,197070.375,198373.5625,191397.3594,192821.3594,124701
2021-05-24T16:00:00.000Z,194333.4219,197031.2188,193584.5625,196781.4531,96250
2021-05-25T16:00:00.000Z,195822.2031,197891.7813,195169.2344,197257.7188,97747
2021-05-26T16:00:00.000Z,198286.2656,199118.3594,196927.4531,198566.3438,95232
2021-05-27T16:00:00.000Z,198233.2188,209440.5156,198125.9844,207539.5469,201764
2021-05-30T16:00:00.000Z,206960.9063,211396.0469,205622.875,208649.7813,168672
2021-05-31T16:00:00.000Z,206457.75,206913.4531,203603.625,205641.125,106056
2021-06-01T16:00:00.000Z,207073.7344,207499.6094,204654.8125,207056.6875,104941
2021-06-02T16:00:00.000Z,206922.4375,207131.2813,204114.1719,204629.7031,115801
2021-06-03T16:00:00.000Z,201891,204450.5156,200863.4375,203668.1563,138281
2021-06-06T16:00:00.000Z,205265.4531,205819.9531,203018.3594,203113.125,105143
2021-06-07T16:00:00.000Z,203873.5938,205213.8438,202935.25,204058.8906,117529
2021-06-08T16:00:00.000Z,204617.1563,209000.2031,204617.1563,207181.0781,152444
2021-06-09T16:00:00.000Z,207001.7969,207918.6094,206195.6875,206674.4531,79142
2021-06-10T16:00:00.000Z,206909.3906,212836.8281,206179.0469,211813.2813,123476
2021-06-14T16:00:00.000Z,211875.2813,211927.4688,204086.9688,205490.1094,81081
2021-06-15T16:00:00.000Z,207201.8438,207407.375,203728.9375,204468.125,88911
2021-06-16T16:00:00.000Z,204880.8438,206947.2188,203486.6406,205653.4531,109318
2021-06-17T16:00:00.000Z,203727.1563,204879.1094,200315.4063,201319.2031,163449
2021-06-20T16:00:00.000Z,199747.5,201272.1406,196455.4375,199629.5469,152196
2021-06-21T16:00:00.000Z,200154.4375,202760.1719,198255.9063,202261.8125,96164
2021-06-22T16:00:00.000Z,201447.8438,208006.1719,201420.5625,207630.8906,109467
2021-06-23T16:00:00.000Z,206847.2656,209620.3281,206658.1875,208165.3906,98740
2021-06-24T16:00:00.000Z,210636.6094,210688.9531,207896.8438,209760.9219,104015
2021-06-27T16:00:00.000Z,211070.5156,213166.3125,207754.3438,208823.2188,132602
2021-06-28T16:00:00.000Z,210691.5,211477.9844,208732.1406,210264.6875,88132
2021-06-29T16:00:00.000Z,210819.875,213742.7031,209578.0781,213613.3594,100319
2021-06-30T16:00:00.000Z,213363.2813,214030.0781,210135.1094,210830.0781,111872
2021-07-01T16:00:00.000Z,211469.2344,211881.625,209481.0156,210549.5938,81708
2021-07-04T16:00:00.000Z,211205.7031,215522.7031,210632.5469,214433.7344,107162
2021-07-05T16:00:00.000Z,214835.5313,218352.0625,214604.2813,218133.4531,112358
2021-07-06T16:00:00.000Z,216852.7188,217344,212955.8594,215246.9063,122599
2021-07-07T16:00:00.000Z,215893.4063,216321.1563,213706.0156,215604.7031,87606
2021-07-08T16:00:00.000Z,214969.125,218132.0156,213826.8594,218001.9844,89009
2021-07-11T16:00:00.000Z,217819.2813,218567.6563,215223.3125,215677.9063,71767
2021-07-12T16:00:00.000Z,216943.0469,220688.5313,216410.2969,219810.3125,93545
2021-07-13T16:00:00.000Z,218709.1563,219670.4219,217568.8125,219422.1875,81520
2021-07-14T16:00:00.000Z,220391.375,222090.9688,218206.9844,221350.5156,86756
2021-07-15T16:00:00.000Z,221279.8438,227658.1563,220604.625,226841.7656,127063
2021-07-18T16:00:00.000Z,226861.5781,233088.8125,226539.5469,231344.0469,144766
2021-07-19T16:00:00.000Z,229329.2656,229329.2656,225090.8125,226760.875,115226
2021-07-20T16:00:00.000Z,227292.7188,228699.9063,221829.8438,223914.6406,104873
2021-07-21T16:00:00.000Z,224209.9844,224764.7813,223112.2969,224646.7813,69420
2021-07-22T16:00:00.000Z,226408.1875,234571.1563,226408.1875,233803.7031,131588
2021-07-25T16:00:00.000Z,233379.2188,235957.2031,230103.3125,231176.2344,127849
2021-07-26T16:00:00.000Z,232935.8906,236900.7813,230493.3438,232070.0938,130661
2021-07-27T16:00:00.000Z,231764.8281,232395.625,229324.3906,231335.8438,89159
2021-07-28T16:00:00.000Z,232002.8125,233690.375,228147.3906,233155.0625,98228
2021-07-29T16:00:00.000Z,232960.75,234880.3125,231054.4375,233580.0938,105480
2021-08-01T16:00:00.000Z,234317.1875,236547.5313,231310.3906,233909.875,131815
2021-08-02T16:00:00.000Z,233793.7969,234966.3125,228815.1563,229167.2656,111178
2021-08-03T16:00:00.000Z,228215.75,230021.3125,226642.8594,229299.9375,85011
2021-08-04T16:00:00.000Z,227978.8906,231227.1563,227428.2656,228692.8594,105336
2021-08-05T16:00:00.000Z,229886.6875,230877.5,228608.4375,229451.1719,73369
2021-08-08T16:00:00.000Z,229050.2813,231803.7344,227994.9688,228495.8281,90078
2021-08-09T16:00:00.000Z,228295.0313,235988.9219,227538.5625,235732.9844,112934
2021-08-10T16:00:00.000Z,236079.9844,238976.1875,235374.8906,237514.7969,94123
2021-08-11T16:00:00.000Z,237721.6719,243028.4063,237721.6719,241162,102030
2021-08-12T16:00:00.000Z,240142.9844,240142.9844,235766.1406,237670.9531,97508
2021-08-15T16:00:00.000Z,237667.75,238494.7813,235160.2188,236856.8281,70676
2021-08-16T16:00:00.000Z,237548.125,243638.1406,237548.125,242267.6719,93604
2021-08-17T16:00:00.000Z,241606.1406,242947.0469,239697.7188,240793.7656,84866
2021-08-18T16:00:00.000Z,239782.1406,242338.9688,238120.7813,239675,105515
2021-08-19T16:00:00.000Z,225812.125,232969.1719,224381.0781,230361.8594,186408
2021-08-22T16:00:00.000Z,230313.5781,232707.5313,228131.2031,231343.1875,111190
2021-08-23T16:00:00.000Z,233944.0313,235231.2656,231696.5313,234622.5469,75949
2021-08-24T16:00:00.000Z,235510.9063,239070.4219,234481.0781,237977.9531,82117
2021-08-25T16:00:00.000Z,238083.3281,241938.7188,238066,238283.0469,106566
2021-08-26T16:00:00.000Z,239505.1563,241882.125,237673.7031,241198.9063,117518
2021-08-29T16:00:00.000Z,241369.3281,245322.6094,239521.7344,244910.5781,115363
2021-08-30T16:00:00.000Z,244586.9375,248275.8906,244525.0313,246773.5938,100448
2021-08-31T16:00:00.000Z,248111.2344,248403.2188,244257.6563,245210.8594,84664
2021-09-01T16:00:00.000Z,244647.4688,248616.1563,243947.2344,248425.3594,79815
2021-09-02T16:00:00.000Z,247253.1094,247428.4219,243449.5313,243996.2969,76372
2021-09-05T16:00:00.000Z,243727.2969,247417,242201.7344,243781.5781,95380
2021-09-06T16:00:00.000Z,243637.1094,244617.8281,242613.8594,243297.6563,61270
2021-09-07T16:00:00.000Z,243742.2344,247052.5469,240892.7344,243094.9219,109408
2021-09-08T16:00:00.000Z,244159.9063,250395.2969,243653.2813,249450.6563,96291
2021-09-09T16:00:00.000Z,249673.5469,255575.2188,249503.0156,253449.1563,104440
2021-09-12T16:00:00.000Z,253380.6406,259016.7813,253164.25,254066.375,111442
2021-09-13T16:00:00.000Z,254600.9063,256028.1563,251514.4531,252512.7188,88569
2021-09-14T16:00:00.000Z,253003.875,255380.5,250551.2969,255052,94835
2021-09-15T16:00:00.000Z,254893.8438,259864.75,254002.5,257809.3594,108232
2021-09-16T16:00:00.000Z,257885.1094,261100.9063,255590.0313,258600.9844,92571
2021-09-21T16:00:00.000Z,257252.1094,274750.9375,256583.3281,274669.0625,99025
2021-09-22T16:00:00.000Z,272788.5312,276610.6875,269916.75,275567.9062,148792
2021-09-23T16:00:00.000Z,275105.4687,286875.7812,273192,281422.0937,203857
2021-09-26T16:00:00.000Z,282306.4375,289062.5312,268385,268794.5937,252008
2021-09-27T16:00:00.000Z,268344.4375,270975.9375,267015.5937,269372.875,134746
2021-09-28T16:00:00.000Z,270728.625,277867,270108.4687,272377.5937,131384
2021-09-29T16:00:00.000Z,273901.0937,273972.1875,268058.875,268905.0937,92938
2021-10-07T16:00:00.000Z,271178.6875,282210.6562,270553.5,278610.9375,61496
2021-10-10T16:00:00.000Z,278960.0937,285666.9687,277158.9375,282723.8125,100704
2021-10-11T16:00:00.000Z,283300.2812,283300.2812,275491.125,276781,81695
2021-10-12T16:00:00.000Z,278774.25,279432.5312,270470.8437,275005.4687,81911
2021-10-13T16:00:00.000Z,276815.125,279903.0625,269771.5312,277459.6875,109579
2021-10-14T16:00:00.000Z,278671.8125,282896.7187,276700.375,279720.9375,82433
2021-10-17T16:00:00.000Z,282585.3125,292699.4687,280479.1875,292699.4687,112546
2021-10-18T16:00:00.000Z,291946.3125,295109.5312,284045.4687,292291.3437,123419
2021-10-19T16:00:00.000Z,291889.2812,293091.3437,277870.6562,282418.3125,132023
2021-10-20T16:00:00.000Z,283357.8125,293642.5312,282945.4062,284547.625,130232
2021-10-21T16:00:00.000Z,284669.875,285392.1562,277285.8437,281424.4687,148097
2021-10-24T16:00:00.000Z,282459.0625,289029.1875,278265.875,279492.0937,161421
2021-10-25T16:00:00.000Z,281598.4687,282328.625,274993.1562,278845.1875,134522
2021-10-26T16:00:00.000Z,278750.625,282320,276133.4687,277176.5,123720
2021-10-27T16:00:00.000Z,277146.4062,277146.4062,257161.5938,257347.5469,174787
2021-10-28T16:00:00.000Z,259594.7656,267244.9062,253353.8906,264857.3125,219092
2021-10-31T16:00:00.000Z,266779.0312,274376.625,264655.7187,272009.75,159908
2021-11-01T16:00:00.000Z,271484.1562,276138.3437,267950.375,269813.4375,143133
2021-11-02T16:00:00.000Z,270255.3437,273519.4375,267016.8437,273416.5312,125012
2021-11-03T16:00:00.000Z,273643.0937,274087,266923.6875,270804.9375,119452
2021-11-04T16:00:00.000Z,271062.6875,273428.4687,263359.125,267196.4375,178353
2021-11-07T16:00:00.000Z,269829.2812,271096.6562,263401.3437,268013.1562,109809
2021-11-08T16:00:00.000Z,268247.1562,270490,265128.375,269408.375,79708
2021-11-09T16:00:00.000Z,269778.3125,269968.1562,264710.1875,268074.9375,104118
2021-11-10T16:00:00.000Z,267256.0625,280474.5625,266355.4375,279764.6875,119189
2021-11-11T16:00:00.000Z,279328.5312,282565.5937,277874.875,280348.6875,82860
2021-11-14T16:00:00.000Z,280084.9062,280258.5,272860.5625,274555.4687,94476
2021-11-15T16:00:00.000Z,273875.0937,275897.8437,271960.4375,274491.9062,59504
2021-11-16T16:00:00.000Z,273334.2187,274164.2812,271423,272703.7812,58186
2021-11-17T16:00:00.000Z,272716.25,276657,272533.25,274516.9687,68726
2021-11-18T16:00:00.000Z,276351.4375,280189,275178.6875,277963.0937,76868
2021-11-21T16:00:00.000Z,276290.3125,281837.5312,275792.9687,280869.4375,68977
2021-11-22T16:00:00.000Z,280573.2812,283862.5,278515.1562,278684.0937,78855
2021-11-23T16:00:00.000Z,279232.6875,282332.1562,278830.125,282179.125,81050
2021-11-24T16:00:00.000Z,282316.9375,287309.5,282316.9375,285322.5937,93143
2021-11-25T16:00:00.000Z,285690.9375,285690.9375,280466.8437,281173.6562,75266
2021-11-28T16:00:00.000Z,279777.8437,283115.375,278587.5,281632.5937,77627
2021-11-29T16:00:00.000Z,282492.0937,284114.75,280058.0625,281450.6875,77540
2021-11-30T16:00:00.000Z,280762.75,282597.0937,279887,282246.4687,65525
2021-12-01T16:00:00.000Z,282349.9062,282975.8437,278804.5312,280592.7812,65111
2021-12-02T16:00:00.000Z,281037.4062,282690.6875,279246.5937,281884.4687,69602
2021-12-05T16:00:00.000Z,282498.6875,282590.7812,271330.2812,272708.5312,99343
2021-12-06T16:00:00.000Z,274330.5625,280339.0937,272992.7187,280096.5312,88206
2021-12-07T16:00:00.000Z,281904.4687,282539.3125,278670.125,279230.4375,55242
2021-12-08T16:00:00.000Z,280059.6562,281307.4062,279201.0312,279996.9375,52751
2021-12-09T16:00:00.000Z,278915.5625,281787.3437,278715.4062,281533.8437,58290
2021-12-12T16:00:00.000Z,281549.625,281549.625,278746.375,280469.8125,61053
2021-12-13T16:00:00.000Z,280540.5625,283254.0625,280326.375,282403.9687,59712
2021-12-14T16:00:00.000Z,282001.375,282001.375,276887.6562,277036.25,93854
2021-12-15T16:00:00.000Z,275502.0625,278777.0937,271914.5937,276794.375,101265
2021-12-16T16:00:00.000Z,276351.5,281265.9062,276340.9687,279873.25,76328
2021-12-19T16:00:00.000Z,279400.875,279787.8437,274937.0312,276122.4375,82167
2021-12-20T16:00:00.000Z,276258.7812,279788.375,276149.9375,279104.625,70755
2021-12-21T16:00:00.000Z,278460.7187,281963.7812,278298.1562,280745.0625,71429
2021-12-22T16:00:00.000Z,280718.3125,281878.3125,279289.5,281552.8125,76212
2021-12-23T16:00:00.000Z,281197.0312,286613.1875,281197.0312,286485.8125,113209
2021-12-26T16:00:00.000Z,286175.25,289372.125,284545.5625,285800.0937,106298
2021-12-27T16:00:00.000Z,285968.7812,287442.6562,285084.4062,287413.5,82629
2021-12-28T16:00:00.000Z,287324.9687,288425.1562,286100.9687,287453.0625,75430
2021-12-29T16:00:00.000Z,287099.4375,291784.1875,286762.3125,291535.875,96652
2021-12-30T16:00:00.000Z,291355.25,293343.9062,289746.7187,293017.875,72933
2022-01-03T16:00:00.000Z,291732.8437,292564.6875,285419.7812,287171.9375,73460
2022-01-04T16:00:00.000Z,287107.7187,293665.4062,286994.4062,291999.4375,101099
2022-01-05T16:00:00.000Z,292195.3437,293742.3125,291252.4062,292246.8125,69386
2022-01-06T16:00:00.000Z,291843.7187,295296.1562,289829.0937,294599.9375,89241
2022-01-09T16:00:00.000Z,296039.7812,296993.75,293199.9062,295147.1875,81677
2022-01-10T16:00:00.000Z,295521.125,296630.4375,291843.3437,295935.5,90111
2022-01-11T16:00:00.000Z,296741.0312,313108.125,295666.625,306427.5312,202440
2022-01-12T16:00:00.000Z,306369.0312,309751.1562,303047.125,303997.125,154863
2022-01-13T16:00:00.000Z,304192.0937,305936.3437,300918.9687,305035.5312,113494
2022-01-16T16:00:00.000Z,302395.4687,304718.4375,298843.6875,303639.625,100042
2022-01-17T16:00:00.000Z,304171.25,314819.25,303602.8125,313419.1875,143770
2022-01-18T16:00:00.000Z,312988.0625,315187.6875,311262.3437,313434.625,103977
2022-01-19T16:00:00.000Z,314207.8125,333574.5937,314207.8125,326109.75,218618
2022-01-20T16:00:00.000Z,324998.8437,330579.8125,321184.8437,327536.0937,159461
2022-01-23T16:00:00.000Z,325991.9062,334632.5312,324984.2187,326207.9687,242915
2022-01-24T16:00:00.000Z,322475.875,322755.2812,311167.4062,314683.5,260794
2022-01-25T16:00:00.000Z,312927.5937,319197.0937,312927.5937,317023.5625,186898
2022-01-26T16:00:00.000Z,318001.4375,326744.4062,318001.4375,322679.8125,117057
2022-01-27T16:00:00.000Z,323347.3125,327452.5625,316912.7187,325334.5625,93268
2022-02-06T16:00:00.000Z,327169.5625,330224.8437,322523.7187,326781.5937,50472
2022-02-07T16:00:00.000Z,326742.375,330373.375,324992.4687,328331.0312,62522
2022-02-08T16:00:00.000Z,327912.5625,329697,321971.8125,325485.7187,88787
2022-02-09T16:00:00.000Z,326057.9375,333511.125,324062.3437,332588.4375,91831
2022-02-10T16:00:00.000Z,334883.3437,336246.375,329998.0937,330021.4687,86635
2022-02-13T16:00:00.000Z,329840.4687,330579.1562,325129.875,326791.5625,94021
2022-02-14T16:00:00.000Z,326910.9687,328978.7812,319257.125,328629.4062,104346
2022-02-15T16:00:00.000Z,328372.9062,329173.0625,326131.7187,328040.875,66526
2022-02-16T16:00:00.000Z,327914.8437,329967.9375,325800.1562,327490.6562,72939
2022-02-17T16:00:00.000Z,327979.5937,335141.1875,327867.25,334872.5937,88759
2022-02-20T16:00:00.000Z,333757.7187,335788.5937,330611.4375,333171.75,78565
2022-02-21T16:00:00.000Z,331875.3125,337235.4062,331215.3437,334494.0625,79442
2022-02-22T16:00:00.000Z,334235.7812,334857.7187,332559.8437,334036.875,72040
2022-02-23T16:00:00.000Z,334220.8125,338809.125,333931.5,338152.3125,125875
2022-02-24T16:00:00.000Z,339365.0312,344284.1875,334078.3125,335917.6562,116630
2022-02-27T16:00:00.000Z,335296.6875,338713.5937,330709.2187,337546.7187,96222
2022-02-28T16:00:00.000Z,337410.125,341003.3437,337398.5,340621.9687,74933
2022-03-01T16:00:00.000Z,340778.1562,341505.1875,337392.2187,339929.8125,75617
2022-03-02T16:00:00.000Z,341326.5,344362.8125,338748.0312,341686.4687,80432
2022-03-03T16:00:00.000Z,341908.2812,344129.2187,339135.2187,341805.9062,84507
2022-03-06T16:00:00.000Z,343195.8125,359475.2812,340831.5,357808.0312,120709
2022-03-07T16:00:00.000Z,358269.875,390984.9375,344803.5937,390596.9687,146451
2022-03-08T16:00:00.000Z,370824.0937,393729.5312,350680.8437,356840.3125,174936
2022-03-09T16:00:00.000Z,356443.5937,358295.0625,326722.4687,337471.9687,146212
2022-03-10T16:00:00.000Z,336868.375,345069.5625,336868.375,343536.0312,71529
2022-03-13T16:00:00.000Z,340026.4687,341222.75,327802.375,332054.25,63220
2022-03-14T16:00:00.000Z,332345.9375,334024.5625,320422.0625,322639.9687,72162
2022-03-15T16:00:00.000Z,322486.5312,334125.125,322220.25,332096.4687,54279
2022-03-16T16:00:00.000Z,330650.1562,331455.9375,324082.9062,326821.5937,43143
2022-03-17T16:00:00.000Z,326989.375,339434.3125,325767.75,337990.4687,59839
2022-03-20T16:00:00.000Z,336605.7187,343906.4062,334003.5,335673.0625,62718
2022-03-21T16:00:00.000Z,333445.4375,338009.0937,333445.4375,335543.625,35908
2022-03-22T16:00:00.000Z,334918.9375,338776.2812,332084.2187,337611.75,37735
2022-03-23T16:00:00.000Z,340279.4687,357878.5937,340071.25,348643.25,80294
2022-03-24T16:00:00.000Z,349299.3125,352082.4687,337283.5625,344313.4375,68047
2022-03-27T16:00:00.000Z,343226.4375,343226.4375,335449.75,340825.1562,53444
2022-03-28T16:00:00.000Z,340544.6875,346171,340521.6875,344796,38300
2022-03-29T16:00:00.000Z,343209.4062,346370.2187,339584.2812,344116.9062,40086
2022-03-30T16:00:00.000Z,344865.5312,345070.0312,338435.6562,342423.5937,45776
2022-03-31T16:00:00.000Z,342886.9375,343666.1875,336419.8125,338439.2812,37349
2022-04-05T16:00:00.000Z,341450.25,344901.2187,339620,343344.2812,25784
2022-04-06T16:00:00.000Z,344799.9062,344959.7812,336497.9062,338245.8125,40085
2022-04-07T16:00:00.000Z,338206.0312,339468.8125,328514.7187,338526.9375,50741
2022-04-10T16:00:00.000Z,337867.6562,339371.5937,333286.0312,335013.3437,35312
2022-04-11T16:00:00.000Z,334350.2187,336981,333523.6562,336970.625,27022
2022-04-12T16:00:00.000Z,335413.9375,335413.9375,329417.0625,330746.6562,48597
2022-04-13T16:00:00.000Z,331428.5312,338762.8125,331266.1562,336518.75,38878
2022-04-14T16:00:00.000Z,335489.875,336334.5625,333011.75,335293.5,27837
2022-04-17T16:00:00.000Z,336651.5937,336651.5937,330982.4687,333339,32580
2022-04-18T16:00:00.000Z,332610.4062,342386.625,332610.4062,335052.6562,47841
2022-04-19T16:00:00.000Z,334851.125,339779.5312,334285.25,334568.4375,36456
2022-04-20T16:00:00.000Z,333963.0625,336259.3125,331834.8437,333332.0937,32846
2022-04-21T16:00:00.000Z,333828,335552.4687,332216.9687,332910.7187,28384
2022-04-24T16:00:00.000Z,330446.75,332156.7812,314183.25,319753.7812,79439
2022-04-25T16:00:00.000Z,316824.0937,330871.8437,315360.2812,328413,72171
2022-04-26T16:00:00.000Z,327859.7187,332927,326150.9687,331045.8437,64642
2022-04-27T16:00:00.000Z,327678.2187,328087.5937,321032.2812,323905.5625,46683
2022-04-28T16:00:00.000Z,323809.7812,329812.3125,323678.75,328347.5625,38993
2022-05-04T16:00:00.000Z,325812.625,327793.8437,321828.3437,325114.5625,30172
2022-05-05T16:00:00.000Z,325283.7187,328382.5312,321142.5312,321733.5,39839
2022-05-08T16:00:00.000Z,320524.4062,324657.9062,308053.2812,309833.7812,63307
2022-05-09T16:00:00.000Z,306197.2187,306197.2187,297080,300745.9062,74585
2022-05-10T16:00:00.000Z,298063.6562,299772.5937,287552.9687,289470.8437,85012
2022-05-11T16:00:00.000Z,288864.5937,295030.0312,273886.5937,276780.2187,100405
2022-05-12T16:00:00.000Z,276473,284737.625,275276.6562,282075.0312,92366
2022-05-15T16:00:00.000Z,282453.5937,284766.2187,274116.4375,281709.625,91613
2022-05-16T16:00:00.000Z,282651.5312,283136.875,274909.4687,276020.7187,78878
2022-05-17T16:00:00.000Z,277344.9687,279726.125,265965.9062,266361.2187,86772
2022-05-18T16:00:00.000Z,268483.4687,278752,267534.6875,277996.0937,93557
2022-05-19T16:00:00.000Z,277870.0937,282820.7812,276932.75,278735.3437,73696
2022-05-22T16:00:00.000Z,278528.8437,281646.3125,275262.4687,278083.75,61581
2022-05-23T16:00:00.000Z,277903.8125,278718.9687,270166.625,271161.0312,58087
2022-05-24T16:00:00.000Z,270920.7812,271084.2812,262076.7188,265946.6562,81862
2022-05-25T16:00:00.000Z,265263.9375,265281.8125,248909.1406,251293.875,118210
2022-05-26T16:00:00.000Z,252923.3281,260294.8438,250941.0156,256685.7656,115116
2022-05-29T16:00:00.000Z,255766.8594,272917.6875,254860.0313,272024.5937,130093
2022-05-30T16:00:00.000Z,271774.6562,272148.9687,266768.875,267962.2812,78896
2022-05-31T16:00:00.000Z,267147.9687,272851.6875,263643.0312,266065.0937,85301
2022-06-01T16:00:00.000Z,267157.5,270041.9375,266002.375,267162.3437,67021
2022-06-05T16:00:00.000Z,267646.9062,270756.5,253902.3125,257148.125,72038
2022-06-06T16:00:00.000Z,259472.2188,261019.8906,253163.8125,254643.25,94716
2022-06-07T16:00:00.000Z,254525.1563,263549.5937,246400.3906,262335.6562,136840
2022-06-08T16:00:00.000Z,261555.4063,264382.375,259816.6563,262415.4062,87209
2022-06-09T16:00:00.000Z,261688.4063,264554.25,259298.625,261722.8281,79933
2022-06-12T16:00:00.000Z,259199.2656,259199.2656,250406.625,253348.3594,105774
2022-06-13T16:00:00.000Z,250776.1406,250776.1406,239471.5156,241729.5938,122568
2022-06-14T16:00:00.000Z,236639.1719,247309.6719,233721.3438,244873.1094,126149
2022-06-15T16:00:00.000Z,247100.0469,256736.7656,247100.0469,253974.3125,131156
2022-06-16T16:00:00.000Z,252647.6563,252721.4219,240295.5781,243373.7969,144721
2022-06-19T16:00:00.000Z,244280.4219,244939.6875,234906.6094,235795.5625,122080
2022-06-20T16:00:00.000Z,234897.5313,243469.7188,232917.8438,234095.4688,134323
2022-06-21T16:00:00.000Z,235300.5469,240076.7344,224043.2656,225683.625,152276
2022-06-22T16:00:00.000Z,222704.9531,226832.0938,218149.7344,225820.4531,166353
2022-06-23T16:00:00.000Z,215176.8125,219233.0156,202405.6094,202407.1875,247455
2022-06-26T16:00:00.000Z,199261.9219,214232.2969,191196.0625,211525.2188,300059
2022-06-27T16:00:00.000Z,213888.375,218784.6875,207507.1563,218599.2656,206397
2022-06-28T16:00:00.000Z,217633.6563,217641.1406,199805.0625,199975.6719,235491
2022-06-29T16:00:00.000Z,200401.7656,208376.2969,200311.4844,201948.25,185160
2022-06-30T16:00:00.000Z,201247.7344,202975.4844,189635.2656,191299.4844,158597
2022-07-03T16:00:00.000Z,193831.8438,197579.6563,189259.4063,196592.9063,145578
2022-07-04T16:00:00.000Z,197655.625,201069.625,190832.3906,191160.2656,141536
2022-07-05T16:00:00.000Z,186886.1875,191710.8281,179759.9531,186270.6406,171753
2022-07-06T16:00:00.000Z,186628.5156,190409.3438,180171.9375,187934.0313,172794
2022-07-07T16:00:00.000Z,190705.9219,192715.3438,181475.5938,181475.5938,164051
2022-07-10T16:00:00.000Z,182347.7969,190855.0469,181821.0469,190743.7344,144431
2022-07-11T16:00:00.000Z,190205.4531,198764.6406,188898.7188,190144.2813,155879
2022-07-12T16:00:00.000Z,190357.5313,194761.5625,185274.5313,193800.625,141802
2022-07-13T16:00:00.000Z,189835.6094,192711.2344,185908.5156,188382.375,170236
2022-07-14T16:00:00.000Z,188583.5938,188695.2969,177898.8438,178627.25,158541
2022-07-17T16:00:00.000Z,179339.8125,192558.6719,179217.4531,191429.4063,160938
2022-07-18T16:00:00.000Z,191013.2188,195304.2344,183147.2656,184486.3906,140238
2022-07-19T16:00:00.000Z,185254.6563,190697.375,182548.9219,187387.0156,128142
2022-07-20T16:00:00.000Z,187610.875,192223.0469,187210.7031,190654.125,122212
2022-07-21T16:00:00.000Z,188988.0469,190702.1094,186119.625,189351.2188,125856
2022-07-24T16:00:00.000Z,188444.0156,194237.0781,186666.1719,187784.7031,135265
2022-07-25T16:00:00.000Z,188719.9063,196965.375,188441.4219,196453.3906,116643
2022-07-26T16:00:00.000Z,195712.9063,196534.6094,188858.9219,190788.2813,125705
2022-07-27T16:00:00.000Z,189451.6719,194713.125,187336.8125,194001.875,120120
2022-07-28T16:00:00.000Z,190402.9219,194245.0938,186785.2344,193014.9688,160692
2022-07-31T16:00:00.000Z,193144.7813,202481.7969,192317.5313,199722.9844,178976
2022-08-01T16:00:00.000Z,199893.9844,200318.5625,189808.5156,193599.4688,146083
2022-08-02T16:00:00.000Z,193141.3125,193645.9688,188727.7188,191518.5,114875
2022-08-03T16:00:00.000Z,191263.7031,193844.9844,189973.3438,190162.0313,106178
2022-08-04T16:00:00.000Z,191171.1719,197420.8594,190690.3125,195968.1563,123659
2022-08-07T16:00:00.000Z,195972.0938,196197.5938,192771.2813,195042.6719,109044
2022-08-08T16:00:00.000Z,191794.1406,194711.5469,190451.5156,193341.7969,119704
2022-08-09T16:00:00.000Z,193377.8125,196841.7188,192309.4375,192975.7188,109991
2022-08-10T16:00:00.000Z,193733.9531,200490.0156,193733.9531,199562.5313,138280
2022-08-11T16:00:00.000Z,200025.2188,205633.9063,200025.2188,203191.875,121122
2022-08-14T16:00:00.000Z,201532.0156,201532.0156,195108.4531,196682.25,125063
2022-08-15T16:00:00.000Z,195557.1875,199143.2969,194133.8906,197638.25,92441
2022-08-16T16:00:00.000Z,198349.3281,200194.7031,196537.2969,197120.1719,104305
2022-08-17T16:00:00.000Z,196633.7969,197715.5469,195494.7656,195962.6094,90971
2022-08-18T16:00:00.000Z,196883,197989.4531,195852.4063,196754.4063,97700
2022-08-21T16:00:00.000Z,196682.6719,202475.7344,196682.6719,199144.6406,105043
2022-08-22T16:00:00.000Z,198749.7813,199660.9531,197510.4531,198795.4844,102184
2022-08-23T16:00:00.000Z,198944.7344,200830.9688,197635.3438,198809.3594,100392
2022-08-24T16:00:00.000Z,198769.9688,199824.7656,196675.5313,199356.3594,116361
2022-08-25T16:00:00.000Z,198898.9844,199181.7188,195535.6875,196865,103200
2022-08-28T16:00:00.000Z,197374.7344,203426.125,191953.0938,192605.3438,201622
2022-08-29T16:00:00.000Z,193895.1406,196165.7969,191735.0625,192821.7813,133660
2022-08-30T16:00:00.000Z,192289.8906,193244.6875,189265.9219,190028.2188,132844
2022-08-31T16:00:00.000Z,188760.875,188805.9844,177158.4688,177669.7813,175605
2022-09-01T16:00:00.000Z,175664.6875,176569.2969,167907.1406,169766.9219,223109
2022-09-04T16:00:00.000Z,171176.3281,176472.5938,169220,175389.1719,213299
2022-09-05T16:00:00.000Z,175568.7344,179499.1406,175568.7344,177449.8125,162426
2022-09-06T16:00:00.000Z,176670.3125,176749.4063,171410.7813,172424.7969,169711
2022-09-07T16:00:00.000Z,172130.625,175921.5469,170532.25,174948.2656,185734
2022-09-08T16:00:00.000Z,175319.9844,178440.9219,174357.4375,176552.375,180510
2022-09-12T16:00:00.000Z,177401.9688,181863.4531,176794.6094,178972.8906,116601
2022-09-13T16:00:00.000Z,178016.4844,178016.4844,169555.3594,171245.7656,213436
2022-09-14T16:00:00.000Z,171646.9688,177525.6406,171646.9688,174447.0313,218267
2022-09-15T16:00:00.000Z,172232.8906,175077.7813,171726.5156,173395.4375,178913
2022-09-18T16:00:00.000Z,173482.5781,178040.3594,172889.2813,173562.4219,203841
2022-09-19T16:00:00.000Z,172011.6563,175641.25,171557.4531,173831.2813,156795
2022-09-20T16:00:00.000Z,173808.6563,179366.4219,173696.3438,178355.4219,214105
2022-09-21T16:00:00.000Z,177859.25,182804.7813,176364.8906,180672.3594,227725
2022-09-22T16:00:00.000Z,181420.5313,182190.3438,178119.5938,178911.3906,117837
2022-09-25T16:00:00.000Z,177836.5313,177836.5313,166813.6875,174492.5781,210547
2022-09-26T16:00:00.000Z,173577.5781,180441.6875,173577.5781,179523.2969,140747
2022-09-27T16:00:00.000Z,178810.6094,180801.3594,175895.2813,176328.8438,119357
2022-09-28T16:00:00.000Z,177077.7031,180637.5,176949.6406,178194.8906,109767
2022-09-29T16:00:00.000Z,178568.2188,179005.0938,174100.5938,175433.3125,116033
2022-10-09T16:00:00.000Z,171060.2188,173702.2656,170527.4375,172932.9531,67439
2022-10-10T16:00:00.000Z,173774.3438,176366.9063,173586.5625,174218.1563,101100
2022-10-11T16:00:00.000Z,174767.9219,174767.9219,171642.8438,173349.9063,106175
2022-10-12T16:00:00.000Z,171947.7031,173528.7656,169575.1563,170235.7813,131679
2022-10-13T16:00:00.000Z,169379.2969,174081.6406,168371.5156,173380.4844,135467
2022-10-16T16:00:00.000Z,172175.5313,172175.5313,168360.8125,169274.2031,136625
2022-10-17T16:00:00.000Z,169215.0469,169930.4063,166769.4688,167108.625,133050
2022-10-18T16:00:00.000Z,166665.7344,170676.1406,166584.8125,168475,138099
2022-10-19T16:00:00.000Z,167827.9219,168936.8438,166925.5938,168282.9219,128422
2022-10-20T16:00:00.000Z,167980.125,169610.4688,162357.1875,163335.4531,178269
2022-10-23T16:00:00.000Z,161562.4219,165714.6875,160734.875,163968.0938,168086
2022-10-24T16:00:00.000Z,162901.5625,165281.7031,162629.2031,164382.7656,147574
2022-10-25T16:00:00.000Z,163289.9063,166480.3906,162855.2344,164347.0938,133151
2022-10-26T16:00:00.000Z,164163.1094,165496.0625,162945.7969,163522.625,122967
2022-10-27T16:00:00.000Z,162996.6875,163815.8594,155992.7344,157131.3281,203686
2022-10-30T16:00:00.000Z,158093.75,158523.2656,154343.75,155862.2188,153124
2022-10-31T16:00:00.000Z,155344.4063,157791.3281,152190.8594,157074.4844,171530
2022-11-01T16:00:00.000Z,157560.3906,159655.6875,156187.3906,157592.6563,148064
2022-11-02T16:00:00.000Z,157526.1719,158241.2813,153465.5469,154639.0313,158723
2022-11-03T16:00:00.000Z,154674.625,157837.1875,152837.4219,157259.0469,193110
2022-11-06T16:00:00.000Z,159237.7344,165281.7188,159237.7344,163794.7813,274314
2022-11-07T16:00:00.000Z,163754.0625,166748.4844,163191.6719,165429.8125,199547
2022-11-08T16:00:00.000Z,165893.2656,169734.2969,165654.9844,169357.0156,215292
2022-11-09T16:00:00.000Z,169416.2188,169438.4688,165587.4688,167918.3438,200248
2022-11-10T16:00:00.000Z,167602.4219,183558.3438,167579.7031,180167.2344,345469
2022-11-13T16:00:00.000Z,179395.4375,180646.1094,174805.7188,176343.9844,253665
2022-11-14T16:00:00.000Z,177756.0469,185386.375,176995.6875,183732.8438,192202
2022-11-15T16:00:00.000Z,188483.8125,189546.9688,185238,187214.9531,194186
2022-11-16T16:00:00.000Z,188988.7031,189478.7813,181505.2813,185643.9844,191595
2022-11-17T16:00:00.000Z,184297.2656,185781.8906,179994.4688,184618.0625,177700
2022-11-20T16:00:00.000Z,182072.5625,184024.5625,176001.5781,177393.5,166333
2022-11-21T16:00:00.000Z,176988.0156,179454.5156,175804.5938,178057.4219,114430
2022-11-22T16:00:00.000Z,178894.8594,183864.875,178894.8594,181663.4063,148001
2022-11-23T16:00:00.000Z,180701.7188,185095.3438,178243.1719,182759.1563,136194
2022-11-24T16:00:00.000Z,183450.3594,185436,182514.9531,183924.6406,122442
2022-11-27T16:00:00.000Z,183419.5313,183708.7344,179504.0781,181388.125,131110
2022-11-28T16:00:00.000Z,182617.8438,186091.7656,182617.8438,184688,127929
2022-11-29T16:00:00.000Z,184569.7813,187111.6875,183144.4219,184046.4063,118977
2022-11-30T16:00:00.000Z,184966.7344,189388.3438,184356.0313,186742.9688,116364
2022-12-01T16:00:00.000Z,186622.4063,188469.9844,184793.125,187228.8281,99056
2022-12-04T16:00:00.000Z,187195.7813,195942.0156,184532.6406,194614.375,158999
2022-12-05T16:00:00.000Z,194977.1563,196950.9063,193482.4531,195126.7969,111785
2022-12-06T16:00:00.000Z,194732.4688,200847.0469,192727.2969,193710.0781,169736
2022-12-07T16:00:00.000Z,194101.4688,198105.6406,193412.3125,196615.625,133700
2022-12-08T16:00:00.000Z,197038.1094,199603.3594,194964.7188,198932.9531,136182
2022-12-11T16:00:00.000Z,197067.1719,197114.4844,188838.5781,190717.2031,162277
2022-12-12T16:00:00.000Z,192237.4219,196187.1563,191458.4219,195182.8906,127863
2022-12-13T16:00:00.000Z,196029.0313,198589.6094,194502.4844,195417.3594,124320
2022-12-14T16:00:00.000Z,194793.4531,195114.1563,192091.2188,194356.375,111530
2022-12-15T16:00:00.000Z,193843.9063,196392.4688,189419.0156,191508.4219,153888
2022-12-18T16:00:00.000Z,191288.3438,195651.875,187834.3906,187925.3438,166466
2022-12-19T16:00:00.000Z,189287.6406,194064.875,188845.4219,191869.2344,175729
2022-12-20T16:00:00.000Z,192421.7813,196820.4688,192421.7813,194931.3594,133198
2022-12-21T16:00:00.000Z,195265.1406,198509.0938,194528.9531,195363.1094,112471
2022-12-22T16:00:00.000Z,194210.5313,198569.8281,193550.5,196923.875,123818
2022-12-25T16:00:00.000Z,197300.2344,200627.4375,196519.4688,197873.375,121940
2022-12-26T16:00:00.000Z,197274.5313,205350.7344,195303.8125,205086.9063,151670
2022-12-27T16:00:00.000Z,206755.0938,210736.9219,205294.2344,209411.5313,153771
2022-12-28T16:00:00.000Z,208585.7188,209102.1875,205560.1406,207763.9375,114328
2022-12-29T16:00:00.000Z,206933.0313,212161.9844,206931.25,212161.9844,116961
2023-01-02T16:00:00.000Z,211246.5625,211246.5625,206061.2344,209156.5469,87039
2023-01-03T16:00:00.000Z,209363.25,213234.6094,207743.0156,207888.125,121761
2023-01-04T16:00:00.000Z,206675.0781,209413.2344,204895.1563,207578.1875,118635
2023-01-05T16:00:00.000Z,209133.125,209896.3125,201351.5781,206717.2656,179813
2023-01-08T16:00:00.000Z,205748.2969,207581.7656,203769.3281,205458.75,128370
2023-01-09T16:00:00.000Z,206409.7031,207596.4531,202572.8594,203756.9219,124435
2023-01-10T16:00:00.000Z,205634.4219,214167.9531,205599.6719,213617.125,135872
2023-01-11T16:00:00.000Z,213399.2344,216676.3594,213157.4219,215841.5469,135529
2023-01-12T16:00:00.000Z,217250.1719,223238.8594,216390.1563,222081.3125,157995
2023-01-15T16:00:00.000Z,224178.9531,230131.4531,222781.9688,225938.5625,211287
2023-01-16T16:00:00.000Z,225806.9375,228693.0781,223268.6875,224409.2188,179067
2023-01-17T16:00:00.000Z,225495.9063,229212.3125,224488.5625,227317.0313,149284
2023-01-18T16:00:00.000Z,228368.2813,235085.6563,224643.6719,228205.9375,206916
2023-01-19T16:00:00.000Z,229185.9219,238778.1406,227642.2969,238778.1406,157534
2023-01-29T16:00:00.000Z,243395.4531,243395.4531,235648.7813,236722.3906,113026
2023-01-30T16:00:00.000Z,237495.1719,237738.9375,232897.2813,233757.9844,159437
2023-01-31T16:00:00.000Z,232701.7969,238557.8125,231413.375,236541.5938,139373
2023-02-01T16:00:00.000Z,235725.6563,235725.6563,225720.7031,230110.6875,244045
2023-02-02T16:00:00.000Z,230849.4531,233343.3281,225571.75,228750.1875,253677
2023-02-05T16:00:00.000Z,228068.375,228280.0781,216474.6875,219744.4219,228353
2023-02-06T16:00:00.000Z,218053.4219,218053.4219,213964.0313,216776.8438,197333
2023-02-07T16:00:00.000Z,215950.4063,223411.0938,215330.8906,222957.3906,190709
2023-02-08T16:00:00.000Z,222321.5625,223158.875,215829.1719,218502.875,201014
2023-02-09T16:00:00.000Z,218545.5313,221946.5156,215118.3281,217445.9688,172024
2023-02-12T16:00:00.000Z,217821.1563,219335.2813,214268.0781,216248.5469,188533
2023-02-13T16:00:00.000Z,217469.3594,219295.8906,213722.3281,215372.625,160616
2023-02-14T16:00:00.000Z,215089.2031,216078.3125,209219.7813,210439.3594,208032
2023-02-15T16:00:00.000Z,210041.375,214059.4219,209710.7188,213248.3125,153714
2023-02-16T16:00:00.000Z,213956.2969,216216.5938,211390.7031,212227.7969,138237
2023-02-19T16:00:00.000Z,211166.5781,212007.9063,205300.5,211709.8281,163037
2023-02-20T16:00:00.000Z,212022.5938,217849.1563,212022.5938,217779.2813,128169
2023-02-21T16:00:00.000Z,217908.0469,222586.3125,217908.0469,218932.4219,176641
2023-02-22T16:00:00.000Z,219161.9063,220211.25,215406.125,216701.5156,151499
2023-02-23T16:00:00.000Z,215916.5938,215916.5938,209191.9531,212249.9063,186846
2023-02-26T16:00:00.000Z,210470.4844,213616.1094,206287.4844,207150.3281,204051
2023-02-27T16:00:00.000Z,208427.4844,211659.3906,207748.6563,209149.0313,173946
2023-02-28T16:00:00.000Z,208590.8125,209776.2031,203318.4219,209753.9531,187933
2023-03-01T16:00:00.000Z,210285.3281,211426.2656,203661.9063,204722.3281,244358
2023-03-02T16:00:00.000Z,203245.6719,203245.6719,197388.8906,199486.25,245707
2023-03-05T16:00:00.000Z,198466,201885.2656,196575.6406,199617.75,207855
2023-03-06T16:00:00.000Z,199286.4531,200677.4219,197933.375,199023.4688,176128
2023-03-07T16:00:00.000Z,198940,199828.5781,196793.5781,197113.7969,171463
2023-03-08T16:00:00.000Z,195483.5,196484.6719,191928.9063,192984.1406,240332
2023-03-09T16:00:00.000Z,191614.5156,193269.1406,185501,186930.4844,281488
2023-03-12T16:00:00.000Z,186016.9375,189837,184223.5938,188839.0469,317932
2023-03-13T16:00:00.000Z,187118.625,188556.7656,183703.5625,184055.9219,259086
2023-03-14T16:00:00.000Z,185153.4531,188188.3125,185153.4531,186246.1406,217307
2023-03-15T16:00:00.000Z,184569.5625,186809.0938,177702.8125,178239.9375,277105
2023-03-16T16:00:00.000Z,178587.7344,184729.2188,177768.1719,183348.9688,254086
2023-03-19T16:00:00.000Z,182899.4531,187720.7188,182688.875,183565.5469,227703
2023-03-20T16:00:00.000Z,185610.625,187180.0156,183048.2656,184675.9688,198081
2023-03-21T16:00:00.000Z,186766.7344,189050.8281,184706.8438,188810.2813,207305
2023-03-22T16:00:00.000Z,189734.1563,190100.375,186337.9688,187422.1563,193930
2023-03-23T16:00:00.000Z,189568.0781,200251.0938,188088.5938,199342.0156,318934
2023-03-26T16:00:00.000Z,198181.5938,202618.0156,197196.1406,201228.2813,286992
2023-03-27T16:00:00.000Z,203159.6719,205583.8594,202482.2031,204370.5,216240
2023-03-28T16:00:00.000Z,205681.5,208100.8906,204286.625,205714.6406,205081
2023-03-29T16:00:00.000Z,207352.7188,207677.2813,203322.4063,206915.4375,208592
2023-03-30T16:00:00.000Z,205579.6563,209675.0781,205416.0938,208394.4219,200490
2023-04-02T16:00:00.000Z,207645.75,208012.4219,203432.6563,204876.5469,196390
2023-04-03T16:00:00.000Z,205801.2188,207866.8906,202424.7344,203706.125,186095
2023-04-05T16:00:00.000Z,199217.4688,201744.3594,194495.9688,194718.625,159594
2023-04-06T16:00:00.000Z,196054.5938,198029.8125,194910.0469,196600.5313,171841
2023-04-09T16:00:00.000Z,194885.0156,195805.9375,190402.5938,191144.8594,175252
2023-04-10T16:00:00.000Z,190979.5,192289.125,187981.4531,190602.4375,162981
2023-04-11T16:00:00.000Z,191510.4063,192095.5313,188966.2344,190613.2656,145866
2023-04-12T16:00:00.000Z,191521.5469,194259.375,191318.8594,192117.1719,162987
2023-04-13T16:00:00.000Z,194684.9688,197964.4688,192748.7656,197758.375,174322
2023-04-16T16:00:00.000Z,197938.9219,218650.125,197938.9219,218649.2344,355069
2023-04-17T16:00:00.000Z,219241.1406,228938.875,217980.5,222471.0938,426062
2023-04-18T16:00:00.000Z,222109.9688,224653.6563,215571.4375,218930.4688,353789
2023-04-19T16:00:00.000Z,215698.2344,221845.4063,214507.8438,219402.2813,274957
2023-04-20T16:00:00.000Z,218889.1406,220105.2969,210450.9688,212434.9063,276448
2023-04-23T16:00:00.000Z,214449.8906,216489.6406,210102.625,211610.4219,226908
2023-04-24T16:00:00.000Z,212022.7188,215004.6875,209621.25,212427.9219,207835
2023-04-25T16:00:00.000Z,210333.3594,210333.3594,204111.2813,207946.0625,239505
2023-04-26T16:00:00.000Z,207504.0313,211474.9375,205247.7656,206000.4375,166929
2023-04-27T16:00:00.000Z,206866.25,212804.8906,205886.4688,212236.4844,186911
2023-05-03T16:00:00.000Z,212345.9375,214093.9375,205135.5938,210962.5781,131027
2023-05-04T16:00:00.000Z,211643.3438,211968.2344,203540.4844,208733.5781,192713
2023-05-07T16:00:00.000Z,207408.1406,209846.7656,205568.3906,209603.125,167133
2023-05-08T16:00:00.000Z,210527.5,215183.8594,207589.625,208091.0781,193840
2023-05-09T16:00:00.000Z,207423.3281,209386.8438,205164.4844,207572.5313,161079
2023-05-10T16:00:00.000Z,206953.8438,208798.2813,202992.0156,206658.8125,245058
2023-05-11T16:00:00.000Z,205863.2969,205863.2969,197137.2188,197188.8438,260271
2023-05-14T16:00:00.000Z,198015.6563,202312.0938,196493.625,199688.4844,214288
2023-05-15T16:00:00.000Z,201927.2969,202769.2656,196339.5469,198097.7813,215672
2023-05-16T16:00:00.000Z,196894.5625,199359.2031,194419.6875,199346.9375,203145
2023-05-17T16:00:00.000Z,200767.6406,202209.2969,197165.8125,200937.5469,176131
2023-05-18T16:00:00.000Z,200380.2344,200681.3438,194853,200613.9531,212352
2023-05-21T16:00:00.000Z,201846,203321.875,195682.8906,197485.0469,220780
2023-05-22T16:00:00.000Z,196253.6719,198785.4063,192775.0625,192988.3594,204274
2023-05-23T16:00:00.000Z,192599.7031,197597.4531,192113.125,197091.5,200561
2023-05-24T16:00:00.000Z,196427.9063,199975.4531,193718.9063,199079.1094,194676
2023-05-25T16:00:00.000Z,200111.1875,201917.7188,197576,201436.5469,191815
2023-05-28T16:00:00.000Z,201556.3281,208383.6875,199141.7188,208139.5,198541
2023-05-29T16:00:00.000Z,207550.2344,212864.8281,206295.6094,208863.4531,197393
2023-05-30T16:00:00.000Z,209487.7656,209593.8594,205178.2188,206287.4844,176122
2023-05-31T16:00:00.000Z,205597.1719,209476.8125,203694.3281,209167.3438,166406
2023-06-01T16:00:00.000Z,208008.7344,211700.9375,207302.3438,210514.4688,157288
2023-06-04T16:00:00.000Z,211164.7188,212330.6875,206030.2031,207059.4063,144197
2023-06-05T16:00:00.000Z,208048.3906,210094.3438,207450.0938,207740.2344,125814
2023-06-06T16:00:00.000Z,208420.6406,211057.75,207818.0313,208478.6875,128240
2023-06-07T16:00:00.000Z,208722.7969,209543.875,205667.0625,206451.5469,134310
2023-06-08T16:00:00.000Z,207500.9375,215101.5781,207257.4063,214774.5156,189623
2023-06-11T16:00:00.000Z,214749.4844,216161.7188,208069.5,209300.6094,164658
2023-06-12T16:00:00.000Z,209675.7188,210978.0469,208355.5313,210744.1406,111601
2023-06-13T16:00:00.000Z,212367.1719,213247.4063,208863.2969,211662.6719,123406
2023-06-14T16:00:00.000Z,213124.375,218587.8281,212664.5,214182.875,177264
2023-06-15T16:00:00.000Z,217298.1094,221091.875,216568.375,220077.625,160339
2023-06-18T16:00:00.000Z,219313.3125,219723.5469,214059.7188,215544.875,144305
2023-06-19T16:00:00.000Z,217093.6094,218588.1094,215962.75,217836.2031,111847
2023-06-20T16:00:00.000Z,217898.2813,220100.0313,216494.8438,218653,129995
2023-06-25T16:00:00.000Z,216466.2031,216821.2969,211854.9063,213219.3594,116536
2023-06-26T16:00:00.000Z,210815.7188,213344.6094,208920.75,212681.8125,164460
2023-06-27T16:00:00.000Z,211673.5625,215194.5625,211617.9219,213482.4688,139823
2023-06-28T16:00:00.000Z,212265.3438,214114.0313,210174.6563,213693.0156,152712
2023-06-29T16:00:00.000Z,212445.2969,220850.1563,211601.9688,219660.7344,198471
2023-07-02T16:00:00.000Z,219666.3281,227153.3125,218649.1094,223697,185951
2023-07-03T16:00:00.000Z,224029.7969,226760.0938,223233.3281,224638.2813,142196
2023-07-04T16:00:00.000Z,223787.8125,226861.1719,222685.6875,224521.4375,149717
2023-07-05T16:00:00.000Z,224779.5625,235803.0625,224779.5625,233456.9844,256605
2023-07-06T16:00:00.000Z,234686.4531,236338.6719,232250.9688,232718.1406,172083
2023-07-09T16:00:00.000Z,232598.8281,235210.125,228621.1406,229887.3125,194022
2023-07-10T16:00:00.000Z,230109.7813,232016.8281,227658.7031,231387.375,160900
2023-07-11T16:00:00.000Z,230517.0156,233196.9688,229584.8438,231647.5156,127537
2023-07-12T16:00:00.000Z,232380.7344,239876.7656,232198.375,233890.5781,234265
2023-07-13T16:00:00.000Z,234801.2031,235661.8594,231152.8594,232004.6719,185948
2023-07-16T16:00:00.000Z,234362.8281,237797.2031,229650.9844,230421.4375,207543
2023-07-17T16:00:00.000Z,230552.0156,232801.2969,228826.0625,232354.6563,139545
2023-07-18T16:00:00.000Z,231882.6719,234650.0781,230933.5156,232452.0156,139437
2023-07-19T16:00:00.000Z,231207.0156,237259.1094,228673.5156,235332.6875,242450
2023-07-20T16:00:00.000Z,236242.5938,236306.5938,231079.4531,234122.2656,178642
2023-07-23T16:00:00.000Z,233223.5,234650.1563,230121.1563,231243.3438,172034
2023-07-24T16:00:00.000Z,231711.4531,236044.3438,231469.875,234222.8906,181030
2023-07-25T16:00:00.000Z,234042.7969,235770.6563,231980.6719,233631.5313,169251
2023-07-26T16:00:00.000Z,234092.7656,243326.5156,233295.3125,235710.2344,309540
2023-07-27T16:00:00.000Z,235851,236722.9375,231479.875,233584.4688,167409
2023-07-30T16:00:00.000Z,234014.3906,235629.2344,232170.4688,233149.8594,168215
2023-07-31T16:00:00.000Z,233958.3594,234915.0156,224244.6719,227486.6094,203647
2023-08-01T16:00:00.000Z,226534.6563,228503.1719,225892.9531,227839.3906,128270
2023-08-02T16:00:00.000Z,226439.0313,234528.2188,225143.9844,229898.6406,217694
2023-08-03T16:00:00.000Z,229552.6406,231544.2344,227500.9531,228435.4063,133690
2023-08-06T16:00:00.000Z,227482.0313,229238.2188,224926.8281,228335.9688,125226
2023-08-07T16:00:00.000Z,229080.5,229858.4531,226364.1719,226579.3594,111307
2023-08-08T16:00:00.000Z,224814.9531,226439.7344,223896,226135.3125,120886
2023-08-09T16:00:00.000Z,224971.25,226450.9375,220645.2031,222801.4063,154361
2023-08-10T16:00:00.000Z,223612.2969,224965.0313,221261.7344,221812.5156,114967
2023-08-13T16:00:00.000Z,218388.7188,219852.5938,215250.7969,215250.7969,154619
2023-08-14T16:00:00.000Z,213306.5313,215038.2188,211035.4375,214265.1094,159440
2023-08-15T16:00:00.000Z,211393.7188,213837.8594,210509.4375,210526.5156,134087
2023-08-16T16:00:00.000Z,211007.3125,213259.9375,209127.0469,211383.0313,145413
2023-08-17T16:00:00.000Z,212539.8906,213694.9531,211493.4063,211626.6875,137989
2023-08-20T16:00:00.000Z,211948.75,215823.0625,211774.0938,215047.2969,153040
2023-08-21T16:00:00.000Z,215725.0781,220301.5,215178.6563,219274.9688,161653
2023-08-22T16:00:00.000Z,219858.0625,220463.9531,217326.6094,217384.2813,118467
2023-08-23T16:00:00.000Z,217604.7969,218787.0938,216555.5156,216647.4375,109827
2023-08-24T16:00:00.000Z,216345.5938,217493.4219,214867.625,215358.75,126416
2023-08-27T16:00:00.000Z,215604.7969,217813.2344,208176.6406,212964.2031,177408
2023-08-28T16:00:00.000Z,212776.5313,213447.1563,210077.8438,211632.6875,110586
2023-08-29T16:00:00.000Z,211486.3281,214660.4063,211486.3281,213866.375,121323
2023-08-30T16:00:00.000Z,213945.9688,216572.8125,213391.0781,216341.9844,132500
2023-08-31T16:00:00.000Z,215873.4844,217479.1563,213230.625,216826.4063,150754
2023-09-03T16:00:00.000Z,217808.3438,219847.5313,215686.25,217322.4844,166548
2023-09-04T16:00:00.000Z,216770.2656,223720,216476.7813,222003.9844,199489
2023-09-05T16:00:00.000Z,222505.1094,223452.6406,221006.9219,222958.7031,124251
2023-09-06T16:00:00.000Z,222482.625,223829.5,219687.0625,221079.8281,167928
2023-09-07T16:00:00.000Z,220509.2188,222300.1875,217997.9688,218539.1406,143034
2023-09-10T16:00:00.000Z,218341,218631.1563,213828.1719,217684.0469,151705
2023-09-11T16:00:00.000Z,217956.5938,219554.5156,215571.2969,215725.9531,137707
2023-09-12T16:00:00.000Z,215538.6563,216447.0469,213327.6875,213762.7188,119738
2023-09-13T16:00:00.000Z,214319.7656,218481.6406,214319.4688,218233.8906,141255
2023-09-14T16:00:00.000Z,218357.7656,219708.7813,217408.0469,218999.6406,109729
2023-09-17T16:00:00.000Z,218470,223378.8594,216692.6094,222542.9844,170629
2023-09-18T16:00:00.000Z,221596.375,222599.2031,217857.875,218504.6563,133022
2023-09-19T16:00:00.000Z,219316.3281,224245.8906,219316.3281,221309.6094,167914
2023-09-20T16:00:00.000Z,221732.5,222724.75,218285.2656,221278.7813,168223
2023-09-21T16:00:00.000Z,218865.9063,219306.7188,216262.9219,218778.125,185102
2023-09-24T16:00:00.000Z,219416.6875,225323.7656,219394.1094,222615.25,274307
2023-09-25T16:00:00.000Z,222998.7344,222998.7344,219127.9531,220399.6406,136416
2023-09-26T16:00:00.000Z,220697.9219,222861.7969,217416.25,217820.8125,148506
2023-09-27T16:00:00.000Z,218688.0313,219068.8594,216719.7969,217402.5938,86210
2023-10-08T16:00:00.000Z,213558.9219,215946.8125,211776.8906,214080.0156,79715
2023-10-09T16:00:00.000Z,214468.3594,215564.9531,209519.4219,209793.9844,98967
2023-10-10T16:00:00.000Z,209966.0313,212927.5313,209212.0938,211803.75,92721
2023-10-11T16:00:00.000Z,211189.2031,213671.9531,210747.6094,213437.5156,82274
2023-10-12T16:00:00.000Z,213388.4844,214604.375,212087.6563,213820.9844,92169
2023-10-15T16:00:00.000Z,214016.6563,218930.5938,213954.4844,218296.75,111855
2023-10-16T16:00:00.000Z,217697.625,218626.8906,216640.5469,217672.2188,86254
2023-10-17T16:00:00.000Z,216580.3125,219947.7344,215575.5,218017.5781,90680
2023-10-18T16:00:00.000Z,218470.75,219205.0938,216753.6719,217460.0625,81543
2023-10-19T16:00:00.000Z,216650.6094,218362.6563,215346.4219,215377.9219,99272
2023-10-22T16:00:00.000Z,214467.3438,216200.7813,213876.7656,214348.5781,88814
2023-10-23T16:00:00.000Z,213718.7031,214913.3438,212972.8594,214441.0156,95793
2023-10-24T16:00:00.000Z,214983.875,217400.9531,214983.875,215622.6563,99318
2023-10-25T16:00:00.000Z,215399.5313,216192.9063,213160.3438,214172.7656,78725
2023-10-26T16:00:00.000Z,213836.1875,213836.1875,210053.7031,212680.5313,102930
2023-10-29T16:00:00.000Z,213958.1094,215411.4375,213501.7656,215327.4531,84442
2023-10-30T16:00:00.000Z,215757.4844,215844.7813,210391.1094,210975.8594,95649
2023-10-31T16:00:00.000Z,210963.3906,210996.0781,203797.2031,203950.8906,153956
2023-11-01T16:00:00.000Z,204916.0156,206924.5781,203912.7188,205639.7344,106509
2023-11-02T16:00:00.000Z,206209.3281,208332.6563,204125.8594,207642.7969,120956
2023-11-05T16:00:00.000Z,207835.9531,208683.8281,206516.8594,207039.0156,91354
2023-11-06T16:00:00.000Z,207966.2813,209820.5938,207544.8906,208248.4219,87551
2023-11-07T16:00:00.000Z,207528.1563,212291.4219,206997.9063,210464.2344,122557
2023-11-08T16:00:00.000Z,210158.9219,211463.3125,208888.8594,210295.8438,89294
2023-11-09T16:00:00.000Z,209597.8906,211317.4063,208481.9531,209212.3125,100809
2023-11-12T16:00:00.000Z,209452.1719,216941.0156,207421.3906,215384.0625,199216
2023-11-13T16:00:00.000Z,214547.0469,216257.1875,211550.2344,212780.6563,126077
2023-11-14T16:00:00.000Z,213050.1875,214537.9844,212358.3594,213734.6719,82656
2023-11-15T16:00:00.000Z,214320.1094,214676.9063,212717.4219,214020.1406,77460
2023-11-16T16:00:00.000Z,214097.9844,214514.0156,211913.7344,213799.6875,101265
2023-11-19T16:00:00.000Z,213175.8594,213379.3281,208153.5156,208859.2031,133090
2023-11-20T16:00:00.000Z,209169.8906,209686.8906,206805.8906,207290.25,98123
2023-11-21T16:00:00.000Z,207173.0781,209084.7344,205132.1719,206179.3906,119520
2023-11-22T16:00:00.000Z,206933.5469,207270.8594,200593.7031,201783.1719,169816
2023-11-23T16:00:00.000Z,202565.0625,203769.8906,199466.5781,199727,156104
2023-11-26T16:00:00.000Z,200732.375,203732.8125,197861.5938,198781.5313,153317
2023-11-27T16:00:00.000Z,199350.9531,199513.1719,191241.7813,195754.5781,221076
2023-11-28T16:00:00.000Z,195038.75,197397.5625,194198.2656,195747.5469,144473
2023-11-29T16:00:00.000Z,195908.1406,197237.9688,194634.9531,195611.2813,105491
2023-11-30T16:00:00.000Z,193937.875,199399.6094,192403.4844,198221.2656,147492
2023-12-03T16:00:00.000Z,198821.9688,201940.5313,198221.1406,199546.6406,134245
2023-12-04T16:00:00.000Z,199802.5156,203091.0313,198104.2031,198763.8125,123458
2023-12-05T16:00:00.000Z,199556.1094,206442.4063,197810.1563,206142.2188,153857
2023-12-06T16:00:00.000Z,206214.2969,208742.1563,205483.1719,208629.9375,131135
2023-12-07T16:00:00.000Z,207820.5469,209925.5313,205566.2344,207136.8906,125566
2023-12-10T16:00:00.000Z,208018.8484,208365.4289,205201.9374,206471.973,111591
2023-12-11T16:00:00.000Z,205871.1435,208421.7711,204659.9594,206969.6527,102649
2023-12-12T16:00:00.000Z,208090.6976,210057.141,205805.111,206620.2487,104893
2023-12-13T16:00:00.000Z,207587.8741,209848.3699,206988.4497,209028.0324,99611
2023-12-14T16:00:00.000Z,211381.0439,211819.2484,207338.5449,207766.0423,106135
2023-12-17T16:00:00.000Z,208859.6094,208939.6667,206549.643,208506.2785,90018
2023-12-18T16:00:00.000Z,207576.2662,209928.7516,205590.5641,209878.8243,98405
2023-12-19T16:00:00.000Z,210035.9651,210817.5222,207563.1316,207903.6364,88214
2023-12-20T16:00:00.000Z,208150.827,209862.6206,207080.6641,209128.1353,105821
2023-12-21T16:00:00.000Z,208287.1016,213498.4958,207706.5185,209948.4092,132519
2023-12-24T16:00:00.000Z,209156.041,209778.1836,206667.2255,209352.0432,113703
2023-12-25T16:00:00.000Z,208303.9242,208930.8786,207527.0806,208727.2252,74551
2023-12-26T16:00:00.000Z,209450.3901,214512.9097,208730.0279,213852.6366,133134
2023-12-27T16:00:00.000Z,213852.8368,216588.2351,212608.6086,212974.4136,121053
2023-12-28T16:00:00.000Z,212624.5538,212778.1502,210662.0212,212089.4989,86859
