time,open,high,low,close,volume
2011-01-26T14:30:00.000Z,125.275,126.275,124.975,126.125,2940
2011-01-27T14:30:00.000Z,126.1,126.675,125.25,125.6,3078
2011-01-28T14:30:00.000Z,125.625,126.775,125.375,126.225,2579
2011-01-31T14:30:00.000Z,126.6,128.575,126.6,128,3112
2011-02-01T14:30:00.000Z,128,128.125,127.05,127.475,2258
2011-02-02T14:30:00.000Z,127.65,128.35,124.65,125.8,4173
2011-02-03T14:30:00.000Z,126,126,124.6,125.5,3356
2011-02-04T14:30:00.000Z,125.525,125.6,124.775,125,2524
2011-02-07T14:30:00.000Z,124.75,125.775,124.2,124.575,2835
2011-02-08T14:30:00.000Z,124.3,125.15,124,124.25,3917
2011-02-09T14:30:00.000Z,124.425,124.975,122.9,122.925,5740
2011-02-10T14:30:00.000Z,123.1,125.4,122.775,124.825,5410
2011-02-11T14:30:00.000Z,125.025,126.25,124.45,126.025,3600
2011-02-14T14:30:00.000Z,126.25,128.525,126.15,128.375,3419
2011-02-15T14:30:00.000Z,128.55,129.5,128.1,128.525,2413
2011-02-16T14:30:00.000Z,128.975,130.625,128.875,130.475,2441
2011-02-17T14:30:00.000Z,130.475,131.1,129.75,130.6,2424
2011-02-18T14:30:00.000Z,130.8,131,129.45,130.075,1586
2011-02-22T14:30:00.000Z,130.075,130.6,128.925,129.2,3200
2011-02-23T14:30:00.000Z,129.65,130.425,127.625,128.85,2524
2011-02-24T14:30:00.000Z,129.1,129.75,128.525,129.4,2031
2011-02-25T14:30:00.000Z,129.575,130.1,129.2,129.825,2269
2011-02-28T14:30:00.000Z,130,131.9,129.225,130.075,3495
2011-03-01T14:30:00.000Z,130.15,130.35,128.125,128.9,3598
2011-03-02T14:30:00.000Z,128.5,130.125,128,129.375,2161
2011-03-03T14:30:00.000Z,129.75,130.75,129.15,129.975,2545
2011-03-04T14:30:00.000Z,130.4,130.825,129.05,129.95,2285
2011-03-07T14:30:00.000Z,129.75,130.15,129.725,129.8,1092
2011-03-08T14:30:00.000Z,129.9,131.4,129.85,131.175,1480
2011-03-09T14:30:00.000Z,131.5,133,131.3,132.2,2276
2011-03-10T14:30:00.000Z,132.5,132.85,131.3,131.8,1296
2011-03-11T14:30:00.000Z,131.85,132.175,130.65,131.55,1207
2011-03-14T13:30:00.000Z,131.55,131.625,130.775,130.9,1223
2011-03-15T13:30:00.000Z,130.825,130.825,127.9,127.9,2113
2011-03-16T13:30:00.000Z,127.775,128.525,126.075,126.5,1885
2011-03-17T13:30:00.000Z,126.65,129.025,126.65,127.7,1205
2011-03-18T13:30:00.000Z,127.8,128.775,127.55,128,423
2011-03-21T13:30:00.000Z,128.725,129.9,128.725,129.3,450
2011-03-22T13:30:00.000Z,129.65,130,128.95,130,373
2011-03-23T13:30:00.000Z,130.2,130.225,128.95,129.95,728
2011-03-24T13:30:00.000Z,130.25,130.8,130.25,130.8,459
2011-03-25T13:30:00.000Z,130.7,132.4,130.05,131.9,893
2011-03-28T13:30:00.000Z,132.075,132.475,131.85,132.3,474
2011-03-29T13:30:00.000Z,134.925,136.475,134.65,135.7,658
2011-03-30T13:30:00.000Z,136.35,137.725,135.65,137.475,857
2011-03-31T13:30:00.000Z,137,138,136.525,137.8,918
2011-04-01T13:30:00.000Z,137.425,138.525,137.25,138.1,712
2011-04-04T13:30:00.000Z,138.25,138.325,137.275,137.75,421
2011-04-05T13:30:00.000Z,137.5,137.9,136.35,137.1,834
2011-04-06T13:30:00.000Z,136.525,137.175,135.425,135.7,717
2011-04-07T13:30:00.000Z,135.65,135.9,134.5,135.125,715
2011-04-08T13:30:00.000Z,134.9,135.775,134.6,134.6,467
2011-04-11T13:30:00.000Z,134.825,134.85,133.8,133.875,335
2011-04-12T13:30:00.000Z,134.025,134.025,131.575,131.8,679
2011-04-13T13:30:00.000Z,131.95,132.6,131.525,131.975,733
2011-04-14T13:30:00.000Z,132.3,133.425,132.025,133.1,1130
2011-04-15T13:30:00.000Z,132.9,133.15,132,132.15,510
2011-04-18T13:30:00.000Z,132.5,132.8,132.2,132.625,619
2011-04-19T13:30:00.000Z,133.425,134.775,133.35,134.475,1552
2011-04-20T13:30:00.000Z,134.75,135.5,133,134.3,1931
2011-04-21T13:30:00.000Z,134,134.375,131.775,132.975,1243
2011-04-25T13:30:00.000Z,132.7,132.7,129.975,129.975,1965
2011-04-26T13:30:00.000Z,129.6,130.25,128.7,128.75,2064
2011-04-27T13:30:00.000Z,129.075,130.85,129.075,130.4,1589
2011-04-28T13:30:00.000Z,130.75,131.8,130,131.375,1620
2011-04-29T13:30:00.000Z,131.375,132.425,131.35,131.9,1275
2011-05-02T13:30:00.000Z,131.85,132.375,130.7,131.05,1100
2011-05-03T13:30:00.000Z,131.05,131.05,129.275,129.325,968
2011-05-04T13:30:00.000Z,129.5,130.225,128.775,129.275,1002
2011-05-05T13:30:00.000Z,129.175,129.175,127.875,128.625,1182
2011-05-06T13:30:00.000Z,128.6,129.725,127.325,129.125,1338
2011-05-09T13:30:00.000Z,129.35,129.475,128,128,898
2011-05-10T13:30:00.000Z,128.25,128.75,128.05,128.075,808
2011-05-11T13:30:00.000Z,128.825,129.675,128.6,128.825,1388
2011-05-12T13:30:00.000Z,129.175,129.775,128,129.525,1529
2011-05-13T13:30:00.000Z,129.225,129.9,128.375,128.7,725
2011-05-16T13:30:00.000Z,128.725,129.5,127.85,127.95,812
2011-05-17T13:30:00.000Z,128.05,128.15,126.825,127.65,1163
2011-05-18T13:30:00.000Z,127.45,127.775,126.6,127.1,873
2011-05-19T13:30:00.000Z,126.7,126.85,125.325,125.5,1044
2011-05-20T13:30:00.000Z,125.525,125.975,124.9,125.45,925
2011-05-23T13:30:00.000Z,125.35,125.5,123.55,123.8,558
2011-05-24T13:30:00.000Z,121.75,123.9,120.45,122.775,4710
2011-05-25T13:30:00.000Z,123.6,125.25,123.025,124.525,3148
2011-05-26T13:30:00.000Z,124.975,125.3,123,123.025,2423
2011-05-27T13:30:00.000Z,123.3,123.775,122.5,122.725,1695
2011-05-31T13:30:00.000Z,123.2,125.075,123.2,124.375,2828
2011-06-01T13:30:00.000Z,124.325,124.325,121.375,123.875,3524
2011-06-02T13:30:00.000Z,122.75,124.5,122.75,123.875,1826
2011-06-03T13:30:00.000Z,123.95,124.925,123,124.25,2221
2011-06-06T13:30:00.000Z,124.425,126.4,123.85,124.1,2358
2011-06-07T13:30:00.000Z,124.4,125.275,124.125,125.125,1493
2011-06-08T13:30:00.000Z,125.15,125.5,124.025,124.8,1988
2011-06-09T13:30:00.000Z,125.35,125.9,123.75,125.325,3160
2011-06-10T13:30:00.000Z,125.375,125.7,123.575,123.625,2831
2011-06-13T13:30:00.000Z,123.275,124.9,123.275,124.775,1650
2011-06-14T13:30:00.000Z,124.8,127.6,124.65,127.25,4343
2011-06-15T13:30:00.000Z,127.575,128.5,126.5,126.975,3038
2011-06-16T13:30:00.000Z,127.125,129.975,127.1,129.975,2032
2011-06-17T13:30:00.000Z,131,132.975,130.65,132.65,4640
2011-06-20T13:30:00.000Z,134,135.65,133.7,135.5,3383
2011-06-21T13:30:00.000Z,136.175,138.425,134.975,137.825,4193
2011-06-22T13:30:00.000Z,137.575,138.85,136.475,138,3591
2011-06-23T13:30:00.000Z,137.3,138.2,135.25,137.85,3628
2011-06-24T13:30:00.000Z,137.65,139,136.6,138.6,2909
2011-06-27T13:30:00.000Z,138.625,138.8,136.775,137.225,2607
2011-06-28T13:30:00.000Z,137.025,138.35,136.925,137.875,3064
2011-06-29T13:30:00.000Z,138.1,138.1,136.6,137.775,2294
2011-06-30T13:30:00.000Z,137.675,139.675,137.475,138.075,3916
2011-07-01T13:30:00.000Z,138,140.925,137.275,140.475,4443
2011-07-05T13:30:00.000Z,140.525,141.9,139.775,141.275,3773
2011-07-06T13:30:00.000Z,141.05,141.6,140.55,140.95,3351
2011-07-07T13:30:00.000Z,141.2,143.95,140.9,143.9,3840
2011-07-08T13:30:00.000Z,143.85,144.9,143.3,143.6,4142
2011-07-11T13:30:00.000Z,142.95,144.125,142.025,143.35,4236
2011-07-12T13:30:00.000Z,143.5,143.5,141.9,142.025,3322
2011-07-13T13:30:00.000Z,142.075,142.65,139.35,139.9,4001
2011-07-14T13:30:00.000Z,139.8,139.975,136.9,136.925,4557
2011-07-15T13:30:00.000Z,136.75,137.075,134.775,135.7,3872
2011-07-18T13:30:00.000Z,135.775,136.525,134.1,134.575,2544
2011-07-19T13:30:00.000Z,134.75,137.575,134.75,135.575,2928
2011-07-20T13:30:00.000Z,136.2,136.45,134.6,134.925,2077
2011-07-21T13:30:00.000Z,135.275,136.45,134.55,135.2,2408
2011-07-22T13:30:00.000Z,135.325,137.55,135.325,136.4,2339
2011-07-25T13:30:00.000Z,135.5,136.55,134.9,136.05,2084
2011-07-26T13:30:00.000Z,136.3,137.4,135.425,136.1,2598
2011-07-27T13:30:00.000Z,136.4,136.4,134.775,135.375,2230
2011-07-28T13:30:00.000Z,134.8,136.5,134.4,135.8,2484
2011-07-29T13:30:00.000Z,136,138,135.25,137.05,2534
2011-08-01T13:30:00.000Z,137.25,138.725,136.7,136.825,3083
2011-08-02T13:30:00.000Z,137.1,137.55,134.65,135,3384
2011-08-03T13:30:00.000Z,135.075,135.35,133.1,134.35,2371
2011-08-04T13:30:00.000Z,134.275,134.7,132.75,133.15,2013
2011-08-05T13:30:00.000Z,132.775,134.1,131.875,133.7,1453
2011-08-08T13:30:00.000Z,133.15,133.675,132.125,132.575,1152
2011-08-09T13:30:00.000Z,132.375,134.05,131.25,133.225,1310
2011-08-10T13:30:00.000Z,134.175,134.55,133.15,133.3,1373
2011-08-11T13:30:00.000Z,133.55,135.6,133,134.6,1052
2011-08-12T13:30:00.000Z,135.15,136.575,135.15,135.85,763
2011-08-15T13:30:00.000Z,136.225,136.75,134.8,135.65,831
2011-08-16T13:30:00.000Z,135.975,136.05,135.125,135.575,469
2011-08-17T13:30:00.000Z,135.625,135.65,133.9,134.5,1314
2011-08-18T13:30:00.000Z,134.25,134.275,132.625,132.775,767
2011-08-19T13:30:00.000Z,132.7,133.7,132.5,133.3,771
2011-08-22T13:30:00.000Z,133.8,133.9,133.4,133.475,605
2011-08-23T13:30:00.000Z,134.2,134.4,133.6,133.625,939
2011-08-24T13:30:00.000Z,133.85,133.95,131.225,131.55,1834
2011-08-25T13:30:00.000Z,131.325,132.05,130.275,131.625,1620
2011-08-26T13:30:00.000Z,132.425,133.55,131.25,132.6,1508
2011-08-29T13:30:00.000Z,133.175,133.625,132,132.325,675
2011-08-30T13:30:00.000Z,132.45,133,132.1,132.625,644
2011-08-31T13:30:00.000Z,132.475,132.65,131.85,132.45,595
2011-09-01T13:30:00.000Z,132.25,133.05,131.625,132.75,576
2011-09-02T13:30:00.000Z,132.85,133.55,132.15,132.65,613
2011-09-06T13:30:00.000Z,132.35,133.8,132.125,133.8,640
2011-09-07T13:30:00.000Z,133.85,134.2,133.65,133.925,1208
2011-09-08T13:30:00.000Z,134.2,134.65,132.85,133.95,1193
2011-09-09T13:30:00.000Z,134.55,134.9,133.2,133.225,479
2011-09-12T13:30:00.000Z,133.35,134.325,133,133.4,946
2011-09-13T13:30:00.000Z,133.7,135.05,133.55,134.875,1219
2011-09-14T13:30:00.000Z,134.925,137.05,134.9,136.7,1251
2011-09-15T13:30:00.000Z,136.425,137.275,135.475,135.6,1035
2011-09-16T13:30:00.000Z,135.625,136,134.55,135.3,648
2011-09-19T13:30:00.000Z,134.55,134.75,133.875,134.5,558
2011-09-20T13:30:00.000Z,134.275,134.75,134.15,134.35,965
2011-09-21T13:30:00.000Z,134.35,135.025,133.35,133.95,1073
2011-09-22T13:30:00.000Z,133.35,133.475,131.85,132.05,1650
2011-09-23T13:30:00.000Z,131.9,132.325,131.5,132.1,469
2011-09-26T13:30:00.000Z,132.5,133.15,132.4,132.9,887
2011-09-27T13:30:00.000Z,138.2,140.6,138.025,139.525,3651
2011-09-28T13:30:00.000Z,139.3,140.225,139.075,139.625,2279
2011-09-29T13:30:00.000Z,139.225,140.625,139.025,139.4,2300
2011-09-30T13:30:00.000Z,139.825,142.025,138.625,140.525,2664
2011-10-03T13:30:00.000Z,141.25,142.3,140.2,141,1513
2011-10-04T13:30:00.000Z,141.325,141.575,138.6,138.9,1304
2011-10-05T13:30:00.000Z,139.975,140.025,138.975,139.35,700
2011-10-06T13:30:00.000Z,139.45,139.45,138.65,139.1,953
2011-10-07T13:30:00.000Z,139.1,140.15,138.875,139.625,1314
2011-10-10T13:30:00.000Z,139.9,140.5,138.9,139,1081
2011-10-11T13:30:00.000Z,139.5,139.6,138.25,138.475,1078
2011-10-12T13:30:00.000Z,139,139,138.2,138.225,862
2011-10-13T13:30:00.000Z,138.2,139.25,137.5,138.7,1288
2011-10-14T13:30:00.000Z,139.175,140.1,138.6,139.9,777
2011-10-17T13:30:00.000Z,139.9,140.475,139.5,140.15,409
2011-10-18T13:30:00.000Z,139.925,140.275,139,139.75,519
2011-10-19T13:30:00.000Z,139.75,140.05,139.025,139.2,340
2011-10-20T13:30:00.000Z,139.025,139.5,138.1,139.275,532
2011-10-21T13:30:00.000Z,139.3,139.575,138.8,139.4,653
2011-10-24T13:30:00.000Z,139.675,139.95,139.375,139.85,320
2011-10-25T13:30:00.000Z,142.725,142.975,141.725,141.8,1486
2011-10-26T13:30:00.000Z,141.925,143.075,141.5,141.7,2437
2011-10-27T13:30:00.000Z,141.75,142.7,141.275,141.575,2118
2011-10-28T13:30:00.000Z,141.7,142.55,140.75,141.1,1984
2011-10-31T13:30:00.000Z,141.025,141.1,139.75,140.05,1836
2011-11-01T13:30:00.000Z,140,142.85,139.25,142.85,1769
2011-11-02T13:30:00.000Z,142.45,142.775,141.65,142.3,642
2011-11-03T13:30:00.000Z,142.225,142.575,141.8,142.05,1387
2011-11-04T13:30:00.000Z,141.675,143.45,141.675,142.575,1259
2011-11-07T14:30:00.000Z,142.575,143.125,142.025,142.025,997
2011-11-08T14:30:00.000Z,142.275,142.65,141.5,141.55,1085
2011-11-09T14:30:00.000Z,141.55,142.2,141.25,141.55,600
2011-11-10T14:30:00.000Z,142.075,143.5,141.9,142.075,733
2011-11-11T14:30:00.000Z,142.45,142.875,142.025,142.15,868
2011-11-14T14:30:00.000Z,142.75,142.825,142.3,142.525,793
2011-11-15T14:30:00.000Z,145.9,148.5,145.9,148.375,2761
2011-11-16T14:30:00.000Z,148.1,149.025,147.375,148.875,2099
2011-11-17T14:30:00.000Z,148.675,149.95,147.3,149.575,3521
2011-11-18T14:30:00.000Z,149.75,149.85,147.325,147.425,3643
2011-11-21T14:30:00.000Z,147.425,147.625,145.525,146.175,3444
2011-11-22T14:30:00.000Z,146.175,147.45,146,147.025,1529
2011-11-23T14:30:00.000Z,147.05,147.125,145.625,145.8,3109
2011-11-25T14:30:00.000Z,145.75,146.075,144.625,144.625,2423
2011-11-28T14:30:00.000Z,145.2,145.7,144.65,144.725,3214
2011-11-29T14:30:00.000Z,145.025,145.375,144.55,144.825,2059
2011-11-30T14:30:00.000Z,145.2,146.775,144.575,146.025,2210
2011-12-01T14:30:00.000Z,146.45,146.675,145.3,146.1,2150
2011-12-02T14:30:00.000Z,146.125,147.375,146.125,147.075,2595
2011-12-05T14:30:00.000Z,146.7,147.2,144.225,144.3,3414
2011-12-06T14:30:00.000Z,144.6,144.8,141.8,142.125,5816
2011-12-07T14:30:00.000Z,142.325,143.075,141.275,142.725,3900
2011-12-08T14:30:00.000Z,143,143.725,142.35,142.475,2188
2011-12-09T14:30:00.000Z,142.525,142.675,141.525,142.1,2640
2011-12-12T14:30:00.000Z,141.775,143.15,140.9,143,2880
2011-12-13T14:30:00.000Z,143.125,144.55,143,143.9,3147
2011-12-14T14:30:00.000Z,143.6,144.05,142.675,143.75,1763
2011-12-15T14:30:00.000Z,143.725,144.25,143.15,143.975,1141
2011-12-16T14:30:00.000Z,143.875,143.875,142.5,143.05,1470
2011-12-19T14:30:00.000Z,142.9,145.1,142.725,144.675,1660
2011-12-20T14:30:00.000Z,144.325,144.875,143.55,144.325,1095
2011-12-21T14:30:00.000Z,144.3,145.575,143.6,144.375,1255
2011-12-22T14:30:00.000Z,144.45,147.275,144.45,146.875,1302
2011-12-23T14:30:00.000Z,147.175,147.75,146.975,147.625,1326
2011-12-27T14:30:00.000Z,147.45,147.575,146.375,147.15,1514
2011-12-28T14:30:00.000Z,146.975,147.725,146.525,147.2,1567
2011-12-29T14:30:00.000Z,147.3,147.65,146.7,146.875,1303
2011-12-30T14:30:00.000Z,147.1,147.225,146.325,146.35,995
2012-01-03T14:30:00.000Z,146.85,147.675,146.55,146.675,961
2012-01-04T14:30:00.000Z,146.7,147.8,146.65,147.75,842
2012-01-05T14:30:00.000Z,147.75,148.95,147.5,147.875,1862
2012-01-06T14:30:00.000Z,148.175,148.65,147.05,147.3,1199
2012-01-09T14:30:00.000Z,147.4,148.4,147,147.8,918
2012-01-10T14:30:00.000Z,148.35,149.075,148.3,148.85,1194
2012-01-11T14:30:00.000Z,149.15,149.225,148.425,148.675,710
2012-01-12T14:30:00.000Z,148.75,149.8,148.025,149.475,1392
2012-01-13T14:30:00.000Z,149.45,150.675,149.4,150.575,904
2012-01-17T14:30:00.000Z,150.725,151.275,150.55,150.65,689
2012-01-18T14:30:00.000Z,150.75,151.3,150.575,150.925,490
2012-01-19T14:30:00.000Z,151.1,151.85,151.1,151.7,417
2012-01-20T14:30:00.000Z,151.725,152.4,151.625,151.625,749
2012-01-23T14:30:00.000Z,152,152,151.5,151.9,525
2012-01-24T14:30:00.000Z,153.7,155.1,153.625,154.875,2402
2012-01-25T14:30:00.000Z,154.65,155.525,154.25,155,2704
2012-01-26T14:30:00.000Z,154.8,154.95,153.575,153.625,3115
2012-01-27T14:30:00.000Z,153.8,154.9,153.425,154.6,1639
2012-01-30T14:30:00.000Z,154.55,154.825,153.525,154.35,2418
2012-01-31T14:30:00.000Z,154.375,155.8,154.35,155.525,2855
2012-02-01T14:30:00.000Z,155.5,156.2,154.7,155.85,3232
2012-02-02T14:30:00.000Z,155.725,155.725,154.975,155.375,2565
2012-02-03T14:30:00.000Z,155.325,155.775,154.2,154.45,3075
2012-02-06T14:30:00.000Z,153.7,154.575,153.575,154.125,2802
2012-02-07T14:30:00.000Z,154.2,155.4,154.05,155,3842
2012-02-08T14:30:00.000Z,155.175,155.725,154.55,155.275,3275
2012-02-09T14:30:00.000Z,155.225,155.95,154.6,155.15,2398
2012-02-10T14:30:00.000Z,155.15,155.3,153.25,153.625,3756
2012-02-13T14:30:00.000Z,154.05,154.825,153.875,154.725,2504
2012-02-14T14:30:00.000Z,154.45,156.8,154.4,156.25,3536
2012-02-15T14:30:00.000Z,156.375,157.35,155.65,156.625,3245
2012-02-16T14:30:00.000Z,156.45,157.55,156.425,156.825,2291
2012-02-17T14:30:00.000Z,157,159.05,156.975,158.425,3374
2012-02-21T14:30:00.000Z,158.4,158.825,158.175,158.6,1795
2012-02-22T14:30:00.000Z,158.55,158.75,158.15,158.425,1947
2012-02-23T14:30:00.000Z,158.2,158.625,157.35,157.65,1914
2012-02-24T14:30:00.000Z,157.65,158.175,157.225,157.675,2244
2012-02-27T14:30:00.000Z,157.8,157.8,156.275,156.45,3593
2012-02-28T14:30:00.000Z,156.475,156.8,155.55,155.75,2665
2012-02-29T14:30:00.000Z,156.6,157.45,155.95,157.225,3088
2012-03-01T14:30:00.000Z,158,159.25,157,158.575,3090
2012-03-02T14:30:00.000Z,158.85,159,157.8,158.1,4698
2012-03-05T14:30:00.000Z,158.275,158.275,156.025,156.45,3377
2012-03-06T14:30:00.000Z,156.075,156.1,154,154.15,2866
2012-03-07T14:30:00.000Z,154.775,155,152.675,153.9,2342
2012-03-08T14:30:00.000Z,154.05,155.2,153.85,154.975,941
2012-03-09T14:30:00.000Z,154.625,154.95,153.75,153.925,1225
2012-03-12T13:30:00.000Z,154.025,154.75,152.35,154.35,1775
2012-03-13T13:30:00.000Z,154.5,155.9,154.275,155.525,1188
2012-03-14T13:30:00.000Z,155.65,155.75,154.95,155.2,908
2012-03-15T13:30:00.000Z,155.175,155.5,154.25,154.375,1143
2012-03-16T13:30:00.000Z,154.7,154.775,152.75,153.4,1121
2012-03-19T13:30:00.000Z,153.1,153.7,152.5,152.95,737
2012-03-20T13:30:00.000Z,152.75,153,151.875,152.725,859
2012-03-21T13:30:00.000Z,152.7,153.775,152.5,153.3,685
2012-03-22T13:30:00.000Z,153.425,153.95,153.1,153.45,491
2012-03-23T13:30:00.000Z,153.475,153.475,152.925,153.3,1335
2012-03-26T13:30:00.000Z,153.45,153.675,153.225,153.65,894
2012-03-27T13:30:00.000Z,153.025,154.8,152.825,154.025,1564
2012-03-28T13:30:00.000Z,154.4,154.4,152.55,152.975,1951
2012-03-29T13:30:00.000Z,153.05,153.85,151.125,151.275,3523
2012-03-30T13:30:00.000Z,151.8,152.2,148.725,148.825,2401
2012-04-02T13:30:00.000Z,149.55,150.35,147.575,149.525,2199
2012-04-03T13:30:00.000Z,149.925,150.525,148.95,149.25,2078
2012-04-04T13:30:00.000Z,149.175,149.8,147.1,148.675,2053
2012-04-05T13:30:00.000Z,148.775,149.1,148.3,148.725,1497
2012-04-09T13:30:00.000Z,148.975,150.025,148.15,148.15,1315
2012-04-10T13:30:00.000Z,148.775,149,146.65,147.075,2125
2012-04-11T13:30:00.000Z,146.7,149.5,146.05,148.6,1787
2012-04-12T13:30:00.000Z,149.55,151.575,149.375,151.1,1422
2012-04-13T13:30:00.000Z,151.5,151.825,150.525,150.525,632
2012-04-16T13:30:00.000Z,150.825,151.4,150.125,150.35,706
2012-04-17T13:30:00.000Z,150.625,151.95,150.45,151.35,805
2012-04-18T13:30:00.000Z,151.7,151.75,150.7,151.4,1149
2012-04-19T13:30:00.000Z,151.35,151.35,150.425,150.875,914
2012-04-20T13:30:00.000Z,151.225,151.55,150.05,150.125,902
2012-04-23T13:30:00.000Z,150.025,150.075,149.125,149.425,1125
2012-04-24T13:30:00.000Z,150.8,151.35,147.85,147.85,2825
2012-04-25T13:30:00.000Z,148.5,149.45,147.825,148.6,2250
2012-04-26T13:30:00.000Z,149.05,149.825,148.3,148.575,2780
2012-04-27T13:30:00.000Z,148.325,148.975,147.5,148.775,1794
2012-04-30T13:30:00.000Z,148.775,150.55,148.25,149.825,3275
2012-05-01T13:30:00.000Z,149.875,150.8,149.55,150.175,2395
2012-05-02T13:30:00.000Z,150.175,150.65,149.6,149.975,1950
2012-05-03T13:30:00.000Z,149.625,152.625,149.525,152.625,3493
2012-05-04T13:30:00.000Z,152.4,152.7,151.8,152.55,1679
2012-05-07T13:30:00.000Z,152.55,153.175,152.025,152.775,2042
2012-05-08T13:30:00.000Z,152.925,152.975,151.25,151.375,2757
2012-05-09T13:30:00.000Z,151.625,151.825,150.475,150.65,2764
2012-05-10T13:30:00.000Z,150.875,151.1,150.35,150.35,2167
2012-05-11T13:30:00.000Z,150.4,150.6,149.55,149.7,1239
2012-05-14T13:30:00.000Z,149.25,149.775,149.025,149.425,1230
2012-05-15T13:30:00.000Z,149.4,149.875,148.85,149.425,798
2012-05-16T13:30:00.000Z,149.5,150.075,149.25,149.85,1248
2012-05-17T13:30:00.000Z,149.975,150.65,149.975,150.625,574
2012-05-18T13:30:00.000Z,150.225,151.6,150.2,151.3,835
2012-05-21T13:30:00.000Z,152,152.225,151.5,151.875,1214
2012-05-22T13:30:00.000Z,159.15,160.65,158.975,160.125,3308
2012-05-23T13:30:00.000Z,160.05,160.325,158.3,158.475,2878
2012-05-24T13:30:00.000Z,158.525,159.45,158.35,158.85,1600
2012-05-25T13:30:00.000Z,159.3,159.975,158.425,158.5,2293
2012-05-29T13:30:00.000Z,158.775,159.7,157.525,157.575,4132
2012-05-30T13:30:00.000Z,157.7,158.15,154.65,156.075,4113
2012-05-31T13:30:00.000Z,155.75,157.575,155.7,156.8,3790
2012-06-01T13:30:00.000Z,157.225,157.725,155.825,157.375,2739
2012-06-04T13:30:00.000Z,157.5,158.975,156.9,158.475,3069
2012-06-05T13:30:00.000Z,158.975,159.35,158.35,159.175,3195
2012-06-06T13:30:00.000Z,158.825,159.35,157.95,157.95,2735
2012-06-07T13:30:00.000Z,158.425,159.35,157.675,159.1,2589
2012-06-08T13:30:00.000Z,159.125,159.925,158.775,159.375,1883
2012-06-11T13:30:00.000Z,159.375,160.4,159.025,160.25,2746
2012-06-12T13:30:00.000Z,159.85,161.475,159.6,161.15,3313
2012-06-13T13:30:00.000Z,161.25,161.45,158.35,158.35,3703
2012-06-14T13:30:00.000Z,158.575,159.1,156.2,156.2,4670
2012-06-15T13:30:00.000Z,156.825,156.875,155.6,156.025,4172
2012-06-18T13:30:00.000Z,156.025,157.65,155.15,156.125,3628
2012-06-19T13:30:00.000Z,155.8,155.975,153.35,153.6,6158
2012-06-20T13:30:00.000Z,153.75,154.6,152.625,152.75,4809
2012-06-21T13:30:00.000Z,153.075,153.725,152.2,152.65,2950
2012-06-22T13:30:00.000Z,152.775,153.2,151.7,152.8,2678
2012-06-25T13:30:00.000Z,151.5,151.825,149.8,149.8,3870
2012-06-26T13:30:00.000Z,149.3,149.725,147.025,147.7,7528
2012-06-27T13:30:00.000Z,147.95,149.775,145.575,148.85,7603
2012-06-28T13:30:00.000Z,149.2,150.9,147.925,150.45,5242
2012-06-29T13:30:00.000Z,150.55,151.6,149.575,151.45,3632
2012-07-02T13:30:00.000Z,150.8,150.825,149.325,149.65,2741
2012-07-03T13:30:00.000Z,149.5,149.5,147.3,147.4,4617
2012-07-05T13:30:00.000Z,147.35,147.55,145.325,145.95,4449
2012-07-06T13:30:00.000Z,145.9,147.175,145.9,146.525,3085
2012-07-09T13:30:00.000Z,145.1,145.175,143.6,144.275,4551
2012-07-10T13:30:00.000Z,144.4,144.975,143.225,143.35,3335
2012-07-11T13:30:00.000Z,143.5,144.575,141.4,144.225,6635
2012-07-12T13:30:00.000Z,144,144,141.225,141.225,3753
2012-07-13T13:30:00.000Z,141.15,141.175,138.225,139,5360
2012-07-16T13:30:00.000Z,136.625,136.625,136,136,1865
2012-07-17T13:30:00.000Z,134.025,134.95,133,134.2,6674
2012-07-18T13:30:00.000Z,134.275,137.2,133.85,137.2,5028
2012-07-19T13:30:00.000Z,137.275,139.275,134.65,139.1,4782
2012-07-20T13:30:00.000Z,139.225,139.3,136.1,136.1,2577
2012-07-23T13:30:00.000Z,136.325,138.55,134.925,135.65,3048
2012-07-24T13:30:00.000Z,135.75,138.225,135.425,137.675,3044
2012-07-25T13:30:00.000Z,137,137.275,134.675,134.675,2833
2012-07-26T13:30:00.000Z,134.675,136.225,133.65,136,3304
2012-07-27T13:30:00.000Z,135.675,139,134.75,137.75,3193
2012-07-30T13:30:00.000Z,136,138.775,135.775,138.25,4030
2012-07-31T13:30:00.000Z,138.25,139.925,137.75,138.625,2682
2012-08-01T13:30:00.000Z,138.625,140.775,137.875,139.775,2973
2012-08-02T13:30:00.000Z,139.3,140.725,139.275,139.75,2363
2012-08-03T13:30:00.000Z,140.35,141.275,138.725,138.95,2697
2012-08-06T13:30:00.000Z,139.875,140.825,138.4,138.425,1696
2012-08-07T13:30:00.000Z,138.9,139.6,138.3,138.65,787
2012-08-08T13:30:00.000Z,138.7,140.95,138.7,139.775,978
2012-08-09T13:30:00.000Z,140,140.175,139,139.1,719
2012-08-10T13:30:00.000Z,139.05,140.175,138.125,139.475,749
2012-08-13T13:30:00.000Z,140.9,142.45,140.55,141.45,1048
2012-08-14T13:30:00.000Z,141.6,143.025,141.525,142.925,1017
2012-08-15T13:30:00.000Z,142.725,143.025,141.9,142.075,770
2012-08-16T13:30:00.000Z,142.65,142.65,140.225,140.325,1314
2012-08-17T13:30:00.000Z,140.35,141.3,140.175,140.425,554
2012-08-20T13:30:00.000Z,140.6,141.15,140.2,140.55,411
2012-08-21T13:30:00.000Z,140.7,141.1,139.7,139.8,511
2012-08-22T13:30:00.000Z,139.75,140.5,139.5,140.225,357
2012-08-23T13:30:00.000Z,140,141.825,139.95,141.275,697
2012-08-24T13:30:00.000Z,141.15,141.65,140.5,140.5,1048
2012-08-27T13:30:00.000Z,140.5,140.5,140.225,140.275,432
2012-08-28T13:30:00.000Z,143,144.1,142.8,143.6,1258
2012-08-29T13:30:00.000Z,143.35,144.65,142.7,143.7,1075
2012-08-30T13:30:00.000Z,143.975,144.225,143.1,143.3,1199
2012-08-31T13:30:00.000Z,143.5,145.375,143.5,144.6,850
2012-09-04T13:30:00.000Z,144.925,145.35,144.525,145,761
2012-09-05T13:30:00.000Z,144.75,145.725,144.75,145.05,1004
2012-09-06T13:30:00.000Z,145,145.4,144.4,144.625,1294
2012-09-07T13:30:00.000Z,144.525,145.075,143.6,144.3,958
2012-09-10T13:30:00.000Z,144.5,145.05,144,144.95,708
2012-09-11T13:30:00.000Z,144.725,145.45,144.425,144.65,1227
2012-09-12T13:30:00.000Z,144.65,146.075,144.575,144.95,1170
2012-09-13T13:30:00.000Z,145.125,145.55,144.825,145,1119
2012-09-14T13:30:00.000Z,145.025,145.4,144.575,145,910
2012-09-17T13:30:00.000Z,145.4,145.85,144.95,145.325,772
2012-09-18T13:30:00.000Z,145.275,145.675,144.425,145.275,742
2012-09-19T13:30:00.000Z,145,145.05,144.45,144.825,554
2012-09-20T13:30:00.000Z,144.8,144.9,144.1,144.125,659
2012-09-21T13:30:00.000Z,144.5,144.5,143.65,143.8,884
2012-09-24T13:30:00.000Z,143.975,144.025,143.675,143.775,496
2012-09-25T13:30:00.000Z,147.5,147.5,145.075,145.175,4119
2012-09-26T13:30:00.000Z,145.3,146.675,144.25,146.1,2875
2012-09-27T13:30:00.000Z,146.45,146.9,145.4,146.225,1961
2012-09-28T13:30:00.000Z,146.075,146.075,143.225,143.8,3254
2012-10-01T13:30:00.000Z,143.65,144.95,142.975,144.675,1662
2012-10-02T13:30:00.000Z,144.75,145.925,144.525,145.375,1997
2012-10-03T13:30:00.000Z,145.5,146.25,144.8,145.3,1733
2012-10-04T13:30:00.000Z,145.15,145.9,144.1,144.475,1423
2012-10-05T13:30:00.000Z,144.5,145.175,144.375,144.825,925
2012-10-08T13:30:00.000Z,145.075,145.275,144.575,144.825,900
2012-10-09T13:30:00.000Z,144.825,145.125,144.35,144.7,1410
2012-10-10T13:30:00.000Z,145,145.1,144.6,144.725,506
2012-10-11T13:30:00.000Z,144.6,144.7,142.5,142.75,1776
2012-10-12T13:30:00.000Z,142.95,144.1,142.55,143.1,1018
2012-10-15T13:30:00.000Z,143.85,144.525,143.75,144.35,574
2012-10-16T13:30:00.000Z,144.25,146.2,144.25,146.1,1309
2012-10-17T13:30:00.000Z,146.125,147.5,146.05,146.95,1852
2012-10-18T13:30:00.000Z,146.7,147.225,146.525,146.85,1003
2012-10-19T13:30:00.000Z,146.7,146.975,146.025,146.15,727
2012-10-22T13:30:00.000Z,146.175,146.2,145.4,145.675,545
2012-10-23T13:30:00.000Z,147.65,148.25,146.8,147.05,1329
2012-10-24T13:30:00.000Z,147.25,147.725,146.975,147.175,1090
2012-10-25T13:30:00.000Z,147.3,147.45,145.5,146.05,1877
2012-10-26T13:30:00.000Z,146.05,146.05,145.125,145.325,1425
2012-10-29T13:30:00.000Z,145.1,146.125,144.475,145.925,1789
2012-10-30T13:30:00.000Z,146.125,147.925,145.6,147.05,1181
2012-10-31T13:30:00.000Z,146.9,147.1,145.725,146.3,1517
2012-11-01T13:30:00.000Z,146.025,146.5,144.55,144.65,2340
2012-11-02T13:30:00.000Z,145,145.35,144.675,144.9,659
2012-11-05T14:30:00.000Z,144.9,145.1,144.4,144.9,956
2012-11-06T14:30:00.000Z,144.9,145.15,144.55,144.85,680
2012-11-07T14:30:00.000Z,145.05,145.05,143.625,144.2,1812
2012-11-08T14:30:00.000Z,143.925,144.6,143.65,144.5,811
2012-11-09T14:30:00.000Z,144.5,144.9,144,144.2,1330
2012-11-12T14:30:00.000Z,144.2,144.35,143.85,144,706
2012-11-13T14:30:00.000Z,145.8,146.175,144.925,146.15,2038
2012-11-14T14:30:00.000Z,146,146,144.25,144.875,2132
2012-11-15T14:30:00.000Z,144.75,145.25,144.3,145.15,1810
2012-11-16T14:30:00.000Z,145.25,145.675,144.85,145.6,1499
2012-11-19T14:30:00.000Z,145.825,146.6,145.5,146,1977
2012-11-20T14:30:00.000Z,146,146.35,145.35,146.05,926
2012-11-21T14:30:00.000Z,145.925,147.725,145.9,147.375,2068
2012-11-23T14:30:00.000Z,147.5,147.925,147.275,147.875,1446
2012-11-26T14:30:00.000Z,147.8,147.975,146.975,147.35,1988
2012-11-27T14:30:00.000Z,147.075,147.725,146.275,146.925,2528
2012-11-28T14:30:00.000Z,146.475,147.075,145.725,146.075,2292
2012-11-29T14:30:00.000Z,146,147.25,145.9,146.75,2096
2012-11-30T14:30:00.000Z,147,147.125,145.25,145.625,3475
2012-12-03T14:30:00.000Z,145.05,145.775,144.85,145.6,1551
2012-12-04T14:30:00.000Z,145.675,145.875,145.175,145.575,1878
2012-12-05T14:30:00.000Z,145.7,146.725,145.425,146.4,3022
2012-12-06T14:30:00.000Z,146.6,148.575,146.125,148.25,5130
2012-12-07T14:30:00.000Z,148.175,149,147.85,148.775,3478
2012-12-10T14:30:00.000Z,149.1,149.95,148.625,149.775,4255
2012-12-11T14:30:00.000Z,149.5,152.5,149.5,152.075,6175
2012-12-12T14:30:00.000Z,151.95,153.5,151.8,152.75,5399
2012-12-13T14:30:00.000Z,152.3,153.975,152.3,153.125,4746
2012-12-14T14:30:00.000Z,152.575,153.475,152.275,153.075,2852
2012-12-17T14:30:00.000Z,153.375,154.5,153.15,154.25,2349
2012-12-18T14:30:00.000Z,154.35,154.75,152.05,152.2,4805
2012-12-19T14:30:00.000Z,152.3,153.65,152.15,153.475,2714
2012-12-20T14:30:00.000Z,153.425,153.775,151.875,152.275,1974
2012-12-21T14:30:00.000Z,152.575,152.825,151.5,152.15,2082
2012-12-24T14:30:00.000Z,152,152.4,151.5,151.5,750
2012-12-26T14:30:00.000Z,152.075,153.075,151.625,152.075,1735
2012-12-27T14:30:00.000Z,152.45,152.475,150.775,151.275,1568
2012-12-28T14:30:00.000Z,151.575,152.45,151,152.025,1141
2012-12-31T14:30:00.000Z,152.025,153.025,151.15,151.4,1140
2013-01-02T14:30:00.000Z,151.9,152.45,150.2,151.2,1750
2013-01-03T14:30:00.000Z,151.35,152.55,150.9,152.35,1007
2013-01-04T14:30:00.000Z,152.275,153.6,152.25,153.175,1548
2013-01-07T14:30:00.000Z,153.15,153.45,152.65,153.25,835
2013-01-08T14:30:00.000Z,153.225,153.4,152.375,152.725,1254
2013-01-09T14:30:00.000Z,152.75,152.95,151.5,151.5,1418
2013-01-10T14:30:00.000Z,151.65,151.75,150.7,150.85,1512
2013-01-11T14:30:00.000Z,150.85,152,149.325,149.875,2938
2013-01-14T14:30:00.000Z,149.25,149.9,148.6,149.45,1970
2013-01-15T14:30:00.000Z,149.575,149.575,148.175,148.325,1585
2013-01-16T14:30:00.000Z,148.5,148.85,146.5,147.075,2199
2013-01-17T14:30:00.000Z,147,147.225,144.075,144.4,2100
2013-01-18T14:30:00.000Z,144.85,145.575,143.1,143.9,1205
2013-01-22T14:30:00.000Z,144.45,144.85,144.1,144.4,519
2013-01-23T14:30:00.000Z,144.7,144.7,143.675,144.2,613
2013-01-24T14:30:00.000Z,144.425,145,144.1,144.6,491
2013-01-25T14:30:00.000Z,145,145.475,144.65,144.7,784
2013-01-28T14:30:00.000Z,145.3,145.975,145.3,145.8,553
2013-01-29T14:30:00.000Z,149.45,149.85,148.65,148.825,2362
2013-01-30T14:30:00.000Z,148.85,149.525,148.525,149.1,2616
2013-01-31T14:30:00.000Z,149,150.075,148.975,149.55,1749
2013-02-01T14:30:00.000Z,149.6,149.875,148.675,149.2,1956
2013-02-04T14:30:00.000Z,149.375,149.5,147.95,148.875,3797
2013-02-05T14:30:00.000Z,148.65,149.825,148.5,148.525,2611
2013-02-06T14:30:00.000Z,148.675,148.9,147.05,147.55,2915
2013-02-07T14:30:00.000Z,147.475,147.675,146.525,147.2,3713
2013-02-08T14:30:00.000Z,147.25,147.625,144.925,145,3928
2013-02-11T14:30:00.000Z,144.675,145.45,143.375,144.8,4908
2013-02-12T14:30:00.000Z,144.425,145,141.8,143.25,5910
2013-02-13T14:30:00.000Z,142.825,142.925,140.675,141.35,5558
2013-02-14T14:30:00.000Z,141.1,143.05,139.175,142.675,4885
2013-02-15T14:30:00.000Z,142.825,143.75,141.525,143.375,2856
2013-02-19T14:30:00.000Z,143.4,143.775,142.325,143.175,1913
2013-02-20T14:30:00.000Z,142.75,143.025,140.175,140.725,3985
2013-02-21T14:30:00.000Z,140.85,141.55,140.175,140.7,2418
2013-02-22T14:30:00.000Z,140.7,141.95,140.2,141.25,2240
2013-02-25T14:30:00.000Z,141.6,142.125,139.95,140.8,1560
2013-02-26T14:30:00.000Z,139.825,141.775,139.3,141.175,2444
2013-02-27T14:30:00.000Z,141.175,141.975,140.775,141.45,2584
2013-02-28T14:30:00.000Z,141.875,142.6,140.625,142,2009
2013-03-01T14:30:00.000Z,142.35,143.375,141.35,141.55,2657
2013-03-04T14:30:00.000Z,141.75,142.725,141.425,142.525,1786
2013-03-05T14:30:00.000Z,142.8,143.2,141.5,141.75,1964
2013-03-06T14:30:00.000Z,141.75,141.8,139.5,140.925,2855
2013-03-07T14:30:00.000Z,140.8,141.5,140.025,140.475,1913
2013-03-08T14:30:00.000Z,140.125,140.825,138.4,138.975,3398
2013-03-11T13:30:00.000Z,139.05,139.475,138.1,138.2,1842
2013-03-12T13:30:00.000Z,138.125,139.15,137.9,138.8,1667
2013-03-13T13:30:00.000Z,138.75,139.75,138.475,139,1832
2013-03-14T13:30:00.000Z,139.175,139.25,137.65,138.275,1444
2013-03-15T13:30:00.000Z,137.8,137.925,136.65,136.675,1464
2013-03-18T13:30:00.000Z,136.75,137.125,136.225,136.7,792
2013-03-19T13:30:00.000Z,136.475,136.825,135.1,136,1427
2013-03-20T13:30:00.000Z,135.75,135.75,134.625,135.1,979
2013-03-21T13:30:00.000Z,135.125,136,134.625,135.15,984
2013-03-22T13:30:00.000Z,134.825,135.525,134.55,134.65,1283
2013-03-25T13:30:00.000Z,134.7,135.2,134.525,134.725,544
2013-03-26T13:30:00.000Z,138.025,138.95,138.025,138.6,1523
2013-03-27T13:30:00.000Z,138.3,140.55,138.15,140.4,2859
2013-03-28T13:30:00.000Z,140.55,143.4,140.5,143.4,2442
2013-04-01T13:30:00.000Z,144.05,145.8,144.05,145.525,2909
2013-04-02T13:30:00.000Z,145.35,145.6,144.35,144.725,2210
2013-04-03T13:30:00.000Z,144.575,145.45,144.075,144.55,2307
2013-04-04T13:30:00.000Z,144.8,145.425,143.7,143.9,1740
2013-04-05T13:30:00.000Z,143.8,144.3,142.45,142.575,1660
2013-04-08T13:30:00.000Z,142.525,143.5,142.225,142.75,1630
2013-04-09T13:30:00.000Z,142.775,143.025,142.35,142.625,1233
2013-04-10T13:30:00.000Z,142.45,142.45,139.85,140.5,2141
2013-04-11T13:30:00.000Z,139.925,140.475,138.85,139.225,2364
2013-04-12T13:30:00.000Z,139.1,139.25,137.85,137.925,954
2013-04-15T13:30:00.000Z,137.775,138.175,136.05,136.6,1193
2013-04-16T13:30:00.000Z,136.025,137.25,135.8,136.95,925
2013-04-17T13:30:00.000Z,136.9,137.15,136.05,136.525,946
2013-04-18T13:30:00.000Z,136.6,136.6,134.15,134.45,1098
2013-04-19T13:30:00.000Z,134.025,134.325,133.525,134.025,712
2013-04-22T13:30:00.000Z,133.025,133.925,132.95,133.625,940
2013-04-23T13:30:00.000Z,138.625,140.65,138.425,139.6,4116
2013-04-24T13:30:00.000Z,139.7,141.925,139.7,141.1,2762
2013-04-25T13:30:00.000Z,141.275,142.3,139.95,142.2,2072
2013-04-26T13:30:00.000Z,142,142.5,141.7,141.8,1352
2013-04-29T13:30:00.000Z,141,141.175,140.025,140.425,2529
2013-04-30T13:30:00.000Z,140.075,141.1,139.35,139.55,2078
2013-05-01T13:30:00.000Z,139.35,140.425,139.25,139.5,1710
2013-05-02T13:30:00.000Z,140.025,140.9,139.725,140.6,1591
2013-05-03T13:30:00.000Z,140.775,141.1,138.5,138.775,2181
2013-05-06T13:30:00.000Z,139.375,139.5,137.9,138.4,2099
2013-05-07T13:30:00.000Z,137.95,138.175,136.55,136.875,2730
2013-05-08T13:30:00.000Z,137.05,137.1,135.575,135.6,2219
2013-05-09T13:30:00.000Z,135.8,135.975,135.375,135.75,1787
2013-05-10T13:30:00.000Z,135.3,135.725,135.225,135.375,984
2013-05-13T13:30:00.000Z,135.55,136.2,134.8,134.85,697
2013-05-14T13:30:00.000Z,135,135.7,135,135.5,809
2013-05-15T13:30:00.000Z,135.25,135.5,134.9,135.075,804
2013-05-16T13:30:00.000Z,135.15,135.3,134.75,135.025,568
2013-05-17T13:30:00.000Z,134.875,134.9,133.525,133.9,1360
2013-05-20T13:30:00.000Z,132.975,132.975,132.175,132.525,1939
2013-05-21T13:30:00.000Z,145.275,146.9,145.125,146.475,3305
2013-05-22T13:30:00.000Z,146.475,146.775,143.65,144.325,2970
2013-05-23T13:30:00.000Z,143.8,144.5,142.3,142.65,3317
2013-05-24T13:30:00.000Z,142.35,144.95,142.35,144.55,2891
2013-05-28T13:30:00.000Z,144.225,145.65,143.65,145.475,2721
2013-05-29T13:30:00.000Z,145.45,146.325,145.25,145.625,2225
2013-05-30T13:30:00.000Z,145.4,146.25,144.15,144.175,2138
2013-05-31T13:30:00.000Z,144.2,144.8,143.775,144.325,1884
2013-06-03T13:30:00.000Z,144.325,145.4,143.475,144.425,2782
2013-06-04T13:30:00.000Z,144.6,146.15,144.4,145.575,2009
2013-06-05T13:30:00.000Z,145.85,146.075,144.6,144.6,1745
2013-06-06T13:30:00.000Z,144.625,145.2,143.85,144.65,1830
2013-06-07T13:30:00.000Z,144.475,144.9,143.3,143.625,1760
2013-06-10T13:30:00.000Z,144.25,144.475,143.4,143.425,1665
2013-06-11T13:30:00.000Z,143.55,145.975,143.1,144.675,2733
2013-06-12T13:30:00.000Z,144.95,145.95,144.025,145.925,2729
2013-06-13T13:30:00.000Z,145.6,146.125,144.825,145.475,1490
2013-06-14T13:30:00.000Z,145.225,145.45,143.4,143.4,2199
2013-06-17T13:30:00.000Z,143.7,144.625,143.25,144.525,2650
2013-06-18T13:30:00.000Z,144.275,145.1,143.6,143.8,2204
2013-06-19T13:30:00.000Z,144,145.025,143.825,144.65,2125
2013-06-20T13:30:00.000Z,144.5,144.775,143.6,144.425,1615
2013-06-21T13:30:00.000Z,143.875,146.95,143.7,146.925,3988
2013-06-24T13:30:00.000Z,147,148.45,146.95,147.675,3393
2013-06-25T13:30:00.000Z,147.5,148.35,147.05,147.875,2603
2013-06-26T13:30:00.000Z,148.05,148.95,147.45,148.925,3305
2013-06-27T13:30:00.000Z,148.875,150.075,148.775,149.7,2682
2013-06-28T13:30:00.000Z,149.675,150.775,148.45,149.45,4616
2013-07-01T13:30:00.000Z,149.9,151.275,149.875,151.225,3300
2013-07-02T13:30:00.000Z,151,151.775,150.475,150.9,2657
2013-07-03T13:30:00.000Z,150.575,151.45,150.075,150.95,1901
2013-07-05T13:30:00.000Z,150.75,152.075,150.65,151.8,2397
2013-07-08T13:30:00.000Z,151.5,152.2,151.3,151.6,3156
2013-07-09T13:30:00.000Z,151.5,151.65,150.225,151.15,3378
2013-07-10T13:30:00.000Z,150.975,151.275,150.325,150.55,2854
2013-07-11T13:30:00.000Z,150.525,151.55,149.85,150.125,3442
2013-07-12T13:30:00.000Z,150.025,150.425,149.55,150.125,3171
2013-07-15T13:30:00.000Z,150.725,152.85,150.725,152.65,3957
2013-07-16T13:30:00.000Z,152.475,152.875,151.875,152.55,3087
2013-07-17T13:30:00.000Z,152.175,152.625,150.975,150.975,2073
2013-07-18T13:30:00.000Z,151.125,152.75,151.1,152.075,2410
2013-07-19T13:30:00.000Z,152.475,153,151.625,152.25,2105
2013-07-22T13:30:00.000Z,152.95,153.225,152.3,152.925,2147
2013-07-23T13:30:00.000Z,152.875,154.3,152.725,153.6,2112
2013-07-24T13:30:00.000Z,153.675,154.2,153,153.025,2919
2013-07-25T13:30:00.000Z,153.025,153.5,151.8,152.35,3025
2013-07-26T13:30:00.000Z,152.35,153.125,152.125,152.6,1900
2013-07-29T13:30:00.000Z,152.975,153.8,152.875,153.275,2612
2013-07-30T13:30:00.000Z,153.1,153.4,152.325,153.25,1899
2013-07-31T13:30:00.000Z,153.15,153.725,152.875,153.425,1377
2013-08-01T13:30:00.000Z,153.6,154.7,153.5,153.75,3025
2013-08-02T13:30:00.000Z,153.8,154.275,153.15,153.725,1916
2013-08-05T13:30:00.000Z,154.25,154.4,153.625,153.975,969
2013-08-06T13:30:00.000Z,154,154.325,153.95,154.25,1971
2013-08-07T13:30:00.000Z,154.25,154.3,152.3,152.575,2279
2013-08-08T13:30:00.000Z,153.7,154.55,153.025,154.25,1947
2013-08-09T13:30:00.000Z,154,154.375,153.2,153.85,947
2013-08-12T13:30:00.000Z,153.925,154.1,152.6,153.5,895
2013-08-13T13:30:00.000Z,153.625,154.15,153.275,153.85,805
2013-08-14T13:30:00.000Z,153.75,154.1,153.225,153.6,764
2013-08-15T13:30:00.000Z,153.825,154.275,153.2,154.1,1485
2013-08-16T13:30:00.000Z,153.875,154.9,153.625,154.775,774
2013-08-19T13:30:00.000Z,154.775,155.35,154.475,154.9,1405
2013-08-20T13:30:00.000Z,154.75,155.575,154.675,155.4,722
2013-08-21T13:30:00.000Z,155.5,155.775,155.25,155.575,974
2013-08-22T13:30:00.000Z,155.7,155.75,155.3,155.45,603
2013-08-23T13:30:00.000Z,155.425,155.525,154.8,155,864
2013-08-26T13:30:00.000Z,155.1,155.1,154.175,154.4,1003
2013-08-27T13:30:00.000Z,154.7,155.5,154.225,155.275,1432
2013-08-28T13:30:00.000Z,155.425,156.6,155.325,155.925,1350
2013-08-29T13:30:00.000Z,155.95,156.525,155.6,156.225,1607
2013-08-30T13:30:00.000Z,156.525,157.475,156.525,156.925,1318
2013-09-03T13:30:00.000Z,157.15,158.4,157.075,157.175,1726
2013-09-04T13:30:00.000Z,157.45,157.675,156.25,157.025,2082
2013-09-05T13:30:00.000Z,157.225,157.5,156.4,156.75,816
2013-09-06T13:30:00.000Z,156.65,157.025,156.075,156.575,1784
2013-09-09T13:30:00.000Z,156.6,156.7,156.125,156.6,1241
2013-09-10T13:30:00.000Z,156.5,156.7,156.25,156.4,682
2013-09-11T13:30:00.000Z,156.3,157.4,156.075,156.375,1562
2013-09-12T13:30:00.000Z,156.375,157.5,156.375,157.025,630
2013-09-13T13:30:00.000Z,157,157.825,157,157.3,299
2013-09-16T13:30:00.000Z,157.55,157.85,157.4,157.6,446
2013-09-17T13:30:00.000Z,157.275,157.3,156.45,156.6,736
2013-09-18T13:30:00.000Z,156.8,157.15,155.925,157.15,585
2013-09-19T13:30:00.000Z,157.15,157.35,156.875,157.15,501
2013-09-20T13:30:00.000Z,157,157.35,156.875,157.1,643
2013-09-23T13:30:00.000Z,157.15,157.75,157.15,157.625,493
2013-09-24T13:30:00.000Z,162.1,164,162.075,163.775,3003
2013-09-25T13:30:00.000Z,163.575,164.15,162.925,162.925,1815
2013-09-26T13:30:00.000Z,163.2,164.5,163.125,164.375,2201
2013-09-27T13:30:00.000Z,163.975,164.9,163.8,164.125,1458
2013-09-30T13:30:00.000Z,163.7,164.4,163.125,164.1,1436
2013-10-01T13:30:00.000Z,163.775,164.775,163.6,164.4,1608
2013-10-02T13:30:00.000Z,164.55,164.9,164.075,164.575,1477
2013-10-03T13:30:00.000Z,164.5,164.725,163.75,164.1,830
2013-10-04T13:30:00.000Z,164.15,164.45,163.8,164.45,1329
2013-10-07T13:30:00.000Z,164.1,164.6,163.425,164,817
2013-10-08T13:30:00.000Z,163.85,164.95,163.725,164.8,955
2013-10-09T13:30:00.000Z,164.85,164.9,163.825,164.55,1729
2013-10-10T13:30:00.000Z,164.5,166.25,164.375,165.925,722
2013-10-11T13:30:00.000Z,166.15,168.475,166,167.475,1180
2013-10-14T13:30:00.000Z,167.525,167.95,167,167.375,515
2013-10-15T13:30:00.000Z,166.8,167.05,164.7,165.7,580
2013-10-16T13:30:00.000Z,165.65,166.525,165.45,166,1166
2013-10-17T13:30:00.000Z,166.25,167.075,165.5,165.85,754
2013-10-18T13:30:00.000Z,166.075,166.4,164.925,166.075,683
2013-10-21T13:30:00.000Z,165.875,165.9,165.425,165.825,287
2013-10-22T13:30:00.000Z,165.425,167.15,165.225,166.05,594
2013-10-23T13:30:00.000Z,166.5,166.95,165.5,166.15,489
2013-10-24T13:30:00.000Z,166.35,166.35,165.325,165.55,704
2013-10-25T13:30:00.000Z,165.575,166.025,165.375,165.55,382
2013-10-28T13:30:00.000Z,165.85,166.05,165.725,165.975,203
2013-10-29T13:30:00.000Z,167,167.5,166.275,166.75,1225
2013-10-30T13:30:00.000Z,166.65,166.7,164.7,164.95,2466
2013-10-31T13:30:00.000Z,164.925,165.4,164.125,164.375,1788
2013-11-01T13:30:00.000Z,164.9,164.95,163.425,163.5,2706
2013-11-04T14:30:00.000Z,163.7,163.825,163.1,163.6,1420
2013-11-05T14:30:00.000Z,163.625,165.075,163.625,164.775,1626
2013-11-06T14:30:00.000Z,164.775,165.3,164.45,164.85,945
2013-11-07T14:30:00.000Z,164.725,165.05,164.175,164.625,1140
2013-11-08T14:30:00.000Z,164.775,165.45,164.25,164.425,1397
2013-11-11T14:30:00.000Z,164.625,164.625,164,164.2,1103
2013-11-12T14:30:00.000Z,164.35,164.875,164.2,164.65,808
2013-11-13T14:30:00.000Z,164.65,165.05,164.425,164.85,501
2013-11-14T14:30:00.000Z,164.85,165.25,164.85,165.025,493
2013-11-15T14:30:00.000Z,165.225,165.3,164.9,165.15,359
2013-11-18T14:30:00.000Z,165.325,165.325,164.3,164.85,1557
2013-11-19T14:30:00.000Z,164.3,164.35,161.825,162.4,5025
2013-11-20T14:30:00.000Z,162.45,163.125,162.275,162.75,2136
2013-11-21T14:30:00.000Z,162.825,163.6,162.425,163.375,2924
2013-11-22T14:30:00.000Z,163.375,163.7,163.2,163.5,2213
2013-11-25T14:30:00.000Z,163.8,163.95,162.75,162.8,2002
2013-11-26T14:30:00.000Z,162.775,164.7,162.775,164.375,2374
2013-11-27T14:30:00.000Z,164.475,165.5,164.275,165.325,3208
2013-11-29T14:30:00.000Z,165.55,165.7,165.275,165.475,1812
2013-12-02T14:30:00.000Z,165.65,165.875,165.225,165.35,2313
2013-12-03T14:30:00.000Z,165.4,165.7,164.8,164.85,2465
2013-12-04T14:30:00.000Z,164.75,165.4,164.5,165.05,2480
2013-12-05T14:30:00.000Z,165.1,165.875,164.05,164.125,3673
2013-12-06T14:30:00.000Z,164.25,164.725,163.775,164.475,3116
2013-12-09T14:30:00.000Z,164.525,165.375,164.475,165.15,2191
2013-12-10T14:30:00.000Z,165.1,165.675,164.85,165.55,4232
2013-12-11T14:30:00.000Z,165.5,165.8,165.275,165.675,2521
2013-12-12T14:30:00.000Z,165.55,167.425,165.5,167.075,5505
2013-12-13T14:30:00.000Z,167.125,167.6,166.425,167.075,2457
2013-12-16T14:30:00.000Z,167,168.475,166.525,168.4,3727
2013-12-17T14:30:00.000Z,168.175,168.45,166.85,167.15,2300
2013-12-18T14:30:00.000Z,167.15,167.275,166.025,166.05,2458
2013-12-19T14:30:00.000Z,166.4,166.975,166.225,166.8,1114
2013-12-20T14:30:00.000Z,166.95,167.325,166.375,166.975,2358
2013-12-23T14:30:00.000Z,166.65,167.125,166.25,166.675,3600
2013-12-24T14:30:00.000Z,166.575,166.8,166,166.25,1036
2013-12-26T14:30:00.000Z,166.525,166.9,166.375,166.6,715
2013-12-27T14:30:00.000Z,166.6,167.725,166.6,167,1678
2013-12-30T14:30:00.000Z,167.225,167.3,166,167.275,1559
2013-12-31T14:30:00.000Z,167.2,167.55,166.55,166.7,897
2014-01-02T14:30:00.000Z,166.875,167.55,166.725,167,2016
2014-01-03T14:30:00.000Z,167.325,168,167.175,167.625,1483
2014-01-06T14:30:00.000Z,168.25,168.425,167.85,168.025,1437
2014-01-07T14:30:00.000Z,168.25,168.6,167.85,168.05,1409
2014-01-08T14:30:00.000Z,168.075,168.975,167.75,168.475,1767
2014-01-09T14:30:00.000Z,168.975,169.4,168.5,169.15,1427
2014-01-10T14:30:00.000Z,169.25,169.625,168.35,168.65,1694
2014-01-13T14:30:00.000Z,169.175,169.175,167.5,167.825,2266
2014-01-14T14:30:00.000Z,168.125,168.85,167.7,168.6,1074
2014-01-15T14:30:00.000Z,168.725,169.9,168.725,169.4,1108
2014-01-16T14:30:00.000Z,169.6,170.25,169.225,169.8,1350
2014-01-17T14:30:00.000Z,169.7,170.075,169.375,170,734
2014-01-21T14:30:00.000Z,169.85,169.95,169.475,169.8,933
2014-01-22T14:30:00.000Z,169.5,170.825,169.075,170.475,1260
2014-01-23T14:30:00.000Z,170.45,170.775,169.9,170.375,1245
2014-01-24T14:30:00.000Z,170.45,170.8,169.9,170.7,1043
2014-01-27T14:30:00.000Z,170.925,171.1,170.65,170.975,544
2014-01-28T14:30:00.000Z,168.5,168.95,168.025,168.375,2200
2014-01-29T14:30:00.000Z,168.125,169.4,166.525,169.225,4768
2014-01-30T14:30:00.000Z,169,169.25,168.475,168.7,2485
2014-01-31T14:30:00.000Z,168.725,169.85,168.05,169.425,3762
2014-02-03T14:30:00.000Z,169.1,169.1,167.8,168,4095
2014-02-04T14:30:00.000Z,167.975,168.5,166.9,166.975,5358
2014-02-05T14:30:00.000Z,167.125,167.825,166.9,166.925,2566
2014-02-06T14:30:00.000Z,167.15,167.625,166.425,167,3128
2014-02-07T14:30:00.000Z,167.4,168,166.825,167.8,3437
2014-02-10T14:30:00.000Z,167.7,168.2,167.125,167.9,2983
2014-02-11T14:30:00.000Z,167.925,169.375,167.775,168.775,3958
2014-02-12T14:30:00.000Z,168.8,169.375,168.225,168.5,2881
2014-02-13T14:30:00.000Z,168.875,171.35,168.525,170.725,4684
2014-02-14T14:30:00.000Z,171.025,171.375,170.125,170.475,2075
2014-02-18T14:30:00.000Z,170.7,171.95,170.6,171.7,2900
2014-02-19T14:30:00.000Z,171.65,172.1,171,171.175,2355
2014-02-20T14:30:00.000Z,171.475,171.625,170.875,171.125,1576
2014-02-21T14:30:00.000Z,171.225,171.6,170.625,170.7,1726
2014-02-24T14:30:00.000Z,170.9,171.35,170.15,170.2,1986
2014-02-25T14:30:00.000Z,170.475,171.45,170.025,171.075,2157
2014-02-26T14:30:00.000Z,171.2,172.525,171.15,172,3344
2014-02-27T14:30:00.000Z,172.45,172.725,171.25,171.825,2665
2014-02-28T14:30:00.000Z,172,172.3,171.05,171.7,1794
2014-03-03T14:30:00.000Z,171.4,171.9,170.5,171.775,1925
2014-03-04T14:30:00.000Z,171.7,173.25,171.45,172.9,1722
2014-03-05T14:30:00.000Z,172.7,174.125,170.3,172.225,3256
2014-03-06T14:30:00.000Z,171.75,172,171.225,171.4,1044
2014-03-07T14:30:00.000Z,171.5,172.675,170.9,172.375,1297
2014-03-10T13:30:00.000Z,172.675,173.825,172.425,173.7,1221
2014-03-11T13:30:00.000Z,173.775,174.425,173.2,173.925,1611
2014-03-12T13:30:00.000Z,173.9,174.275,173.675,173.975,869
2014-03-13T13:30:00.000Z,173.85,174.175,173.35,173.975,1362
2014-03-14T13:30:00.000Z,174,174.825,173.775,174.6,1147
2014-03-17T13:30:00.000Z,174.575,174.8,174.15,174.75,615
2014-03-18T13:30:00.000Z,174.175,174.35,173.65,174.125,627
2014-03-19T13:30:00.000Z,174.1,174.525,173.725,174.4,363
2014-03-20T13:30:00.000Z,174.35,175,173.3,173.625,1131
2014-03-21T13:30:00.000Z,173.325,175.175,173.3,175.025,1034
2014-03-24T13:30:00.000Z,175.45,176.9,175.325,176.7,1332
2014-03-25T13:30:00.000Z,176.75,177.85,176.25,177.35,1404
2014-03-26T13:30:00.000Z,177.7,179.075,177.525,178.625,1635
2014-03-27T13:30:00.000Z,178.75,179.85,178.4,179.5,1754
2014-03-28T13:30:00.000Z,179.275,179.525,178.325,178.35,1962
2014-03-31T13:30:00.000Z,178.275,178.8,176.95,177.025,1399
2014-04-01T13:30:00.000Z,177.6,177.875,175.875,176.45,1104
2014-04-02T13:30:00.000Z,176.4,177.45,176.35,177.225,821
2014-04-03T13:30:00.000Z,177.5,179.15,177.325,178.825,1493
2014-04-04T13:30:00.000Z,179.25,179.25,176.925,177.7,1085
2014-04-07T13:30:00.000Z,177.65,177.85,176.8,177.5,635
2014-04-08T13:30:00.000Z,177.55,178.425,177.15,178.3,797
2014-04-09T13:30:00.000Z,177.875,179,177.875,178.875,1043
2014-04-10T13:30:00.000Z,178.725,178.925,178.1,178.275,1067
2014-04-11T13:30:00.000Z,178.475,179.7,178.075,179.5,1240
2014-04-14T13:30:00.000Z,179.85,180.2,179.55,180,1065
2014-04-15T13:30:00.000Z,179.925,179.925,179,179.225,701
2014-04-16T13:30:00.000Z,179.1,179.375,178.725,179.25,901
2014-04-17T13:30:00.000Z,178.675,178.975,178.55,178.55,0
2014-04-22T13:30:00.000Z,178.5,179.425,178.175,178.35,2773
2014-04-23T13:30:00.000Z,178.575,178.9,178.25,178.625,1567
2014-04-24T13:30:00.000Z,178.825,179.85,178.8,179.6,1785
2014-04-25T13:30:00.000Z,179.625,180.425,179.225,180,2324
2014-04-28T13:30:00.000Z,180.1,181.775,179.6,181.1,2577
2014-04-29T13:30:00.000Z,181.35,181.425,180.25,180.575,1992
2014-04-30T13:30:00.000Z,180.6,181.425,179.9,181.2,2188
2014-05-01T13:30:00.000Z,181.3,184,181.05,183.95,2119
2014-05-02T13:30:00.000Z,183.825,184.625,182.875,183.5,2210
2014-05-05T13:30:00.000Z,183.5,183.55,182.175,182.65,1263
2014-05-06T13:30:00.000Z,182.8,184.75,182.775,183.475,1897
2014-05-07T13:30:00.000Z,183.675,184.4,182.575,183.025,1440
2014-05-08T13:30:00.000Z,183.25,184.05,183.15,183.5,803
2014-05-09T13:30:00.000Z,183.85,184.9,183.625,184.575,1054
2014-05-12T13:30:00.000Z,184.8,185.425,184.35,184.6,953
2014-05-13T13:30:00.000Z,184.875,185.425,184.35,184.725,836
2014-05-14T13:30:00.000Z,185.05,185.825,185.05,185.4,743
2014-05-15T13:30:00.000Z,185.775,186.325,185.7,186.15,795
2014-05-16T13:30:00.000Z,186.225,187.575,185.85,187.3,1615
2014-05-19T13:30:00.000Z,187.95,188.65,187.65,188.475,1356
2014-05-20T13:30:00.000Z,196.55,197.9,195.4,195.925,3874
2014-05-21T13:30:00.000Z,196.3,197.45,196.125,196.525,1847
2014-05-22T13:30:00.000Z,197.1,197.25,194.6,195.375,2820
2014-05-23T13:30:00.000Z,195.575,195.575,192.8,192.85,3200
2014-05-27T13:30:00.000Z,193.5,194.3,193.325,193.5,1604
2014-05-28T13:30:00.000Z,193.8,195.9,193.625,195.575,2571
2014-05-29T13:30:00.000Z,195.7,197.975,195.425,197.05,3012
2014-05-30T13:30:00.000Z,197.55,197.575,196.05,197.05,2373
2014-06-02T13:30:00.000Z,197.15,197.875,196.5,197.575,1559
2014-06-03T13:30:00.000Z,197.775,198.75,197.35,198.3,2861
2014-06-04T13:30:00.000Z,198.4,199.225,197.275,198.775,3277
2014-06-05T13:30:00.000Z,199,200.2,198.75,199.825,3343
2014-06-06T13:30:00.000Z,199.725,200.9,199.55,200.525,3180
2014-06-09T13:30:00.000Z,201.075,203.525,201.075,203.525,3976
2014-06-10T13:30:00.000Z,203.65,205.6,202.375,205.175,5576
2014-06-11T13:30:00.000Z,204.8,204.925,202.45,202.875,4233
2014-06-12T13:30:00.000Z,203.175,205.875,203.175,205.85,4564
2014-06-13T13:30:00.000Z,206.5,208.425,205.275,208.15,3937
2014-06-16T13:30:00.000Z,208.2,208.975,207.425,208.7,2965
2014-06-17T13:30:00.000Z,208.775,210.3,206.775,207.85,4533
2014-06-18T13:30:00.000Z,207.025,207.75,204.85,204.85,4057
2014-06-19T13:30:00.000Z,205.375,207.85,205.325,207.55,3901
2014-06-20T13:30:00.000Z,208,208.975,206.2,206.875,3201
2014-06-23T13:30:00.000Z,207.375,208.55,207.1,207.9,2153
2014-06-24T13:30:00.000Z,208.55,210.9,208.55,210.625,3341
2014-06-25T13:30:00.000Z,210.6,213.575,210.4,212.125,4312
2014-06-26T13:30:00.000Z,213.175,215.125,212.8,215.125,3995
2014-06-27T13:30:00.000Z,215.4,215.8,213.4,214.325,4133
2014-06-30T13:30:00.000Z,215.625,216.125,212.15,212.775,5326
2014-07-01T13:30:00.000Z,213.625,215.775,213.625,215.775,3046
2014-07-02T13:30:00.000Z,216.1,218.775,215.375,216.2,5744
2014-07-03T13:30:00.000Z,218.2,218.875,216.575,217.625,3159
2014-07-07T13:30:00.000Z,218.5,219.65,217.575,218,4544
2014-07-08T13:30:00.000Z,218.35,218.35,215.9,215.9,4952
2014-07-09T13:30:00.000Z,216.8,218.6,212.9,213.6,7947
2014-07-10T13:30:00.000Z,213.725,215.175,210.6,210.6,5518
2014-07-11T13:30:00.000Z,210.275,211.3,207.65,210.375,8813
2014-07-14T13:30:00.000Z,211.225,212.375,209.2,210.675,5522
2014-07-15T13:30:00.000Z,211.15,212.975,210.725,211.525,3486
2014-07-16T13:30:00.000Z,211.5,211.5,208.775,209.825,3637
2014-07-17T13:30:00.000Z,210.425,212.4,210.325,211.6,3208
2014-07-18T13:30:00.000Z,210.975,213.2,210.45,211.65,2582
2014-07-21T13:30:00.000Z,212.5,213.675,211.225,213.025,3649
2014-07-22T13:30:00.000Z,213.15,216.025,213.125,216.025,3822
2014-07-23T13:30:00.000Z,216.825,218.725,214.55,217.25,5347
2014-07-24T13:30:00.000Z,217.55,219.1,214.925,217.325,4898
2014-07-25T13:30:00.000Z,217,218.4,216.775,218.25,2334
2014-07-28T13:30:00.000Z,219.45,221.05,218.825,220.175,3314
2014-07-29T13:30:00.000Z,221,221.8,220,221.425,2864
2014-07-30T13:30:00.000Z,221.65,223.5,221.65,223.025,3100
2014-07-31T13:30:00.000Z,223.275,223.55,220.3,220.675,3740
2014-08-01T13:30:00.000Z,220.825,220.825,217.95,220.275,4066
2014-08-04T13:30:00.000Z,220.7,222.325,218.875,220.975,2450
2014-08-05T13:30:00.000Z,221.7,223.225,220.725,221.25,2323
2014-08-06T13:30:00.000Z,221.625,222.225,219.9,221.325,2304
2014-08-07T13:30:00.000Z,221.125,221.975,218.325,218.325,2101
2014-08-08T13:30:00.000Z,217.25,218.45,215.325,215.325,1446
2014-08-11T13:30:00.000Z,214,218.2,213.45,217.475,3197
2014-08-12T13:30:00.000Z,217.6,217.625,214.475,214.55,2100
2014-08-13T13:30:00.000Z,214.2,215.1,212.45,214.375,2317
2014-08-14T13:30:00.000Z,214.2,215.75,213.925,215.125,2022
2014-08-15T13:30:00.000Z,214.925,217.725,214.925,217.225,1283
2014-08-18T13:30:00.000Z,217.25,218.65,215.85,218.025,1115
2014-08-19T13:30:00.000Z,218.275,218.95,216.35,217.15,1142
2014-08-20T13:30:00.000Z,216.425,216.775,214.4,214.95,1350
2014-08-21T13:30:00.000Z,215.025,215.75,214.05,215.2,994
2014-08-22T13:30:00.000Z,215.425,216.65,215.35,216.1,1055
2014-08-25T13:30:00.000Z,216.75,217.5,216.625,217.4,1480
2014-08-26T13:30:00.000Z,213,214.925,212.65,214.2,1376
2014-08-27T13:30:00.000Z,214,214.6,212.55,214.475,1895
2014-08-28T13:30:00.000Z,214.625,217.275,213.375,217.15,2069
2014-08-29T13:30:00.000Z,216.825,219.05,216.275,218.65,2080
2014-09-02T13:30:00.000Z,219.3,221.5,219.225,220.25,1293
2014-09-03T13:30:00.000Z,220.7,223.25,220.4,222.7,1464
2014-09-04T13:30:00.000Z,223.25,225.15,221.375,223.8,2127
2014-09-05T13:30:00.000Z,224.1,226.425,224,225.725,1409
2014-09-08T13:30:00.000Z,226.775,227.675,225.25,227.15,929
2014-09-09T13:30:00.000Z,226.625,229.3,226.625,228.625,1051
2014-09-10T13:30:00.000Z,229.025,230.7,226.45,228.85,1167
2014-09-11T13:30:00.000Z,228.9,229.15,226.775,228.05,783
2014-09-12T13:30:00.000Z,228.375,229.725,227.55,229.475,1235
2014-09-15T13:30:00.000Z,229.7,230.025,228.9,229.25,1024
2014-09-16T13:30:00.000Z,229.125,229.7,228.65,229.6,760
2014-09-17T13:30:00.000Z,229.7,230.5,229.325,230.3,975
2014-09-18T13:30:00.000Z,230.4,230.6,229.625,229.9,728
2014-09-19T13:30:00.000Z,230.15,231.175,229.9,230.6,840
2014-09-22T13:30:00.000Z,230.05,230.4,229.375,230.3,740
2014-09-23T13:30:00.000Z,229.175,230.525,228.4,230.15,3494
2014-09-24T13:30:00.000Z,229.625,230.675,228.875,230.4,2978
2014-09-25T13:30:00.000Z,230.425,231.325,229.3,230.1,2971
2014-09-26T13:30:00.000Z,230.45,233.1,229.65,233.1,4156
2014-09-29T13:30:00.000Z,233.025,235.925,231.925,234.65,3506
2014-09-30T13:30:00.000Z,235,236.175,234.7,235.425,2669
2014-10-01T13:30:00.000Z,235.55,238.425,235.15,238.425,1866
2014-10-02T13:30:00.000Z,239.5,241.425,239.325,241.1,2686
2014-10-03T13:30:00.000Z,241.25,243.125,239.7,240.875,2933
2014-10-06T13:30:00.000Z,240.25,241.2,238.875,240,1961
2014-10-07T13:30:00.000Z,240.65,242.55,240.5,241.475,1835
2014-10-08T13:30:00.000Z,241.9,242.975,240.75,242.325,1085
2014-10-09T13:30:00.000Z,242.975,245.2,239.65,241.65,2523
2014-10-10T13:30:00.000Z,240.95,241.45,239.175,240.5,1083
2014-10-13T13:30:00.000Z,240.975,241.875,240.5,241.3,842
2014-10-14T13:30:00.000Z,241.75,241.75,238.3,238.725,1801
2014-10-15T13:30:00.000Z,238.55,241.025,236.55,237.4,2894
2014-10-16T13:30:00.000Z,237.1,240.35,236.9,240.2,1583
2014-10-17T13:30:00.000Z,239.2,240.175,237.525,238.45,963
2014-10-20T13:30:00.000Z,238.25,241.125,238,240.75,829
2014-10-21T13:30:00.000Z,240.625,240.7,238.425,238.95,827
2014-10-22T13:30:00.000Z,239.475,239.95,238.225,239.45,357
2014-10-23T13:30:00.000Z,240,240.8,239,240.225,736
2014-10-24T13:30:00.000Z,240.8,240.85,237.675,237.9,1782
2014-10-27T13:30:00.000Z,238.675,238.925,237.375,238.325,996
2014-10-28T13:30:00.000Z,234.25,234.55,233.3,233.65,2868
2014-10-29T13:30:00.000Z,234.3,234.975,232.85,233.05,2253
2014-10-30T13:30:00.000Z,233.325,235.25,232.65,234.225,2704
2014-10-31T13:30:00.000Z,235.225,236.425,233.575,234.15,3084
2014-11-03T14:30:00.000Z,234.6,236.4,233.85,235.575,1965
2014-11-04T14:30:00.000Z,236.125,237.25,234.95,237.125,2525
2014-11-05T14:30:00.000Z,236.775,237.15,235.3,235.775,2329
2014-11-06T14:30:00.000Z,235.8,237,235.7,236.525,1616
2014-11-07T14:30:00.000Z,236.85,238.65,236.65,238.525,2299
2014-11-10T14:30:00.000Z,238.65,239.8,238.5,239.025,1555
2014-11-11T14:30:00.000Z,239.225,239.4,238.3,238.85,1538
2014-11-12T14:30:00.000Z,238.725,239.5,237.375,239.35,1836
2014-11-13T14:30:00.000Z,239.1,239.5,238.875,239.35,1703
2014-11-14T14:30:00.000Z,239.55,240.1,238.85,240,1760
2014-11-17T14:30:00.000Z,239.925,240.4,239.65,240.025,2118
2014-11-18T14:30:00.000Z,237.725,237.925,236.525,237.275,2236
2014-11-19T14:30:00.000Z,237,237.275,236.3,237.1,2431
2014-11-20T14:30:00.000Z,237.55,237.55,234.8,235.575,3206
2014-11-21T14:30:00.000Z,235.475,236.875,235,236.35,2554
2014-11-24T14:30:00.000Z,236.35,237.2,233.35,233.35,3879
2014-11-25T14:30:00.000Z,232.15,232.775,230.375,231.375,4481
2014-11-26T14:30:00.000Z,231.575,232.9,230.05,230.5,3499
2014-11-28T14:30:00.000Z,230.3,231.925,230.1,231.075,1608
2014-12-01T14:30:00.000Z,231.275,234.075,231.2,234.075,4554
2014-12-02T14:30:00.000Z,234.525,236.95,233.85,235.55,6489
2014-12-03T14:30:00.000Z,235.775,235.8,233.025,234.825,5641
2014-12-04T14:30:00.000Z,234.85,237.125,234.525,235.95,4813
2014-12-05T14:30:00.000Z,236.775,237.1,234,234.875,5134
2014-12-08T14:30:00.000Z,234.4,234.475,231.875,231.875,3969
2014-12-09T14:30:00.000Z,231.6,232.925,230.575,232.775,6241
2014-12-10T14:30:00.000Z,232.5,232.575,229.775,231.6,4428
2014-12-11T14:30:00.000Z,231.15,231.7,228.6,228.6,3567
2014-12-12T14:30:00.000Z,227.625,227.625,225.6,225.6,4562
2014-12-15T14:30:00.000Z,223.6,223.6,222.6,222.6,2309
2014-12-16T14:30:00.000Z,219.6,219.6,219.6,219.6,879
2014-12-17T14:30:00.000Z,216.6,216.6,216.6,216.6,1060
2014-12-18T14:30:00.000Z,212.1,220.25,212.1,217.075,10952
2014-12-19T14:30:00.000Z,218.4,221.125,217.375,220.15,3152
2014-12-22T14:30:00.000Z,221.2,221.775,219.8,220.5,2494
2014-12-23T14:30:00.000Z,220.7,220.75,216.6,217.125,2994
2014-12-24T14:30:00.000Z,217.475,217.475,214.6,214.75,1524
2014-12-26T14:30:00.000Z,215.25,216.7,210.25,213.725,3040
2014-12-29T14:30:00.000Z,214.975,218.225,214.975,217.45,1784
2014-12-30T14:30:00.000Z,218.075,219.75,217.05,218.325,1853
2014-12-31T14:30:00.000Z,218.85,220.35,217.525,219.45,2123
2015-01-02T14:30:00.000Z,220.525,223.95,220.1,223.95,1577
2015-01-05T14:30:00.000Z,225.45,226.35,225.05,225.675,2801
2015-01-06T14:30:00.000Z,226.4,227.5,221.2,224.7,3394
2015-01-07T14:30:00.000Z,225.8,226.275,223.15,225.65,2144
2015-01-08T14:30:00.000Z,226.2,228.5,223.625,225.625,3452
2015-01-09T14:30:00.000Z,225.175,225.375,221.325,222.425,2060
2015-01-12T14:30:00.000Z,221.975,225.275,221.425,223.4,1594
2015-01-13T14:30:00.000Z,223.725,225.2,220.5,221.55,2727
2015-01-14T14:30:00.000Z,220.9,223.3,219.6,220.15,2433
2015-01-15T14:30:00.000Z,220.5,220.675,215.65,215.65,2802
2015-01-16T14:30:00.000Z,214.1,215.95,211.5,214.1,2089
2015-01-20T14:30:00.000Z,215.8,216.25,212.875,214.475,1712
2015-01-21T14:30:00.000Z,214.75,216,213.3,215.7,1155
2015-01-22T14:30:00.000Z,216.025,217.05,215.45,215.975,1092
2015-01-23T14:30:00.000Z,215.825,216.2,213.375,213.7,1526
2015-01-26T14:30:00.000Z,213.5,214.75,209.65,211.65,1716
2015-01-27T14:30:00.000Z,200.1,204.475,198.875,203.825,5322
2015-01-28T14:30:00.000Z,203.6,206.4,202.425,204.35,4943
2015-01-29T14:30:00.000Z,203.55,206.15,200.225,203.575,5360
2015-01-30T14:30:00.000Z,203.55,205.55,202.6,205.2,5278
2015-02-02T14:30:00.000Z,204.025,205.15,200.7,200.7,4926
2015-02-03T14:30:00.000Z,200,200.9,195.75,199.5,6110
2015-02-04T14:30:00.000Z,199,200.575,196.4,196.725,3555
2015-02-05T14:30:00.000Z,196.35,197.475,193,195.65,5315
2015-02-06T14:30:00.000Z,197,200.15,196.25,199.45,5312
2015-02-09T14:30:00.000Z,200.75,203.95,200.65,203.625,5691
2015-02-10T14:30:00.000Z,204,205,201.125,202.025,4375
2015-02-11T14:30:00.000Z,202.5,203.225,198.3,198.75,4803
2015-02-12T14:30:00.000Z,198.625,200.9,196.925,200.3,5543
2015-02-13T14:30:00.000Z,201.45,204.8,200.05,203.85,4517
2015-02-17T14:30:00.000Z,204.65,204.8,200.825,201.45,4124
2015-02-18T14:30:00.000Z,201.3,203.525,201.075,203.1,3862
2015-02-19T14:30:00.000Z,204.025,204.5,201.825,202.55,2530
2015-02-20T14:30:00.000Z,202.55,203.175,199,199.175,3371
2015-02-23T14:30:00.000Z,198.8,199.025,197.075,198.075,2534
2015-02-24T14:30:00.000Z,198.2,198.5,195.075,195.6,4089
2015-02-25T14:30:00.000Z,195.7,197.975,195.225,196.975,2360
2015-02-26T14:30:00.000Z,197.5,201.4,197.2,200.3,3196
2015-02-27T14:30:00.000Z,200.625,203.1,199.425,201.9,3772
2015-03-02T14:30:00.000Z,202.55,204.4,202.55,204.1,2756
2015-03-03T14:30:00.000Z,203.975,204.375,202.275,202.725,2495
2015-03-04T14:30:00.000Z,202.15,207.225,201.5,207.225,5020
2015-03-05T14:30:00.000Z,207.2,207.55,204.7,206.575,2661
2015-03-06T14:30:00.000Z,206.8,209.95,206.2,209.725,2965
2015-03-09T13:30:00.000Z,210.075,210.5,208.75,209.7,1570
2015-03-10T13:30:00.000Z,209.7,212.85,209.05,212.225,2665
2015-03-11T13:30:00.000Z,212.125,215.775,212.1,214.6,3037
2015-03-12T13:30:00.000Z,215.025,215.725,212.9,214.675,1450
2015-03-13T13:30:00.000Z,214.25,214.875,211.55,213.125,1458
2015-03-16T13:30:00.000Z,213,213.275,210.75,212.425,685
2015-03-17T13:30:00.000Z,212.4,212.5,210.575,211.575,924
2015-03-18T13:30:00.000Z,211.25,214.5,210.475,214.25,1638
2015-03-19T13:30:00.000Z,214.525,214.55,213.475,214.05,1648
2015-03-20T13:30:00.000Z,214.5,215.25,213.95,214.875,1170
2015-03-23T13:30:00.000Z,215.75,217.55,215.675,216.975,1432
2015-03-24T13:30:00.000Z,219.125,220,217.7,218.925,1871
2015-03-25T13:30:00.000Z,218.9,219.25,216.8,217.25,2149
2015-03-26T13:30:00.000Z,217.925,218.85,216,217.225,1686
2015-03-27T13:30:00.000Z,217.65,219.775,217.425,219.275,1693
2015-03-30T13:30:00.000Z,219.2,219.975,217.225,218.625,1165
2015-03-31T13:30:00.000Z,218.25,220,217.625,218.125,1485
2015-04-01T13:30:00.000Z,218.2,219.575,217.4,218.625,1354
2015-04-02T13:30:00.000Z,219.675,220.575,219.075,220.375,1467
2015-04-06T13:30:00.000Z,222.025,222.775,219.575,219.8,1779
2015-04-07T13:30:00.000Z,219.375,219.4,216.2,217.675,2182
2015-04-08T13:30:00.000Z,217.6,217.9,215.75,216.225,2024
2015-04-09T13:30:00.000Z,216.65,217.425,216.35,216.475,536
2015-04-10T13:30:00.000Z,216.775,216.775,212.2,212.45,2455
2015-04-13T13:30:00.000Z,211.7,213,210.9,212.25,2018
2015-04-14T13:30:00.000Z,212.6,213.975,212.025,213.2,661
2015-04-15T13:30:00.000Z,213.9,215.45,213.9,215.225,706
2015-04-16T13:30:00.000Z,215.075,216.375,214.6,215.8,526
2015-04-17T13:30:00.000Z,215.8,216.725,212.9,213,1223
2015-04-20T13:30:00.000Z,212.85,212.85,211.05,211.825,978
2015-04-21T13:30:00.000Z,211.575,212.8,211.575,212.65,647
2015-04-22T13:30:00.000Z,212.2,213.4,211.9,212.55,316
2015-04-23T13:30:00.000Z,212.75,214.35,212.3,214.275,1027
2015-04-24T13:30:00.000Z,214.325,215.875,213.25,214.85,1127
2015-04-27T13:30:00.000Z,214.1,215.25,213.95,214.9,607
2015-04-28T13:30:00.000Z,212.3,213.4,211.85,212.35,1963
2015-04-29T13:30:00.000Z,212.875,213.8,211.325,213.05,2450
2015-04-30T13:30:00.000Z,213.475,214.125,210.6,212.975,2794
2015-05-01T13:30:00.000Z,213.35,214.775,212.05,213.625,1730
2015-05-04T13:30:00.000Z,213.9,215.275,213.875,215.15,3108
2015-05-05T13:30:00.000Z,215.35,216,214,215.375,3569
2015-05-06T13:30:00.000Z,215.35,215.7,214.125,214.5,1450
2015-05-07T13:30:00.000Z,214.225,215.5,213.8,214.9,1727
2015-05-08T13:30:00.000Z,215.4,216,214.95,215.875,2394
2015-05-11T13:30:00.000Z,216.7,217.525,216.525,216.775,3141
2015-05-12T13:30:00.000Z,217,217.9,216.55,217.7,2290
2015-05-13T13:30:00.000Z,217.575,219,217.35,218.75,1215
2015-05-14T13:30:00.000Z,219.15,219.7,218.8,219.25,1051
2015-05-15T13:30:00.000Z,219.7,220.05,218.8,219,1472
2015-05-18T13:30:00.000Z,219.025,219.3,218.65,218.975,1199
2015-05-19T13:30:00.000Z,216.5,217.55,216,217.15,3985
2015-05-20T13:30:00.000Z,216.975,217.825,215.275,216.7,5450
2015-05-21T13:30:00.000Z,217.6,218.425,217,217.725,3696
2015-05-22T13:30:00.000Z,217.85,219.2,217.025,219,4140
2015-05-26T13:30:00.000Z,219.1,219.95,219.075,219.6,3871
2015-05-27T13:30:00.000Z,219.825,222.125,218.375,221.425,6637
2015-05-28T13:30:00.000Z,221.7,225.675,221.7,224.95,6786
2015-05-29T13:30:00.000Z,225.5,225.5,222.7,222.95,5779
2015-06-01T13:30:00.000Z,222.7,224.025,222.525,223.55,2730
2015-06-02T13:30:00.000Z,223.925,224.175,221.875,223.325,3090
2015-06-03T13:30:00.000Z,222.575,223.1,221.825,221.9,2715
2015-06-04T13:30:00.000Z,222.025,223.25,221.025,222.575,3013
2015-06-05T13:30:00.000Z,222.8,223.575,220.45,221.9,4426
2015-06-08T13:30:00.000Z,222.125,223.1,221.15,222.85,2612
2015-06-09T13:30:00.000Z,222.725,224.55,222.125,224.225,3823
2015-06-10T13:30:00.000Z,224.325,227.8,224.325,226.775,6036
2015-06-11T13:30:00.000Z,227.125,227.6,225.55,226.25,2778
2015-06-12T13:30:00.000Z,225.875,225.875,222.325,223.45,4621
2015-06-15T13:30:00.000Z,223.3,224.4,222.4,223.9,3384
2015-06-16T13:30:00.000Z,224.25,225.075,223.575,224.85,2794
2015-06-17T13:30:00.000Z,224.6,225.25,223.45,224.725,2745
2015-06-18T13:30:00.000Z,225,225.025,221.575,221.925,4979
2015-06-19T13:30:00.000Z,222,223.85,221.875,223.425,2997
2015-06-22T13:30:00.000Z,224,226.275,222.8,225.775,3977
2015-06-23T13:30:00.000Z,226.4,226.625,224.725,225.35,2853
2015-06-24T13:30:00.000Z,225.375,225.375,223.35,223.55,3888
2015-06-25T13:30:00.000Z,223.5,223.55,219.05,219.05,8041
2015-06-26T13:30:00.000Z,217.625,218.875,217.05,217.25,5583
2015-06-29T13:30:00.000Z,216.4,220.6,215.625,219.075,5690
2015-06-30T13:30:00.000Z,219.2,219.8,214.575,214.725,7522
2015-07-01T13:30:00.000Z,214.1,219.2,214.1,218.5,7570
2015-07-02T13:30:00.000Z,218.925,219.325,217.125,217.45,3744
2015-07-06T13:30:00.000Z,218.05,218.05,216.225,216.975,3339
2015-07-07T13:30:00.000Z,216.725,218.85,216.25,217.125,3860
2015-07-08T13:30:00.000Z,217.2,217.75,213.175,213.625,7514
2015-07-09T13:30:00.000Z,214.025,214.875,210.725,211.75,8346
2015-07-10T13:30:00.000Z,212.075,213.75,210.6,211.25,5820
2015-07-13T13:30:00.000Z,212,212.975,210.825,211.225,5705
2015-07-14T13:30:00.000Z,212,215.425,211.825,214.3,6926
2015-07-15T13:30:00.000Z,214.95,216.15,214.125,215.325,4685
2015-07-16T13:30:00.000Z,214.675,214.85,213.2,214.475,4188
2015-07-17T13:30:00.000Z,214.425,216.8,213.35,215.2,4912
2015-07-20T13:30:00.000Z,215.8,216.725,215.5,216.325,2322
2015-07-21T13:30:00.000Z,215.975,216.225,212.35,213.075,4428
2015-07-22T13:30:00.000Z,213.075,214.9,212,212.375,3849
2015-07-23T13:30:00.000Z,212.15,213.225,209.575,209.775,5511
2015-07-24T13:30:00.000Z,209.4,210.5,208.075,209.675,3670
2015-07-27T13:30:00.000Z,209.8,210.475,208.225,208.75,2833
2015-07-28T13:30:00.000Z,208.775,212.175,208.6,211.25,3726
2015-07-29T13:30:00.000Z,211.725,212.425,211,211.475,2047
2015-07-30T13:30:00.000Z,211.5,212.875,210.225,211.225,2283
2015-07-31T13:30:00.000Z,211.575,212.325,210.575,210.725,2195
2015-08-03T13:30:00.000Z,212,214.5,212,213.85,3470
2015-08-04T13:30:00.000Z,214.5,215.2,213.6,213.95,2505
2015-08-05T13:30:00.000Z,213.75,214.475,213.15,214.125,2088
2015-08-06T13:30:00.000Z,214.45,215.45,214.15,214.975,2515
2015-08-07T13:30:00.000Z,214.675,215.2,213.75,214.125,2657
2015-08-10T13:30:00.000Z,214.975,215.05,213.275,214.25,2913
2015-08-11T13:30:00.000Z,214.5,215.05,213.8,214.075,2065
2015-08-12T13:30:00.000Z,214.375,216,213,213.875,3805
2015-08-13T13:30:00.000Z,214.5,214.5,212.25,214.025,1956
2015-08-14T13:30:00.000Z,214.05,214.575,213.05,213.9,1368
2015-08-17T13:30:00.000Z,213.8,214.675,212.425,214.4,967
2015-08-18T13:30:00.000Z,214.025,214.8,213.775,214.55,651
2015-08-19T13:30:00.000Z,214.5,214.5,212.8,213.8,1875
2015-08-20T13:30:00.000Z,213.1,213.45,212.5,213.2,1385
2015-08-21T13:30:00.000Z,213,213.05,210.85,212,1778
2015-08-24T13:30:00.000Z,210.875,211.2,210.05,210.825,1596
2015-08-25T13:30:00.000Z,199.5,201.5,197.9,199.4,2073
2015-08-26T13:30:00.000Z,198.65,199.925,196.625,198.1,2254
2015-08-27T13:30:00.000Z,200,201.8,199.425,200.35,1760
2015-08-28T13:30:00.000Z,200.15,203.2,200.075,202.4,2554
2015-08-31T13:30:00.000Z,202.275,204.725,201.55,201.825,1685
2015-09-01T13:30:00.000Z,201.5,201.775,199.725,200.275,1546
2015-09-02T13:30:00.000Z,200.275,201.675,198.8,200.75,1556
2015-09-03T13:30:00.000Z,200.9,203.6,200.9,202.55,1221
2015-09-04T13:30:00.000Z,202.2,202.2,200.9,201.35,724
2015-09-08T13:30:00.000Z,202.075,204.9,201.35,204.3,1459
2015-09-09T13:30:00.000Z,204.45,205,203.25,203.825,1148
2015-09-10T13:30:00.000Z,203.525,204.3,202.85,203.95,914
2015-09-11T13:30:00.000Z,203.45,203.45,199.675,200.7,1098
2015-09-14T13:30:00.000Z,200.75,201.025,199.3,200.15,744
2015-09-15T13:30:00.000Z,199.775,200.775,197.55,198.325,1289
2015-09-16T13:30:00.000Z,197.775,197.775,193.825,194.125,1447
2015-09-17T13:30:00.000Z,193.55,194.2,192.6,193.2,817
2015-09-18T13:30:00.000Z,193.2,193.6,191.125,192.8,1257
2015-09-21T13:30:00.000Z,194.35,195.825,194.325,194.7,769
2015-09-22T13:30:00.000Z,187,188.675,186.4,186.875,3820
2015-09-23T13:30:00.000Z,185.9,186,182.375,182.375,3825
2015-09-24T13:30:00.000Z,181,184.65,177.1,180.1,7566
2015-09-25T13:30:00.000Z,182.9,184.6,182.25,184.6,2337
2015-09-28T13:30:00.000Z,185.2,186.65,183.65,185.275,3822
2015-09-29T13:30:00.000Z,184.925,185,180.775,180.825,3647
2015-09-30T13:30:00.000Z,180.05,182.875,176.925,178.175,5320
2015-10-01T13:30:00.000Z,177.525,180.45,174.65,177.4,3754
2015-10-02T13:30:00.000Z,175.85,180.35,175.025,179.5,1996
2015-10-05T13:30:00.000Z,179.5,181,176.55,178.125,1494
2015-10-06T13:30:00.000Z,177.5,182.625,176.725,182.525,2318
2015-10-07T13:30:00.000Z,182.85,186.75,182.725,184.95,2212
2015-10-08T13:30:00.000Z,184.65,189.45,183.95,187.875,1882
2015-10-09T13:30:00.000Z,187.825,189.575,186.375,188.975,2033
2015-10-12T13:30:00.000Z,189.75,191,189,189.375,1382
2015-10-13T13:30:00.000Z,189.45,190.75,188.3,189.7,1421
2015-10-14T13:30:00.000Z,189.7,192.15,189.5,190.8,2037
2015-10-15T13:30:00.000Z,191.175,191.55,189.1,189.775,1090
2015-10-16T13:30:00.000Z,189.5,193.925,188.6,193.8,953
2015-10-19T13:30:00.000Z,195,196.1,194.575,195,1280
2015-10-20T13:30:00.000Z,194.725,195.2,193.225,194.875,1432
2015-10-21T13:30:00.000Z,194.925,194.925,193.5,194.25,571
2015-10-22T13:30:00.000Z,194.2,196.3,194.2,195.55,755
2015-10-23T13:30:00.000Z,195.075,195.9,193.9,195.05,1125
2015-10-26T13:30:00.000Z,194,194.175,193.075,193.675,728
2015-10-27T13:30:00.000Z,190.05,190.2,187.2,187.75,3979
2015-10-28T13:30:00.000Z,189.725,192.25,189.675,192.25,3196
2015-10-29T13:30:00.000Z,193.4,194.125,190.825,191.925,3161
2015-10-30T13:30:00.000Z,191.9,192.125,190.15,190.9,2392
2015-11-02T14:30:00.000Z,190.5,192.6,189.7,192.275,2554
2015-11-03T14:30:00.000Z,192.4,192.475,190,190.65,1851
2015-11-04T14:30:00.000Z,189.775,189.875,186.15,186.15,2553
2015-11-05T14:30:00.000Z,184.975,185.25,180.175,181.625,5220
2015-11-06T14:30:00.000Z,181.65,184,180.05,181.625,2357
2015-11-09T14:30:00.000Z,181.375,181.375,177.125,177.125,3881
2015-11-10T14:30:00.000Z,176.15,178.375,170.375,171.55,3836
2015-11-11T14:30:00.000Z,173.4,175.875,173.25,174.85,1405
2015-11-12T14:30:00.000Z,175.525,178,173.875,175.375,2108
2015-11-13T14:30:00.000Z,175.55,176,172.025,175.075,1908
2015-11-16T14:30:00.000Z,173.325,173.55,171.5,172.3,1257
2015-11-17T14:30:00.000Z,160.1,164.6,158.05,161.3,5063
2015-11-18T14:30:00.000Z,160.95,165.675,160.85,163.95,5431
2015-11-19T14:30:00.000Z,163.95,164.625,161.65,162.45,3026
2015-11-20T14:30:00.000Z,162.175,164.9,161.125,163.65,3949
2015-11-23T14:30:00.000Z,162.675,166.25,160.925,165.4,4392
2015-11-24T14:30:00.000Z,164.7,167.35,163.15,164.675,3867
2015-11-25T14:30:00.000Z,164.725,165.975,164.425,164.975,2029
2015-11-27T14:30:00.000Z,165.025,166.55,164.825,166.025,1856
2015-11-30T14:30:00.000Z,165.9,165.95,161.75,162.75,4288
2015-12-01T14:30:00.000Z,162.5,165.3,158.75,164.4,7819
2015-12-02T14:30:00.000Z,163.85,164.675,159.9,160.725,5161
2015-12-03T14:30:00.000Z,159.05,161.075,156.775,159.75,6996
2015-12-04T14:30:00.000Z,159.925,161.5,158.3,159.45,3365
2015-12-07T14:30:00.000Z,157.45,158.475,154.95,156.45,5706
2015-12-08T14:30:00.000Z,155.675,157.7,151.95,153.85,5657
2015-12-09T14:30:00.000Z,152,153.7,149.35,150.625,6495
2015-12-10T14:30:00.000Z,149.875,153.9,147.75,153.05,6908
2015-12-11T14:30:00.000Z,152.85,154.075,149.275,152.125,4806
2015-12-14T14:30:00.000Z,151.15,152.35,147.625,148.15,3994
2015-12-15T14:30:00.000Z,146.6,150.4,146.375,148.525,4513
2015-12-16T14:30:00.000Z,148.3,148.75,145.775,147.7,2979
2015-12-17T14:30:00.000Z,147.4,147.675,143.2,144.25,5561
2015-12-18T14:30:00.000Z,145.525,148.75,145.525,148.75,1782
2015-12-21T14:30:00.000Z,152.75,155.5,152.75,155.5,4278
2015-12-22T14:30:00.000Z,155.075,160.125,153.6,158.65,5099
2015-12-23T14:30:00.000Z,159.2,163.15,159.2,163.075,3734
2015-12-24T14:30:00.000Z,163.175,163.9,160.225,163.475,1625
2015-12-28T14:30:00.000Z,163.475,164.4,161.8,162.65,2293
2015-12-29T14:30:00.000Z,162.35,163.15,161.55,162.475,1547
2015-12-30T14:30:00.000Z,162.7,166.975,162.625,165.95,2149
2015-12-31T14:30:00.000Z,166.65,167.85,166.025,166.9,1380
2016-01-04T14:30:00.000Z,166.25,169.1,164.025,167.625,1977
2016-01-05T14:30:00.000Z,169.05,169.575,167.025,167.775,1531
2016-01-06T14:30:00.000Z,166.975,168.975,166,168.325,1543
2016-01-07T14:30:00.000Z,167.25,167.5,163.825,163.825,1529
2016-01-08T14:30:00.000Z,163.05,165.55,158.7,159.425,2983
2016-01-11T14:30:00.000Z,159.15,160.225,158.125,159.45,1436
2016-01-12T14:30:00.000Z,160.45,161.9,158.575,160.225,1998
2016-01-13T14:30:00.000Z,160.825,161.725,159.775,160.775,1188
2016-01-14T14:30:00.000Z,160.55,160.85,157.85,158.8,1614
2016-01-15T14:30:00.000Z,156.9,157,154.3,154.3,1269
2016-01-19T14:30:00.000Z,155.375,157.95,154.15,156.55,1673
2016-01-20T14:30:00.000Z,154.5,156.725,152.7,155,1399
2016-01-21T14:30:00.000Z,156.25,159.5,155.5,158.675,1508
2016-01-22T14:30:00.000Z,159.5,160.4,157.75,159.425,1088
2016-01-25T14:30:00.000Z,160.3,160.925,160,160.225,909
2016-01-26T14:30:00.000Z,157.3,160,157.025,159.25,3678
2016-01-27T14:30:00.000Z,159.225,160.7,158.125,159.925,4904
2016-01-28T14:30:00.000Z,159.325,160.475,158.85,159.425,3496
2016-01-29T14:30:00.000Z,159.9,160.275,155.25,157.25,6305
2016-02-01T14:30:00.000Z,157.1,158.975,154.85,157.775,4978
2016-02-02T14:30:00.000Z,157.95,159.5,157.25,157.85,2982
2016-02-03T14:30:00.000Z,158.15,159.4,157.675,157.95,2936
2016-02-04T14:30:00.000Z,158.15,159.075,155.5,156.525,4060
2016-02-05T14:30:00.000Z,155.475,156.775,152.9,153.825,5890
2016-02-08T14:30:00.000Z,152,152,149.325,149.325,3727
2016-02-09T14:30:00.000Z,148.525,151.1,148,149,7943
2016-02-10T14:30:00.000Z,150.425,152.525,149.85,151.225,5878
2016-02-11T14:30:00.000Z,150.1,151.3,146.725,150.25,7637
2016-02-12T14:30:00.000Z,151.6,152.35,149.4,150.025,3101
2016-02-16T14:30:00.000Z,150.05,154.525,149.175,154.5,3919
2016-02-17T14:30:00.000Z,154.75,158,154.675,156,4207
2016-02-18T14:30:00.000Z,156.65,157.5,155.075,156.475,2707
2016-02-19T14:30:00.000Z,156.3,157.125,154.75,155.875,2205
2016-02-22T14:30:00.000Z,156.75,157.75,154.15,155.175,4402
2016-02-23T14:30:00.000Z,155.525,157.975,154.675,157.025,2339
2016-02-24T14:30:00.000Z,157.075,158.875,156.225,157.95,3370
2016-02-25T14:30:00.000Z,158.55,159.775,157.85,159.1,3116
2016-02-26T14:30:00.000Z,159.225,159.9,158,158.65,2989
2016-02-29T14:30:00.000Z,159.25,159.325,157.925,158.15,2175
2016-03-01T14:30:00.000Z,157.75,159.225,156.25,158.05,3509
2016-03-02T14:30:00.000Z,158.425,158.9,157.325,158.3,1738
2016-03-03T14:30:00.000Z,157.725,158.35,156.75,157.6,1629
2016-03-04T14:30:00.000Z,157.575,159.025,157.25,158.5,1570
2016-03-07T14:30:00.000Z,157.675,158.5,156.8,157.95,1754
2016-03-08T14:30:00.000Z,157.9,159.525,156.975,158.975,1155
2016-03-09T14:30:00.000Z,159.35,159.8,158.5,159.05,1366
2016-03-10T14:30:00.000Z,159.375,161.75,159.35,161.55,1802
2016-03-11T14:30:00.000Z,161.9,164.925,161.9,162.4,2238
2016-03-14T13:30:00.000Z,162.675,162.75,161.85,162.05,802
2016-03-15T13:30:00.000Z,162.05,164.05,161.525,163.975,806
2016-03-16T13:30:00.000Z,164.175,164.975,163.05,164.45,870
2016-03-17T13:30:00.000Z,164.25,165.225,163.3,163.725,799
2016-03-18T13:30:00.000Z,163.8,164.825,163.05,163.225,1083
2016-03-21T13:30:00.000Z,162.95,163.725,162.125,162.375,580
2016-03-22T13:30:00.000Z,162.425,162.6,161.15,161.55,1145
2016-03-23T13:30:00.000Z,161.775,161.975,161.15,161.4,431
2016-03-24T13:30:00.000Z,160.95,161.2,160.8,160.975,0
2016-03-29T13:30:00.000Z,155.575,156.65,155.15,156.075,2045
2016-03-30T13:30:00.000Z,156.475,156.5,151.825,152.575,3358
2016-03-31T13:30:00.000Z,152.575,157.075,151.45,157.075,2615
2016-04-01T13:30:00.000Z,157.2,157.65,155.375,156.2,1930
2016-04-04T13:30:00.000Z,156.475,157.325,156.125,156.675,1191
2016-04-05T13:30:00.000Z,156.225,156.225,152.375,152.625,2317
2016-04-06T13:30:00.000Z,153.025,155.175,152.3,153.175,1808
2016-04-07T13:30:00.000Z,153.175,154.875,151.85,154.15,1646
2016-04-08T13:30:00.000Z,155.5,157.6,155.5,155.9,1432
2016-04-11T13:30:00.000Z,156.1,156.9,155.15,155.55,454
2016-04-12T13:30:00.000Z,155.525,156.675,154.35,155.275,669
2016-04-13T13:30:00.000Z,155.675,155.875,154.05,154.8,666
2016-04-14T13:30:00.000Z,155,155.4,154.125,154.925,574
2016-04-15T13:30:00.000Z,155,155.75,154.5,155.075,369
2016-04-18T13:30:00.000Z,154.9,154.9,150.575,150.575,1509
2016-04-19T13:30:00.000Z,150.225,151.825,148.975,150.175,1098
2016-04-20T13:30:00.000Z,149.95,150.375,149.15,149.4,788
2016-04-21T13:30:00.000Z,148.925,150,148.575,149.45,601
2016-04-22T13:30:00.000Z,149.4,149.7,147.05,147.95,760
2016-04-25T13:30:00.000Z,147.95,148.1,145.75,146.025,1268
2016-04-26T13:30:00.000Z,143.9,145.4,143.65,145.175,2263
2016-04-27T13:30:00.000Z,145.225,146.9,143.575,145.075,4020
2016-04-28T13:30:00.000Z,144.15,144.6,140.575,140.575,3417
2016-04-29T13:30:00.000Z,139.7,141.575,138.575,140.425,2655
2016-05-02T13:30:00.000Z,140.675,143.1,140.375,141.425,2277
2016-05-03T13:30:00.000Z,142,143.725,141.225,143.4,2222
2016-05-04T13:30:00.000Z,142.575,145.325,142.15,144.925,2633
2016-05-05T13:30:00.000Z,144.975,148.25,144.975,147.95,2689
2016-05-06T13:30:00.000Z,147.95,148.75,146.95,147.375,2654
2016-05-09T13:30:00.000Z,149.025,151.85,149.025,150.8,3158
2016-05-10T13:30:00.000Z,150.8,151.15,149.5,150.2,1808
2016-05-11T13:30:00.000Z,150.1,151,147.975,149,2139
2016-05-12T13:30:00.000Z,148.975,150,147.025,147.825,1858
2016-05-13T13:30:00.000Z,147.65,148.925,143.5,147.05,1735
2016-05-16T13:30:00.000Z,148.2,149.575,148.2,148.65,841
2016-05-17T13:30:00.000Z,148.825,149.925,148.6,149.525,938
2016-05-18T13:30:00.000Z,149.85,149.925,149,149.5,635
2016-05-19T13:30:00.000Z,148.75,149.25,146.875,148.275,692
2016-05-20T13:30:00.000Z,148,148.95,147.75,148.625,707
2016-05-23T13:30:00.000Z,147.675,148.1,146.775,147,1335
2016-05-24T13:30:00.000Z,142.45,142.85,139.775,142.1,6082
2016-05-25T13:30:00.000Z,142.15,143.125,141.85,142.675,2498
2016-05-26T13:30:00.000Z,142.675,145.625,140.325,145.4,5386
2016-05-27T13:30:00.000Z,145.65,146.85,145.55,146.7,3535
2016-05-31T13:30:00.000Z,147.4,148.55,146.75,147.1,3866
2016-06-01T13:30:00.000Z,146.5,146.925,144.175,146.425,3735
2016-06-02T13:30:00.000Z,146.275,147.45,145.55,146.4,2805
2016-06-03T13:30:00.000Z,146.675,147.175,145.45,146.675,2772
2016-06-06T13:30:00.000Z,147.7,148.525,143.025,145.525,4943
2016-06-07T13:30:00.000Z,145.325,146.85,144.55,145.45,3375
2016-06-08T13:30:00.000Z,145.425,147.675,143,147.375,5521
2016-06-09T13:30:00.000Z,147.125,148,146.15,147.3,3192
2016-06-10T13:30:00.000Z,147.075,147.45,144.6,145.55,3222
2016-06-13T13:30:00.000Z,144,144.625,141.05,141.05,5617
2016-06-14T13:30:00.000Z,141.05,142.675,140,142.15,4979
2016-06-15T13:30:00.000Z,142.1,142.2,140,140.25,2986
2016-06-16T13:30:00.000Z,140.8,140.8,136.9,139.625,6592
2016-06-17T13:30:00.000Z,139.55,140.8,137.05,137.425,3891
2016-06-20T13:30:00.000Z,138.025,138.05,134.25,136.675,5340
2016-06-21T13:30:00.000Z,137,139.7,136.225,139.275,4280
2016-06-22T13:30:00.000Z,139.5,140.7,137.025,140.175,4869
2016-06-23T13:30:00.000Z,140.15,142.625,139.825,142.375,3598
2016-06-24T13:30:00.000Z,140.4,141.025,137.875,139.45,3842
2016-06-27T13:30:00.000Z,139.65,141.4,139.125,140.175,2908
2016-06-28T13:30:00.000Z,140.35,141.375,140.075,140.675,2100
2016-06-29T13:30:00.000Z,141.425,144.35,141,143.05,5599
2016-06-30T13:30:00.000Z,143.3,145.1,143.3,144.3,5338
2016-07-01T13:30:00.000Z,143.7,145.05,141.875,142.45,4469
2016-07-05T13:30:00.000Z,142.575,144.475,139.75,144.075,5154
2016-07-06T13:30:00.000Z,144.45,146.1,143.05,144.575,4981
2016-07-07T13:30:00.000Z,143.925,145.1,142.325,143.625,3776
2016-07-08T13:30:00.000Z,143.075,144.5,142.05,143.45,4589
2016-07-11T13:30:00.000Z,142.825,143.275,138.95,139.45,5913
2016-07-12T13:30:00.000Z,139.075,140.4,136.875,138.6,6482
2016-07-13T13:30:00.000Z,137.9,139.475,137.1,139.275,5238
2016-07-14T13:30:00.000Z,139.1,142.55,139.1,141.7,5774
2016-07-15T13:30:00.000Z,142.1,142.75,139.25,139.575,3746
2016-07-18T13:30:00.000Z,138.85,141.45,137.825,141.175,3383
2016-07-19T13:30:00.000Z,141.55,143.225,139.525,139.9,3859
2016-07-20T13:30:00.000Z,138.9,140.9,137.9,138.625,3843
2016-07-21T13:30:00.000Z,138.85,139.075,134.125,134.4,5639
2016-07-22T13:30:00.000Z,134.4,137.775,134.4,137.2,4501
2016-07-25T13:30:00.000Z,138.85,141.7,138.575,141.7,3903
2016-07-26T13:30:00.000Z,142.45,143.575,141.1,142.45,4098
2016-07-27T13:30:00.000Z,141.65,142.85,141.25,142.275,2599
2016-07-28T13:30:00.000Z,141.975,144.2,139.9,140.475,3625
2016-07-29T13:30:00.000Z,140.375,142.1,139.2,140.05,2589
2016-08-01T13:30:00.000Z,140.975,144.55,140.975,144.55,3363
2016-08-02T13:30:00.000Z,145.1,146.875,144.375,145.475,3485
2016-08-03T13:30:00.000Z,145.45,147.9,145.025,147.475,2474
2016-08-04T13:30:00.000Z,147.4,149.85,146.85,147.575,3387
2016-08-05T13:30:00.000Z,148.5,149.95,147.525,149.65,3652
2016-08-08T13:30:00.000Z,149.9,150.85,148.6,149.125,2570
2016-08-09T13:30:00.000Z,149.05,151.1,148.375,150.175,2103
2016-08-10T13:30:00.000Z,150.5,151.2,149.15,149.725,1105
2016-08-11T13:30:00.000Z,149.475,150.15,146.55,148.725,1746
2016-08-12T13:30:00.000Z,148.6,149.6,147.275,149.075,811
2016-08-15T13:30:00.000Z,149.2,150,148.45,148.65,862
2016-08-16T13:30:00.000Z,148.425,148.675,146.825,147.125,1837
2016-08-17T13:30:00.000Z,146.85,147.625,146.275,146.725,1074
2016-08-18T13:30:00.000Z,146.825,147,144.9,145.025,1377
2016-08-19T13:30:00.000Z,145.125,146.3,144.4,146.075,1480
2016-08-22T13:30:00.000Z,146.35,147.6,145.975,147.025,1860
2016-08-23T13:30:00.000Z,143.95,144.975,143.525,143.925,2029
2016-08-24T13:30:00.000Z,144.025,144.4,142.1,143,2737
2016-08-25T13:30:00.000Z,142.775,143,141.025,141.8,3187
2016-08-26T13:30:00.000Z,141.5,142.6,139.275,139.925,2884
2016-08-29T13:30:00.000Z,139.45,139.85,138.275,139.15,3317
2016-08-30T13:30:00.000Z,139.325,143.375,137,142.525,4429
2016-08-31T13:30:00.000Z,143.075,143.25,138.5,140.525,3851
2016-09-01T13:30:00.000Z,140.05,140.375,136.7,137.3,1975
2016-09-02T13:30:00.000Z,137.25,138.6,134.6,134.875,2873
2016-09-06T13:30:00.000Z,134.6,134.75,130.375,130.5,2729
2016-09-07T13:30:00.000Z,130.3,133.95,129.875,133.15,2699
2016-09-08T13:30:00.000Z,133.3,134.05,130.25,131.6,2320
2016-09-09T13:30:00.000Z,131.6,135.05,130.15,134.225,1953
2016-09-12T13:30:00.000Z,134.45,136.075,134.05,134.925,1380
2016-09-13T13:30:00.000Z,134.625,134.775,132.375,133.375,797
2016-09-14T13:30:00.000Z,133.05,133.55,131.375,132.675,809
2016-09-15T13:30:00.000Z,133.75,134.5,132.725,133.975,1018
2016-09-16T13:30:00.000Z,134.05,136.45,133.675,135.5,1401
2016-09-19T13:30:00.000Z,136.4,136.4,134.5,135.45,470
2016-09-20T13:30:00.000Z,135.275,135.9,135.075,135.325,542
2016-09-21T13:30:00.000Z,135.8,136.825,135.325,136.35,954
2016-09-22T13:30:00.000Z,136.6,137.45,136.55,137,775
2016-09-23T13:30:00.000Z,136.725,136.975,135.1,136.825,1003
2016-09-26T13:30:00.000Z,136.45,136.55,135.825,136.05,455
2016-09-27T13:30:00.000Z,130.375,130.75,126.55,126.85,5007
2016-09-28T13:30:00.000Z,126.175,130.7,125.75,128.025,4813
2016-09-29T13:30:00.000Z,128.025,128.975,127.05,127.5,2193
2016-09-30T13:30:00.000Z,127.2,127.75,123,123.15,4425
2016-10-03T13:30:00.000Z,122.65,126.125,122.15,123.975,3182
2016-10-04T13:30:00.000Z,124.625,128.2,124.575,128,2944
2016-10-05T13:30:00.000Z,127.825,128.625,126.175,127.45,2128
2016-10-06T13:30:00.000Z,127.2,128.525,126,127.825,2657
2016-10-07T13:30:00.000Z,127.05,128.175,126.55,127.625,1449
2016-10-10T13:30:00.000Z,127.35,128.4,123.4,124.65,1737
2016-10-11T13:30:00.000Z,124.325,126.325,123.325,124.125,1742
2016-10-12T13:30:00.000Z,123.65,124.125,121.15,122,2374
2016-10-13T13:30:00.000Z,121.675,121.9,119.3,119.45,2199
2016-10-14T13:30:00.000Z,119.8,121.675,119.575,120.375,1677
2016-10-17T13:30:00.000Z,120.075,122.225,119.875,121.7,984
2016-10-18T13:30:00.000Z,121.6,122.125,120.875,122.025,1416
2016-10-19T13:30:00.000Z,121.525,121.925,118.9,119.025,1294
2016-10-20T13:30:00.000Z,119.125,121.9,119.125,121.75,706
2016-10-21T13:30:00.000Z,121.65,123.15,121.125,121.875,1522
2016-10-24T13:30:00.000Z,122.575,122.75,121.85,122.375,873
2016-10-25T13:30:00.000Z,122.5,124.775,122.225,122.65,4508
2016-10-26T13:30:00.000Z,122.55,124.425,122.325,123.925,3408
2016-10-27T13:30:00.000Z,123.75,125.475,123.6,123.875,3324
2016-10-28T13:30:00.000Z,124.05,125.05,121.325,121.55,3704
2016-10-31T13:30:00.000Z,121.975,122.95,120.8,121.85,2160
2016-11-01T13:30:00.000Z,122.125,126.35,122.075,126.175,3396
2016-11-02T13:30:00.000Z,126.5,127.35,125.425,126.575,1961
2016-11-03T13:30:00.000Z,126.5,126.9,124.575,125.85,2589
2016-11-04T13:30:00.000Z,125.925,125.95,123.7,125.625,1739
2016-11-07T14:30:00.000Z,125.725,125.85,122.5,124.075,1890
2016-11-08T14:30:00.000Z,123.9,125.45,123.25,124.4,1300
2016-11-09T14:30:00.000Z,124,125.15,123.775,124.55,725
2016-11-10T14:30:00.000Z,125,125.85,124.7,125.2,813
2016-11-11T14:30:00.000Z,124.95,125.775,124.95,125.725,799
2016-11-14T14:30:00.000Z,125.725,126.4,125.725,126.025,1314
2016-11-15T14:30:00.000Z,122.725,123.275,121.625,123.025,3541
2016-11-16T14:30:00.000Z,122.775,125.675,122.65,125.325,5739
2016-11-17T14:30:00.000Z,125.4,126.525,124.45,124.925,5888
2016-11-18T14:30:00.000Z,124.6,125.725,123.975,124.975,3520
2016-11-21T14:30:00.000Z,125,126.5,123.55,124.175,3689
2016-11-22T14:30:00.000Z,123.8,124.7,123.1,124.05,3174
2016-11-23T14:30:00.000Z,124.025,125.125,123.6,124.9,2533
2016-11-25T14:30:00.000Z,125.75,127.5,125.75,127.225,3647
2016-11-28T14:30:00.000Z,127.3,128.225,125.85,126.8,4639
2016-11-29T14:30:00.000Z,126.225,127.75,125.575,126.975,4277
2016-11-30T14:30:00.000Z,126.95,128.725,126.95,128.425,4624
2016-12-01T14:30:00.000Z,129.25,129.6,127.325,127.775,5398
2016-12-02T14:30:00.000Z,127.775,128.1,124.2,124.6,5319
2016-12-05T14:30:00.000Z,124.775,125.5,124.025,124.325,3259
2016-12-06T14:30:00.000Z,124.7,127.425,122.925,126.85,5462
2016-12-07T14:30:00.000Z,126.7,127.55,125.4,126.975,5206
2016-12-08T14:30:00.000Z,126.6,127.75,124.575,126.6,5464
2016-12-09T14:30:00.000Z,125.825,126.175,124.875,125.95,3922
2016-12-12T14:30:00.000Z,126.075,129.075,125.125,128.55,5721
2016-12-13T14:30:00.000Z,129,129.8,128.65,128.975,6403
2016-12-14T14:30:00.000Z,128.65,129.675,127.075,127.7,5212
2016-12-15T14:30:00.000Z,127.4,128.325,126.825,127.7,3422
2016-12-16T14:30:00.000Z,127.925,130,127.875,129.9,4589
2016-12-19T14:30:00.000Z,129.9,130.925,129.25,130.875,3490
2016-12-20T14:30:00.000Z,130.8,131.55,129.35,130,5815
2016-12-21T14:30:00.000Z,129.825,130.875,128.9,130.225,4086
2016-12-22T14:30:00.000Z,130.275,131.2,129.75,131.125,2707
2016-12-23T14:30:00.000Z,130.825,131.425,129.425,130.725,2759
2016-12-27T14:30:00.000Z,130.05,130.7,129.525,129.95,1375
2016-12-28T14:30:00.000Z,129.9,131.9,129.75,131.725,2161
2016-12-29T14:30:00.000Z,131.725,132,130.975,131.925,2039
2016-12-30T14:30:00.000Z,131.825,132.925,129.6,130.45,2426
2017-01-03T14:30:00.000Z,131.125,131.65,129.775,130.2,1748
2017-01-04T14:30:00.000Z,129.7,130.45,128.1,128.5,3473
2017-01-05T14:30:00.000Z,128.9,129.625,128.1,128.25,1942
2017-01-06T14:30:00.000Z,128.25,128.8,127.75,128.325,1774
2017-01-09T14:30:00.000Z,128.425,129.65,127.25,129.275,2431
2017-01-10T14:30:00.000Z,129.825,132.875,129.325,132.7,2454
2017-01-11T14:30:00.000Z,132.275,133.1,131.1,132.05,1848
2017-01-12T14:30:00.000Z,131.1,131.2,128.45,130.325,1613
2017-01-13T14:30:00.000Z,130.1,130.9,129.35,130.45,1339
2017-01-17T14:30:00.000Z,130.65,131.225,130.475,130.925,1011
2017-01-18T14:30:00.000Z,130.9,131.575,130.55,131,814
2017-01-19T14:30:00.000Z,131.1,132.175,131,131.95,1247
2017-01-20T14:30:00.000Z,132.1,133.2,131.7,133.1,1218
2017-01-23T14:30:00.000Z,132.975,132.975,132.25,132.775,1174
2017-01-24T14:30:00.000Z,130.6,131.325,129.175,130.175,4503
2017-01-25T14:30:00.000Z,129.875,130.9,129.2,129.85,3666
2017-01-26T14:30:00.000Z,129.6,129.6,126.275,127.1,5264
2017-01-27T14:30:00.000Z,126.9,127.575,126.1,127.45,4555
2017-01-30T14:30:00.000Z,125.2,125.2,123.5,123.9,5379
2017-01-31T14:30:00.000Z,123.8,124.525,122.325,122.775,6169
2017-02-01T14:30:00.000Z,122.1,123.675,121.075,122.075,7195
2017-02-02T14:30:00.000Z,122.425,123.9,121.825,123.75,5888
2017-02-03T14:30:00.000Z,124.1,124.85,123.25,123.575,4156
2017-02-06T14:30:00.000Z,123.575,124.55,123.025,123.525,3943
2017-02-07T14:30:00.000Z,124,124.6,123.625,124.225,5052
2017-02-08T14:30:00.000Z,124.2,124.475,121.95,122.3,7345
2017-02-09T14:30:00.000Z,122.525,123.8,121.9,123.625,5961
2017-02-10T14:30:00.000Z,123.775,124.725,121.525,122.075,6144
2017-02-13T14:30:00.000Z,122.1,122.875,120.5,121.825,7332
2017-02-14T14:30:00.000Z,121.825,124.15,121.675,124,5151
2017-02-15T14:30:00.000Z,124.175,125.05,123.8,124.275,4940
2017-02-16T14:30:00.000Z,123.875,124.65,122.8,123.825,2899
2017-02-17T14:30:00.000Z,123.725,124.55,123.4,124.075,3293
2017-02-21T14:30:00.000Z,124.6,125.625,124.3,124.55,4142
2017-02-22T14:30:00.000Z,124.55,125.3,123.2,125.1,5734
2017-02-23T14:30:00.000Z,125.225,125.9,124.975,125.15,4801
2017-02-24T14:30:00.000Z,124.975,125.1,121.5,121.7,7069
2017-02-27T14:30:00.000Z,122.675,124.275,122.25,123.85,5585
2017-02-28T14:30:00.000Z,123.875,125.525,123.025,125.075,3923
2017-03-01T14:30:00.000Z,125.075,125.9,123.925,124.5,2450
2017-03-02T14:30:00.000Z,124.35,124.4,123.125,123.45,3973
2017-03-03T14:30:00.000Z,123.525,124.375,122.625,124.225,1806
2017-03-06T14:30:00.000Z,124.75,125.075,123.8,124.075,1263
2017-03-07T14:30:00.000Z,124.075,124.625,123.475,123.95,1711
2017-03-08T14:30:00.000Z,124.075,125.275,123.3,124.375,1517
2017-03-09T14:30:00.000Z,125.05,126.375,124.95,126.15,1754
2017-03-10T14:30:00.000Z,126.225,127.725,125.8,127.475,1975
2017-03-13T13:30:00.000Z,128,129.3,127.75,128.6,1318
2017-03-14T13:30:00.000Z,128.65,128.775,127,127.85,1374
2017-03-15T13:30:00.000Z,127.85,129.425,127.825,129.225,1065
2017-03-16T13:30:00.000Z,129.45,130.6,129.4,130.55,1456
2017-03-17T13:30:00.000Z,130.525,131.45,130.275,131.325,788
2017-03-20T13:30:00.000Z,131.575,132.2,130.5,131.475,963
2017-03-21T13:30:00.000Z,131.875,132.25,131.05,132,512
2017-03-22T13:30:00.000Z,132.2,135.5,132.2,134,1207
2017-03-23T13:30:00.000Z,134.425,134.925,133.55,133.7,636
2017-03-24T13:30:00.000Z,134.075,134.75,133.025,133.375,469
2017-03-27T13:30:00.000Z,132.8,133.15,132.15,132.15,913
2017-03-28T13:30:00.000Z,133,133.7,132.575,132.95,2570
2017-03-29T13:30:00.000Z,133.25,135.475,132.95,134.4,3575
2017-03-30T13:30:00.000Z,133.925,134,132.175,132.55,2251
2017-03-31T13:30:00.000Z,132.2,134.1,131.25,133.95,2358
2017-04-03T13:30:00.000Z,133.875,134.45,132.575,133.075,1362
2017-04-04T13:30:00.000Z,132.675,132.675,130.8,131.025,3237
2017-04-05T13:30:00.000Z,130.525,130.925,129.65,130.525,2800
2017-04-06T13:30:00.000Z,131.45,132.375,130.325,131.95,3299
2017-04-07T13:30:00.000Z,132.025,134.425,132,133.75,1325
2017-04-10T13:30:00.000Z,134.225,136.4,134.225,135.3,1321
2017-04-11T13:30:00.000Z,135.3,137.7,134.95,137.175,1664
2017-04-12T13:30:00.000Z,137.525,139.475,136.725,137.5,1946
2017-04-13T13:30:00.000Z,137.725,138.625,136.525,137.8,1677
2017-04-17T13:30:00.000Z,138.3,139.2,137.95,139.05,841
2017-04-18T13:30:00.000Z,139.05,139.825,138.025,138.675,1469
2017-04-19T13:30:00.000Z,138.5,139.2,137.175,138.675,1071
2017-04-20T13:30:00.000Z,138.95,139.575,137.625,137.9,1806
2017-04-21T13:30:00.000Z,138.4,139.05,138.15,138.55,1355
2017-04-24T13:30:00.000Z,138.675,138.9,137.85,138.25,1696
2017-04-25T13:30:00.000Z,137.975,138.7,136.75,137.675,5573
2017-04-26T13:30:00.000Z,138.05,142.175,137.725,142.075,5261
2017-04-27T13:30:00.000Z,142.45,146.575,141.725,146.575,4578
2017-04-28T13:30:00.000Z,147.25,149.85,144.4,149.55,4874
2017-05-01T13:30:00.000Z,149.75,150.95,147.525,148.6,3394
2017-05-02T13:30:00.000Z,148.6,153.1,147.95,149.625,3626
2017-05-03T13:30:00.000Z,150.175,154.1,148.8,153.3,3316
2017-05-04T13:30:00.000Z,154,156.75,147.85,148.275,4112
2017-05-05T13:30:00.000Z,148.6,148.6,143.775,143.775,2361
2017-05-08T13:30:00.000Z,143.775,148.6,143.675,148.3,3738
2017-05-09T13:30:00.000Z,148.9,150.15,143.8,144.525,2286
2017-05-10T13:30:00.000Z,144.4,145.5,142.425,144.5,2063
2017-05-11T13:30:00.000Z,144.9,144.9,140.525,142.375,1835
2017-05-12T13:30:00.000Z,143.8,145.775,142.175,144.55,2327
2017-05-15T13:30:00.000Z,145.175,145.6,141.25,142.525,1008
2017-05-16T13:30:00.000Z,141.5,141.75,139.275,140.95,1436
2017-05-17T13:30:00.000Z,141.45,142.3,140.65,141.975,817
2017-05-18T13:30:00.000Z,141.525,142.825,141.3,142.275,832
2017-05-19T13:30:00.000Z,142.7,143.85,142.5,143.35,727
2017-05-22T13:30:00.000Z,143.45,144.625,143.3,144.25,928
2017-05-23T13:30:00.000Z,153.1,153.7,151.275,151.5,4589
2017-05-24T13:30:00.000Z,150.75,151.025,147.125,148.675,7456
2017-05-25T13:30:00.000Z,149,151.25,147.875,151.125,4457
2017-05-26T13:30:00.000Z,151.4,151.575,146.625,146.95,6693
2017-05-30T13:30:00.000Z,146.75,150.25,145.225,149.925,6282
2017-05-31T13:30:00.000Z,150.375,153.15,149.5,152.575,7316
2017-06-01T13:30:00.000Z,153.075,157.075,152.95,157.075,6003
2017-06-02T13:30:00.000Z,158.6,159.625,156.6,158.725,7616
2017-06-05T13:30:00.000Z,159.25,160.725,158,159.875,4855
2017-06-06T13:30:00.000Z,160.675,160.9,155.375,155.375,5409
2017-06-07T13:30:00.000Z,154.725,156.25,151.7,154.8,7565
2017-06-08T13:30:00.000Z,155.05,156.85,153.05,153.95,5726
2017-06-09T13:30:00.000Z,154.175,155,152.55,154.175,3815
2017-06-12T13:30:00.000Z,154.525,155.15,149.875,151.55,5888
2017-06-13T13:30:00.000Z,151.625,153.05,148.675,149.95,4552
2017-06-14T13:30:00.000Z,149.1,149.4,145.55,146.125,7649
2017-06-15T13:30:00.000Z,145.375,147.775,144.75,147.075,6142
2017-06-16T13:30:00.000Z,147.85,148.925,146.8,147.875,4179
2017-06-19T13:30:00.000Z,148.325,148.725,144.075,145,4962
2017-06-20T13:30:00.000Z,144.15,144.925,140.775,143.925,6830
2017-06-21T13:30:00.000Z,145,145.775,143.4,144.65,5009
2017-06-22T13:30:00.000Z,143.275,144.2,141.7,143.45,3911
2017-06-23T13:30:00.000Z,144.025,145.475,143.7,144.95,3531
2017-06-26T13:30:00.000Z,144.8,149.45,144.125,149.45,6685
2017-06-27T13:30:00.000Z,150.2,150.7,144.625,144.875,7588
2017-06-28T13:30:00.000Z,143.775,146.65,142.925,146.4,5535
2017-06-29T13:30:00.000Z,146.65,147.9,145.275,147.175,4412
2017-06-30T13:30:00.000Z,147,148.2,144.8,147.925,5454
2017-07-03T13:30:00.000Z,147.95,148.225,145,146.1,4764
2017-07-05T13:30:00.000Z,146.125,146.225,142.05,142.225,6863
2017-07-06T13:30:00.000Z,142.85,145.35,141.2,144.625,8219
2017-07-07T13:30:00.000Z,145.15,145.85,143.85,145.025,4870
2017-07-10T13:30:00.000Z,144.6,145.35,143.2,144.675,5089
2017-07-11T13:30:00.000Z,144.7,148,144.075,147.25,6257
2017-07-12T13:30:00.000Z,148,151.75,147.2,151.75,6674
2017-07-13T13:30:00.000Z,152.5,154.575,151.35,153.025,9426
2017-07-14T13:30:00.000Z,153.025,154.8,151.825,154.275,6702
2017-07-17T13:30:00.000Z,153.525,155.575,153.525,154.425,5747
2017-07-18T13:30:00.000Z,153.85,153.9,150.525,151.6,6048
2017-07-19T13:30:00.000Z,149.95,155.175,149.6,154.5,6938
2017-07-20T13:30:00.000Z,154.65,154.975,152.025,152.275,4491
2017-07-21T13:30:00.000Z,152.875,153.95,151.8,152.95,4611
2017-07-24T13:30:00.000Z,149.6,149.75,148.45,148.45,5085
2017-07-25T13:30:00.000Z,148.45,149.175,146.3,146.525,5738
2017-07-26T13:30:00.000Z,146.9,148.425,144.925,146.475,5134
2017-07-27T13:30:00.000Z,147.175,148.975,145.925,147.825,7105
2017-07-28T13:30:00.000Z,148,148.075,145.075,146.05,6715
2017-07-31T13:30:00.000Z,146.075,147.4,144.65,146.175,5629
2017-08-01T13:30:00.000Z,146.9,149.625,146.475,149.175,3925
2017-08-02T13:30:00.000Z,149.3,150.7,147.225,150.25,3456
2017-08-03T13:30:00.000Z,150.725,151.55,149.8,150.65,3386
2017-08-04T13:30:00.000Z,150.325,150.65,149.325,149.95,3088
2017-08-07T13:30:00.000Z,149.5,149.525,145.675,146.25,4518
2017-08-08T13:30:00.000Z,146.25,147.175,145.05,146.025,2514
2017-08-09T13:30:00.000Z,145.525,145.525,141.525,141.525,4394
2017-08-10T13:30:00.000Z,141.475,142.175,140.6,141.175,2394
2017-08-11T13:30:00.000Z,141.475,142.85,140.525,141.775,2769
2017-08-14T13:30:00.000Z,141.825,142.625,140.875,142.3,1804
2017-08-15T13:30:00.000Z,142.4,145.9,140.925,145.35,2892
2017-08-16T13:30:00.000Z,145.3,145.325,141.9,142.25,1816
2017-08-17T13:30:00.000Z,142.25,142.8,140.175,140.475,2444
2017-08-18T13:30:00.000Z,140.5,141.775,139.15,140.5,1897
2017-08-21T13:30:00.000Z,140.25,140.35,139.25,139.8,1192
2017-08-22T13:30:00.000Z,140,142.275,139.775,142.075,1032
2017-08-23T13:30:00.000Z,142.425,142.575,141.125,141.625,873
2017-08-24T13:30:00.000Z,141.175,141.8,140.125,141.6,1189
2017-08-25T13:30:00.000Z,142.1,142.525,141,141.375,1178
2017-08-28T13:30:00.000Z,142,143.1,141.9,142.425,1204
2017-08-29T13:30:00.000Z,146,147.025,142.55,143.025,3039
2017-08-30T13:30:00.000Z,142.925,143.925,141.525,143.75,2173
2017-08-31T13:30:00.000Z,143.85,145.475,141.775,142.575,2533
2017-09-01T13:30:00.000Z,142.9,143.85,142.05,142.725,1741
2017-09-05T13:30:00.000Z,142.725,144.3,141.75,142.05,1914
2017-09-06T13:30:00.000Z,142.225,143.75,142,143.3,1438
2017-09-07T13:30:00.000Z,144,146.5,143.9,145.55,3080
2017-09-08T13:30:00.000Z,145.975,148.35,145.8,147.875,2203
2017-09-11T13:30:00.000Z,148.2,148.7,147.375,148.45,1755
2017-09-12T13:30:00.000Z,148.25,148.8,147.5,147.975,1551
2017-09-13T13:30:00.000Z,147.75,148.925,146.25,148.6,1331
2017-09-14T13:30:00.000Z,148.9,149.625,147.6,148.8,1470
2017-09-15T13:30:00.000Z,148.95,150.5,148.2,150.225,1420
2017-09-18T13:30:00.000Z,150.325,151.675,150.325,150.8,1063
2017-09-19T13:30:00.000Z,150.75,151.65,150.65,151.575,787
2017-09-20T13:30:00.000Z,151.4,154.125,151.375,153.975,1796
2017-09-21T13:30:00.000Z,153.975,154,152.25,153.175,837
2017-09-22T13:30:00.000Z,152.875,153.875,152.25,153.4,1301
2017-09-25T13:30:00.000Z,151.675,151.75,150,150.475,1048
2017-09-26T13:30:00.000Z,150.925,151.95,149.675,150.65,4350
2017-09-27T13:30:00.000Z,150.975,153,150.85,152.7,3244
2017-09-28T13:30:00.000Z,152.575,153.6,152.2,152.95,1953
2017-09-29T13:30:00.000Z,153.125,153.5,151.75,152.225,3079
2017-10-02T13:30:00.000Z,152.3,153.2,150.15,150.35,2248
2017-10-03T13:30:00.000Z,150.95,152.925,150.5,152.425,2124
2017-10-04T13:30:00.000Z,153.15,153.425,152,152.1,1627
2017-10-05T13:30:00.000Z,152.55,153.625,152.35,153.575,1780
2017-10-06T13:30:00.000Z,153.625,154.625,153.275,153.95,1530
2017-10-09T13:30:00.000Z,154.1,154.4,153,153.775,1422
2017-10-10T13:30:00.000Z,154,154.975,153.675,154.075,2163
2017-10-11T13:30:00.000Z,153.825,154.4,152.975,154.15,1856
2017-10-12T13:30:00.000Z,153.975,155.025,152.95,153.55,1461
2017-10-13T13:30:00.000Z,153.6,154.375,152.725,154.05,950
2017-10-16T13:30:00.000Z,154.175,154.775,153.825,154,989
2017-10-17T13:30:00.000Z,153.95,154.2,152.1,152.15,1501
2017-10-18T13:30:00.000Z,152.15,153.15,151.2,152.525,1962
2017-10-19T13:30:00.000Z,152.825,153.5,151.75,153.15,1033
2017-10-20T13:30:00.000Z,153.35,153.9,152.5,153.625,1852
2017-10-23T13:30:00.000Z,152.025,153.7,151.675,153.625,1308
2017-10-24T13:30:00.000Z,153.025,156.5,152.65,156.125,4703
2017-10-25T13:30:00.000Z,156.125,157.65,155.375,156.175,4171
2017-10-26T13:30:00.000Z,156.175,157.625,155.8,157.175,2978
2017-10-27T13:30:00.000Z,157.65,157.9,155.525,156.475,2550
2017-10-30T13:30:00.000Z,158.45,160.3,157.75,158.325,4379
2017-10-31T13:30:00.000Z,158.5,160.05,157.925,159.425,3546
2017-11-01T13:30:00.000Z,159.725,160.475,158.675,159.7,2982
2017-11-02T13:30:00.000Z,159.725,160.55,157.5,157.925,2611
2017-11-03T13:30:00.000Z,159.7,161.5,159.4,160.875,2408
2017-11-06T14:30:00.000Z,160.875,161.1,159,160.15,1676
2017-11-07T14:30:00.000Z,160.4,160.45,158.875,159.875,1426
2017-11-08T14:30:00.000Z,159.575,159.775,157.125,157.325,1853
2017-11-09T14:30:00.000Z,157.525,158.575,156.775,158.475,1408
2017-11-10T14:30:00.000Z,158.55,158.95,157.625,158.475,1733
2017-11-13T14:30:00.000Z,158.175,159.375,157.55,158.7,2427
2017-11-14T14:30:00.000Z,156.65,156.875,153.575,153.9,6940
2017-11-15T14:30:00.000Z,153.575,154.4,152.75,154.25,6185
2017-11-16T14:30:00.000Z,154.175,154.35,153.2,153.9,4363
2017-11-17T14:30:00.000Z,154,154,151.35,151.725,5292
2017-11-20T14:30:00.000Z,151,151.85,149.3,149.55,6050
2017-11-21T14:30:00.000Z,150.075,152.05,149.5,151.625,5908
2017-11-22T14:30:00.000Z,152.75,153.425,152.475,152.725,2967
2017-11-24T14:30:00.000Z,152.55,153.575,151.75,153.3,2972
2017-11-27T14:30:00.000Z,153.325,155.125,152.775,154.45,4798
2017-11-28T14:30:00.000Z,154.75,154.925,153.325,154.5,4535
2017-11-29T14:30:00.000Z,154.7,155.875,154.5,155.575,4506
2017-11-30T14:30:00.000Z,155.475,156.05,152.15,154.175,7708
2017-12-01T14:30:00.000Z,154.2,154.2,149.85,150.325,7380
2017-12-04T14:30:00.000Z,150.025,150.875,148.825,149.95,5648
2017-12-05T14:30:00.000Z,150.525,151.1,146.05,147.825,8117
2017-12-06T14:30:00.000Z,147.55,147.55,145.475,146.025,7039
2017-12-07T14:30:00.000Z,146.025,146.675,144.9,146.325,7860
2017-12-08T14:30:00.000Z,146.75,147,144.95,145.225,6264
2017-12-11T14:30:00.000Z,145.35,146.275,144.45,145.45,6216
2017-12-12T14:30:00.000Z,145.7,148,145.275,147.1,7283
2017-12-13T14:30:00.000Z,147.325,148.375,145.35,145.65,6513
2017-12-14T14:30:00.000Z,145.65,146.8,145.25,146.25,4959
2017-12-15T14:30:00.000Z,146.7,148.225,145.05,147.75,5299
2017-12-18T14:30:00.000Z,148.5,148.85,146.65,147.65,4553
2017-12-19T14:30:00.000Z,147.75,148.25,144.7,145.2,6216
2017-12-20T14:30:00.000Z,145.2,145.2,140.975,141.775,7554
2017-12-21T14:30:00.000Z,142.1,143.175,141.05,142.925,4008
2017-12-22T14:30:00.000Z,143.2,143.425,141.075,141.55,2253
2017-12-26T14:30:00.000Z,141.625,145,141.625,144.4,2371
2017-12-27T14:30:00.000Z,144.875,145.725,144.3,145.175,2069
2017-12-28T14:30:00.000Z,145.075,146.65,144.1,145.6,2330
2017-12-29T14:30:00.000Z,145.925,146.4,144.5,146,2359
2018-01-02T14:30:00.000Z,146.85,149.75,146.8,149.525,2081
2018-01-03T14:30:00.000Z,149.725,149.75,148.825,149.375,1272
2018-01-04T14:30:00.000Z,149.425,150.925,148.625,149.025,2256
2018-01-05T14:30:00.000Z,148.95,148.95,145.7,146.625,2412
2018-01-08T14:30:00.000Z,146.2,147.075,145.4,146.45,1996
2018-01-09T14:30:00.000Z,146.375,147,143.9,145.475,3447
2018-01-10T14:30:00.000Z,145.875,146.85,144,144.375,2301
2018-01-11T14:30:00.000Z,143.725,144.625,142.1,143.825,1581
2018-01-12T14:30:00.000Z,143.85,144.75,143.1,144.35,1331
2018-01-16T14:30:00.000Z,144.7,145.75,144,145.6,1506
2018-01-17T14:30:00.000Z,145.25,148.95,144.75,147.875,2736
2018-01-18T14:30:00.000Z,148.5,149.475,148.175,149.175,1196
2018-01-19T14:30:00.000Z,149.4,149.5,147.35,147.95,1118
2018-01-22T14:30:00.000Z,148.2,148.275,147.5,147.9,1220
2018-01-23T14:30:00.000Z,146.1,147.5,145.15,146.975,5099
2018-01-24T14:30:00.000Z,147.3,147.725,146.1,146.4,4209
2018-01-25T14:30:00.000Z,146.65,147.3,142.425,143.925,6824
2018-01-26T14:30:00.000Z,143.9,147.475,143.25,146.725,6452
2018-01-29T14:30:00.000Z,148.05,149.475,146.15,147,5861
2018-01-30T14:30:00.000Z,146.55,147.675,144.425,147.175,7146
2018-01-31T14:30:00.000Z,146.5,147.4,144.75,145.05,5243
2018-02-01T14:30:00.000Z,145.825,149.55,145.425,149.55,7172
2018-02-02T14:30:00.000Z,149.7,151.6,149.325,150.925,8264
2018-02-05T14:30:00.000Z,150.8,151.95,148.05,149.675,7700
2018-02-06T14:30:00.000Z,148.175,150.05,147.925,148.725,4755
2018-02-07T14:30:00.000Z,148.775,149.725,148.125,148.3,6119
2018-02-08T14:30:00.000Z,148.725,150.25,147.05,147.25,8100
2018-02-09T14:30:00.000Z,147.25,147.825,144.2,146.2,10107
2018-02-12T14:30:00.000Z,146,148.65,145.525,147.675,6299
2018-02-13T14:30:00.000Z,147.925,148.325,146.75,147.275,5507
2018-02-14T14:30:00.000Z,147.275,148.575,146.875,148.175,5423
2018-02-15T14:30:00.000Z,148.275,150.125,147.975,149.825,5274
2018-02-16T14:30:00.000Z,149.9,150.175,148.875,149.725,4015
2018-02-20T14:30:00.000Z,150.225,150.9,149.05,149.8,5088
2018-02-21T14:30:00.000Z,150.175,150.175,146.15,146.65,7821
2018-02-22T14:30:00.000Z,146.375,146.85,145.75,146,5144
2018-02-23T14:30:00.000Z,146.3,146.625,145.15,146,0
2018-02-26T14:30:00.000Z,145.475,146.6,144.75,145.55,3823
2018-02-27T14:30:00.000Z,145.825,147.525,145.75,146.55,4166
2018-02-28T14:30:00.000Z,146.25,147,144.4,144.75,3742
2018-03-01T14:30:00.000Z,144.9,145.475,143.6,145.05,2666
2018-03-02T14:30:00.000Z,144.775,145.025,143.025,143.675,2456
2018-03-05T14:30:00.000Z,143.675,145.4,142.75,145.15,2904
2018-03-06T14:30:00.000Z,145.25,146.4,144.15,144.3,2469
2018-03-07T14:30:00.000Z,144.3,144.95,143.65,143.775,1777
2018-03-08T14:30:00.000Z,143.65,144.125,141.125,141.75,2910
2018-03-09T14:30:00.000Z,142.65,143.075,141.025,142.525,1734
2018-03-12T13:30:00.000Z,143.1,143.25,141.7,142.175,1241
2018-03-13T13:30:00.000Z,142.275,142.425,140.425,141.55,1473
2018-03-14T13:30:00.000Z,142.175,143.6,141.65,142.05,1358
2018-03-15T13:30:00.000Z,141.9,142.675,140.05,140.625,1939
2018-03-16T13:30:00.000Z,140.55,141.05,139.8,139.975,1210
2018-03-19T13:30:00.000Z,140.1,140.25,138.2,138.45,1468
2018-03-20T13:30:00.000Z,138.725,139.175,137.35,137.775,1532
2018-03-21T13:30:00.000Z,138.15,138.375,136.3,136.775,1492
2018-03-22T13:30:00.000Z,136.8,137.925,136.25,137.525,864
2018-03-23T13:30:00.000Z,137.85,137.85,135.5,135.7,976
2018-03-26T13:30:00.000Z,135.5,136.5,134.775,134.925,717
2018-03-27T13:30:00.000Z,134.5,136.9,134.5,135.35,2774
2018-03-28T13:30:00.000Z,135.575,138.525,135.425,137.825,3169
2018-03-29T13:30:00.000Z,137.825,139.325,133.325,133.325,0
2018-04-02T13:30:00.000Z,132.675,133.95,130.95,131.875,2137
2018-04-03T13:30:00.000Z,132.025,132.925,130.375,130.525,2009
2018-04-04T13:30:00.000Z,130.075,135.025,128.575,134.5,3221
2018-04-05T13:30:00.000Z,135.025,138.375,134.8,137.475,2693
2018-04-06T13:30:00.000Z,136.9,137.15,134.55,135.325,2562
2018-04-09T13:30:00.000Z,136,138.025,134.1,134.45,1727
2018-04-10T13:30:00.000Z,135.125,136.375,133.5,134.825,1596
2018-04-11T13:30:00.000Z,135.3,136.725,134.75,135.275,1273
2018-04-12T13:30:00.000Z,135.975,139.5,135.975,138.875,1377
2018-04-13T13:30:00.000Z,139.375,139.975,138.1,139.375,1120
2018-04-16T13:30:00.000Z,139.9,141.3,139,139.225,853
2018-04-17T13:30:00.000Z,139.225,140.1,138.225,138.725,730
2018-04-18T13:30:00.000Z,138.925,139.325,138.325,138.75,447
2018-04-19T13:30:00.000Z,138.5,138.525,136.9,137.225,979
2018-04-20T13:30:00.000Z,137.275,138.625,136.475,137.3,841
2018-04-23T13:30:00.000Z,139.25,139.75,138.825,139.025,802
2018-04-24T13:30:00.000Z,140.7,142.1,139.9,140.15,3301
2018-04-25T13:30:00.000Z,139.9,141.675,139.7,141.35,2790
2018-04-26T13:30:00.000Z,141.725,142.025,140.1,140.3,2419
2018-04-27T13:30:00.000Z,140.05,142.375,139.725,142.025,3103
2018-04-30T13:30:00.000Z,142.8,143,139.85,140.175,1816
2018-05-01T13:30:00.000Z,140.275,140.5,137.325,137.9,3209
2018-05-02T13:30:00.000Z,138.3,138.95,137.3,138.625,1920
2018-05-03T13:30:00.000Z,138.575,141.125,138.15,140.8,1912
2018-05-04T13:30:00.000Z,141,141.3,140,140.4,1053
2018-05-07T13:30:00.000Z,140.175,140.175,137.425,137.625,2198
2018-05-08T13:30:00.000Z,137.625,138.05,135.925,137.725,1840
2018-05-09T13:30:00.000Z,138,139,136.6,137.15,1331
2018-05-10T13:30:00.000Z,136.925,139.05,136,138.6,1001
2018-05-11T13:30:00.000Z,138.725,138.75,137.225,138.425,632
2018-05-14T13:30:00.000Z,137.375,137.6,135.225,135.4,875
2018-05-15T13:30:00.000Z,135.5,135.5,133.45,133.55,974
2018-05-16T13:30:00.000Z,133.5,134.55,132.65,132.725,1322
2018-05-17T13:30:00.000Z,132.675,133.275,131.975,133.1,1186
2018-05-18T13:30:00.000Z,133.125,133.55,131.875,132.225,730
2018-05-21T13:30:00.000Z,132.775,134.25,132.775,133.925,835
2018-05-22T13:30:00.000Z,140.7,141.1,139.725,140.725,4158
2018-05-23T13:30:00.000Z,140.575,143.6,140.325,143.35,7087
2018-05-24T13:30:00.000Z,143.375,144.8,142.8,143.3,6878
2018-05-25T13:30:00.000Z,143.475,145.575,142.675,144.925,5531
2018-05-29T13:30:00.000Z,145,145.6,144.05,144.975,6642
2018-05-30T13:30:00.000Z,144.425,148.825,144.125,148.55,10907
2018-05-31T13:30:00.000Z,148.575,149.5,145.825,147.4,12491
2018-06-01T13:30:00.000Z,147.25,147.8,145.875,146.325,6833
2018-06-04T13:30:00.000Z,146.225,146.725,144.7,144.85,9025
2018-06-05T13:30:00.000Z,145.325,146.95,144.325,146.125,6851
2018-06-06T13:30:00.000Z,146.4,147.375,146.075,146.75,5498
2018-06-07T13:30:00.000Z,147.15,147.3,145.7,146.075,4530
2018-06-08T13:30:00.000Z,146.425,147.8,146.15,147.275,4529
2018-06-11T13:30:00.000Z,147.8,148.425,145.325,145.95,6137
2018-06-12T13:30:00.000Z,145.65,146.5,144.5,145.8,4751
2018-06-13T13:30:00.000Z,146.125,146.4,145.1,145.65,3194
2018-06-14T13:30:00.000Z,145.35,145.7,143.25,143.675,6344
2018-06-15T13:30:00.000Z,143.3,148.075,142.175,147.975,8678
2018-06-18T13:30:00.000Z,147.625,149.275,146.875,148.975,5457
2018-06-19T13:30:00.000Z,147.9,149.925,146.95,149.625,7441
2018-06-20T13:30:00.000Z,149.775,150.75,148.6,149.425,6732
2018-06-21T13:30:00.000Z,149.325,149.425,147.9,148.475,4991
2018-06-22T13:30:00.000Z,148.475,149.325,147.875,149.2,4661
2018-06-25T13:30:00.000Z,147.575,147.925,145.125,145.775,7786
2018-06-26T13:30:00.000Z,145.7,146.6,145.225,146.1,4267
2018-06-27T13:30:00.000Z,146.1,146.125,144.9,145.775,4078
2018-06-28T13:30:00.000Z,145.4,147.35,145.25,146.825,4828
2018-06-29T13:30:00.000Z,146.9,151.325,145.975,151.325,8985
2018-07-02T13:30:00.000Z,151.225,153.05,151.225,151.925,10632
2018-07-03T13:30:00.000Z,152.45,153.25,151.55,152.8,0
2018-07-05T13:30:00.000Z,153.05,153.625,152.125,152.575,4856
2018-07-06T13:30:00.000Z,152.9,154.075,152.05,152.2,6506
2018-07-09T13:30:00.000Z,152.225,152.55,150.35,151.45,8478
2018-07-10T13:30:00.000Z,151.475,152.375,150.675,151.85,6927
2018-07-11T13:30:00.000Z,151.85,151.9,147.825,149.4,10632
2018-07-12T13:30:00.000Z,149.85,151.675,149.825,151.025,7705
2018-07-13T13:30:00.000Z,151.1,151.5,150.05,150.725,5092
2018-07-16T13:30:00.000Z,151.175,153.375,150.275,152.375,6149
2018-07-17T13:30:00.000Z,153.175,153.175,150.875,151.275,4982
2018-07-18T13:30:00.000Z,151.675,154.9,151.15,154.45,7169
2018-07-19T13:30:00.000Z,154.5,154.925,153.8,154.45,4446
2018-07-20T13:30:00.000Z,154.425,154.425,152.975,153.675,4788
2018-07-23T13:30:00.000Z,153.725,153.725,152.8,153.25,4278
2018-07-24T13:30:00.000Z,153.325,153.6,152.225,152.75,5584
2018-07-25T13:30:00.000Z,152.775,153.125,151.85,152.825,4676
2018-07-26T13:30:00.000Z,153.05,154.225,149.8,151.425,9383
2018-07-27T13:30:00.000Z,151.15,152.675,150.8,152.3,5918
2018-07-30T13:30:00.000Z,152.125,152.875,151.075,151.5,4426
2018-07-31T13:30:00.000Z,151.2,151.5,148.875,149.325,5011
2018-08-01T13:30:00.000Z,149.65,152.3,148.975,151.825,3060
2018-08-02T13:30:00.000Z,151.825,152.1,149.925,151.2,2621
2018-08-03T13:30:00.000Z,150.75,152.925,150.325,152.85,1767
2018-08-06T13:30:00.000Z,152.85,153,151.775,151.85,2309
2018-08-07T13:30:00.000Z,151.75,152.025,148.6,149.85,4321
2018-08-08T13:30:00.000Z,149.675,151,148.9,150.65,2242
2018-08-09T13:30:00.000Z,150.775,150.875,148.4,149.35,1795
2018-08-10T13:30:00.000Z,149.4,150.4,148.45,149.9,2126
2018-08-13T13:30:00.000Z,149.525,149.975,148.5,148.65,1739
2018-08-14T13:30:00.000Z,148.825,149.6,148.25,148.925,1183
2018-08-15T13:30:00.000Z,148.7,150.175,148.675,149.05,917
2018-08-16T13:30:00.000Z,149.35,150.4,148.975,150.275,963
2018-08-17T13:30:00.000Z,150.025,151,149.675,150.95,997
2018-08-20T13:30:00.000Z,150.5,150.825,149.55,149.625,953
2018-08-21T13:30:00.000Z,149.6,149.85,149.075,149.175,644
2018-08-22T13:30:00.000Z,149,149.2,148.375,148.7,830
2018-08-23T13:30:00.000Z,148.925,149.175,148.725,149.025,466
2018-08-24T13:30:00.000Z,149,149.475,148.425,149.2,725
2018-08-27T13:30:00.000Z,149.1,150.25,148.525,150.225,1157
2018-08-28T13:30:00.000Z,150.775,151.2,147.95,149.525,2755
2018-08-29T13:30:00.000Z,149.125,149.35,148.2,149.175,1626
2018-08-30T13:30:00.000Z,149.425,150.725,149.175,150.175,1190
2018-08-31T13:30:00.000Z,150.175,150.6,149.3,149.45,0
2018-09-04T13:30:00.000Z,149.45,151.925,148.8,151.725,1844
2018-09-05T13:30:00.000Z,151.875,152.5,151.25,151.725,1378
2018-09-06T13:30:00.000Z,151.9,152.4,151.45,151.775,1166
2018-09-07T13:30:00.000Z,151.625,153,151.25,152.975,1447
2018-09-10T13:30:00.000Z,153,153.35,152.225,152.525,965
2018-09-11T13:30:00.000Z,152.525,152.625,151.8,152.125,760
2018-09-12T13:30:00.000Z,152.225,154.8,152.175,154.625,1676
2018-09-13T13:30:00.000Z,154.7,155.05,153.725,154.95,864
2018-09-14T13:30:00.000Z,155.05,158.1,154.925,157.425,2213
2018-09-17T13:30:00.000Z,157.3,157.525,156.075,157.325,886
2018-09-18T13:30:00.000Z,157.05,157.1,155.65,155.825,1331
2018-09-19T13:30:00.000Z,156,156,155.075,155.525,1073
2018-09-20T13:30:00.000Z,155.825,156.675,155.6,155.675,1056
2018-09-21T13:30:00.000Z,156.35,157.05,155.775,156.95,930
2018-09-24T13:30:00.000Z,156.4,156.875,156.1,156.45,1388
2018-09-25T13:30:00.000Z,156.3,156.9,155.875,156.475,2647
2018-09-26T13:30:00.000Z,156.6,158.375,156.1,158.3,3223
2018-09-27T13:30:00.000Z,158.4,158.4,156.725,157.85,2082
2018-09-28T13:30:00.000Z,158,158.3,157.275,158.175,1342
2018-10-01T13:30:00.000Z,158.4,159.575,157.65,158.65,2638
2018-10-02T13:30:00.000Z,158.775,159.1,157.5,159.075,2029
2018-10-03T13:30:00.000Z,158.8,158.8,157.775,157.875,1369
2018-10-04T13:30:00.000Z,157.725,157.725,156.3,156.975,1522
2018-10-05T13:30:00.000Z,157.025,158.175,156.675,157.775,1048
2018-10-08T13:30:00.000Z,157.4,157.8,156.45,157.675,1125
2018-10-09T13:30:00.000Z,157.65,157.75,156.5,156.95,962
2018-10-10T13:30:00.000Z,156.7,156.725,155.8,155.9,1023
2018-10-11T13:30:00.000Z,155.875,157.275,155.875,156.725,1279
2018-10-12T13:30:00.000Z,157.125,157.125,154.55,154.7,1753
2018-10-15T13:30:00.000Z,154.7,155.325,153.775,155.1,1687
2018-10-16T13:30:00.000Z,155.175,155.175,153.925,154.025,940
2018-10-17T13:30:00.000Z,154.35,154.775,153.425,154.075,1309
2018-10-18T13:30:00.000Z,154.45,155.45,154.45,155.25,1350
2018-10-19T13:30:00.000Z,154.65,155.15,154.4,154.65,792
2018-10-22T13:30:00.000Z,155.3,155.8,155.3,155.65,839
2018-10-23T13:30:00.000Z,156.75,156.75,154.775,155.875,3280
2018-10-24T13:30:00.000Z,156.025,156.875,155.35,155.925,2593
2018-10-25T13:30:00.000Z,155.375,155.75,153.775,153.95,2911
2018-10-26T13:30:00.000Z,153.95,155.825,153.275,154.8,3316
2018-10-29T13:30:00.000Z,155.275,155.425,153.8,153.9,1703
2018-10-30T13:30:00.000Z,154,154.025,152.05,152.175,2916
2018-10-31T13:30:00.000Z,152.525,153.65,152.4,153.475,3500
2018-11-01T13:30:00.000Z,153.65,154,152.825,153.3,2038
2018-11-02T13:30:00.000Z,153.65,153.675,152.25,152.5,1134
2018-11-05T14:30:00.000Z,152.825,152.9,149.025,149.5,2520
2018-11-06T14:30:00.000Z,149.8,150.4,149.675,149.975,1121
2018-11-07T14:30:00.000Z,150.1,150.475,149.5,149.925,1365
2018-11-08T14:30:00.000Z,149.925,150.625,149.675,150.175,1266
2018-11-09T14:30:00.000Z,150.175,150.175,148.375,149,1683
2018-11-12T14:30:00.000Z,149.1,149.2,148.225,148.375,936
2018-11-13T14:30:00.000Z,143.625,147.15,142.675,146.975,9970
2018-11-14T14:30:00.000Z,146.725,148,146.125,146.975,6458
2018-11-15T14:30:00.000Z,146.575,148.075,146.275,147.85,5741
2018-11-16T14:30:00.000Z,147.7,147.8,146.35,146.525,4549
2018-11-19T14:30:00.000Z,146.85,147.4,145.575,147.275,3715
2018-11-20T14:30:00.000Z,147.025,147.275,146.175,146.875,2754
2018-11-21T14:30:00.000Z,147.2,150,147.05,148.625,6866
2018-11-23T14:30:00.000Z,148.525,149.475,148.175,149.375,2969
2018-11-26T14:30:00.000Z,149.325,149.925,148.6,149.15,4036
2018-11-27T14:30:00.000Z,148.975,149.5,148.275,148.425,3939
2018-11-28T14:30:00.000Z,148.325,148.7,147.525,147.7,3625
2018-11-29T14:30:00.000Z,147.7,147.7,144.675,145.975,7540
2018-11-30T14:30:00.000Z,145.975,146.9,145.025,145.225,7983
2018-12-03T14:30:00.000Z,145.9,146.3,144.3,144.5,5709
2018-12-04T14:30:00.000Z,144.5,145.325,143.125,144.4,7162
2018-12-05T14:30:00.000Z,144.35,145.675,143.975,145.475,3665
2018-12-06T14:30:00.000Z,144.9,145.325,143.75,144.2,5470
2018-12-07T14:30:00.000Z,144.425,144.95,143.3,144.375,5478
2018-12-10T14:30:00.000Z,144.75,145.65,144.45,145.025,5066
2018-12-11T14:30:00.000Z,145.125,147.575,144.725,147.3,7476
2018-12-12T14:30:00.000Z,147.5,148.175,147.025,147.575,5928
2018-12-13T14:30:00.000Z,147.65,148.675,147.65,147.975,5598
2018-12-14T14:30:00.000Z,147.775,148.25,147.2,147.575,3526
2018-12-17T14:30:00.000Z,146.925,147.25,145.3,145.375,5776
2018-12-18T14:30:00.000Z,145.3,146.95,144.925,146.2,4482
2018-12-19T14:30:00.000Z,146.225,146.7,145.8,146.2,3280
2018-12-20T14:30:00.000Z,146.2,147.675,145.675,147.425,3094
2018-12-21T14:30:00.000Z,147.425,147.975,147.05,147.35,3388
2018-12-24T14:30:00.000Z,147.2,147.5,146.675,147.375,1353
2018-12-26T14:30:00.000Z,147.375,148.45,147.25,148.1,3103
2018-12-27T14:30:00.000Z,148.2,149.6,147.975,149,3134
2018-12-28T14:30:00.000Z,148.825,149.725,148.8,149.075,3016
2018-12-31T14:30:00.000Z,149.425,149.85,148.775,148.85,2691
2019-01-02T14:30:00.000Z,148.7,148.7,146.775,147.95,3035
2019-01-03T14:30:00.000Z,147.625,147.95,146.225,146.525,2759
2019-01-04T14:30:00.000Z,146.45,146.45,144.675,144.9,2392
2019-01-07T14:30:00.000Z,144.6,146.325,144.2,146,2186
2019-01-08T14:30:00.000Z,145.975,148.275,145.075,147.625,2584
2019-01-09T14:30:00.000Z,147.425,147.775,146.75,146.825,1337
2019-01-10T14:30:00.000Z,146.525,147,146.325,146.75,1522
2019-01-11T14:30:00.000Z,146.875,147.15,146.075,146.125,1623
2019-01-14T14:30:00.000Z,145.9,146,144.375,144.85,2825
2019-01-15T14:30:00.000Z,144.7,145.475,144.1,144.75,2527
2019-01-16T14:30:00.000Z,145.025,145.1,143.15,143.775,2910
2019-01-17T14:30:00.000Z,143.325,143.35,141.25,141.425,2062
2019-01-18T14:30:00.000Z,141.425,141.975,140.825,141.45,1087
2019-01-22T14:30:00.000Z,141,141.425,140.15,141.05,1189
2019-01-23T14:30:00.000Z,141.1,143.2,141.075,143.025,1395
2019-01-24T14:30:00.000Z,143.125,143.85,143.1,143.775,1039
2019-01-25T14:30:00.000Z,143.825,143.85,142.6,143.375,1220
2019-01-28T14:30:00.000Z,143.075,143.85,142.875,143.475,983
2019-01-29T14:30:00.000Z,144.2,145,144.1,144.25,4622
2019-01-30T14:30:00.000Z,144.175,144.55,143.925,144.3,2732
2019-01-31T14:30:00.000Z,144.5,145.575,142.4,142.55,11382
2019-02-01T14:30:00.000Z,142.55,143.125,142.175,142.525,5401
2019-02-04T14:30:00.000Z,142.525,145.275,142.525,144.225,8422
2019-02-05T14:30:00.000Z,144.45,144.8,143.25,143.825,5963
2019-02-06T14:30:00.000Z,143.8,144.5,143.025,143.175,4922
2019-02-07T14:30:00.000Z,143.225,143.775,142.75,143.25,6334
2019-02-08T14:30:00.000Z,143.6,144.325,143.275,144.1,5464
2019-02-11T14:30:00.000Z,144.125,144.875,143.95,144.675,6186
2019-02-12T14:30:00.000Z,144.825,144.9,144.1,144.4,6308
2019-02-13T14:30:00.000Z,144.125,144.25,143.4,143.525,6328
2019-02-14T14:30:00.000Z,143.525,144.325,142.625,144.075,5852
2019-02-15T14:30:00.000Z,144.1,144.225,141.95,142.6,7301
2019-02-19T14:30:00.000Z,142.575,144.65,142.1,143.75,7801
2019-02-20T14:30:00.000Z,143.7,144.125,143.225,143.875,4219
2019-02-21T14:30:00.000Z,143.5,144.175,142.7,143.225,5872
2019-02-22T14:30:00.000Z,143.35,143.45,142.7,142.9,7216
2019-02-25T14:30:00.000Z,143.05,143.5,142.275,142.5,6445
2019-02-26T14:30:00.000Z,142.8,143.5,142.2,143.45,4065
2019-02-27T14:30:00.000Z,143.35,144,143.35,143.875,3354
2019-02-28T14:30:00.000Z,143.55,143.575,142.35,142.875,4536
2019-03-01T14:30:00.000Z,143,143.1,140.65,141.225,5626
2019-03-04T14:30:00.000Z,141.475,141.75,140.675,141.2,3136
2019-03-05T14:30:00.000Z,141.45,141.45,140.675,140.875,2550
2019-03-06T14:30:00.000Z,141,141.2,140.6,140.65,1997
2019-03-07T14:30:00.000Z,140.825,143.05,140.45,142.9,2725
2019-03-08T14:30:00.000Z,142.3,144.025,142.15,143.925,2375
2019-03-11T13:30:00.000Z,143.2,143.225,141.75,142.3,2660
2019-03-12T13:30:00.000Z,142.075,142.4,140.775,141.3,2958
2019-03-13T13:30:00.000Z,141.225,142.275,141.2,141.55,2025
2019-03-14T13:30:00.000Z,141.3,141.625,140.625,141.1,1397
2019-03-15T13:30:00.000Z,141,142.125,140.375,141.325,2275
2019-03-18T13:30:00.000Z,141.325,142.325,141.075,141.65,1678
2019-03-19T13:30:00.000Z,141.65,143,141.525,142.25,1373
2019-03-20T13:30:00.000Z,142,142.3,141.2,142.25,1221
2019-03-21T13:30:00.000Z,142.45,143.5,142.15,142.775,1070
2019-03-22T13:30:00.000Z,143.5,144,142.525,143,1212
2019-03-25T13:30:00.000Z,142.525,143.3,142.15,142.175,1469
2019-03-26T13:30:00.000Z,146.45,146.775,145.825,146.225,2818
2019-03-27T13:30:00.000Z,146.5,146.6,145.75,145.9,2285
2019-03-28T13:30:00.000Z,145.775,146.1,145.5,145.95,1773
2019-03-29T13:30:00.000Z,146.075,146.075,145.075,145.25,1522
2019-04-01T13:30:00.000Z,145.325,147.2,145,145.45,1784
2019-04-02T13:30:00.000Z,146.05,146.3,144.025,144.85,2257
2019-04-03T13:30:00.000Z,145,145.25,143.8,144.75,1972
2019-04-04T13:30:00.000Z,145,147.1,144.9,146.325,2796
2019-04-05T13:30:00.000Z,146.2,147.15,145.4,146.15,1183
2019-04-08T13:30:00.000Z,145.975,146.925,145.8,146.725,924
2019-04-09T13:30:00.000Z,147.1,147.1,145.925,146.15,733
2019-04-10T13:30:00.000Z,145.85,145.85,145,145.175,754
2019-04-11T13:30:00.000Z,145.5,146.025,145,145.425,1129
2019-04-12T13:30:00.000Z,145.425,145.925,145,145.425,1148
2019-04-15T13:30:00.000Z,145.425,145.85,145.125,145.675,936
2019-04-16T13:30:00.000Z,151,152.225,150.625,151.2,5513
2019-04-17T13:30:00.000Z,151,151.725,150.375,150.6,4374
2019-04-18T13:30:00.000Z,150.825,151.8,150.275,151.525,5546
2019-04-22T13:30:00.000Z,151.2,151.6,150.15,150.8,4360
2019-04-23T13:30:00.000Z,150.75,151.075,149.2,149.625,3728
2019-04-24T13:30:00.000Z,149.4,149.475,146.075,146.525,4609
2019-04-25T13:30:00.000Z,146.325,146.325,143.125,143.55,3040
2019-04-26T13:30:00.000Z,143.5,145.45,142.975,143.95,2665
2019-04-29T13:30:00.000Z,144.4,144.65,143,143.4,2375
2019-04-30T13:30:00.000Z,143.65,143.75,141.45,141.6,1787
2019-05-01T13:30:00.000Z,142.275,142.55,141.15,141.375,1893
2019-05-02T13:30:00.000Z,141.4,141.55,138.85,138.975,2695
2019-05-03T13:30:00.000Z,138.775,138.875,137.075,137.15,2618
2019-05-06T13:30:00.000Z,135.65,138,133.675,136.025,2260
2019-05-07T13:30:00.000Z,136.45,137.85,136.075,137.3,1140
2019-05-08T13:30:00.000Z,137.25,138.2,135.475,135.775,922
2019-05-09T13:30:00.000Z,135.875,136.5,134.475,136.25,1732
2019-05-10T13:30:00.000Z,136.075,138.375,135.5,137.625,1163
2019-05-13T13:30:00.000Z,136.875,136.95,134.7,135.05,885
2019-05-14T13:30:00.000Z,135.1,136.85,135.1,136,1114
2019-05-15T13:30:00.000Z,135.825,136.75,135.125,135.925,1269
2019-05-16T13:30:00.000Z,135,135.325,132.425,134.225,1382
2019-05-17T13:30:00.000Z,134.2,135,133.95,134.525,1076
2019-05-20T13:30:00.000Z,134.525,134.525,133.7,134.15,1065
2019-05-21T13:30:00.000Z,145,145.125,142.05,143,6072
2019-05-22T13:30:00.000Z,142.775,143.35,141.9,142.6,3676
2019-05-23T13:30:00.000Z,142.7,143.55,141.6,143.025,4579
2019-05-24T13:30:00.000Z,143.025,144.3,142.575,143.225,4873
2019-05-28T13:30:00.000Z,144.15,144.2,141.525,142.225,7316
2019-05-29T13:30:00.000Z,141.1,143.025,140.125,142.725,8865
2019-05-30T13:30:00.000Z,142.75,143.45,138.225,138.225,7394
2019-05-31T13:30:00.000Z,138.025,138.975,132.15,133.125,11222
2019-06-03T13:30:00.000Z,134.5,135.95,132.45,133.5,10196
2019-06-04T13:30:00.000Z,134,137.875,133.65,137.45,7507
2019-06-05T13:30:00.000Z,138.025,139.65,137.1,139.45,7364
2019-06-06T13:30:00.000Z,139.975,140.275,136.575,139.275,6142
2019-06-07T13:30:00.000Z,139.175,140.175,135.925,137.25,5274
2019-06-10T13:30:00.000Z,137.55,141.075,137.175,139.825,8827
2019-06-11T13:30:00.000Z,139.825,140.9,137.675,138.125,5386
2019-06-12T13:30:00.000Z,138.35,138.775,134.525,137.8,7857
2019-06-13T13:30:00.000Z,137.05,137.4,134.675,136.225,6183
2019-06-14T13:30:00.000Z,135.775,136.625,134.65,135.525,4440
2019-06-17T13:30:00.000Z,134.45,137.225,134.125,136.925,6817
2019-06-18T13:30:00.000Z,137.625,138.5,136.65,137.25,4062
2019-06-19T13:30:00.000Z,137.4,137.875,135.725,136.525,3888
2019-06-20T13:30:00.000Z,136.775,137.15,134.575,134.7,4525
2019-06-21T13:30:00.000Z,134.7,135.175,132.425,133.675,5408
2019-06-24T13:30:00.000Z,133.375,133.675,130.95,131.775,5791
2019-06-25T13:30:00.000Z,132.2,132.3,131.1,131.325,4183
2019-06-26T13:30:00.000Z,132.2,135.825,132.05,135.825,6270
2019-06-27T13:30:00.000Z,136.575,137.25,135.6,135.8,5535
2019-06-28T13:30:00.000Z,136.1,139.9,134.4,136.85,9522
2019-07-01T13:30:00.000Z,137.5,139.35,136.05,137.025,6750
2019-07-02T13:30:00.000Z,136.925,138.75,136.525,138.375,5420
2019-07-03T13:30:00.000Z,138.425,138.6,136.025,136.575,4250
2019-07-05T13:30:00.000Z,137.35,139.2,137.325,138.825,4333
2019-07-08T13:30:00.000Z,138.5,139.65,137.875,138.9,6533
2019-07-09T13:30:00.000Z,139.4,143.3,139.225,142.875,11168
2019-07-10T13:30:00.000Z,142.85,143.1,141.925,142.35,7863
2019-07-11T13:30:00.000Z,143.1,143.75,142.05,142.625,6386
2019-07-12T13:30:00.000Z,142.725,142.8,140.45,141.6,6962
2019-07-15T13:30:00.000Z,141.5,142.225,140.35,141.65,4098
2019-07-16T13:30:00.000Z,142.35,142.4,140.8,141.05,3633
2019-07-17T13:30:00.000Z,140.625,140.9,138.9,140.575,3901
2019-07-18T13:30:00.000Z,141.275,141.375,139.05,139.425,3300
2019-07-19T13:30:00.000Z,139.425,140.4,139.125,139.975,3727
2019-07-22T13:30:00.000Z,140.1,142.325,139.625,142.175,4238
2019-07-23T13:30:00.000Z,142,142.35,140.925,142.2,3281
2019-07-24T13:30:00.000Z,141.9,142.95,141.45,142.825,2598
2019-07-25T13:30:00.000Z,142.75,143.7,142.375,142.8,3715
2019-07-26T13:30:00.000Z,143,143.875,142.425,143.725,4989
2019-07-29T13:30:00.000Z,143.725,143.9,142.15,142.3,3915
2019-07-30T13:30:00.000Z,142.325,143.75,141.225,143.1,2821
2019-07-31T13:30:00.000Z,143.075,143.35,140.825,141.525,2594
2019-08-01T13:30:00.000Z,141.2,143.125,140.05,141.225,2877
2019-08-02T13:30:00.000Z,141.8,141.8,138.5,139.625,2412
2019-08-05T13:30:00.000Z,139.275,142.5,135.8,140.525,3105
2019-08-06T13:30:00.000Z,140.85,141.975,139.2,139.975,1633
2019-08-07T13:30:00.000Z,139.9,141.5,139.025,139.55,1277
2019-08-08T13:30:00.000Z,139.625,140.475,139.35,139.85,832
2019-08-09T13:30:00.000Z,139.875,140.275,138.65,138.9,968
2019-08-12T13:30:00.000Z,134.4,134.4,134.4,134.4,866
2019-08-13T13:30:00.000Z,134,134.225,127.65,127.725,2103
2019-08-14T13:30:00.000Z,129.675,134.475,129.675,134.475,2286
2019-08-15T13:30:00.000Z,134.975,137.775,134.325,135.775,2102
2019-08-16T13:30:00.000Z,136.25,136.85,134.275,134.575,659
2019-08-19T13:30:00.000Z,136.5,136.975,135.625,135.675,754
2019-08-20T13:30:00.000Z,136.275,137.25,135.775,136.3,1319
2019-08-21T13:30:00.000Z,136.85,137.45,136.425,137.375,678
2019-08-22T13:30:00.000Z,137.6,138.55,137.4,138.4,891
2019-08-23T13:30:00.000Z,138.55,138.725,136.65,137.35,1029
2019-08-26T13:30:00.000Z,138.5,138.9,137.9,138.65,738
2019-08-27T13:30:00.000Z,136,136.525,133.275,133.775,1980
2019-08-28T13:30:00.000Z,134,134.9,132.75,132.85,1540
2019-08-29T13:30:00.000Z,133,135.45,132.55,133.4,1549
2019-08-30T13:30:00.000Z,133.95,134.9,131.825,132.4,1694
2019-09-03T13:30:00.000Z,133.125,134.9,132.55,134.15,1447
2019-09-04T13:30:00.000Z,134.2,135.9,134.175,135.55,1508
2019-09-05T13:30:00.000Z,135.3,135.45,133.1,134.4,1484
2019-09-06T13:30:00.000Z,134.375,134.625,132.25,133.35,1407
2019-09-09T13:30:00.000Z,133.125,133.575,131.175,132.825,1595
2019-09-10T13:30:00.000Z,132.325,134.85,132,133.9,1002
2019-09-11T13:30:00.000Z,134.45,136.725,134.1,136.075,1682
2019-09-12T13:30:00.000Z,136.5,137.75,136,136.85,921
2019-09-13T13:30:00.000Z,136.75,137.225,136.35,136.5,636
2019-09-16T13:30:00.000Z,136.3,137,136.05,136.55,443
2019-09-17T13:30:00.000Z,136.625,139.75,136.55,139.175,1097
2019-09-18T13:30:00.000Z,138.7,139.9,138.475,139.875,625
2019-09-19T13:30:00.000Z,139.6,140.225,139.2,139.95,450
2019-09-20T13:30:00.000Z,140.025,140.575,139.9,140.325,706
2019-09-23T13:30:00.000Z,140.95,141.75,140.575,141.6,554
2019-09-24T13:30:00.000Z,141.225,142,140.525,141.65,3843
2019-09-25T13:30:00.000Z,141.75,142.575,140.925,142.45,3204
2019-09-26T13:30:00.000Z,142.5,143.4,142.425,143.1,4438
2019-09-27T13:30:00.000Z,143.4,144.725,142.775,144.325,4929
2019-09-30T13:30:00.000Z,144.3,144.625,142.15,142.4,4046
2019-10-01T13:30:00.000Z,142.55,142.975,140.725,140.975,2661
2019-10-02T13:30:00.000Z,141.075,142.5,140.5,142.075,2451
2019-10-03T13:30:00.000Z,142.5,142.6,141.675,142.35,1332
2019-10-04T13:30:00.000Z,142.6,142.7,141.5,141.975,1447
2019-10-07T13:30:00.000Z,142.25,142.375,141.175,141.7,1450
2019-10-08T13:30:00.000Z,141.575,142.475,141.225,142.025,1010
2019-10-09T13:30:00.000Z,142.3,145.425,142.225,144.5,2814
2019-10-10T13:30:00.000Z,144.525,145.075,143.375,144.3,1412
2019-10-11T13:30:00.000Z,144.275,144.725,143.5,144.1,844
2019-10-14T13:30:00.000Z,144.425,146.4,144.075,145.55,1030
2019-10-15T13:30:00.000Z,145.975,146.225,144.775,145,881
2019-10-16T13:30:00.000Z,144.9,145.825,144.1,145.225,803
2019-10-17T13:30:00.000Z,145,145,143.15,144.2,1381
2019-10-18T13:30:00.000Z,144.525,144.525,142.55,143.5,910
2019-10-21T13:30:00.000Z,143.75,144.075,142.8,143.425,418
2019-10-22T13:30:00.000Z,143.45,144.4,143.125,143.7,494
2019-10-23T13:30:00.000Z,143,145.1,142.825,145.025,673
2019-10-24T13:30:00.000Z,145.075,145.8,144.8,145.225,626
2019-10-25T13:30:00.000Z,145.35,146.4,145.15,145.7,603
2019-10-28T13:30:00.000Z,145.7,145.7,145.25,145.4,395
2019-10-29T13:30:00.000Z,145.725,145.75,144.925,145.475,1141
2019-10-30T13:30:00.000Z,145.45,148.075,145.35,147.875,2022
2019-10-31T13:30:00.000Z,147.525,148.025,146.525,147.6,2205
2019-11-01T13:30:00.000Z,147.6,149.4,146.925,149.125,2021
2019-11-04T14:30:00.000Z,149.05,149.275,148.15,149.075,842
2019-11-05T14:30:00.000Z,148.9,149,147.5,147.85,2144
2019-11-06T14:30:00.000Z,147.825,147.85,146.15,146.8,2144
2019-11-07T14:30:00.000Z,147.25,147.65,146.475,146.775,1863
2019-11-08T14:30:00.000Z,146.425,147.25,146.4,147,761
2019-11-11T14:30:00.000Z,147.15,147.85,146.95,147.575,1324
2019-11-12T14:30:00.000Z,147.85,148.225,147.35,147.8,1181
2019-11-13T14:30:00.000Z,148,148,145.1,145.575,2013
2019-11-14T14:30:00.000Z,145.625,146.875,145.575,146.625,710
2019-11-15T14:30:00.000Z,146.6,146.6,146.05,146.25,1115
2019-11-18T14:30:00.000Z,146.2,146.5,145.7,146.375,760
2019-11-19T14:30:00.000Z,144.5,144.525,143.15,144.025,5634
2019-11-20T14:30:00.000Z,144.25,144.775,143.1,144.075,6212
2019-11-21T14:30:00.000Z,143.975,144.125,142,142.6,4801
2019-11-22T14:30:00.000Z,142.375,142.375,138.275,139.275,9231
2019-11-25T14:30:00.000Z,139.875,143.3,139.625,141.975,8935
2019-11-26T14:30:00.000Z,142.1,142.4,140.75,141.625,3768
2019-11-27T14:30:00.000Z,141.8,143.65,141.8,143.325,4635
2019-11-29T14:30:00.000Z,143.475,143.7,141.825,142.275,4011
2019-12-02T14:30:00.000Z,142.1,142.6,140.35,142.15,5517
2019-12-03T14:30:00.000Z,141.8,143.275,141.275,142.375,5957
2019-12-04T14:30:00.000Z,142.375,142.9,140.35,140.875,6328
2019-12-05T14:30:00.000Z,140.6,141.575,139.9,140.55,5813
2019-12-06T14:30:00.000Z,141,141.95,140.125,141.55,7883
2019-12-09T14:30:00.000Z,141,142.15,140.475,141.525,7356
2019-12-10T14:30:00.000Z,141.425,142.5,140.925,141.65,5993
2019-12-11T14:30:00.000Z,142.05,142.975,141.525,142.775,5012
2019-12-12T14:30:00.000Z,142.775,143.025,141.775,142.55,7450
2019-12-13T14:30:00.000Z,142.8,146.65,142.525,145.675,12226
2019-12-16T14:30:00.000Z,146,146.55,144.9,145.25,4946
2019-12-17T14:30:00.000Z,145.65,146.4,144.975,145.15,4625
2019-12-18T14:30:00.000Z,144.975,145.5,144.425,144.55,4163
2019-12-19T14:30:00.000Z,144.475,145.45,144.3,144.725,3736
2019-12-20T14:30:00.000Z,144.775,144.875,143.85,144.275,2847
2019-12-23T14:30:00.000Z,143.3,143.925,143.25,143.525,3142
2019-12-24T14:30:00.000Z,143.525,143.9,143.125,143.575,2077
2019-12-26T14:30:00.000Z,143.575,145.7,143.35,145.45,3795
2019-12-27T14:30:00.000Z,145.55,145.825,145,145.55,4163
2019-12-30T14:30:00.000Z,145.5,145.9,145.025,145.425,3396
2019-12-31T14:30:00.000Z,145.25,145.975,145,145.325,2222
2020-01-02T14:30:00.000Z,145.475,145.85,142.775,144.65,4062
2020-01-03T14:30:00.000Z,144.125,144.325,143.275,143.35,1598
2020-01-06T14:30:00.000Z,143.725,147.825,143.4,147.425,5673
2020-01-07T14:30:00.000Z,147,147.275,145.25,145.9,2220
2020-01-08T14:30:00.000Z,145.9,147.1,145.55,146.825,1748
2020-01-09T14:30:00.000Z,146.6,147.525,146.15,146.925,1551
2020-01-10T14:30:00.000Z,146.675,147.8,146.1,147.6,1423
2020-01-13T14:30:00.000Z,147.25,147.25,145.8,146.025,1712
2020-01-14T14:30:00.000Z,145.9,146.2,145.275,145.9,1147
2020-01-15T14:30:00.000Z,145.9,146.625,144.6,145.425,2652
2020-01-16T14:30:00.000Z,145.675,145.75,143.4,145.425,1230
2020-01-17T14:30:00.000Z,145.15,145.575,144.6,145.35,439
2020-01-21T14:30:00.000Z,145.15,145.25,144.625,145.075,682
2020-01-22T14:30:00.000Z,145,145,143.85,143.925,732
2020-01-23T14:30:00.000Z,144.125,144.5,142.725,142.775,1120
2020-01-24T14:30:00.000Z,142.775,143.125,141.725,141.85,988
2020-01-27T14:30:00.000Z,142,142.4,141.8,141.9,829
2020-01-28T14:30:00.000Z,135.325,136.625,134.975,135.4,8638
2020-01-29T14:30:00.000Z,135.8,136.225,134.575,134.975,5916
2020-01-30T14:30:00.000Z,135,136,134.2,135.65,6003
2020-01-31T14:30:00.000Z,135.65,137.775,135.45,136.075,7062
2020-02-03T14:30:00.000Z,136.35,137.3,133.65,136.65,11246
2020-02-04T14:30:00.000Z,137.1,138.075,136.4,137.5,8183
2020-02-05T14:30:00.000Z,137.9,138.075,135.5,135.675,5649
2020-02-06T14:30:00.000Z,135.9,136.95,135.275,135.9,4421
2020-02-07T14:30:00.000Z,135.925,136.075,135,135.2,5847
2020-02-10T14:30:00.000Z,134.925,135.825,134.375,135.7,7610
2020-02-11T14:30:00.000Z,135.65,136.9,134.525,134.675,6962
2020-02-12T14:30:00.000Z,134.85,135.525,134.175,135.05,5881
2020-02-13T14:30:00.000Z,135.025,136.775,134.2,136.325,7808
2020-02-14T14:30:00.000Z,136.775,139.65,136.775,138.525,8409
2020-02-18T14:30:00.000Z,139.1,139.55,138.675,139.3,4434
2020-02-19T14:30:00.000Z,139.5,140.95,139.05,140.775,5855
2020-02-20T14:30:00.000Z,140.95,141.325,139.525,140.8,5142
2020-02-21T14:30:00.000Z,140.7,140.925,139.65,140.2,6242
2020-02-24T14:30:00.000Z,137.9,138.025,135.7,136.025,6750
2020-02-25T14:30:00.000Z,136.7,137.225,131.775,132.975,6250
2020-02-26T14:30:00.000Z,133.475,135.375,133,134.075,3809
2020-02-27T14:30:00.000Z,132.425,134.475,129.575,132.575,4108
2020-02-28T14:30:00.000Z,130,134.45,128.725,131.275,4060
2020-03-02T14:30:00.000Z,132.9,135.75,132.25,133.725,2337
2020-03-03T14:30:00.000Z,134.75,136.025,133.05,133.525,2718
2020-03-04T14:30:00.000Z,134.625,135.5,134,134.85,2096
2020-03-05T14:30:00.000Z,134,134.7,133.05,133.625,1102
2020-03-06T14:30:00.000Z,132.45,132.85,130.3,130.7,1571
2020-03-09T13:30:00.000Z,126.2,129.675,126.2,126.2,1869
2020-03-10T13:30:00.000Z,128.2,131.3,127.125,127.75,1311
2020-03-11T13:30:00.000Z,127.5,128,123.25,123.325,1216
2020-03-12T13:30:00.000Z,120.875,120.875,118.825,118.825,1400
2020-03-13T13:30:00.000Z,122.5,123.95,112.075,113,2230
2020-03-16T13:30:00.000Z,108.5,116.775,108.5,108.5,1176
2020-03-17T13:30:00.000Z,109.675,115.25,109.675,113.55,842
2020-03-18T13:30:00.000Z,113.55,118.05,112.05,112.575,1044
2020-03-19T13:30:00.000Z,117.05,117.075,115.5,117.075,292
2020-03-20T13:30:00.000Z,119.5,123.825,118.525,120.725,1020
2020-03-23T13:30:00.000Z,123.725,125.225,123.725,125.225,537
2020-03-24T13:30:00.000Z,130.075,130.075,129.375,130.075,1495
2020-03-25T13:30:00.000Z,132.375,134.275,124.95,128.725,3925
2020-03-26T13:30:00.000Z,128.525,129.15,124.275,125.1,2772
2020-03-27T13:30:00.000Z,123,123.325,120.6,120.6,1510
2020-03-30T13:30:00.000Z,119.625,122,117.625,120.05,1858
2020-03-31T13:30:00.000Z,120.05,123.05,116.6,121.925,1328
2020-04-01T13:30:00.000Z,118.5,119.225,117.425,117.425,796
2020-04-02T13:30:00.000Z,116.275,116.275,110.675,110.675,1503
2020-04-03T13:30:00.000Z,110.125,115.975,106.55,108.25,1150
2020-04-06T13:30:00.000Z,105.075,112.575,103.95,110.425,934
2020-04-07T13:30:00.000Z,113.5,114.925,113.5,114.925,483
2020-04-08T13:30:00.000Z,117.375,121.675,117.375,119.875,1960
2020-04-09T13:30:00.000Z,118,120.2,116.575,119.525,824
2020-04-13T13:30:00.000Z,115.15,116.125,115.025,115.025,367
2020-04-14T13:30:00.000Z,113.775,118.975,112.425,116.4,547
2020-04-15T13:30:00.000Z,116,117.05,114.125,115.8,810
2020-04-16T13:30:00.000Z,116.85,120.3,116.75,118.25,543
2020-04-17T13:30:00.000Z,120.15,121.1,118.2,119.525,457
2020-04-20T13:30:00.000Z,119.95,120.75,117.9,118.325,270
2020-04-21T13:30:00.000Z,116.85,118.25,115,117.9,400
2020-04-22T13:30:00.000Z,119,119.6,117.5,118.475,251
2020-04-23T13:30:00.000Z,118.25,121.2,118.05,119.425,500
2020-04-24T13:30:00.000Z,119.4,120.125,118.325,119.8,266
2020-04-27T13:30:00.000Z,120.25,121.875,119.5,120.4,237
2020-04-28T13:30:00.000Z,118.45,119.775,117.75,118.5,1345
2020-04-29T13:30:00.000Z,119.1,119.175,118.125,118.55,953
2020-04-30T13:30:00.000Z,117.575,118.3,116.85,117.1,1513
2020-05-01T13:30:00.000Z,117.725,120.8,117,117.825,1504
2020-05-04T13:30:00.000Z,118.7,119.5,118.075,119.075,865
2020-05-05T13:30:00.000Z,119.575,119.7,116.1,119.6,1147
2020-05-06T13:30:00.000Z,119.1,124.1,118.8,124.1,1529
2020-05-07T13:30:00.000Z,125.125,130.85,125.125,130.275,2526
2020-05-08T13:30:00.000Z,130.175,130.375,127.65,127.9,1238
2020-05-11T13:30:00.000Z,128.025,128.25,123.475,123.65,903
2020-05-12T13:30:00.000Z,123.9,127.6,123.775,127.3,734
2020-05-13T13:30:00.000Z,127.15,127.475,124.925,125.3,600
2020-05-14T13:30:00.000Z,125,125.55,123.525,123.8,597
2020-05-15T13:30:00.000Z,124.35,125.425,123.8,124.725,777
2020-05-18T13:30:00.000Z,126.175,127,125.5,126.6,647
2020-05-19T13:30:00.000Z,132.325,132.625,131.4,131.925,2342
2020-05-20T13:30:00.000Z,131.85,132.4,128.7,129,4244
2020-05-21T13:30:00.000Z,129.175,129.95,128.325,128.875,3278
2020-05-22T13:30:00.000Z,128.7,129.975,128.5,128.8,2500
2020-05-26T13:30:00.000Z,129.775,133.3,129.6,133.3,3973
2020-05-27T13:30:00.000Z,134.2,135,133.025,134.025,3141
2020-05-28T13:30:00.000Z,134.2,136.025,133.3,135.5,4049
2020-05-29T13:30:00.000Z,135.475,135.75,132.6,135.35,5958
2020-06-01T13:30:00.000Z,134.4,136.725,132.525,136.125,4875
2020-06-02T13:30:00.000Z,135.775,136.35,133.175,133.425,4484
2020-06-03T13:30:00.000Z,134,134.575,132.6,134.225,3580
2020-06-04T13:30:00.000Z,133.675,135.325,133.625,134.725,2923
2020-06-05T13:30:00.000Z,135.25,135.5,133.35,134.175,3357
2020-06-08T13:30:00.000Z,134.075,134.325,132.675,133.075,2622
2020-06-09T13:30:00.000Z,132.75,134.875,131.525,134.25,3131
2020-06-10T13:30:00.000Z,134.225,134.75,131.575,132.675,3532
2020-06-11T13:30:00.000Z,131.4,132.35,130.125,132.175,3914
2020-06-12T13:30:00.000Z,132.35,133.5,130.65,131.1,3356
2020-06-15T13:30:00.000Z,130.475,131.75,128.675,131.175,4898
2020-06-16T13:30:00.000Z,132.175,133,131.425,132.875,3193
2020-06-17T13:30:00.000Z,132.3,133.85,131.7,133.575,3057
2020-06-18T13:30:00.000Z,133.75,133.75,132.45,132.975,2130
2020-06-19T13:30:00.000Z,132.5,133.55,132.125,132.55,2318
2020-06-22T13:30:00.000Z,131.15,132.675,131.125,131.75,3489
2020-06-23T13:30:00.000Z,131.625,135.375,131.025,133.2,6963
2020-06-24T13:30:00.000Z,133.2,134.45,131.8,132.875,3898
2020-06-25T13:30:00.000Z,132.95,134.4,132.425,133.25,3071
2020-06-26T13:30:00.000Z,132.975,133.575,132.125,132.6,3523
2020-06-29T13:30:00.000Z,132.725,133.9,130.45,133.5,4727
2020-06-30T13:30:00.000Z,133.475,135.675,132.275,132.85,7247
2020-07-01T13:30:00.000Z,132.9,133.95,130.775,133.075,5060
2020-07-02T13:30:00.000Z,133.25,136,132.625,134.875,4730
2020-07-06T13:30:00.000Z,135.8,136.675,134.975,136.15,4166
2020-07-07T13:30:00.000Z,135.825,136.4,134.85,134.925,3779
2020-07-08T13:30:00.000Z,135,135.225,133.1,134.05,6910
2020-07-09T13:30:00.000Z,134.175,135.425,133.8,134.525,5534
2020-07-10T13:30:00.000Z,134.85,136.05,134.425,135.75,4604
2020-07-13T13:30:00.000Z,136.15,137.85,136,137.05,6320
2020-07-14T13:30:00.000Z,136.9,137.525,136.575,136.725,5191
2020-07-15T13:30:00.000Z,136.75,139.825,136.65,139.425,5101
2020-07-16T13:30:00.000Z,139.375,143.825,138.925,142.6,7822
2020-07-17T13:30:00.000Z,142.45,142.975,141.2,142.7,3973
2020-07-20T13:30:00.000Z,142.475,142.7,139.425,141.6,4930
2020-07-21T13:30:00.000Z,141.6,142.35,140.725,141.325,3290
2020-07-22T13:30:00.000Z,141.35,142.025,140.775,141.525,4214
2020-07-23T13:30:00.000Z,141.75,143.075,141.525,142.025,3546
2020-07-24T13:30:00.000Z,141.75,143.7,141.55,142.05,3699
2020-07-27T13:30:00.000Z,143.7,143.85,139.1,139.35,4635
2020-07-28T13:30:00.000Z,139.625,141.6,139.475,140.7,2829
2020-07-29T13:30:00.000Z,141.375,142.475,140.8,141.975,1528
2020-07-30T13:30:00.000Z,141.775,143.5,141.425,143.025,1718
2020-07-31T13:30:00.000Z,143.15,144.9,142.65,144.675,1481
2020-08-03T13:30:00.000Z,144.525,145.475,144.225,144.875,1503
2020-08-04T13:30:00.000Z,144.875,145.4,144.075,144.7,1079
2020-08-05T13:30:00.000Z,144.5,145.175,144.1,144.8,819
2020-08-06T13:30:00.000Z,145.1,145.975,143.2,143.475,2080
2020-08-07T13:30:00.000Z,143.575,143.925,142.5,142.725,1243
2020-08-10T13:30:00.000Z,142.825,143.825,142.25,143.575,1028
2020-08-11T13:30:00.000Z,143.95,145.1,143.1,144.5,1257
2020-08-12T13:30:00.000Z,144.775,146.4,144.4,145.25,1595
2020-08-13T13:30:00.000Z,145.75,145.85,144.6,144.95,846
2020-08-14T13:30:00.000Z,144.875,145.125,143.65,143.925,570
2020-08-17T13:30:00.000Z,144.2,144.2,142.55,142.725,719
2020-08-18T13:30:00.000Z,142.925,143.45,142.725,143.225,387
2020-08-19T13:30:00.000Z,143.25,144.05,143.25,143.55,283
2020-08-20T13:30:00.000Z,143.725,143.75,143.225,143.425,501
2020-08-21T13:30:00.000Z,143.35,143.725,142.75,142.925,607
2020-08-24T13:30:00.000Z,142.15,142.4,141.15,142,1105
2020-08-25T13:30:00.000Z,142.325,143.475,141.9,143.075,1894
2020-08-26T13:30:00.000Z,143.225,143.825,141.1,141.775,1899
2020-08-27T13:30:00.000Z,141.35,142.35,139.525,141.225,2024
2020-08-28T13:30:00.000Z,141.4,141.4,139.6,140.025,1150
2020-08-31T13:30:00.000Z,139.325,141.375,138.7,140.3,968
2020-09-01T13:30:00.000Z,140.475,141.55,139.125,140.125,1348
2020-09-02T13:30:00.000Z,140.425,140.575,137.5,138.7,1525
2020-09-03T13:30:00.000Z,138.7,139.55,137.05,137.6,1321
2020-09-04T13:30:00.000Z,137.875,138.25,136.85,137.65,1380
2020-09-08T13:30:00.000Z,137.875,139.175,137.65,138.95,1203
2020-09-09T13:30:00.000Z,138.925,139.45,137.225,138.4,1356
2020-09-10T13:30:00.000Z,138.4,140,138.4,139.175,1011
2020-09-11T13:30:00.000Z,139.5,140.225,139.35,140,465
2020-09-14T13:30:00.000Z,140.825,142,140.125,141.5,664
2020-09-15T13:30:00.000Z,142.125,142.125,140.95,141.675,758
2020-09-16T13:30:00.000Z,141.9,141.9,140.375,140.5,575
2020-09-17T13:30:00.000Z,140.3,140.85,139.4,139.925,770
2020-09-18T13:30:00.000Z,140.3,141.75,140.3,140.875,993
2020-09-21T13:30:00.000Z,140.8,141.2,140.15,141.075,700
2020-09-22T13:30:00.000Z,142.45,142.5,140.3,140.625,4160
2020-09-23T13:30:00.000Z,140.45,141.625,140.45,141.525,2500
2020-09-24T13:30:00.000Z,141.45,142.6,141.225,142.275,3149
2020-09-25T13:30:00.000Z,142.2,142.325,140.25,140.325,3697
2020-09-28T13:30:00.000Z,139.5,141.05,139.225,140.925,3347
2020-09-29T13:30:00.000Z,141.25,143.65,140.975,142.925,2785
2020-09-30T13:30:00.000Z,143.3,143.45,140.55,141.35,1880
2020-10-01T13:30:00.000Z,141.075,141.95,140.625,140.925,1463
2020-10-02T13:30:00.000Z,139.95,140.7,139.5,139.9,1216
2020-10-05T13:30:00.000Z,140.5,140.775,139.7,140.05,928
2020-10-06T13:30:00.000Z,140.5,140.875,137.15,138.125,2046
2020-10-07T13:30:00.000Z,138.15,138.8,136.8,138.5,1065
2020-10-08T13:30:00.000Z,138.175,138.875,137.8,138.05,1360
2020-10-09T13:30:00.000Z,138,138.6,137.3,138.25,1233
2020-10-12T13:30:00.000Z,138.675,138.675,137,137.3,1220
2020-10-13T13:30:00.000Z,137.275,138.25,136.3,138.125,938
2020-10-14T13:30:00.000Z,138.3,138.8,136.975,138.375,969
2020-10-15T13:30:00.000Z,138.125,139.05,138,138.925,952
2020-10-16T13:30:00.000Z,138.5,138.95,137.6,138.1,600
2020-10-19T13:30:00.000Z,137.95,137.95,134.1,134.6,1063
2020-10-20T13:30:00.000Z,134,134.8,131.725,134.5,828
2020-10-21T13:30:00.000Z,133.95,135.5,133.95,134.4,167
2020-10-22T13:30:00.000Z,133.975,134.5,132.375,133.825,656
2020-10-23T13:30:00.000Z,133.775,134.45,133.2,133.525,458
2020-10-26T13:30:00.000Z,133.1,134.125,133,133.7,215
2020-10-27T13:30:00.000Z,130.825,133.075,130.675,132.3,2193
2020-10-28T13:30:00.000Z,131.65,134,131.225,133.9,1192
2020-10-29T13:30:00.000Z,133.55,136.8,133.5,135.725,2063
2020-10-30T13:30:00.000Z,136.35,137.9,135.425,137.4,1233
2020-11-02T14:30:00.000Z,137.825,138.25,135.5,136.975,1285
2020-11-03T14:30:00.000Z,137.275,137.35,135.75,136.125,865
2020-11-04T14:30:00.000Z,136.65,137.875,135.225,137.7,910
2020-11-05T14:30:00.000Z,137.7,138.5,136.6,137.575,852
2020-11-06T14:30:00.000Z,137.275,138.4,137,137.7,767
2020-11-09T14:30:00.000Z,138.3,141.875,138.3,141.625,1834
2020-11-10T14:30:00.000Z,141.3,141.95,140.2,140.85,1100
2020-11-11T14:30:00.000Z,140.85,141.025,139.525,140.6,534
2020-11-12T14:30:00.000Z,140.525,140.7,139.825,140.075,700
2020-11-13T14:30:00.000Z,140,140,137.35,137.475,928
2020-11-16T14:30:00.000Z,137.3,137.725,136.725,137.275,468
2020-11-17T14:30:00.000Z,138.025,140.425,137.325,139.725,4823
2020-11-18T14:30:00.000Z,139.725,139.75,136.8,137.3,3948
2020-11-19T14:30:00.000Z,137.5,137.95,134.225,135.55,5686
2020-11-20T14:30:00.000Z,135.5,135.6,133,134.6,5310
2020-11-23T14:30:00.000Z,135.375,138.375,135.225,137.825,4547
2020-11-24T14:30:00.000Z,138.075,139.575,138,138.6,4901
2020-11-25T14:30:00.000Z,138.9,140.575,138.675,140.175,3966
2020-11-27T14:30:00.000Z,139.625,140.975,139.4,139.825,2718
2020-11-30T14:30:00.000Z,139.4,141.25,138.925,141.05,5839
2020-12-01T14:30:00.000Z,141.075,143.475,141.05,141.65,6849
2020-12-02T14:30:00.000Z,141.5,142.15,140.35,141.8,4659
2020-12-03T14:30:00.000Z,141.725,142,139.225,139.8,4664
2020-12-04T14:30:00.000Z,139.6,140.125,138.4,139.775,4655
2020-12-07T14:30:00.000Z,139.25,139.475,137.55,137.8,7301
2020-12-08T14:30:00.000Z,137.6,138.425,136.825,137.575,6088
2020-12-09T14:30:00.000Z,137.525,137.9,136.575,137.025,5731
2020-12-10T14:30:00.000Z,136.85,139.15,136.775,137.6,8018
2020-12-11T14:30:00.000Z,137.4,139.85,137.25,139.725,7026
2020-12-14T14:30:00.000Z,139.7,140.625,139.175,140.025,4278
2020-12-15T14:30:00.000Z,139.475,140.525,139.425,140.1,3651
2020-12-16T14:30:00.000Z,139.6,141.275,138.8,140.85,4385
2020-12-17T14:30:00.000Z,140.75,141.625,140.55,140.975,3397
2020-12-18T14:30:00.000Z,140.95,141,139.975,140.45,4479
2020-12-21T14:30:00.000Z,139.75,141.1,139.275,140.625,3418
2020-12-22T14:30:00.000Z,140.75,141.025,139.65,139.9,3147
2020-12-23T14:30:00.000Z,139.875,140.55,139,140.275,2391
2020-12-24T14:30:00.000Z,140.45,141.075,140.275,140.925,1039
2020-12-28T14:30:00.000Z,140.825,141.975,140.525,141,2185
2020-12-29T14:30:00.000Z,141,141.3,139.325,139.625,2099
2020-12-30T14:30:00.000Z,139.5,139.675,137.8,138.525,2195
2020-12-31T14:30:00.000Z,138.525,139.45,138.05,138.95,1299
2021-01-04T14:00:00.000Z,138.55,138.8,134.5,134.95,3069
2021-01-05T14:30:00.000Z,134.25,137.7,133.75,136.675,2132
2021-01-06T14:30:00.000Z,136.25,136.625,135.025,135.775,1076
2021-01-07T14:30:00.000Z,135.5,137.325,135.4,136.7,974
2021-01-08T14:30:00.000Z,136.3,136.775,135.575,135.825,1223
2021-01-11T14:30:00.000Z,135.85,136.475,134.7,136,925
2021-01-12T14:30:00.000Z,135.975,136,133.075,133.225,1924
2021-01-13T14:30:00.000Z,132.65,134.175,132,133.575,1262
2021-01-14T14:30:00.000Z,133.5,133.9,132.25,132.6,711
2021-01-15T14:30:00.000Z,132.525,135.2,132.525,134.575,783
2021-01-19T14:30:00.000Z,133.875,136,133.7,134.4,928
2021-01-20T14:30:00.000Z,135.1,135.875,134.55,135.3,437
2021-01-21T14:30:00.000Z,134.65,135.95,134.3,135.875,677
2021-01-22T14:30:00.000Z,136,138.8,135.875,137.25,963
2021-01-25T14:30:00.000Z,136.875,137,136.075,136.55,628
2021-01-26T14:30:00.000Z,136.35,136.35,135.525,135.65,688
2021-01-27T14:30:00.000Z,140.2,141.375,139.175,140.075,3814
2021-01-28T14:30:00.000Z,139.8,140.75,139.225,139.8,2508
2021-01-29T14:30:00.000Z,139.675,141.85,137.4,137.725,5454
2021-02-01T14:30:00.000Z,138.125,138.5,136.8,137.925,3445
2021-02-02T14:30:00.000Z,138.5,139.3,138,139.125,3006
2021-02-03T14:30:00.000Z,139,140.3,138.25,138.525,3037
2021-02-04T14:30:00.000Z,138,139.85,137.95,139.5,3045
2021-02-05T14:30:00.000Z,139.4,139.425,138.15,138.275,5042
2021-02-08T14:30:00.000Z,138.325,138.8,137.2,137.45,4809
2021-02-09T14:30:00.000Z,137.3,140.875,137.3,138.65,6757
2021-02-10T14:30:00.000Z,139.2,139.9,137.45,139.5,4705
2021-02-11T14:30:00.000Z,139.025,140.325,138.9,139.15,4685
2021-02-12T14:30:00.000Z,139.775,141.825,139.175,140.85,4393
2021-02-16T14:30:00.000Z,140.825,142.175,139.95,140.775,3658
2021-02-17T14:30:00.000Z,140.25,141.15,138.15,138.425,4435
2021-02-18T14:30:00.000Z,138.45,139.4,138,138.2,4081
2021-02-19T14:30:00.000Z,138.4,139.75,138.35,139.125,2885
2021-02-22T14:30:00.000Z,138.6,139.825,138.25,139.325,2773
2021-02-23T14:30:00.000Z,139.325,139.9,138,138.575,2516
2021-02-24T14:30:00.000Z,138.2,140.425,138.2,140.375,2760
2021-02-25T14:30:00.000Z,140.5,140.925,139.575,140.425,1636
2021-02-26T14:30:00.000Z,140.25,140.375,138.05,138.675,1975
2021-03-01T14:30:00.000Z,138.5,138.5,136.9,137.2,1725
2021-03-02T14:30:00.000Z,136.775,136.85,135.25,136.525,1893
2021-03-03T14:30:00.000Z,136,137.275,135.875,137,1910
2021-03-04T14:30:00.000Z,136.775,137.05,134.625,135.1,1871
2021-03-05T14:30:00.000Z,135.25,135.725,133.65,134.6,2042
2021-03-08T14:30:00.000Z,134.225,135.775,134.225,135.35,1621
2021-03-09T14:30:00.000Z,135.5,137.35,135.475,137.15,1772
2021-03-10T14:30:00.000Z,137.1,137.4,135.65,136.2,1087
2021-03-11T14:30:00.000Z,135.925,136.1,134.725,135.25,991
2021-03-12T14:30:00.000Z,135,136.925,134.9,136.35,813
2021-03-15T13:30:00.000Z,136.3,137.275,136.225,137.025,530
2021-03-16T13:30:00.000Z,137,137.25,136.475,136.575,481
2021-03-17T13:30:00.000Z,137,137.175,136.125,136.925,539
2021-03-18T13:30:00.000Z,137.3,137.55,135.4,135.525,1017
2021-03-19T13:30:00.000Z,135.975,136.1,134.525,134.675,1002
2021-03-22T13:30:00.000Z,134.8,135.225,134.625,135.075,318
2021-03-23T13:30:00.000Z,135.25,135.6,134.975,135.45,491
2021-03-24T13:30:00.000Z,139.975,142.95,139.875,142.45,3134
2021-03-25T13:30:00.000Z,142.65,144.475,142.65,144.225,3092
2021-03-26T13:30:00.000Z,144.9,145.3,144.175,145.125,2100
2021-03-29T13:30:00.000Z,144.95,148.175,144.7,147.075,2115
2021-03-30T13:30:00.000Z,147.2,147.875,146.5,146.825,1523
2021-03-31T13:30:00.000Z,146.2,146.2,141.875,143.875,2939
2021-04-01T13:30:00.000Z,143.8,144.85,143.25,143.875,1014
2021-04-05T13:30:00.000Z,144,147.3,144,146.45,1288
2021-04-06T13:30:00.000Z,146.1,147.1,146.05,146.475,705
2021-04-07T13:30:00.000Z,146.7,147.725,146.2,147.625,784
2021-04-08T13:30:00.000Z,147.325,148.05,146.4,147.125,1334
2021-04-09T13:30:00.000Z,146.875,147.15,144.5,144.75,1415
2021-04-12T13:30:00.000Z,145.65,145.675,143.875,144.5,1154
2021-04-13T13:30:00.000Z,144.2,144.575,142.25,142.45,1445
2021-04-14T13:30:00.000Z,142.15,142.25,140.65,141.15,1193
2021-04-15T13:30:00.000Z,141,141.7,140,140.05,623
2021-04-16T13:30:00.000Z,140.2,140.25,139.375,139.625,406
2021-04-19T13:30:00.000Z,139.65,139.65,137.15,137.725,522
2021-04-20T13:30:00.000Z,137.6,138.15,135.875,137.575,553
2021-04-21T13:30:00.000Z,137.75,137.775,134.625,135.1,485
2021-04-22T13:30:00.000Z,134.625,134.95,132.2,132.25,526
2021-04-23T13:30:00.000Z,134,134.475,132.9,133.85,372
2021-04-26T13:30:00.000Z,134,134,132.55,132.75,403
2021-04-27T13:30:00.000Z,133,134.775,132.6,134.2,430
2021-04-28T13:30:00.000Z,137,138.175,133.475,134.975,3273
2021-04-29T13:30:00.000Z,135,136.775,134.575,135.85,1743
2021-04-30T13:30:00.000Z,136,136.475,132.975,133.6,2215
2021-05-03T13:30:00.000Z,132.05,133.8,130.825,133.05,1868
2021-05-04T13:30:00.000Z,133.075,133.075,128.75,129.75,1812
2021-05-05T13:30:00.000Z,130,131.85,128.65,131.475,1578
2021-05-06T13:30:00.000Z,131.15,131.925,128.5,130.475,1874
2021-05-07T13:30:00.000Z,130.225,134.35,130.175,131.725,2200
2021-05-10T13:30:00.000Z,132.975,135.775,132.975,135.45,1515
2021-05-11T13:30:00.000Z,135.2,136,134.525,135.325,1013
2021-05-12T13:30:00.000Z,134.95,137.075,134.925,136.75,810
2021-05-13T13:30:00.000Z,137.725,139.375,136.025,137.45,1213
2021-05-14T13:30:00.000Z,137.025,137.925,136.6,137.55,530
2021-05-17T13:30:00.000Z,137.5,138.175,136.875,137.925,718
2021-05-18T13:30:00.000Z,137.975,138.725,136.325,137.2,527
2021-05-19T13:30:00.000Z,137.5,137.95,136.45,136.575,454
2021-05-20T13:30:00.000Z,136.575,136.575,135.15,135.75,591
2021-05-21T13:30:00.000Z,136.4,137.325,136.225,137.225,571
2021-05-24T13:30:00.000Z,136.4,136.6,136.2,136.275,562
2021-05-25T13:30:00.000Z,136.5,136.725,136.325,136.625,569
2021-05-26T13:30:00.000Z,156.75,158.725,154.15,155.2,6148
2021-05-27T13:30:00.000Z,154.625,154.95,152.3,152.85,4698
2021-05-28T13:30:00.000Z,153.425,153.9,151.2,151.35,3457
2021-06-01T13:30:00.000Z,149.1,150.25,145.1,149.15,8950
2021-06-02T13:30:00.000Z,150.6,153.05,148.45,152.325,4977
2021-06-03T13:30:00.000Z,152.2,153.35,151.025,152.95,3216
2021-06-04T13:30:00.000Z,152.7,152.75,149.2,149.925,4037
2021-06-07T13:30:00.000Z,148.5,150.6,147.425,150.2,3636
2021-06-08T13:30:00.000Z,150.225,150.425,147.95,149.25,3599
2021-06-09T13:30:00.000Z,149.8,150.9,147.5,148.275,3939
2021-06-10T13:30:00.000Z,147.75,148.8,146.75,148.4,4157
2021-06-11T13:30:00.000Z,149.4,151.9,148.875,151.175,4805
2021-06-14T13:30:00.000Z,153.175,154.75,152.675,154.6,4174
2021-06-15T13:30:00.000Z,154.825,157.4,154.725,156.825,5770
2021-06-16T13:30:00.000Z,156.175,158.1,155.7,157.7,4596
2021-06-17T13:30:00.000Z,158.3,160.15,156.75,157.4,5766
2021-06-18T13:30:00.000Z,156.25,157.7,154.9,155.025,4081
2021-06-21T13:30:00.000Z,156.075,156.375,153.6,155.1,2816
2021-06-22T13:30:00.000Z,155.25,159.5,155.225,158.35,5054
2021-06-23T13:30:00.000Z,158.4,159.35,155.425,155.7,3775
2021-06-24T13:30:00.000Z,157.25,157.6,155.825,157.15,2732
2021-06-25T13:30:00.000Z,157.025,159.675,156.475,159.55,2942
2021-06-28T13:30:00.000Z,159.625,159.65,156.05,156.35,5227
2021-06-29T13:30:00.000Z,156.7,158.15,155.4,157.4,3875
2021-06-30T13:30:00.000Z,157.875,158.625,153.625,154.625,7567
2021-07-01T13:30:00.000Z,153.15,157.775,152.2,156.325,6085
2021-07-02T13:30:00.000Z,156.55,158.325,155.925,157.05,3726
2021-07-06T13:30:00.000Z,158.175,160.925,157.75,160.625,5191
2021-07-07T13:30:00.000Z,160.5,161.1,158.3,159,5175
2021-07-08T13:30:00.000Z,159.275,159.35,156.75,157.325,5441
2021-07-09T13:30:00.000Z,157.575,159.775,156.875,159.175,5798
2021-07-12T13:30:00.000Z,158.975,159.15,157.6,158.15,5555
2021-07-13T13:30:00.000Z,158,159.375,157.3,158.825,5889
2021-07-14T13:30:00.000Z,159.15,159.325,156.3,156.95,5977
2021-07-15T13:30:00.000Z,157.075,158.275,156.525,157.375,4033
2021-07-16T13:30:00.000Z,157,157.525,155.5,155.625,3999
2021-07-19T13:30:00.000Z,155.35,157.875,154.1,157.375,5516
2021-07-20T13:30:00.000Z,156.8,156.95,155.175,155.525,4306
2021-07-21T13:30:00.000Z,155.15,156.975,154.775,156.775,2911
2021-07-22T13:30:00.000Z,157.5,159.3,157.325,158.2,2936
2021-07-23T13:30:00.000Z,158.3,160.35,158.075,160.075,3253
2021-07-26T13:30:00.000Z,160.45,163.15,160.35,162.2,3358
2021-07-27T13:30:00.000Z,161.85,162.475,160.5,160.7,3086
2021-07-28T13:30:00.000Z,160.75,161.025,159.7,160.175,2145
2021-07-29T13:30:00.000Z,160.275,160.275,158.3,158.5,1695
2021-07-30T13:30:00.000Z,159.025,159.175,157.6,158.175,1447
2021-08-02T13:30:00.000Z,158.825,159.925,157.875,158.25,1395
2021-08-03T13:30:00.000Z,158.725,160,158.125,158.9,1488
2021-08-04T13:30:00.000Z,159.325,159.85,158.425,159.2,1350
2021-08-05T13:30:00.000Z,159.125,159.3,157.35,157.65,1893
2021-08-06T13:30:00.000Z,157.85,160.175,156.8,159.85,2001
2021-08-09T13:30:00.000Z,160.225,160.225,158.625,159.3,1131
2021-08-10T13:30:00.000Z,159.35,160.05,158.625,159.325,744
2021-08-11T13:30:00.000Z,159,159.35,158.375,158.775,771
2021-08-12T13:30:00.000Z,158.5,159.775,157.325,158.7,1109
2021-08-13T13:30:00.000Z,158.675,158.75,157.775,158.05,527
2021-08-16T13:30:00.000Z,158.2,158.475,157,157.2,968
2021-08-17T13:30:00.000Z,157.2,157.4,156.55,156.575,770
2021-08-18T13:30:00.000Z,156.75,159.15,156.55,158.85,687
2021-08-19T13:30:00.000Z,158.425,158.5,157.625,158.275,579
2021-08-20T13:30:00.000Z,157.85,159.4,157.65,159.025,842
2021-08-23T13:30:00.000Z,158.3,158.9,157.5,158.2,1614
2021-08-24T13:30:00.000Z,158.45,159,157.95,158.575,1224
2021-08-25T13:30:00.000Z,165.9,167.075,165.025,165.15,3263
2021-08-26T13:30:00.000Z,165.625,165.975,163.725,164.45,2356
2021-08-27T13:30:00.000Z,165.125,165.35,163.575,164.65,1835
2021-08-30T13:30:00.000Z,164.55,165.4,163.875,164.05,1755
2021-08-31T13:30:00.000Z,164.375,164.675,162.8,163,2199
2021-09-01T13:30:00.000Z,162.85,163.8,162.475,162.925,1701
2021-09-02T13:30:00.000Z,162.825,162.925,159.475,160.3,2972
2021-09-03T13:30:00.000Z,160.75,161.05,158.15,158.475,1753
2021-09-07T13:30:00.000Z,158.975,159.225,155.7,156.275,1820
2021-09-08T13:30:00.000Z,156.35,157.7,155.775,156.05,1454
2021-09-09T13:30:00.000Z,156.075,156.975,155.5,155.75,678
2021-09-10T13:30:00.000Z,155.75,155.9,153.25,154.25,1507
2021-09-13T13:30:00.000Z,152.9,153.775,151.5,152.2,1009
2021-09-14T13:30:00.000Z,152.5,155.6,152.5,155.275,921
2021-09-15T13:30:00.000Z,155.5,155.95,154.625,154.725,740
2021-09-16T13:30:00.000Z,154.5,156.125,154.075,155.875,571
2021-09-17T13:30:00.000Z,155.5,155.625,154.475,154.875,228
2021-09-20T13:30:00.000Z,154.175,155.4,153.775,155,327
2021-09-21T13:30:00.000Z,155.475,155.875,154.7,154.85,344
2021-09-22T13:30:00.000Z,154.95,155.1,154.55,154.8,756
2021-09-23T13:30:00.000Z,155.375,155.55,154.775,154.9,567
2021-09-24T13:30:00.000Z,154.8,155.025,154.475,154.625,530
2021-09-27T13:30:00.000Z,154.5,154.8,154.125,154.25,445
2021-09-28T13:30:00.000Z,154.25,154.65,154.05,154.4,311
2021-09-29T13:30:00.000Z,155.975,156.4,154.325,154.625,1492
2021-09-30T13:30:00.000Z,154.625,154.625,151.925,152.55,2192
2021-10-01T13:30:00.000Z,153.025,153.9,152.5,152.75,1063
2021-10-04T13:30:00.000Z,153,155.525,152.525,155,1003
2021-10-05T13:30:00.000Z,155.275,157.475,155,156.1,1876
2021-10-06T13:30:00.000Z,155.975,157.1,155.1,156.8,994
2021-10-07T13:30:00.000Z,157.025,160.4,157.025,160.35,1937
2021-10-08T13:30:00.000Z,160,160.6,159.35,159.475,1236
2021-10-11T13:30:00.000Z,159.225,159.65,158.875,159.325,965
2021-10-12T13:30:00.000Z,159.225,159.4,158.25,158.575,905
2021-10-13T13:30:00.000Z,158.45,158.575,157.525,157.65,875
2021-10-14T13:30:00.000Z,157.6,158.5,157.225,158.425,561
2021-10-15T13:30:00.000Z,158.2,158.225,157.3,157.575,425
2021-10-18T13:30:00.000Z,157.575,157.575,155.65,155.75,443
2021-10-19T13:30:00.000Z,155.8,157,155,155.1,487
2021-10-20T13:30:00.000Z,155.3,156.05,155.075,155.925,538
2021-10-21T13:30:00.000Z,156.425,157.025,156.125,156.25,558
2021-10-22T13:30:00.000Z,156.35,156.35,155.175,155.425,539
2021-10-25T13:30:00.000Z,156,156.4,155.425,155.625,406
2021-10-26T13:30:00.000Z,155.65,156.05,155.375,155.975,502
2021-10-27T13:30:00.000Z,160.1,160.1,158.1,158.475,1637
2021-10-28T13:30:00.000Z,158.875,159.075,157.4,157.65,1828
2021-10-29T13:30:00.000Z,157.75,158.35,156.175,156.575,1856
2021-11-01T13:30:00.000Z,156.575,157.35,152.725,154.4,2638
2021-11-02T13:30:00.000Z,154.4,157.825,154.4,157.575,1478
2021-11-03T13:30:00.000Z,157.95,160,157.95,159.175,1876
2021-11-04T13:30:00.000Z,159,159.325,157.95,158.025,1367
2021-11-05T13:30:00.000Z,158.225,159.525,157.575,158.875,1457
2021-11-08T14:30:00.000Z,158.5,158.925,157.775,158.575,1263
2021-11-09T14:30:00.000Z,158.7,158.7,157.625,157.9,892
2021-11-10T14:30:00.000Z,157.3,157.575,156.325,156.65,907
2021-11-11T14:30:00.000Z,156.65,157.6,156.45,157.325,719
2021-11-12T14:30:00.000Z,157.325,157.55,155.65,156.25,773
2021-11-15T14:30:00.000Z,156.2,156.2,155.625,155.925,820
2021-11-16T14:30:00.000Z,155.85,156.25,155.55,155.65,712
2021-11-17T14:30:00.000Z,159.25,159.5,157.875,158.925,3710
2021-11-18T14:30:00.000Z,159,161.85,158.65,161.375,6035
2021-11-19T14:30:00.000Z,161.475,162.075,160.75,160.925,4132
2021-11-22T14:30:00.000Z,160.775,161.975,160.1,161.7,3024
2021-11-23T14:30:00.000Z,161.975,164.75,161.85,164.375,6067
2021-11-24T14:30:00.000Z,164.675,167.225,164.225,166.925,5632
2021-11-26T14:30:00.000Z,164.075,168.175,164,167.15,5536
2021-11-29T14:30:00.000Z,167.5,168.3,165.175,165.725,6511
2021-11-30T14:30:00.000Z,165.2,167.1,163.375,164.85,7207
2021-12-01T14:30:00.000Z,165,166.5,164.925,165.825,4498
2021-12-02T14:30:00.000Z,165.4,165.925,164.95,165.775,4289
2021-12-03T14:30:00.000Z,165.9,166.7,163.2,164.125,4573
2021-12-06T14:30:00.000Z,164,165.575,162.825,165.25,5259
2021-12-07T14:30:00.000Z,165.275,165.7,164.25,165.025,4263
2021-12-08T14:30:00.000Z,164.975,164.975,163.025,163.4,4473
2021-12-09T14:30:00.000Z,163.4,164.325,163,164.075,5872
2021-12-10T14:30:00.000Z,164,165.5,163.725,164.875,4443
2021-12-13T14:30:00.000Z,164.9,166.075,163.9,165.525,4654
2021-12-14T14:30:00.000Z,165.375,165.85,164.3,164.575,3026
2021-12-15T14:30:00.000Z,164.5,164.7,163.2,163.425,3482
2021-12-16T14:30:00.000Z,163.775,163.775,161.5,162.575,4540
2021-12-17T14:30:00.000Z,162.75,162.9,160.05,160.25,4596
2021-12-20T14:30:00.000Z,159.9,159.975,158.4,159.225,3054
2021-12-21T14:30:00.000Z,159.5,161.35,159.2,160.85,3073
2021-12-22T14:30:00.000Z,160.55,162.15,160.025,161.775,2815
2021-12-23T14:30:00.000Z,161.575,163.725,161.1,163.45,1818
2021-12-27T14:00:00.000Z,163.25,163.5,161.875,162.4,1789
2021-12-28T14:30:00.000Z,162.75,164.1,162.625,163.55,1935
2021-12-29T14:30:00.000Z,164.225,166,164.225,165.875,1965
2021-12-30T14:30:00.000Z,165.95,167,165.5,166.325,1134
2021-12-31T14:30:00.000Z,166.5,167.55,165.925,166.875,672
2022-01-03T14:30:00.000Z,166.6,167.35,166.025,166.25,926
2022-01-04T14:30:00.000Z,165.55,165.55,161.6,162.675,2625
2022-01-05T14:30:00.000Z,162.6,162.9,161.5,162.125,1200
2022-01-06T14:30:00.000Z,161.925,162.95,160.875,162.575,889
2022-01-07T14:30:00.000Z,162.625,162.75,161.675,162.1,1153
2022-01-10T14:30:00.000Z,162,162.25,160.8,160.925,1159
2022-01-11T14:30:00.000Z,160.95,162.675,160.6,162.075,1022
2022-01-12T14:30:00.000Z,162.3,162.625,161.05,161.875,781
2022-01-13T14:30:00.000Z,161.9,162.975,161.575,162.925,804
2022-01-14T14:30:00.000Z,162.7,163.225,162.025,162.7,766
2022-01-18T14:30:00.000Z,162,162.475,161.15,161.45,698
2022-01-19T14:30:00.000Z,161.15,161.975,160.825,161.4,732
2022-01-20T14:30:00.000Z,161.6,161.8,160.925,161.175,663
2022-01-21T14:30:00.000Z,161.2,161.2,160.175,160.275,500
2022-01-24T14:30:00.000Z,159.725,159.85,157.65,158.475,1048
2022-01-25T14:30:00.000Z,158.4,158.7,158.2,158.55,386
2022-01-26T14:30:00.000Z,160.45,162.3,160.375,160.8,5971
2022-01-27T14:30:00.000Z,161.3,161.85,159.125,159.5,3855
2022-01-28T14:30:00.000Z,159.55,160.625,158.625,159.625,5268
2022-01-31T14:30:00.000Z,159.875,163.25,159.75,163.025,7188
2022-02-01T14:30:00.000Z,163.5,164.15,162.225,163.7,5422
2022-02-02T14:30:00.000Z,163.9,167.225,163.725,166.875,8092
2022-02-03T14:30:00.000Z,166.875,167.95,166.1,166.725,4344
2022-02-04T14:30:00.000Z,166.35,167.175,165.725,166.1,3723
2022-02-07T14:30:00.000Z,165.45,166.075,164.45,165.025,5670
2022-02-08T14:30:00.000Z,165.25,167.3,164.3,166.875,5048
2022-02-09T14:30:00.000Z,166.9,168.85,166.625,168.275,6558
2022-02-10T14:30:00.000Z,167.875,169,166.525,166.725,5987
2022-02-11T14:30:00.000Z,166.5,168.6,166.05,166.225,4537
2022-02-14T14:30:00.000Z,166.15,167.8,165.7,166.875,4310
2022-02-15T14:30:00.000Z,167.2,169.375,167.15,168.725,5502
2022-02-16T14:30:00.000Z,168.425,168.775,166.9,167.45,3740
2022-02-17T14:30:00.000Z,167.4,167.4,165.9,166.2,3202
2022-02-18T14:30:00.000Z,166.225,166.225,165.175,165.425,3329
2022-02-22T14:30:00.000Z,165.125,165.725,163.25,164.225,4453
2022-02-23T14:30:00.000Z,164.225,164.325,162.625,162.775,4908
2022-02-24T14:30:00.000Z,160,160.3,156.525,159.1,8051
2022-02-25T14:30:00.000Z,161.85,162.35,159.3,160.025,3163
2022-02-28T14:30:00.000Z,158.1,159.85,156.225,157.725,3802
2022-03-01T14:30:00.000Z,156.1,157.85,156,156.275,2557
2022-03-02T14:30:00.000Z,156.7,159.175,156.7,158.3,1909
2022-03-03T14:30:00.000Z,157.5,157.775,155.925,156.35,1369
2022-03-04T14:30:00.000Z,154.525,155.775,150.175,153.125,2460
2022-03-07T14:30:00.000Z,153.225,155.8,152.325,154.6,1750
2022-03-08T14:30:00.000Z,154.2,155.625,152.625,154.025,2538
2022-03-09T14:30:00.000Z,155.025,155.025,153.55,154.05,959
2022-03-10T14:30:00.000Z,152.775,153.8,151.325,151.65,1397
2022-03-11T14:30:00.000Z,152.05,153.925,152,153.275,939
2022-03-14T13:30:00.000Z,154.3,156.7,153.65,155.95,1481
2022-03-15T13:30:00.000Z,157,157.15,155.65,156.35,841
2022-03-16T13:30:00.000Z,156.85,157.95,156.5,157.25,1099
2022-03-17T13:30:00.000Z,157,157.2,156.25,156.55,601
2022-03-18T13:30:00.000Z,156.4,157.7,156.4,157,578
2022-03-21T13:30:00.000Z,156.875,157.2,155.425,156.1,581
2022-03-22T13:30:00.000Z,156.6,157.35,156.025,156.325,373
2022-03-23T13:30:00.000Z,156,156.45,155.225,156.1,936
2022-03-24T13:30:00.000Z,156.525,157.075,156.225,156.775,633
2022-03-25T13:30:00.000Z,156.775,156.95,156.3,156.425,624
2022-03-28T13:30:00.000Z,156.4,156.45,155.975,156.1,573
2022-03-29T13:30:00.000Z,156.425,156.9,156.3,156.7,761
2022-03-30T13:30:00.000Z,163.35,164.05,162.65,163.675,1305
2022-03-31T13:30:00.000Z,163.675,163.675,160.9,161.4,1364
2022-04-01T13:30:00.000Z,162.025,162.575,160.925,161.575,893
2022-04-04T13:30:00.000Z,161.15,161.7,158,158.375,1504
2022-04-05T13:30:00.000Z,157.6,157.75,155.15,156.125,2191
2022-04-06T13:30:00.000Z,156.6,157.325,155.075,157.1,1129
2022-04-07T13:30:00.000Z,157.475,158.175,156.025,156.4,1355
2022-04-08T13:30:00.000Z,156.475,157.675,156.1,156.55,757
2022-04-11T13:30:00.000Z,156.325,157,154.25,156.65,831
2022-04-12T13:30:00.000Z,156.575,158.05,156,157.75,906
2022-04-13T13:30:00.000Z,158.35,159.5,158.35,158.55,757
2022-04-14T13:30:00.000Z,158,158.725,157.7,158.2,512
2022-04-18T13:30:00.000Z,157.55,157.65,155.35,155.775,973
2022-04-19T13:30:00.000Z,156.225,157,155.9,156.65,660
2022-04-20T13:30:00.000Z,156.75,158,156.75,157.5,771
2022-04-21T13:30:00.000Z,157.65,158.5,157.475,158.45,788
2022-04-22T13:30:00.000Z,157.6,159.3,157.55,157.95,905
2022-04-25T13:30:00.000Z,157.4,157.4,156.275,156.55,1218
2022-04-26T13:30:00.000Z,156.5,156.65,155.925,156.2,1054
2022-04-27T13:30:00.000Z,160.725,161.225,157.2,157.35,3315
2022-04-28T13:30:00.000Z,157.4,158.85,157.225,157.95,2929
2022-04-29T13:30:00.000Z,158.35,159.45,156.225,156.35,3015
2022-05-02T13:30:00.000Z,158.125,161.875,157.875,161.425,2323
2022-05-03T13:30:00.000Z,161.125,162.625,160.45,162.4,2086
2022-05-04T13:30:00.000Z,161.95,162.85,161.5,162.25,1519
2022-05-05T13:30:00.000Z,162,162,159.825,160.325,1269
2022-05-06T13:30:00.000Z,160.325,161.1,159.1,159.55,1503
2022-05-09T13:30:00.000Z,159.75,159.95,157.325,159.8,1268
2022-05-10T13:30:00.000Z,159.625,160.4,158.8,158.925,917
2022-05-11T13:30:00.000Z,158.8,159.375,157.35,158.15,1212
2022-05-12T13:30:00.000Z,158.2,158.35,156.65,156.875,1139
2022-05-13T13:30:00.000Z,156.975,158.6,156.7,157.875,847
2022-05-16T13:30:00.000Z,156.775,157.5,156.725,157.4,649
2022-05-17T13:30:00.000Z,157.375,157.825,157.025,157.175,849
2022-05-18T13:30:00.000Z,156.55,156.85,155.55,155.85,1350
2022-05-19T13:30:00.000Z,155.075,155.15,154.05,154.125,1453
2022-05-20T13:30:00.000Z,153.95,154.25,153.225,153.4,1367
2022-05-23T13:30:00.000Z,153.1,153.675,153,153.45,838
2022-05-24T13:30:00.000Z,153.6,154.6,153.6,154.5,1018
2022-05-25T13:30:00.000Z,169.5,170.25,167.7,167.95,4358
2022-05-26T13:30:00.000Z,168.35,168.575,166.1,166.675,3605
2022-05-27T13:30:00.000Z,166.625,167.45,165.7,166.325,3348
2022-05-31T13:30:00.000Z,166.775,168.375,164.75,165.125,6216
2022-06-01T13:30:00.000Z,165.275,170.225,165.025,169.725,8198
2022-06-02T13:30:00.000Z,169.725,173.6,169.275,172.95,8807
2022-06-03T13:30:00.000Z,173,174.275,172.15,173.875,6283
2022-06-06T13:30:00.000Z,172.75,174.175,171.7,171.975,5394
2022-06-07T13:30:00.000Z,171.5,172.675,171,172.45,4356
2022-06-08T13:30:00.000Z,172,176.575,171.925,175.65,7482
2022-06-09T13:30:00.000Z,175.9,176.875,175.55,176.025,6607
2022-06-10T13:30:00.000Z,175.75,176.5,174.025,174.475,5328
2022-06-13T13:30:00.000Z,173.5,173.75,169.4,171.325,7674
2022-06-14T13:30:00.000Z,171.45,172.8,170.725,171.3,4509
2022-06-15T13:30:00.000Z,172.525,173.85,172.3,173.275,5324
2022-06-16T13:30:00.000Z,172.675,173.05,170.55,171.3,5027
2022-06-17T13:30:00.000Z,171.025,173.7,170.7,172.95,6219
2022-06-21T13:30:00.000Z,174.5,176.1,174.15,175.3,7764
2022-06-22T13:30:00.000Z,174.95,175.35,172.875,173.15,5848
2022-06-23T13:30:00.000Z,174.275,175.875,173.45,174.85,6972
2022-06-24T13:30:00.000Z,174.2,174.85,172.2,172.5,6895
2022-06-27T13:30:00.000Z,173.875,175.75,172.675,174.125,6754
2022-06-28T13:30:00.000Z,173.35,173.95,171.65,171.825,6844
2022-06-29T13:30:00.000Z,171.65,172.675,170.325,170.725,6846
2022-06-30T13:30:00.000Z,171.5,174.125,170.575,173.6,8744
2022-07-01T13:30:00.000Z,173.6,175.575,173.55,174.5,8173
2022-07-05T13:30:00.000Z,175,176.325,172.45,172.7,6647
2022-07-06T13:30:00.000Z,173.225,173.9,172.075,173.3,7525
2022-07-07T13:30:00.000Z,173.6,173.775,171.6,172.475,6594
2022-07-08T13:30:00.000Z,172.525,173.6,171.525,171.725,6947
2022-07-11T13:30:00.000Z,171.2,175.275,170,174.875,9553
2022-07-12T13:30:00.000Z,175.3,179.9,175.175,179.575,11489
2022-07-13T13:30:00.000Z,179.25,181,178.175,180.8,8960
2022-07-14T13:30:00.000Z,179.9,180.35,178.45,178.9,7190
2022-07-15T13:30:00.000Z,178.85,179.025,176.075,176.35,6679
2022-07-18T13:30:00.000Z,176.15,177.225,175.275,176.675,6024
2022-07-19T13:30:00.000Z,178,179.45,177.775,178.75,4748
2022-07-20T13:30:00.000Z,178.825,179.65,177.625,177.825,5587
2022-07-21T13:30:00.000Z,178.675,178.675,176.375,178.275,5248
2022-07-22T13:30:00.000Z,178.55,181.825,178.325,181.55,5524
2022-07-25T13:30:00.000Z,179.6,181.175,178.7,179.3,3855
2022-07-26T13:30:00.000Z,178.3,178.575,177,177.425,2626
2022-07-27T13:30:00.000Z,177,179.35,177,179.1,1953
2022-07-28T13:30:00.000Z,178.475,178.65,177.3,177.425,1490
2022-07-29T13:30:00.000Z,176.85,178.95,175.75,178.575,2311
2022-08-01T13:30:00.000Z,179.45,180.325,179.125,179.65,1449
2022-08-02T13:30:00.000Z,179.9,180.15,177.9,178.125,1817
2022-08-03T13:30:00.000Z,178,179.625,177.775,179.35,1576
2022-08-04T13:30:00.000Z,179.15,179.7,177.9,179.075,1176
2022-08-05T13:30:00.000Z,179.175,180.7,178.95,179.525,1546
2022-08-08T13:30:00.000Z,179.825,181.95,179.775,181.275,2244
2022-08-09T13:30:00.000Z,180.3,180.35,178.5,178.8,1812
2022-08-10T13:30:00.000Z,179.3,181.075,178.65,180.675,1542
2022-08-11T13:30:00.000Z,180.675,181.05,179.175,179.95,1358
2022-08-12T13:30:00.000Z,180.275,181.175,179.125,179.625,1430
2022-08-15T13:30:00.000Z,180.6,181.4,179,179.925,1239
2022-08-16T13:30:00.000Z,180.2,182.5,180.2,181.525,1529
2022-08-17T13:30:00.000Z,181.8,183.725,181.125,183.25,1293
2022-08-18T13:30:00.000Z,183.15,183.325,181.275,181.525,1170
2022-08-19T13:30:00.000Z,181.35,182.075,180.85,181.5,845
2022-08-22T13:30:00.000Z,181.05,181.875,181.05,181.4,1039
2022-08-23T13:30:00.000Z,181.075,181.425,180.5,180.9,783
2022-08-24T13:30:00.000Z,181.5,183.85,181.5,183.025,4363
2022-08-25T13:30:00.000Z,183.075,184.45,181.4,184.25,3101
2022-08-26T13:30:00.000Z,184.325,184.6,181.9,182.2,2193
2022-08-29T13:30:00.000Z,181.5,181.625,179.525,179.925,3261
2022-08-30T13:30:00.000Z,181.3,182.65,180.85,182.175,2390
2022-08-31T13:30:00.000Z,182.775,183,182.075,182.45,1672
2022-09-01T13:30:00.000Z,182.7,184.15,182.625,183.15,1197
2022-09-02T13:30:00.000Z,182.925,184.05,182.225,183.875,1856
2022-09-06T13:30:00.000Z,183.425,185.3,183.425,184.175,2166
2022-09-07T13:30:00.000Z,183.5,183.975,181.8,182.025,2657
2022-09-08T13:30:00.000Z,182.8,182.875,181.425,182.325,1303
2022-09-09T13:30:00.000Z,182.65,183.65,182.225,183,1859
2022-09-12T13:30:00.000Z,182.725,183.625,181,181.525,1637
2022-09-13T13:30:00.000Z,181.525,181.725,178.5,179.45,1613
2022-09-14T13:30:00.000Z,179.45,180.475,178.8,179.975,1050
2022-09-15T13:30:00.000Z,179.65,179.85,178.925,179.35,693
2022-09-16T13:30:00.000Z,179,179.475,178.3,179.2,769
2022-09-19T13:30:00.000Z,179.45,180.025,178.9,179.95,841
2022-09-20T13:30:00.000Z,179.6,180.35,178.65,178.8,954
2022-09-21T13:30:00.000Z,178.775,179.525,178.05,178.175,661
2022-09-22T13:30:00.000Z,178.6,178.975,178.05,178.2,702
2022-09-23T13:30:00.000Z,178.7,178.8,177.575,178.125,672
2022-09-26T13:30:00.000Z,177.95,178.6,176.75,176.875,824
2022-09-27T13:30:00.000Z,177,177,175.05,175.7,824
2022-09-28T13:30:00.000Z,176.5,176.6,174.6,175,3321
2022-09-29T13:30:00.000Z,175.225,177.725,174.45,177.325,3132
2022-09-30T13:30:00.000Z,177.425,178.2,174,174.175,2786
2022-10-03T13:30:00.000Z,174.525,176.55,174.425,175.525,1387
2022-10-04T13:30:00.000Z,175.95,176.1,174.25,174.65,1417
2022-10-05T13:30:00.000Z,175.3,176.95,174.125,176.55,1922
2022-10-06T13:30:00.000Z,177.075,177.25,175.325,175.725,1692
2022-10-07T13:30:00.000Z,175.425,175.95,174.55,174.725,1541
2022-10-10T13:30:00.000Z,174.275,174.775,171.45,172.1,1704
2022-10-11T13:30:00.000Z,172.6,175.4,172.425,175.075,1778
2022-10-12T13:30:00.000Z,175.6,176.625,175,175.5,1521
2022-10-13T13:30:00.000Z,175.4,176.175,174.45,174.75,1484
2022-10-14T13:30:00.000Z,175,175.15,173.15,173.8,660
2022-10-17T13:30:00.000Z,173.875,175.2,173.775,174.75,1319
2022-10-18T13:30:00.000Z,174.9,175.6,174.5,174.825,1204
2022-10-19T13:30:00.000Z,175.075,175.475,174.7,175.225,1103
2022-10-20T13:30:00.000Z,175.025,175.7,175.025,175.575,704
2022-10-21T13:30:00.000Z,175.45,176.4,175.075,175.275,883
2022-10-24T13:30:00.000Z,175.15,175.775,175.15,175.675,919
2022-10-25T13:30:00.000Z,176.3,177.325,176.3,176.6,1114
2022-10-26T13:30:00.000Z,177.4,179,177.05,178.825,1594
2022-10-27T13:30:00.000Z,178.725,179.05,177.75,178.125,1914
2022-10-28T13:30:00.000Z,178,178.925,177.7,177.875,1322
2022-10-31T13:30:00.000Z,176.575,177.925,175.75,177.625,2427
2022-11-01T13:30:00.000Z,177.25,178.15,176.675,176.925,1963
2022-11-02T13:30:00.000Z,177.975,179.225,177.9,178.925,2482
2022-11-03T13:30:00.000Z,179,179.2,177.25,178,3369
2022-11-04T13:30:00.000Z,177.625,178.825,177.5,177.825,1479
2022-11-07T14:30:00.000Z,178.1,178.45,177.525,178.225,597
2022-11-08T14:30:00.000Z,178.35,178.625,177.725,178.275,691
2022-11-09T14:30:00.000Z,178.125,178.25,177.45,177.725,824
2022-11-10T14:30:00.000Z,177.7,178.75,177.5,178.625,1315
2022-11-11T14:30:00.000Z,178.175,178.2,176.85,176.95,1234
2022-11-14T14:30:00.000Z,176.85,177.3,176.45,176.95,1088
2022-11-15T14:30:00.000Z,176.825,176.925,175.525,175.675,1364
2022-11-16T14:30:00.000Z,177.8,178.25,177,177.475,8081
2022-11-17T14:30:00.000Z,177.825,180.275,177.575,179.975,10831
2022-11-18T14:30:00.000Z,179.975,181.2,179.275,180.775,7579
2022-11-21T14:30:00.000Z,181.5,183.075,181.5,182.625,7541
2022-11-22T14:30:00.000Z,182.475,182.5,181.2,181.675,6347
2022-11-23T14:30:00.000Z,182.05,182.05,179.05,179.25,6910
2022-11-25T14:30:00.000Z,180.2,180.2,178.225,178.3,4045
2022-11-28T14:30:00.000Z,178.925,179.25,176.7,176.875,7452
2022-11-29T14:30:00.000Z,177.525,178.35,176.75,178,6208
2022-11-30T14:30:00.000Z,178.2,180.75,177.05,180.475,9193
2022-12-01T14:30:00.000Z,180.8,181.475,180.05,181.075,6292
2022-12-02T14:30:00.000Z,181.15,182.95,180.925,182.45,6921
2022-12-05T14:30:00.000Z,182.35,184.2,181.95,183.775,6707
2022-12-06T14:30:00.000Z,182.975,183.15,180.3,181.8,8528
2022-12-07T14:30:00.000Z,181.5,182.25,180.75,180.9,6923
2022-12-08T14:30:00.000Z,181.3,183.8,181.1,183.475,8257
2022-12-09T14:30:00.000Z,183.125,184.9,182.85,183.925,6974
2022-12-12T14:30:00.000Z,183.65,183.95,182.725,183.65,5406
2022-12-13T14:30:00.000Z,183.45,184.45,183.075,184.225,5435
2022-12-14T14:30:00.000Z,184.4,184.55,183.325,183.6,4871
2022-12-15T14:30:00.000Z,183.325,184.225,182.825,183.05,4141
2022-12-16T14:30:00.000Z,183.125,184.45,183.125,183.775,6031
2022-12-19T14:30:00.000Z,184.025,184.45,181.6,182.1,5708
2022-12-20T14:30:00.000Z,182.275,184,181.25,183.625,4481
2022-12-21T14:30:00.000Z,183.75,184.075,182.875,183.825,3947
2022-12-22T14:30:00.000Z,183.6,184.3,183.45,183.975,2378
2022-12-23T14:30:00.000Z,183.95,184.45,183.45,184,1944
2022-12-27T14:30:00.000Z,183.55,184.225,182.7,183.1,1920
2022-12-28T14:30:00.000Z,182.925,183.775,182.375,183.475,1554
2022-12-29T14:30:00.000Z,183.475,184.375,183.45,183.8,2538
2022-12-30T14:30:00.000Z,183.8,184.05,183.025,183.7,1192
2023-01-03T14:30:00.000Z,183.5,183.5,182.45,182.7,1448
2023-01-04T14:30:00.000Z,182.8,185.65,182.675,185.225,3479
2023-01-05T14:30:00.000Z,185.1,185.2,183.5,183.8,2422
2023-01-06T14:30:00.000Z,183.95,184.15,182.2,182.7,2333
2023-01-09T14:30:00.000Z,182.925,183.8,182.4,183.625,1714
2023-01-10T14:30:00.000Z,183.55,184.725,183.5,184.3,1930
2023-01-11T14:30:00.000Z,184.4,184.4,182.9,183.125,2015
2023-01-12T14:30:00.000Z,183,183.425,182.025,182.125,1430
2023-01-13T14:30:00.000Z,182.1,182.225,180.775,181.25,1490
2023-01-17T14:30:00.000Z,181.05,181.2,179.525,179.65,1731
2023-01-18T14:30:00.000Z,179.675,180.4,179.1,179.5,1442
2023-01-19T14:30:00.000Z,179.1,179.1,177.55,178.1,1366
2023-01-20T14:30:00.000Z,177.775,178.55,177.55,177.925,1164
2023-01-23T14:30:00.000Z,178.075,179.525,178.075,179.175,1387
2023-01-24T14:30:00.000Z,178.95,179.15,178.775,178.95,602
2023-01-25T14:30:00.000Z,183.25,183.9,182.85,183.75,4978
2023-01-26T14:30:00.000Z,183.7,183.75,182.525,182.85,6296
2023-01-27T14:30:00.000Z,182.825,183.775,182.7,183.475,4891
2023-01-30T14:30:00.000Z,183.25,184.75,183.15,183.925,6865
2023-01-31T14:30:00.000Z,184.45,186.4,184.375,186.15,9193
2023-02-01T14:30:00.000Z,186.2,186.575,182.7,183.25,11222
2023-02-02T14:30:00.000Z,183.575,186.475,183.45,185.925,11062
2023-02-03T14:30:00.000Z,185.925,186.45,185.425,186.1,7196
2023-02-06T14:30:00.000Z,186.475,187.85,185.45,187.7,8669
2023-02-07T14:30:00.000Z,187.65,188.575,186.975,187.2,10770
2023-02-08T14:30:00.000Z,186.775,187.625,186.275,186.45,5521
2023-02-09T14:30:00.000Z,186.5,187.325,185.6,186.825,6485
2023-02-10T14:30:00.000Z,186.75,187.375,186.025,186.4,4989
2023-02-13T14:30:00.000Z,187.025,188.2,185.55,187.2,8223
2023-02-14T14:30:00.000Z,186.9,187.225,186.125,186.65,3719
2023-02-15T14:30:00.000Z,186.425,187.925,186.25,187.325,5712
2023-02-16T14:30:00.000Z,187.225,187.225,185.825,186.225,4403
2023-02-17T14:30:00.000Z,186.05,187.125,185.625,186.525,4102
2023-02-21T14:30:00.000Z,186.5,187.4,185.9,186.875,4459
2023-02-22T14:30:00.000Z,186.825,188.1,186.15,187.975,6047
2023-02-23T14:30:00.000Z,187.75,189.75,187.7,189.225,9945
2023-02-24T14:30:00.000Z,189.35,189.975,188.1,189.075,6353
2023-02-27T14:30:00.000Z,189.075,190.175,188.425,189.175,4805
2023-02-28T14:30:00.000Z,189.175,190.2,188.8,189.8,2594
2023-03-01T14:30:00.000Z,189.65,191.1,187.675,188.3,5807
2023-03-02T14:30:00.000Z,188.275,189,188.05,188.575,1899
2023-03-03T14:30:00.000Z,188.6,190.25,188.575,190,2403
2023-03-06T14:30:00.000Z,190.275,192.375,189.925,192.075,3648
2023-03-07T14:30:00.000Z,192.175,192.825,191.775,192.125,2277
2023-03-08T14:30:00.000Z,192.125,193.8,191.25,193.75,2706
2023-03-09T14:30:00.000Z,193.275,194.325,192.5,193.075,2077
2023-03-10T14:30:00.000Z,192.65,192.95,191.425,191.475,2084
2023-03-13T13:30:00.000Z,191.025,191.175,190.075,190.825,2625
2023-03-14T13:30:00.000Z,191.175,191.375,189.625,189.925,1702
2023-03-15T13:30:00.000Z,189.75,189.8,187.6,188.2,2993
2023-03-16T13:30:00.000Z,188.35,189.925,188,189.5,1091
2023-03-17T13:30:00.000Z,189.275,189.275,188.15,188.85,981
2023-03-20T13:30:00.000Z,189.55,189.75,188.175,188.2,744
2023-03-21T13:30:00.000Z,188.5,189.15,187.8,188.775,585
2023-03-22T13:30:00.000Z,188.8,189.025,188,188.25,880
2023-03-23T13:30:00.000Z,188,189.075,188,189.025,493
2023-03-24T13:30:00.000Z,189.275,190.125,188.3,189.65,1030
2023-03-27T13:30:00.000Z,190.55,192.45,190.5,192.35,1675
2023-03-28T13:30:00.000Z,192,192,191.5,191.725,903
2023-03-29T13:30:00.000Z,196.825,198.325,196.6,198.2,2685
2023-03-30T13:30:00.000Z,198.275,199.95,197.825,199.9,2506
2023-03-31T13:30:00.000Z,200,202.25,199.825,200.825,2329
2023-04-03T13:30:00.000Z,200.25,200.675,197.925,198.95,2795
2023-04-04T13:30:00.000Z,199.3,200.75,197.55,197.95,1936
2023-04-05T13:30:00.000Z,198.225,198.7,197.625,197.825,1299
2023-04-06T13:30:00.000Z,200,201.775,199.45,200.625,2101
2023-04-10T13:30:00.000Z,200.625,201.35,199.15,200.925,1602
2023-04-11T13:30:00.000Z,200.8,202.2,200.3,202.1,2564
2023-04-12T13:30:00.000Z,201.85,203.5,201.625,202.225,2697
2023-04-13T13:30:00.000Z,203.6,204,202.25,202.675,2200
2023-04-14T13:30:00.000Z,202.575,203.6,201.75,203.4,1935
2023-04-17T13:30:00.000Z,204.1,205.9,204,205.55,1879
2023-04-18T13:30:00.000Z,205.85,206.1,204.675,205.925,864
2023-04-19T13:30:00.000Z,205.625,206.5,204.05,204.675,1843
2023-04-20T13:30:00.000Z,204.1,205.225,202.725,205.025,1234
2023-04-21T13:30:00.000Z,204.775,205.15,203.55,203.775,1244
2023-04-24T13:30:00.000Z,203,203.075,201,202.55,807
2023-04-25T13:30:00.000Z,202.1,202.275,201.9,202.075,858
2023-04-26T13:30:00.000Z,209.075,210.925,207.7,210.275,4208
2023-04-27T13:30:00.000Z,210.7,211.925,210.375,211.525,2707
2023-04-28T13:30:00.000Z,211.525,212.2,210.475,210.975,1925
2023-05-01T13:30:00.000Z,210.55,211.3,209.15,209.7,1930
2023-05-02T13:30:00.000Z,209.525,209.525,205.875,205.95,3398
2023-05-03T13:30:00.000Z,205.85,205.85,203.15,203.425,3734
2023-05-04T13:30:00.000Z,203.7,204.5,203.425,203.65,1676
2023-05-05T13:30:00.000Z,203.65,204.5,202.175,202.525,3084
2023-05-08T13:30:00.000Z,202.175,203.875,202,203.425,1471
2023-05-09T13:30:00.000Z,203.925,206.1,203.225,205.925,1650
2023-05-10T13:30:00.000Z,205.9,205.95,204.875,205.375,1609
2023-05-11T13:30:00.000Z,205.35,206.075,204,204.125,1832
2023-05-12T13:30:00.000Z,204.625,205.6,203.95,205.475,1437
2023-05-15T13:30:00.000Z,205.6,206.55,205.15,206.5,1097
2023-05-16T13:30:00.000Z,206.65,206.8,205.35,205.7,828
2023-05-17T13:30:00.000Z,205.9,205.975,204.425,204.55,1101
2023-05-18T13:30:00.000Z,205.4,206.2,204.65,206.1,1388
2023-05-19T13:30:00.000Z,205.9,206.7,205.6,206.275,1674
2023-05-22T13:30:00.000Z,206.425,206.825,205.85,206.575,966
2023-05-23T13:30:00.000Z,207.45,207.925,207.225,207.8,1222
2023-05-24T13:30:00.000Z,233.4,234.85,231.5,234.525,7375
2023-05-25T13:30:00.000Z,234.675,235.5,232.75,234.7,5627
2023-05-26T13:30:00.000Z,234,235,233.475,233.925,4383
2023-05-30T13:30:00.000Z,234.325,238.55,234.325,237.775,8321
2023-05-31T13:30:00.000Z,237.975,239.85,237.3,239.175,6950
2023-06-01T13:30:00.000Z,238.175,242.05,236.575,241.65,10419
2023-06-02T13:30:00.000Z,242.9,243.8,240.7,241.9,7175
2023-06-05T13:30:00.000Z,241.9,243.075,241.025,242.6,6652
2023-06-06T13:30:00.000Z,242.5,244.475,241.275,243.25,7002
2023-06-07T13:30:00.000Z,244.1,245.175,238.55,239.1,11504
2023-06-08T13:30:00.000Z,239.125,240.825,238.1,238.65,6907
2023-06-09T13:30:00.000Z,239.25,240.9,236.825,239,6910
2023-06-12T13:30:00.000Z,238.25,239.65,237.55,239.05,4936
2023-06-13T13:30:00.000Z,238.675,240.925,237.55,240.45,4951
2023-06-14T13:30:00.000Z,240.975,241.9,235.55,235.9,8058
2023-06-15T13:30:00.000Z,234.625,234.625,232.275,234.125,10233
2023-06-16T13:30:00.000Z,233,236.4,232.7,234.925,6733
2023-06-20T13:30:00.000Z,234.75,235.85,231.875,232.15,6149
2023-06-21T13:30:00.000Z,230.65,230.65,226.7,227.725,11545
2023-06-22T13:30:00.000Z,228.9,230.925,227.95,230.675,6507
2023-06-23T13:30:00.000Z,231.9,235.15,231.4,233.95,7526
2023-06-26T13:30:00.000Z,233.175,235.25,231.4,233.675,6189
2023-06-27T13:30:00.000Z,235.825,239.075,235.75,238.5,7750
2023-06-28T13:30:00.000Z,239.425,240.7,238,240.25,8789
2023-06-29T13:30:00.000Z,240.55,242.75,239.325,242.375,6096
2023-06-30T13:30:00.000Z,241.85,248.075,240.4,247.575,12167
2023-07-03T13:30:00.000Z,246.6,247.975,245.65,247.9,6919
2023-07-05T13:30:00.000Z,246.775,248.85,244.35,244.7,7561
2023-07-06T13:30:00.000Z,243.925,243.925,240.8,242.275,8560
2023-07-07T13:30:00.000Z,242.6,245.775,242.6,245.425,6013
2023-07-10T13:30:00.000Z,245.1,247.3,244.15,246.25,7002
2023-07-11T13:30:00.000Z,245.725,248.15,245.05,247.15,6614
2023-07-12T13:30:00.000Z,247.05,251.3,245.525,246.575,10744
2023-07-13T13:30:00.000Z,246.775,246.925,243.5,245,9363
2023-07-14T13:30:00.000Z,244.3,247.175,244,246.65,7569
2023-07-17T13:30:00.000Z,246.175,249.95,245.3,249.25,7926
2023-07-18T13:30:00.000Z,248.075,249.625,247.6,248,6226
2023-07-19T13:30:00.000Z,245.875,247.275,244.75,246.8,7870
2023-07-20T13:30:00.000Z,247.175,249.85,244.15,245.1,9604
2023-07-21T13:30:00.000Z,246.925,247.575,244.85,245.925,6648
2023-07-24T13:30:00.000Z,243.65,245.525,242.275,243.25,7118
2023-07-25T13:30:00.000Z,244.8,245.6,242,243.225,5803
2023-07-26T13:30:00.000Z,243.275,245.35,242.575,244.2,5307
2023-07-27T13:30:00.000Z,243.5,245.7,242.8,244.65,4114
2023-07-28T13:30:00.000Z,245.55,246.075,244.775,245.6,4850
2023-07-31T13:30:00.000Z,246.9,247.15,244.15,245.6,4408
2023-08-01T13:30:00.000Z,245.525,248.85,245.025,248.475,3915
2023-08-02T13:30:00.000Z,248.075,248.7,245.775,246.825,3006
2023-08-03T13:30:00.000Z,246.825,248.05,246.15,247.95,1852
2023-08-04T13:30:00.000Z,247.5,249.975,247.2,249.525,3180
2023-08-07T13:30:00.000Z,248.925,249.9,246.575,246.975,2259
2023-08-08T13:30:00.000Z,247.025,247.5,244.175,246,2229
2023-08-09T13:30:00.000Z,245.95,247.45,245.95,247.15,1654
2023-08-10T13:30:00.000Z,247.2,249,246.95,248,1643
2023-08-11T13:30:00.000Z,248.475,248.925,247.175,247.75,1790
2023-08-14T13:30:00.000Z,248.2,248.625,245.95,246.225,2195
2023-08-15T13:30:00.000Z,246.25,246.975,245.1,245.875,2299
2023-08-16T13:30:00.000Z,245.9,246.525,245.2,245.375,1976
2023-08-17T13:30:00.000Z,245.4,245.7,243.4,244.275,2726
2023-08-18T13:30:00.000Z,244.05,245.95,243.5,245.575,1945
2023-08-21T13:30:00.000Z,246.1,246.975,245.9,246.775,1415
2023-08-22T13:30:00.000Z,246.9,246.925,245.1,245.5,1204
2023-08-23T13:30:00.000Z,245.55,246.275,244.9,245.025,1209
2023-08-24T13:30:00.000Z,245.35,246.7,245.15,246.5,1253
2023-08-25T13:30:00.000Z,246.75,247.65,246.35,247.625,902
2023-08-28T13:30:00.000Z,248,250.875,247.725,250.25,1562
2023-08-29T13:30:00.000Z,250.325,250.95,250.175,250.7,1011
2023-08-30T13:30:00.000Z,253.675,253.775,251.625,252.625,3802
2023-08-31T13:30:00.000Z,252.4,253.6,251.025,253.275,2879
2023-09-01T13:30:00.000Z,253.2,253.3,251.025,251.85,1626
2023-09-05T13:30:00.000Z,251.7,252.05,250,251.375,2539
2023-09-06T13:30:00.000Z,251.2,254.075,250.7,253.15,2106
2023-09-07T13:30:00.000Z,253.25,255.95,253.25,255.575,3335
2023-09-08T13:30:00.000Z,255.55,255.8,254.825,255.35,1582
2023-09-11T13:30:00.000Z,255.325,256.675,254.725,256.225,3218
2023-09-12T13:30:00.000Z,256.1,256.6,253.95,255.325,2343
2023-09-13T13:30:00.000Z,255,255.4,252.85,253.5,2047
2023-09-14T13:30:00.000Z,254,255.475,253.3,255.175,2356
2023-09-15T13:30:00.000Z,255.325,257.5,254.575,257.375,2128
2023-09-18T13:30:00.000Z,256.95,257.35,253.925,254.25,2003
2023-09-19T13:30:00.000Z,254.275,255.675,253.275,253.5,1419
2023-09-20T13:30:00.000Z,253.75,254.5,252.825,254.175,1386
2023-09-21T13:30:00.000Z,254.4,254.5,253,253.275,1239
2023-09-22T13:30:00.000Z,253.425,254.375,253.275,254.1,711
2023-09-25T13:30:00.000Z,254.1,254.3,253.175,253.875,494
2023-09-26T13:30:00.000Z,254.025,254.025,252.4,252.6,1598
2023-09-27T13:30:00.000Z,253.925,254.575,251.625,252.25,4966
2023-09-28T13:30:00.000Z,252.425,255.05,251.7,254.725,3106
2023-09-29T13:30:00.000Z,254.725,254.725,252.025,252.475,2212
2023-10-02T13:30:00.000Z,252.725,254.95,252.725,253.325,2222
2023-10-03T13:30:00.000Z,253.3,253.3,248.025,248.6,3069
2023-10-04T13:30:00.000Z,248.8,249.8,246.8,247.775,2415
2023-10-05T13:30:00.000Z,247.8,248.8,246.85,247.5,1369
2023-10-06T13:30:00.000Z,247.6,248.55,245.7,248.375,1268
2023-10-09T13:30:00.000Z,247.275,248.9,246.5,246.9,1219
2023-10-10T13:30:00.000Z,247.725,248.375,247.225,247.95,1027
2023-10-11T13:30:00.000Z,248.025,250.75,247,250.175,1859
2023-10-12T13:30:00.000Z,250.15,252.125,250,252.025,1783
2023-10-13T13:30:00.000Z,251.875,251.95,249.65,249.875,1103
2023-10-16T13:30:00.000Z,249.9,250.5,247.825,248.325,1301
2023-10-17T13:30:00.000Z,248,249.4,247.9,248.8,1156
2023-10-18T13:30:00.000Z,248.65,248.675,246.8,247.125,1694
2023-10-19T13:30:00.000Z,246.4,246.5,242.8,243.575,1759
2023-10-20T13:30:00.000Z,244,244,240.55,241.825,1295
2023-10-23T13:30:00.000Z,241.425,241.85,237.175,237.625,1483
2023-10-24T13:30:00.000Z,237.8,240.35,237.3,239.425,1284
2023-10-25T13:30:00.000Z,236.6,238.7,236.1,238.05,3735
2023-10-26T13:30:00.000Z,238.05,238.525,235.45,236.5,2421
2023-10-27T13:30:00.000Z,237,238.45,234.85,236.9,2821
2023-10-30T13:30:00.000Z,237.3,239,236.825,237.675,1982
2023-10-31T13:30:00.000Z,237.75,238.95,236.575,237.7,2089
2023-11-01T13:30:00.000Z,238.075,238.95,237.8,238.575,1845
2023-11-02T13:30:00.000Z,238.975,242.75,238.975,242.625,1808
2023-11-03T13:30:00.000Z,242.55,242.55,240.075,240.6,2162
2023-11-06T14:30:00.000Z,240.65,240.8,236.925,237.175,1485
2023-11-07T14:30:00.000Z,237.475,237.7,231.175,232.225,3066
2023-11-08T14:30:00.000Z,232.4,236.125,229.425,234.55,3636
2023-11-09T14:30:00.000Z,234.55,234.95,228.5,229,3165
2023-11-10T14:30:00.000Z,229.3,231.25,227.775,229.725,1550
2023-11-13T14:30:00.000Z,229.5,231.55,229.275,230.725,1055
2023-11-14T14:30:00.000Z,229.7,230.875,229.4,230.05,1509
2023-11-15T14:30:00.000Z,228.8,231.175,228.125,230.9,6344
2023-11-16T14:30:00.000Z,230.7,230.7,226.55,227.5,6693
2023-11-17T14:30:00.000Z,226.9,229.7,225.775,228.5,5239
2023-11-20T14:30:00.000Z,230.5,232.2,227.45,229.85,6006
2023-11-21T14:30:00.000Z,229.3,230.675,227.775,228.325,4215
2023-11-22T14:30:00.000Z,228.375,229.15,226.65,227.125,4141
2023-11-24T14:30:00.000Z,227.375,227.375,219.15,219.325,7514
2023-11-27T14:30:00.000Z,220.475,220.775,212.125,212.8,13542
2023-11-28T14:30:00.000Z,213.775,221.05,212.725,221.05,11044
2023-11-29T14:30:00.000Z,221.55,223.575,220.1,222.2,7574
2023-11-30T14:30:00.000Z,222.625,222.65,217.075,219.95,7968
2023-12-01T14:30:00.000Z,220,221.45,213.925,214.425,7110
2023-12-04T14:30:00.000Z,214,214.525,209.15,210.525,11508
2023-12-05T14:30:00.000Z,210.8,215.6,210.175,214.7,7394
2023-12-06T14:30:00.000Z,215,217.4,209.25,210.15,9432
2023-12-07T14:30:00.000Z,210.525,213.6,210,210.275,10239
2023-12-08T14:30:00.000Z,210.5,216.575,210.4,215.3,9214
2023-12-11T14:30:00.000Z,215.275,218.3,213.25,217.95,8391
2023-12-12T14:30:00.000Z,217.4,219.775,215.3,219.25,9896
2023-12-13T14:30:00.000Z,218.5,219.95,216.925,217.375,6285
2023-12-14T14:30:00.000Z,218.45,221.125,218.25,219.35,5085
2023-12-15T14:30:00.000Z,219.75,221.5,218.2,220.9,4585
2023-12-18T14:30:00.000Z,221.4,225,221.4,223.175,5783
2023-12-19T14:30:00.000Z,223.2,224.325,221.625,221.9,4329
2023-12-20T14:30:00.000Z,222.225,224.375,221.225,224.05,2661
2023-12-21T14:30:00.000Z,224.1,225.225,221.55,221.7,1764
2023-12-22T14:30:00.000Z,222.4,223.775,221.25,222.75,1862
2023-12-26T14:30:00.000Z,220.575,224.025,219.9,223.55,1967
2023-12-27T14:30:00.000Z,223.6,225.95,223.275,224.475,1567
2023-12-28T14:30:00.000Z,224.35,224.9,221.925,222.475,1190
2023-12-29T14:30:00.000Z,223.9,224.075,221.775,222.3,1449
2024-01-02T14:30:00.000Z,222.3,226.425,222.225,225.425,1959
2024-01-03T14:30:00.000Z,225.425,226.3,224.175,226.075,1313
2024-01-04T14:30:00.000Z,226.275,226.375,224.425,224.675,1409
2024-01-05T14:30:00.000Z,224.775,226.875,222.55,223.125,2095
2024-01-08T14:30:00.000Z,223.525,226.5,223.15,223.875,1965
2024-01-09T14:30:00.000Z,223.95,225,223.075,223.775,2605
2024-01-10T14:30:00.000Z,223.825,225.45,223.625,224.625,1827
2024-01-11T14:30:00.000Z,224.75,226.7,223.7,226.275,1118
2024-01-12T14:30:00.000Z,226.25,228.15,225.2,226.575,1429
2024-01-16T14:30:00.000Z,226.6,228.275,225.675,227.55,1967
2024-01-17T14:30:00.000Z,227.575,228.575,226.725,228.425,892
2024-01-18T14:30:00.000Z,228.475,231.7,228.3,230.925,2259
2024-01-19T14:30:00.000Z,230.925,231.375,229.7,230.1,1265
2024-01-22T14:30:00.000Z,230,230.175,228.275,229.825,1578
2024-01-23T14:30:00.000Z,229.925,231.875,229.775,231,1870
2024-01-24T14:30:00.000Z,233.75,235.425,233.275,233.775,7345
2024-01-25T14:30:00.000Z,233.925,238.925,231.975,238.175,11368
2024-01-26T14:30:00.000Z,238,241.65,237.575,239.7,8847
2024-01-29T14:30:00.000Z,239.75,241.925,238.4,238.625,6694
2024-01-30T14:30:00.000Z,238.625,241.575,238.025,241.325,7068
2024-01-31T14:30:00.000Z,240.95,241.55,239.55,240.15,5696
2024-02-01T14:30:00.000Z,240.95,245.6,240.85,244.875,8914
2024-02-02T14:30:00.000Z,245,246.125,244,244.8,6771
2024-02-05T14:30:00.000Z,245,245.8,242.35,242.75,5831
2024-02-06T14:30:00.000Z,242.425,247.1,242.125,246.675,7148
2024-02-07T14:30:00.000Z,246.975,248.25,245.05,245.55,6771
2024-02-08T14:30:00.000Z,246.75,249.15,246.275,246.85,5770
2024-02-09T14:30:00.000Z,247.25,248.35,245.925,247.15,5250
