time,open,high,low,close,volume
2023-03-28T19:25:00.000Z,130.773,130.776,130.743,130.752,170
2023-03-28T19:30:00.000Z,130.752,130.753,130.714,130.724,205
2023-03-28T19:35:00.000Z,130.725,130.762,130.724,130.743,273
2023-03-28T19:40:00.000Z,130.742,130.751,130.717,130.725,160
2023-03-28T19:45:00.000Z,130.726,130.728,130.673,130.717,265
2023-03-28T19:50:00.000Z,130.719,130.77,130.719,130.767,265
2023-03-28T19:55:00.000Z,130.766,130.804,130.745,130.799,407
2023-03-28T20:00:00.000Z,130.8,130.856,130.788,130.838,634
2023-03-28T20:05:00.000Z,130.843,130.847,130.821,130.839,132
2023-03-28T20:10:00.000Z,130.839,130.846,130.82,130.82,93
2023-03-28T20:15:00.000Z,130.821,130.874,130.816,130.872,128
2023-03-28T20:20:00.000Z,130.873,130.88,130.865,130.875,266
2023-03-28T20:25:00.000Z,130.876,130.876,130.847,130.868,184
2023-03-28T20:30:00.000Z,130.87,130.878,130.852,130.853,114
2023-03-28T20:35:00.000Z,130.852,130.868,130.852,130.861,25
2023-03-28T20:40:00.000Z,130.861,130.886,130.855,130.885,141
2023-03-28T20:45:00.000Z,130.885,130.922,130.884,130.922,99
2023-03-28T20:50:00.000Z,130.923,130.947,130.916,130.92,418
2023-03-28T20:55:00.000Z,130.92,130.928,130.885,130.897,180
2023-03-28T21:00:00.000Z,130.814,130.852,130.814,130.852,7
2023-03-28T21:05:00.000Z,130.852,130.871,130.842,130.871,79
2023-03-28T21:10:00.000Z,130.877,130.887,130.871,130.879,132
2023-03-28T21:15:00.000Z,130.883,130.896,130.877,130.896,361
2023-03-28T21:20:00.000Z,130.896,130.9,130.896,130.898,226
2023-03-28T21:25:00.000Z,130.894,130.919,130.894,130.915,280
2023-03-28T21:30:00.000Z,130.916,130.921,130.909,130.91,395
2023-03-28T21:35:00.000Z,130.911,130.914,130.909,130.912,731
2023-03-28T21:40:00.000Z,130.913,130.913,130.89,130.891,443
2023-03-28T21:45:00.000Z,130.891,130.904,130.862,130.895,476
2023-03-28T21:50:00.000Z,130.899,130.899,130.866,130.874,377
2023-03-28T21:55:00.000Z,130.874,130.876,130.846,130.847,745
2023-03-28T22:00:00.000Z,130.847,130.869,130.805,130.813,1035
2023-03-28T22:05:00.000Z,130.813,130.852,130.811,130.842,188
2023-03-28T22:10:00.000Z,130.842,130.843,130.779,130.786,483
2023-03-28T22:15:00.000Z,130.789,130.8,130.782,130.795,149
2023-03-28T22:20:00.000Z,130.799,130.814,130.799,130.812,152
2023-03-28T22:25:00.000Z,130.813,130.813,130.76,130.792,155
2023-03-28T22:30:00.000Z,130.792,130.792,130.766,130.782,174
2023-03-28T22:35:00.000Z,130.783,130.798,130.775,130.798,126
2023-03-28T22:40:00.000Z,130.791,130.846,130.79,130.823,533
2023-03-28T22:45:00.000Z,130.825,130.89,130.822,130.859,262
2023-03-28T22:50:00.000Z,130.859,130.889,130.857,130.864,127
2023-03-28T22:55:00.000Z,130.864,130.868,130.845,130.861,230
2023-03-28T23:00:00.000Z,130.86,130.941,130.86,130.935,207
2023-03-28T23:05:00.000Z,130.934,130.988,130.931,130.979,175
2023-03-28T23:10:00.000Z,130.98,131.081,130.97,131.058,344
2023-03-28T23:15:00.000Z,131.057,131.058,131.024,131.052,183
2023-03-28T23:20:00.000Z,131.05,131.064,131.01,131.064,197
2023-03-28T23:25:00.000Z,131.065,131.076,131.028,131.038,245
2023-03-28T23:30:00.000Z,131.039,131.059,131.024,131.057,253
2023-03-28T23:35:00.000Z,131.056,131.069,131.015,131.015,279
2023-03-28T23:40:00.000Z,131.015,131.05,131.005,131.047,242
2023-03-28T23:45:00.000Z,131.047,131.047,131.014,131.036,273
2023-03-28T23:50:00.000Z,131.037,131.045,131.021,131.037,213
2023-03-28T23:55:00.000Z,131.036,131.063,131.035,131.049,105
2023-03-29T00:00:00.000Z,131.048,131.048,130.927,130.933,605
2023-03-29T00:05:00.000Z,130.935,131.132,130.929,131.118,460
2023-03-29T00:10:00.000Z,131.117,131.226,131.081,131.191,611
2023-03-29T00:15:00.000Z,131.19,131.317,131.181,131.263,714
2023-03-29T00:20:00.000Z,131.265,131.337,131.25,131.311,505
2023-03-29T00:25:00.000Z,131.309,131.358,131.231,131.239,535
2023-03-29T00:30:00.000Z,131.24,131.296,131.179,131.236,604
2023-03-29T00:35:00.000Z,131.24,131.265,131.233,131.256,243
2023-03-29T00:40:00.000Z,131.257,131.313,131.21,131.256,443
2023-03-29T00:45:00.000Z,131.255,131.293,131.176,131.195,451
2023-03-29T00:50:00.000Z,131.195,131.306,131.153,131.251,1097
2023-03-29T00:55:00.000Z,131.252,131.354,131.248,131.307,954
2023-03-29T01:00:00.000Z,131.309,131.35,131.282,131.325,548
2023-03-29T01:05:00.000Z,131.332,131.481,131.328,131.454,683
2023-03-29T01:10:00.000Z,131.455,131.59,131.434,131.568,836
2023-03-29T01:15:00.000Z,131.567,131.644,131.551,131.575,727
2023-03-29T01:20:00.000Z,131.576,131.645,131.556,131.645,696
2023-03-29T01:25:00.000Z,131.645,131.669,131.605,131.652,635
2023-03-29T01:30:00.000Z,131.649,131.669,131.596,131.644,771
2023-03-29T01:35:00.000Z,131.645,131.646,131.551,131.591,660
2023-03-29T01:40:00.000Z,131.591,131.623,131.543,131.551,743
2023-03-29T01:45:00.000Z,131.551,131.605,131.547,131.592,607
2023-03-29T01:50:00.000Z,131.591,131.594,131.501,131.518,651
2023-03-29T01:55:00.000Z,131.521,131.521,131.473,131.479,397
2023-03-29T02:00:00.000Z,131.478,131.533,131.466,131.514,440
2023-03-29T02:05:00.000Z,131.513,131.605,131.513,131.585,528
2023-03-29T02:10:00.000Z,131.585,131.645,131.566,131.605,613
2023-03-29T02:15:00.000Z,131.606,131.648,131.582,131.623,388
2023-03-29T02:20:00.000Z,131.625,131.646,131.613,131.641,354
2023-03-29T02:25:00.000Z,131.641,131.643,131.579,131.588,377
2023-03-29T02:30:00.000Z,131.588,131.657,131.573,131.647,377
2023-03-29T02:35:00.000Z,131.646,131.646,131.591,131.593,461
2023-03-29T02:40:00.000Z,131.593,131.604,131.553,131.565,298
2023-03-29T02:45:00.000Z,131.567,131.635,131.557,131.635,325
2023-03-29T02:50:00.000Z,131.636,131.644,131.624,131.642,232
2023-03-29T02:55:00.000Z,131.641,131.794,131.631,131.72,503
2023-03-29T03:00:00.000Z,131.719,131.75,131.679,131.7,522
2023-03-29T03:05:00.000Z,131.699,131.735,131.691,131.725,321
2023-03-29T03:10:00.000Z,131.724,131.725,131.673,131.686,239
2023-03-29T03:15:00.000Z,131.685,131.737,131.685,131.72,282
2023-03-29T03:20:00.000Z,131.719,131.753,131.697,131.716,421
2023-03-29T03:25:00.000Z,131.716,131.761,131.707,131.744,359
2023-03-29T03:30:00.000Z,131.746,131.749,131.706,131.708,305
2023-03-29T03:35:00.000Z,131.708,131.726,131.697,131.717,160
2023-03-29T03:40:00.000Z,131.722,131.727,131.656,131.656,253
2023-03-29T03:45:00.000Z,131.657,131.693,131.656,131.682,249
2023-03-29T03:50:00.000Z,131.683,131.691,131.654,131.657,182
2023-03-29T03:55:00.000Z,131.656,131.699,131.653,131.677,284
2023-03-29T04:00:00.000Z,131.678,131.682,131.639,131.657,539
2023-03-29T04:05:00.000Z,131.657,131.664,131.634,131.646,421
2023-03-29T04:10:00.000Z,131.645,131.645,131.599,131.615,515
2023-03-29T04:15:00.000Z,131.61,131.633,131.564,131.574,543
2023-03-29T04:20:00.000Z,131.574,131.608,131.556,131.582,465
2023-03-29T04:25:00.000Z,131.581,131.591,131.545,131.565,434
2023-03-29T04:30:00.000Z,131.565,131.583,131.551,131.552,269
2023-03-29T04:35:00.000Z,131.552,131.624,131.544,131.594,531
2023-03-29T04:40:00.000Z,131.595,131.687,131.593,131.677,605
2023-03-29T04:45:00.000Z,131.681,131.697,131.644,131.662,590
2023-03-29T04:50:00.000Z,131.663,131.673,131.648,131.651,387
2023-03-29T04:55:00.000Z,131.652,131.711,131.651,131.709,563
2023-03-29T05:00:00.000Z,131.71,131.73,131.675,131.716,458
2023-03-29T05:05:00.000Z,131.716,131.735,131.716,131.718,271
2023-03-29T05:10:00.000Z,131.72,131.754,131.716,131.718,301
2023-03-29T05:15:00.000Z,131.719,131.739,131.711,131.714,226
2023-03-29T05:20:00.000Z,131.713,131.715,131.674,131.674,288
2023-03-29T05:25:00.000Z,131.674,131.723,131.661,131.71,368
2023-03-29T05:30:00.000Z,131.709,131.726,131.691,131.715,325
2023-03-29T05:35:00.000Z,131.716,131.748,131.708,131.731,526
2023-03-29T05:40:00.000Z,131.731,131.825,131.728,131.789,609
2023-03-29T05:45:00.000Z,131.791,131.85,131.761,131.822,546
2023-03-29T05:50:00.000Z,131.828,131.878,131.828,131.846,583
2023-03-29T05:55:00.000Z,131.847,131.92,131.846,131.892,740
2023-03-29T06:00:00.000Z,131.891,131.984,131.888,131.962,786
2023-03-29T06:05:00.000Z,131.956,132.003,131.941,131.949,804
2023-03-29T06:10:00.000Z,131.949,131.983,131.914,131.978,569
2023-03-29T06:15:00.000Z,131.978,132.032,131.952,131.964,595
2023-03-29T06:20:00.000Z,131.965,131.982,131.9,131.925,562
2023-03-29T06:25:00.000Z,131.925,131.933,131.886,131.891,474
2023-03-29T06:30:00.000Z,131.891,131.916,131.856,131.86,721
2023-03-29T06:35:00.000Z,131.863,131.91,131.846,131.866,633
2023-03-29T06:40:00.000Z,131.865,131.884,131.76,131.762,715
2023-03-29T06:45:00.000Z,131.762,131.89,131.742,131.889,691
2023-03-29T06:50:00.000Z,131.891,131.897,131.832,131.868,675
2023-03-29T06:55:00.000Z,131.867,131.901,131.847,131.889,539
2023-03-29T07:00:00.000Z,131.889,132.046,131.889,131.996,843
2023-03-29T07:05:00.000Z,131.996,132.054,131.943,131.969,669
2023-03-29T07:10:00.000Z,131.969,132.008,131.883,131.953,844
2023-03-29T07:15:00.000Z,131.951,131.972,131.857,131.871,824
2023-03-29T07:20:00.000Z,131.871,131.926,131.866,131.904,681
2023-03-29T07:25:00.000Z,131.901,131.947,131.837,131.944,682
2023-03-29T07:30:00.000Z,131.945,132.009,131.94,132.003,620
2023-03-29T07:35:00.000Z,132.003,132.017,131.945,131.949,728
2023-03-29T07:40:00.000Z,131.95,131.956,131.861,131.888,614
2023-03-29T07:45:00.000Z,131.888,132.042,131.888,131.97,805
2023-03-29T07:50:00.000Z,131.971,131.982,131.885,131.972,657
2023-03-29T07:55:00.000Z,131.971,131.985,131.923,131.965,567
2023-03-29T08:00:00.000Z,131.965,132.084,131.955,132.044,894
2023-03-29T08:05:00.000Z,132.043,132.075,132.017,132.05,599
2023-03-29T08:10:00.000Z,132.049,132.052,131.968,131.988,657
2023-03-29T08:15:00.000Z,131.987,132.039,131.987,132.004,533
2023-03-29T08:20:00.000Z,132.004,132.024,131.957,132.013,432
2023-03-29T08:25:00.000Z,132.013,132.046,131.991,132.016,495
2023-03-29T08:30:00.000Z,132.015,132.086,132.005,132.058,588
2023-03-29T08:35:00.000Z,132.059,132.092,132.005,132.005,558
2023-03-29T08:40:00.000Z,132.006,132.017,131.928,131.982,673
2023-03-29T08:45:00.000Z,131.982,132.041,131.981,131.992,686
2023-03-29T08:50:00.000Z,131.991,132.018,131.955,131.97,445
2023-03-29T08:55:00.000Z,131.972,132.016,131.972,131.987,465
2023-03-29T09:00:00.000Z,131.987,132.001,131.968,131.985,527
2023-03-29T09:05:00.000Z,131.983,132.009,131.952,131.991,445
2023-03-29T09:10:00.000Z,131.991,131.991,131.824,131.826,635
2023-03-29T09:15:00.000Z,131.826,131.835,131.718,131.734,682
2023-03-29T09:20:00.000Z,131.735,131.735,131.65,131.662,850
2023-03-29T09:25:00.000Z,131.654,131.709,131.63,131.7,579
2023-03-29T09:30:00.000Z,131.698,131.725,131.626,131.68,680
2023-03-29T09:35:00.000Z,131.681,131.728,131.672,131.692,623
2023-03-29T09:40:00.000Z,131.696,131.701,131.598,131.604,520
2023-03-29T09:45:00.000Z,131.604,131.693,131.601,131.673,678
2023-03-29T09:50:00.000Z,131.673,131.724,131.664,131.68,593
2023-03-29T09:55:00.000Z,131.681,131.71,131.62,131.648,506
2023-03-29T10:00:00.000Z,131.647,131.752,131.641,131.71,604
2023-03-29T10:05:00.000Z,131.709,131.759,131.69,131.759,441
2023-03-29T10:10:00.000Z,131.76,131.76,131.7,131.707,344
2023-03-29T10:15:00.000Z,131.702,131.808,131.701,131.784,426
2023-03-29T10:20:00.000Z,131.785,131.807,131.752,131.769,467
2023-03-29T10:25:00.000Z,131.769,131.848,131.765,131.848,483
2023-03-29T10:30:00.000Z,131.847,131.87,131.822,131.841,454
2023-03-29T10:35:00.000Z,131.841,131.848,131.8,131.801,473
2023-03-29T10:40:00.000Z,131.801,131.82,131.767,131.801,463
2023-03-29T10:45:00.000Z,131.803,131.874,131.789,131.848,442
2023-03-29T10:50:00.000Z,131.847,131.885,131.84,131.879,369
2023-03-29T10:55:00.000Z,131.879,131.903,131.86,131.897,403
2023-03-29T11:00:00.000Z,131.899,131.937,131.873,131.917,428
2023-03-29T11:05:00.000Z,131.917,131.947,131.916,131.943,340
2023-03-29T11:10:00.000Z,131.943,131.953,131.918,131.937,408
2023-03-29T11:15:00.000Z,131.936,131.937,131.857,131.884,373
2023-03-29T11:20:00.000Z,131.883,131.944,131.883,131.938,427
2023-03-29T11:25:00.000Z,131.939,131.944,131.91,131.928,458
2023-03-29T11:30:00.000Z,131.927,131.999,131.922,131.996,657
2023-03-29T11:35:00.000Z,132.006,132.174,132.006,132.174,791
2023-03-29T11:40:00.000Z,132.173,132.196,132.112,132.133,584
2023-03-29T11:45:00.000Z,132.132,132.191,132.105,132.115,599
2023-03-29T11:50:00.000Z,132.115,132.167,132.106,132.135,483
2023-03-29T11:55:00.000Z,132.135,132.205,132.118,132.19,606
2023-03-29T12:00:00.000Z,132.19,132.284,132.166,132.281,796
2023-03-29T12:05:00.000Z,132.28,132.337,132.28,132.33,719
2023-03-29T12:10:00.000Z,132.329,132.402,132.326,132.373,795
2023-03-29T12:15:00.000Z,132.378,132.434,132.356,132.424,669
2023-03-29T12:20:00.000Z,132.424,132.437,132.35,132.394,672
2023-03-29T12:25:00.000Z,132.394,132.394,132.305,132.332,762
2023-03-29T12:30:00.000Z,132.333,132.422,132.307,132.406,756
2023-03-29T12:35:00.000Z,132.407,132.476,132.361,132.467,672
2023-03-29T12:40:00.000Z,132.467,132.51,132.454,132.467,724
2023-03-29T12:45:00.000Z,132.468,132.474,132.408,132.442,713
2023-03-29T12:50:00.000Z,132.441,132.545,132.441,132.53,686
2023-03-29T12:55:00.000Z,132.533,132.588,132.523,132.525,728
2023-03-29T13:00:00.000Z,132.522,132.533,132.464,132.467,624
2023-03-29T13:05:00.000Z,132.471,132.529,132.455,132.481,527
2023-03-29T13:10:00.000Z,132.484,132.552,132.481,132.522,656
2023-03-29T13:15:00.000Z,132.523,132.59,132.483,132.576,701
2023-03-29T13:20:00.000Z,132.576,132.595,132.54,132.576,702
2023-03-29T13:25:00.000Z,132.576,132.602,132.542,132.562,678
2023-03-29T13:30:00.000Z,132.565,132.662,132.546,132.617,767
2023-03-29T13:35:00.000Z,132.618,132.63,132.555,132.568,758
2023-03-29T13:40:00.000Z,132.566,132.568,132.456,132.464,559
2023-03-29T13:45:00.000Z,132.463,132.466,132.334,132.339,717
2023-03-29T13:50:00.000Z,132.338,132.428,132.305,132.332,688
2023-03-29T13:55:00.000Z,132.333,132.382,132.254,132.371,681
2023-03-29T14:00:00.000Z,132.37,132.404,132.297,132.323,735
2023-03-29T14:05:00.000Z,132.324,132.377,132.263,132.265,617
2023-03-29T14:10:00.000Z,132.254,132.303,132.223,132.273,635
2023-03-29T14:15:00.000Z,132.274,132.362,132.251,132.345,626
2023-03-29T14:20:00.000Z,132.344,132.375,132.307,132.358,527
2023-03-29T14:25:00.000Z,132.36,132.434,132.36,132.361,622
2023-03-29T14:30:00.000Z,132.362,132.405,132.328,132.331,624
2023-03-29T14:35:00.000Z,132.33,132.362,132.29,132.361,607
2023-03-29T14:40:00.000Z,132.362,132.379,132.24,132.246,618
2023-03-29T14:45:00.000Z,132.246,132.293,132.193,132.291,736
2023-03-29T14:50:00.000Z,132.292,132.38,132.188,132.38,870
2023-03-29T14:55:00.000Z,132.381,132.518,132.338,132.486,1277
2023-03-29T15:00:00.000Z,132.485,132.577,132.446,132.476,1227
2023-03-29T15:05:00.000Z,132.477,132.524,132.438,132.48,743
2023-03-29T15:10:00.000Z,132.48,132.579,132.474,132.559,723
2023-03-29T15:15:00.000Z,132.561,132.657,132.536,132.551,808
2023-03-29T15:20:00.000Z,132.555,132.629,132.526,132.559,724
2023-03-29T15:25:00.000Z,132.563,132.573,132.502,132.541,788
2023-03-29T15:30:00.000Z,132.541,132.547,132.465,132.481,534
2023-03-29T15:35:00.000Z,132.482,132.543,132.457,132.543,384
2023-03-29T15:40:00.000Z,132.541,132.566,132.499,132.524,489
2023-03-29T15:45:00.000Z,132.527,132.572,132.527,132.56,532
2023-03-29T15:50:00.000Z,132.559,132.619,132.55,132.615,643
2023-03-29T15:55:00.000Z,132.617,132.718,132.617,132.699,606
2023-03-29T16:00:00.000Z,132.698,132.7,132.64,132.652,531
2023-03-29T16:05:00.000Z,132.652,132.652,132.607,132.622,283
2023-03-29T16:10:00.000Z,132.621,132.654,132.606,132.648,315
2023-03-29T16:15:00.000Z,132.647,132.656,132.62,132.651,285
2023-03-29T16:20:00.000Z,132.65,132.651,132.623,132.626,325
2023-03-29T16:25:00.000Z,132.627,132.657,132.626,132.649,328
2023-03-29T16:30:00.000Z,132.649,132.656,132.614,132.629,282
2023-03-29T16:35:00.000Z,132.628,132.652,132.589,132.649,386
2023-03-29T16:40:00.000Z,132.65,132.694,132.629,132.689,314
2023-03-29T16:45:00.000Z,132.69,132.7,132.632,132.64,313
2023-03-29T16:50:00.000Z,132.643,132.653,132.619,132.639,241
2023-03-29T16:55:00.000Z,132.638,132.675,132.631,132.647,411
2023-03-29T17:00:00.000Z,132.644,132.705,132.636,132.661,509
2023-03-29T17:05:00.000Z,132.659,132.717,132.651,132.685,363
2023-03-29T17:10:00.000Z,132.684,132.694,132.651,132.665,366
2023-03-29T17:15:00.000Z,132.666,132.697,132.651,132.683,255
2023-03-29T17:20:00.000Z,132.684,132.765,132.683,132.72,252
2023-03-29T17:25:00.000Z,132.724,132.737,132.698,132.706,306
2023-03-29T17:30:00.000Z,132.704,132.704,132.626,132.641,251
2023-03-29T17:35:00.000Z,132.64,132.677,132.621,132.658,330
2023-03-29T17:40:00.000Z,132.657,132.668,132.568,132.588,465
2023-03-29T17:45:00.000Z,132.589,132.641,132.588,132.626,366
2023-03-29T17:50:00.000Z,132.627,132.64,132.611,132.623,449
2023-03-29T17:55:00.000Z,132.624,132.624,132.551,132.579,535
2023-03-29T18:00:00.000Z,132.58,132.601,132.569,132.579,373
2023-03-29T18:05:00.000Z,132.579,132.594,132.555,132.586,228
2023-03-29T18:10:00.000Z,132.591,132.606,132.586,132.596,239
2023-03-29T18:15:00.000Z,132.597,132.632,132.596,132.631,190
2023-03-29T18:20:00.000Z,132.637,132.676,132.637,132.666,366
2023-03-29T18:25:00.000Z,132.666,132.675,132.649,132.673,244
2023-03-29T18:30:00.000Z,132.672,132.707,132.663,132.682,306
2023-03-29T18:35:00.000Z,132.682,132.731,132.68,132.727,193
2023-03-29T18:40:00.000Z,132.729,132.732,132.668,132.675,292
2023-03-29T18:45:00.000Z,132.674,132.691,132.644,132.676,222
2023-03-29T18:50:00.000Z,132.676,132.71,132.651,132.709,260
2023-03-29T18:55:00.000Z,132.709,132.712,132.635,132.655,402
2023-03-29T19:00:00.000Z,132.658,132.695,132.622,132.658,518
2023-03-29T19:05:00.000Z,132.659,132.692,132.658,132.669,262
2023-03-29T19:10:00.000Z,132.669,132.686,132.667,132.668,245
2023-03-29T19:15:00.000Z,132.669,132.712,132.667,132.712,313
2023-03-29T19:20:00.000Z,132.713,132.731,132.693,132.703,163
2023-03-29T19:25:00.000Z,132.705,132.774,132.7,132.767,225
2023-03-29T19:30:00.000Z,132.766,132.787,132.737,132.785,326
2023-03-29T19:35:00.000Z,132.784,132.841,132.767,132.824,328
2023-03-29T19:40:00.000Z,132.825,132.858,132.821,132.839,391
2023-03-29T19:45:00.000Z,132.836,132.838,132.808,132.816,277
2023-03-29T19:50:00.000Z,132.816,132.835,132.805,132.824,327
2023-03-29T19:55:00.000Z,132.824,132.84,132.798,132.825,487
2023-03-29T20:00:00.000Z,132.825,132.861,132.823,132.854,273
2023-03-29T20:05:00.000Z,132.855,132.867,132.854,132.86,175
2023-03-29T20:10:00.000Z,132.854,132.86,132.848,132.851,185
2023-03-29T20:15:00.000Z,132.851,132.856,132.834,132.85,244
2023-03-29T20:20:00.000Z,132.85,132.871,132.842,132.865,261
2023-03-29T20:25:00.000Z,132.865,132.877,132.85,132.851,237
2023-03-29T20:30:00.000Z,132.851,132.873,132.851,132.865,173
2023-03-29T20:35:00.000Z,132.864,132.883,132.864,132.878,128
2023-03-29T20:40:00.000Z,132.879,132.888,132.863,132.88,159
2023-03-29T20:45:00.000Z,132.875,132.882,132.862,132.877,230
2023-03-29T20:50:00.000Z,132.876,132.88,132.832,132.835,509
2023-03-29T20:55:00.000Z,132.835,132.875,132.799,132.864,272
2023-03-29T21:00:00.000Z,132.846,132.846,132.78,132.78,14
2023-03-29T21:05:00.000Z,132.78,132.786,132.699,132.708,167
2023-03-29T21:10:00.000Z,132.71,132.73,132.69,132.707,781
2023-03-29T21:15:00.000Z,132.707,132.726,132.604,132.724,576
2023-03-29T21:20:00.000Z,132.724,132.725,132.72,132.724,34
2023-03-29T21:25:00.000Z,132.722,132.733,132.719,132.732,43
2023-03-29T21:30:00.000Z,132.735,132.777,132.685,132.774,205
2023-03-29T21:35:00.000Z,132.775,132.775,132.756,132.757,46
2023-03-29T21:40:00.000Z,132.758,132.76,132.752,132.754,89
2023-03-29T21:45:00.000Z,132.753,132.756,132.741,132.741,87
2023-03-29T21:50:00.000Z,132.743,132.77,132.743,132.759,79
2023-03-29T21:55:00.000Z,132.76,132.77,132.721,132.726,40
2023-03-29T22:00:00.000Z,132.728,132.74,132.707,132.731,213
2023-03-29T22:05:00.000Z,132.73,132.73,132.722,132.723,51
2023-03-29T22:10:00.000Z,132.725,132.736,132.716,132.734,84
2023-03-29T22:15:00.000Z,132.734,132.736,132.711,132.726,213
2023-03-29T22:20:00.000Z,132.727,132.739,132.721,132.724,643
2023-03-29T22:25:00.000Z,132.725,132.73,132.722,132.724,396
2023-03-29T22:30:00.000Z,132.725,132.725,132.66,132.683,721
2023-03-29T22:35:00.000Z,132.682,132.701,132.635,132.641,410
2023-03-29T22:40:00.000Z,132.64,132.671,132.631,132.632,264
2023-03-29T22:45:00.000Z,132.632,132.663,132.622,132.659,229
2023-03-29T22:50:00.000Z,132.661,132.679,132.642,132.643,466
2023-03-29T22:55:00.000Z,132.648,132.674,132.646,132.659,508
2023-03-29T23:00:00.000Z,132.657,132.705,132.648,132.696,475
2023-03-29T23:05:00.000Z,132.697,132.721,132.693,132.705,191
2023-03-29T23:10:00.000Z,132.705,132.712,132.681,132.684,120
2023-03-29T23:15:00.000Z,132.684,132.69,132.65,132.657,204
2023-03-29T23:20:00.000Z,132.657,132.658,132.577,132.594,314
2023-03-29T23:25:00.000Z,132.593,132.598,132.55,132.596,260
2023-03-29T23:30:00.000Z,132.598,132.606,132.587,132.6,148
2023-03-29T23:35:00.000Z,132.6,132.615,132.583,132.594,201
2023-03-29T23:40:00.000Z,132.595,132.632,132.57,132.588,194
2023-03-29T23:45:00.000Z,132.587,132.614,132.585,132.586,292
2023-03-29T23:50:00.000Z,132.587,132.613,132.587,132.606,236
2023-03-29T23:55:00.000Z,132.605,132.605,132.551,132.551,494
2023-03-30T00:00:00.000Z,132.545,132.599,132.512,132.586,639
2023-03-30T00:05:00.000Z,132.585,132.723,132.583,132.676,558
2023-03-30T00:10:00.000Z,132.676,132.726,132.565,132.577,668
2023-03-30T00:15:00.000Z,132.577,132.586,132.498,132.52,613
2023-03-30T00:20:00.000Z,132.522,132.586,132.522,132.535,391
2023-03-30T00:25:00.000Z,132.544,132.565,132.462,132.51,499
2023-03-30T00:30:00.000Z,132.51,132.618,132.509,132.599,597
2023-03-30T00:35:00.000Z,132.6,132.682,132.582,132.606,603
2023-03-30T00:40:00.000Z,132.606,132.608,132.46,132.527,745
2023-03-30T00:45:00.000Z,132.526,132.566,132.499,132.505,461
2023-03-30T00:50:00.000Z,132.506,132.594,132.479,132.49,1131
2023-03-30T00:55:00.000Z,132.489,132.653,132.489,132.646,849
2023-03-30T01:00:00.000Z,132.646,132.72,132.631,132.644,727
2023-03-30T01:05:00.000Z,132.644,132.683,132.627,132.664,537
2023-03-30T01:10:00.000Z,132.662,132.794,132.639,132.747,643
2023-03-30T01:15:00.000Z,132.749,132.795,132.714,132.775,536
2023-03-30T01:20:00.000Z,132.774,132.779,132.706,132.713,485
2023-03-30T01:25:00.000Z,132.712,132.781,132.667,132.774,614
2023-03-30T01:30:00.000Z,132.772,132.801,132.732,132.748,558
2023-03-30T01:35:00.000Z,132.747,132.812,132.73,132.751,549
2023-03-30T01:40:00.000Z,132.751,132.794,132.745,132.759,545
2023-03-30T01:45:00.000Z,132.762,132.764,132.642,132.653,506
2023-03-30T01:50:00.000Z,132.653,132.72,132.634,132.683,603
2023-03-30T01:55:00.000Z,132.682,132.705,132.655,132.671,374
2023-03-30T02:00:00.000Z,132.67,132.705,132.634,132.644,518
2023-03-30T02:05:00.000Z,132.643,132.651,132.563,132.59,472
2023-03-30T02:10:00.000Z,132.59,132.627,132.587,132.626,304
2023-03-30T02:15:00.000Z,132.625,132.632,132.58,132.582,328
2023-03-30T02:20:00.000Z,132.58,132.599,132.554,132.566,407
2023-03-30T02:25:00.000Z,132.578,132.583,132.538,132.565,288
2023-03-30T02:30:00.000Z,132.565,132.617,132.557,132.557,419
2023-03-30T02:35:00.000Z,132.561,132.602,132.561,132.599,246
2023-03-30T02:40:00.000Z,132.599,132.616,132.549,132.558,354
2023-03-30T02:45:00.000Z,132.558,132.618,132.558,132.617,309
2023-03-30T02:50:00.000Z,132.611,132.678,132.609,132.66,239
2023-03-30T02:55:00.000Z,132.66,132.681,132.648,132.663,320
2023-03-30T03:00:00.000Z,132.662,132.697,132.659,132.68,415
2023-03-30T03:05:00.000Z,132.682,132.706,132.646,132.701,201
2023-03-30T03:10:00.000Z,132.701,132.701,132.66,132.662,255
2023-03-30T03:15:00.000Z,132.661,132.708,132.653,132.702,327
2023-03-30T03:20:00.000Z,132.702,132.706,132.645,132.645,203
2023-03-30T03:25:00.000Z,132.643,132.643,132.572,132.604,377
2023-03-30T03:30:00.000Z,132.604,132.632,132.597,132.616,250
2023-03-30T03:35:00.000Z,132.617,132.661,132.617,132.625,201
2023-03-30T03:40:00.000Z,132.625,132.648,132.604,132.64,315
2023-03-30T03:45:00.000Z,132.639,132.678,132.639,132.667,297
2023-03-30T03:50:00.000Z,132.668,132.671,132.642,132.671,323
2023-03-30T03:55:00.000Z,132.672,132.68,132.646,132.671,373
2023-03-30T04:00:00.000Z,132.669,132.684,132.654,132.679,192
2023-03-30T04:05:00.000Z,132.678,132.678,132.646,132.653,312
2023-03-30T04:10:00.000Z,132.654,132.688,132.654,132.664,189
2023-03-30T04:15:00.000Z,132.663,132.67,132.643,132.649,239
2023-03-30T04:20:00.000Z,132.649,132.671,132.626,132.627,296
2023-03-30T04:25:00.000Z,132.628,132.64,132.584,132.608,233
2023-03-30T04:30:00.000Z,132.61,132.634,132.551,132.573,402
2023-03-30T04:35:00.000Z,132.573,132.581,132.558,132.564,421
2023-03-30T04:40:00.000Z,132.564,132.602,132.559,132.56,233
2023-03-30T04:45:00.000Z,132.561,132.603,132.549,132.585,434
2023-03-30T04:50:00.000Z,132.585,132.597,132.568,132.576,255
2023-03-30T04:55:00.000Z,132.578,132.595,132.552,132.572,361
2023-03-30T05:00:00.000Z,132.571,132.596,132.571,132.578,385
2023-03-30T05:05:00.000Z,132.58,132.636,132.58,132.612,340
2023-03-30T05:10:00.000Z,132.615,132.625,132.586,132.598,351
2023-03-30T05:15:00.000Z,132.597,132.601,132.518,132.56,345
2023-03-30T05:20:00.000Z,132.56,132.567,132.52,132.543,323
2023-03-30T05:25:00.000Z,132.546,132.562,132.513,132.552,318
2023-03-30T05:30:00.000Z,132.551,132.588,132.4,132.404,727
2023-03-30T05:35:00.000Z,132.403,132.492,132.387,132.464,1081
2023-03-30T05:40:00.000Z,132.467,132.492,132.44,132.476,473
2023-03-30T05:45:00.000Z,132.465,132.465,132.43,132.462,533
2023-03-30T05:50:00.000Z,132.463,132.484,132.427,132.448,564
2023-03-30T05:55:00.000Z,132.446,132.487,132.361,132.461,930
2023-03-30T06:00:00.000Z,132.462,132.54,132.448,132.523,850
2023-03-30T06:05:00.000Z,132.524,132.537,132.466,132.515,872
2023-03-30T06:10:00.000Z,132.514,132.526,132.475,132.522,633
2023-03-30T06:15:00.000Z,132.522,132.525,132.455,132.52,596
2023-03-30T06:20:00.000Z,132.523,132.569,132.503,132.531,576
2023-03-30T06:25:00.000Z,132.532,132.548,132.507,132.519,697
2023-03-30T06:30:00.000Z,132.521,132.549,132.502,132.509,590
2023-03-30T06:35:00.000Z,132.509,132.516,132.46,132.488,620
2023-03-30T06:40:00.000Z,132.489,132.547,132.488,132.545,446
2023-03-30T06:45:00.000Z,132.545,132.554,132.498,132.517,732
2023-03-30T06:50:00.000Z,132.517,132.52,132.395,132.409,646
2023-03-30T06:55:00.000Z,132.409,132.422,132.332,132.361,747
2023-03-30T07:00:00.000Z,132.351,132.385,132.219,132.304,1366
2023-03-30T07:05:00.000Z,132.304,132.33,132.238,132.286,1023
2023-03-30T07:10:00.000Z,132.29,132.374,132.24,132.362,1072
2023-03-30T07:15:00.000Z,132.358,132.374,132.249,132.286,949
2023-03-30T07:20:00.000Z,132.287,132.31,132.239,132.268,702
2023-03-30T07:25:00.000Z,132.268,132.332,132.206,132.311,818
2023-03-30T07:30:00.000Z,132.311,132.366,132.307,132.34,1006
2023-03-30T07:35:00.000Z,132.34,132.378,132.302,132.316,807
2023-03-30T07:40:00.000Z,132.317,132.324,132.269,132.281,716
2023-03-30T07:45:00.000Z,132.281,132.372,132.261,132.361,587
2023-03-30T07:50:00.000Z,132.355,132.404,132.333,132.356,680
2023-03-30T07:55:00.000Z,132.358,132.439,132.35,132.404,626
2023-03-30T08:00:00.000Z,132.407,132.498,132.407,132.422,848
2023-03-30T08:05:00.000Z,132.422,132.473,132.42,132.421,707
2023-03-30T08:10:00.000Z,132.421,132.507,132.42,132.507,585
2023-03-30T08:15:00.000Z,132.507,132.586,132.503,132.551,877
2023-03-30T08:20:00.000Z,132.551,132.564,132.514,132.531,864
2023-03-30T08:25:00.000Z,132.529,132.529,132.428,132.436,736
2023-03-30T08:30:00.000Z,132.436,132.45,132.393,132.412,770
2023-03-30T08:35:00.000Z,132.413,132.465,132.404,132.424,676
2023-03-30T08:40:00.000Z,132.423,132.457,132.383,132.445,592
2023-03-30T08:45:00.000Z,132.446,132.564,132.436,132.542,582
2023-03-30T08:50:00.000Z,132.544,132.584,132.526,132.535,595
2023-03-30T08:55:00.000Z,132.539,132.563,132.511,132.536,693
2023-03-30T09:00:00.000Z,132.54,132.659,132.54,132.578,748
2023-03-30T09:05:00.000Z,132.577,132.616,132.564,132.6,608
2023-03-30T09:10:00.000Z,132.601,132.674,132.597,132.66,603
2023-03-30T09:15:00.000Z,132.659,132.661,132.591,132.609,594
2023-03-30T09:20:00.000Z,132.608,132.674,132.608,132.644,599
2023-03-30T09:25:00.000Z,132.644,132.677,132.623,132.665,525
2023-03-30T09:30:00.000Z,132.665,132.738,132.653,132.685,515
2023-03-30T09:35:00.000Z,132.688,132.709,132.658,132.704,561
2023-03-30T09:40:00.000Z,132.709,132.775,132.703,132.766,637
2023-03-30T09:45:00.000Z,132.765,132.776,132.722,132.737,408
2023-03-30T09:50:00.000Z,132.732,132.755,132.686,132.755,560
2023-03-30T09:55:00.000Z,132.756,132.781,132.72,132.765,618
2023-03-30T10:00:00.000Z,132.765,132.773,132.729,132.745,665
2023-03-30T10:05:00.000Z,132.745,132.872,132.739,132.862,633
2023-03-30T10:10:00.000Z,132.862,132.862,132.78,132.798,506
2023-03-30T10:15:00.000Z,132.799,132.891,132.799,132.846,599
2023-03-30T10:20:00.000Z,132.845,132.851,132.778,132.811,547
2023-03-30T10:25:00.000Z,132.813,132.814,132.748,132.763,633
2023-03-30T10:30:00.000Z,132.764,132.771,132.657,132.657,639
2023-03-30T10:35:00.000Z,132.656,132.666,132.601,132.623,650
2023-03-30T10:40:00.000Z,132.623,132.634,132.563,132.564,593
2023-03-30T10:45:00.000Z,132.567,132.594,132.546,132.556,520
2023-03-30T10:50:00.000Z,132.557,132.598,132.555,132.587,514
2023-03-30T10:55:00.000Z,132.589,132.608,132.531,132.579,487
2023-03-30T11:00:00.000Z,132.579,132.63,132.563,132.598,496
2023-03-30T11:05:00.000Z,132.6,132.6,132.474,132.527,473
2023-03-30T11:10:00.000Z,132.527,132.538,132.483,132.507,486
2023-03-30T11:15:00.000Z,132.507,132.507,132.407,132.419,577
2023-03-30T11:20:00.000Z,132.42,132.477,132.412,132.476,581
2023-03-30T11:25:00.000Z,132.477,132.492,132.443,132.449,477
2023-03-30T11:30:00.000Z,132.45,132.518,132.433,132.494,386
2023-03-30T11:35:00.000Z,132.494,132.498,132.453,132.496,373
2023-03-30T11:40:00.000Z,132.496,132.498,132.454,132.491,597
2023-03-30T11:45:00.000Z,132.492,132.549,132.483,132.54,484
2023-03-30T11:50:00.000Z,132.543,132.556,132.522,132.527,456
2023-03-30T11:55:00.000Z,132.526,132.604,132.514,132.574,396
2023-03-30T12:00:00.000Z,132.575,132.696,132.574,132.689,662
2023-03-30T12:05:00.000Z,132.687,132.723,132.663,132.684,526
2023-03-30T12:10:00.000Z,132.685,132.705,132.654,132.67,476
2023-03-30T12:15:00.000Z,132.669,132.755,132.655,132.73,517
2023-03-30T12:20:00.000Z,132.731,132.749,132.637,132.661,648
2023-03-30T12:25:00.000Z,132.661,132.689,132.591,132.613,547
2023-03-30T12:30:00.000Z,132.61,132.716,132.556,132.699,1064
2023-03-30T12:35:00.000Z,132.701,132.765,132.633,132.728,1043
2023-03-30T12:40:00.000Z,132.727,132.832,132.71,132.82,779
2023-03-30T12:45:00.000Z,132.814,132.835,132.781,132.79,660
2023-03-30T12:50:00.000Z,132.79,132.828,132.728,132.737,647
2023-03-30T12:55:00.000Z,132.737,132.769,132.685,132.769,811
2023-03-30T13:00:00.000Z,132.767,132.895,132.766,132.883,894
2023-03-30T13:05:00.000Z,132.884,132.891,132.773,132.774,741
2023-03-30T13:10:00.000Z,132.773,132.968,132.771,132.88,872
2023-03-30T13:15:00.000Z,132.879,132.88,132.765,132.812,655
2023-03-30T13:20:00.000Z,132.812,132.826,132.758,132.818,611
2023-03-30T13:25:00.000Z,132.819,132.828,132.74,132.783,713
2023-03-30T13:30:00.000Z,132.783,132.801,132.664,132.677,807
2023-03-30T13:35:00.000Z,132.679,132.704,132.634,132.682,888
2023-03-30T13:40:00.000Z,132.681,132.749,132.67,132.749,646
2023-03-30T13:45:00.000Z,132.75,132.793,132.726,132.751,514
2023-03-30T13:50:00.000Z,132.751,132.751,132.661,132.688,602
2023-03-30T13:55:00.000Z,132.688,132.743,132.659,132.675,620
2023-03-30T14:00:00.000Z,132.677,132.763,132.656,132.704,554
2023-03-30T14:05:00.000Z,132.703,132.815,132.699,132.811,573
2023-03-30T14:10:00.000Z,132.811,132.831,132.766,132.766,600
2023-03-30T14:15:00.000Z,132.765,132.861,132.755,132.843,671
2023-03-30T14:20:00.000Z,132.842,132.845,132.785,132.817,557
2023-03-30T14:25:00.000Z,132.813,132.858,132.813,132.845,392
2023-03-30T14:30:00.000Z,132.846,132.887,132.745,132.757,559
2023-03-30T14:35:00.000Z,132.757,132.764,132.677,132.679,451
2023-03-30T14:40:00.000Z,132.68,132.72,132.678,132.696,391
2023-03-30T14:45:00.000Z,132.696,132.703,132.615,132.651,447
2023-03-30T14:50:00.000Z,132.65,132.764,132.639,132.714,493
2023-03-30T14:55:00.000Z,132.713,132.765,132.677,132.701,726
2023-03-30T15:00:00.000Z,132.702,132.752,132.676,132.677,524
2023-03-30T15:05:00.000Z,132.677,132.685,132.617,132.635,434
2023-03-30T15:10:00.000Z,132.635,132.652,132.595,132.626,420
2023-03-30T15:15:00.000Z,132.627,132.671,132.592,132.671,394
2023-03-30T15:20:00.000Z,132.671,132.729,132.662,132.721,425
2023-03-30T15:25:00.000Z,132.72,132.729,132.703,132.712,382
2023-03-30T15:30:00.000Z,132.711,132.73,132.651,132.72,456
2023-03-30T15:35:00.000Z,132.721,132.747,132.704,132.746,366
2023-03-30T15:40:00.000Z,132.746,132.748,132.696,132.713,439
2023-03-30T15:45:00.000Z,132.712,132.729,132.653,132.672,441
2023-03-30T15:50:00.000Z,132.673,132.719,132.668,132.685,510
2023-03-30T15:55:00.000Z,132.686,132.719,132.683,132.711,420
2023-03-30T16:00:00.000Z,132.712,132.712,132.643,132.651,383
2023-03-30T16:05:00.000Z,132.652,132.683,132.651,132.671,273
2023-03-30T16:10:00.000Z,132.671,132.674,132.599,132.606,297
2023-03-30T16:15:00.000Z,132.605,132.606,132.544,132.558,342
2023-03-30T16:20:00.000Z,132.555,132.564,132.468,132.468,474
2023-03-30T16:25:00.000Z,132.467,132.514,132.45,132.476,422
2023-03-30T16:30:00.000Z,132.476,132.494,132.45,132.46,379
2023-03-30T16:35:00.000Z,132.459,132.471,132.386,132.413,451
2023-03-30T16:40:00.000Z,132.412,132.463,132.38,132.463,416
2023-03-30T16:45:00.000Z,132.463,132.471,132.364,132.369,335
2023-03-30T16:50:00.000Z,132.37,132.436,132.363,132.409,428
2023-03-30T16:55:00.000Z,132.416,132.418,132.374,132.386,389
2023-03-30T17:00:00.000Z,132.386,132.411,132.376,132.4,291
2023-03-30T17:05:00.000Z,132.401,132.434,132.399,132.427,312
2023-03-30T17:10:00.000Z,132.428,132.461,132.415,132.428,312
2023-03-30T17:15:00.000Z,132.429,132.447,132.412,132.445,213
2023-03-30T17:20:00.000Z,132.446,132.468,132.432,132.439,336
2023-03-30T17:25:00.000Z,132.44,132.454,132.406,132.436,340
2023-03-30T17:30:00.000Z,132.435,132.438,132.394,132.411,304
2023-03-30T17:35:00.000Z,132.412,132.433,132.383,132.392,268
2023-03-30T17:40:00.000Z,132.393,132.402,132.348,132.349,265
2023-03-30T17:45:00.000Z,132.348,132.359,132.319,132.358,196
2023-03-30T17:50:00.000Z,132.359,132.41,132.357,132.408,784
2023-03-30T17:55:00.000Z,132.405,132.442,132.402,132.435,713
2023-03-30T18:00:00.000Z,132.435,132.471,132.427,132.445,598
2023-03-30T18:05:00.000Z,132.446,132.446,132.4,132.412,330
2023-03-30T18:10:00.000Z,132.41,132.436,132.409,132.415,181
2023-03-30T18:15:00.000Z,132.415,132.434,132.4,132.412,213
2023-03-30T18:20:00.000Z,132.413,132.448,132.413,132.435,369
2023-03-30T18:25:00.000Z,132.435,132.44,132.426,132.429,173
2023-03-30T18:30:00.000Z,132.428,132.466,132.426,132.457,174
2023-03-30T18:35:00.000Z,132.457,132.457,132.433,132.436,229
2023-03-30T18:40:00.000Z,132.437,132.448,132.422,132.426,183
2023-03-30T18:45:00.000Z,132.427,132.439,132.413,132.43,210
2023-03-30T18:50:00.000Z,132.428,132.442,132.401,132.404,240
2023-03-30T18:55:00.000Z,132.403,132.457,132.396,132.449,397
2023-03-30T19:00:00.000Z,132.45,132.465,132.429,132.441,361
2023-03-30T19:05:00.000Z,132.44,132.479,132.435,132.472,236
2023-03-30T19:10:00.000Z,132.472,132.487,132.462,132.479,255
2023-03-30T19:15:00.000Z,132.478,132.516,132.472,132.51,269
2023-03-30T19:20:00.000Z,132.51,132.515,132.498,132.51,196
2023-03-30T19:25:00.000Z,132.508,132.52,132.505,132.52,144
2023-03-30T19:30:00.000Z,132.518,132.521,132.501,132.508,125
2023-03-30T19:35:00.000Z,132.508,132.519,132.498,132.507,118
2023-03-30T19:40:00.000Z,132.509,132.537,132.509,132.535,215
2023-03-30T19:45:00.000Z,132.535,132.544,132.527,132.532,329
2023-03-30T19:50:00.000Z,132.534,132.557,132.529,132.551,215
2023-03-30T19:55:00.000Z,132.552,132.627,132.552,132.614,463
2023-03-30T20:00:00.000Z,132.615,132.661,132.615,132.628,614
2023-03-30T20:05:00.000Z,132.629,132.63,132.612,132.616,267
2023-03-30T20:10:00.000Z,132.616,132.659,132.616,132.647,337
2023-03-30T20:15:00.000Z,132.646,132.681,132.646,132.652,385
2023-03-30T20:20:00.000Z,132.656,132.657,132.587,132.589,217
2023-03-30T20:25:00.000Z,132.588,132.611,132.585,132.611,143
2023-03-30T20:30:00.000Z,132.616,132.657,132.611,132.654,265
2023-03-30T20:35:00.000Z,132.654,132.658,132.641,132.651,119
2023-03-30T20:40:00.000Z,132.651,132.696,132.646,132.684,146
2023-03-30T20:45:00.000Z,132.687,132.71,132.661,132.692,140
2023-03-30T20:50:00.000Z,132.691,132.702,132.686,132.698,753
2023-03-30T20:55:00.000Z,132.699,132.701,132.664,132.681,186
2023-03-30T21:00:00.000Z,132.636,132.678,132.609,132.669,12
2023-03-30T21:05:00.000Z,132.669,132.673,132.652,132.661,911
2023-03-30T21:10:00.000Z,132.661,132.664,132.656,132.66,1015
2023-03-30T21:15:00.000Z,132.661,132.662,132.659,132.66,197
2023-03-30T21:20:00.000Z,132.66,132.661,132.639,132.644,582
2023-03-30T21:25:00.000Z,132.644,132.651,132.644,132.651,247
2023-03-30T21:30:00.000Z,132.651,132.66,132.651,132.654,321
2023-03-30T21:35:00.000Z,132.661,132.661,132.659,132.66,5
2023-03-30T21:40:00.000Z,132.66,132.72,132.658,132.708,83
2023-03-30T21:45:00.000Z,132.705,132.713,132.687,132.699,1065
2023-03-30T21:50:00.000Z,132.699,132.706,132.685,132.688,1163
2023-03-30T21:55:00.000Z,132.689,132.692,132.572,132.668,767
2023-03-30T22:00:00.000Z,132.668,132.668,132.622,132.637,227
2023-03-30T22:05:00.000Z,132.636,132.66,132.636,132.659,60
2023-03-30T22:10:00.000Z,132.659,132.659,132.632,132.636,70
2023-03-30T22:15:00.000Z,132.637,132.643,132.611,132.627,126
2023-03-30T22:20:00.000Z,132.618,132.618,132.588,132.605,82
2023-03-30T22:25:00.000Z,132.606,132.625,132.596,132.601,123
2023-03-30T22:30:00.000Z,132.601,132.627,132.597,132.614,107
2023-03-30T22:35:00.000Z,132.614,132.666,132.614,132.657,111
2023-03-30T22:40:00.000Z,132.659,132.712,132.659,132.705,132
2023-03-30T22:45:00.000Z,132.706,132.73,132.705,132.719,121
2023-03-30T22:50:00.000Z,132.718,132.806,132.718,132.792,238
2023-03-30T22:55:00.000Z,132.791,132.885,132.775,132.868,324
2023-03-30T23:00:00.000Z,132.869,132.887,132.838,132.846,334
2023-03-30T23:05:00.000Z,132.847,132.862,132.845,132.845,195
2023-03-30T23:10:00.000Z,132.846,132.882,132.844,132.864,252
2023-03-30T23:15:00.000Z,132.865,132.971,132.864,132.966,352
2023-03-30T23:20:00.000Z,132.967,132.971,132.929,132.943,287
2023-03-30T23:25:00.000Z,132.948,132.949,132.866,132.866,175
2023-03-30T23:30:00.000Z,132.871,132.985,132.751,132.962,529
2023-03-30T23:35:00.000Z,132.961,132.987,132.958,132.972,226
2023-03-30T23:40:00.000Z,132.973,132.984,132.946,132.973,336
2023-03-30T23:45:00.000Z,132.974,133.088,132.951,133.051,681
2023-03-30T23:50:00.000Z,133.054,133.176,133.044,133.172,588
2023-03-30T23:55:00.000Z,133.175,133.274,133.173,133.2,716
2023-03-31T00:00:00.000Z,133.201,133.297,133.162,133.285,704
2023-03-31T00:05:00.000Z,133.284,133.349,133.269,133.32,673
2023-03-31T00:10:00.000Z,133.321,133.322,133.232,133.257,496
2023-03-31T00:15:00.000Z,133.26,133.351,133.26,133.319,678
2023-03-31T00:20:00.000Z,133.317,133.366,133.277,133.353,589
2023-03-31T00:25:00.000Z,133.35,133.352,133.29,133.304,626
2023-03-31T00:30:00.000Z,133.304,133.344,133.261,133.302,601
2023-03-31T00:35:00.000Z,133.303,133.387,133.277,133.387,612
2023-03-31T00:40:00.000Z,133.387,133.493,133.385,133.446,783
2023-03-31T00:45:00.000Z,133.443,133.468,133.34,133.383,785
2023-03-31T00:50:00.000Z,133.384,133.511,133.345,133.412,1564
2023-03-31T00:55:00.000Z,133.417,133.419,133.232,133.24,1303
2023-03-31T01:00:00.000Z,133.244,133.289,133.176,133.224,876
2023-03-31T01:05:00.000Z,133.225,133.23,133.164,133.185,621
2023-03-31T01:10:00.000Z,133.184,133.184,133.103,133.139,666
2023-03-31T01:15:00.000Z,133.138,133.184,133.127,133.157,746
2023-03-31T01:20:00.000Z,133.157,133.165,133.042,133.07,783
2023-03-31T01:25:00.000Z,133.072,133.104,133.068,133.094,756
2023-03-31T01:30:00.000Z,133.095,133.137,133.056,133.114,620
2023-03-31T01:35:00.000Z,133.115,133.189,133.1,133.103,594
2023-03-31T01:40:00.000Z,133.105,133.116,133.004,133.038,582
2023-03-31T01:45:00.000Z,133.037,133.166,133.036,133.161,644
2023-03-31T01:50:00.000Z,133.16,133.205,133.124,133.127,433
2023-03-31T01:55:00.000Z,133.128,133.136,133.083,133.097,457
2023-03-31T02:00:00.000Z,133.098,133.121,133.054,133.069,423
2023-03-31T02:05:00.000Z,133.068,133.132,133.062,133.131,390
2023-03-31T02:10:00.000Z,133.127,133.131,133.054,133.062,346
2023-03-31T02:15:00.000Z,133.062,133.093,133.054,133.055,330
2023-03-31T02:20:00.000Z,133.054,133.061,132.908,132.945,612
2023-03-31T02:25:00.000Z,132.944,132.956,132.876,132.902,405
2023-03-31T02:30:00.000Z,132.905,132.952,132.905,132.918,355
2023-03-31T02:35:00.000Z,132.919,132.943,132.847,132.885,332
2023-03-31T02:40:00.000Z,132.888,132.977,132.888,132.962,340
2023-03-31T02:45:00.000Z,132.961,132.962,132.907,132.908,309
2023-03-31T02:50:00.000Z,132.912,132.967,132.905,132.952,255
2023-03-31T02:55:00.000Z,132.952,132.952,132.876,132.885,323
2023-03-31T03:00:00.000Z,132.884,132.938,132.861,132.907,276
2023-03-31T03:05:00.000Z,132.908,132.946,132.905,132.935,243
2023-03-31T03:10:00.000Z,132.934,132.958,132.874,132.939,437
2023-03-31T03:15:00.000Z,132.938,132.939,132.871,132.881,307
2023-03-31T03:20:00.000Z,132.88,132.909,132.878,132.9,254
2023-03-31T03:25:00.000Z,132.905,132.917,132.879,132.9,252
2023-03-31T03:30:00.000Z,132.901,132.904,132.883,132.902,165
2023-03-31T03:35:00.000Z,132.901,132.926,132.889,132.913,150
2023-03-31T03:40:00.000Z,132.912,132.952,132.895,132.907,365
2023-03-31T03:45:00.000Z,132.909,132.947,132.897,132.934,246
2023-03-31T03:50:00.000Z,132.932,132.935,132.841,132.849,319
2023-03-31T03:55:00.000Z,132.846,132.846,132.759,132.762,553
2023-03-31T04:00:00.000Z,132.762,132.787,132.692,132.734,482
2023-03-31T04:05:00.000Z,132.735,132.771,132.723,132.734,438
2023-03-31T04:10:00.000Z,132.735,132.786,132.734,132.77,249
2023-03-31T04:15:00.000Z,132.771,132.794,132.758,132.789,241
2023-03-31T04:20:00.000Z,132.791,132.862,132.787,132.854,327
2023-03-31T04:25:00.000Z,132.853,132.877,132.848,132.863,380
2023-03-31T04:30:00.000Z,132.863,132.864,132.813,132.813,244
2023-03-31T04:35:00.000Z,132.812,132.825,132.763,132.765,379
2023-03-31T04:40:00.000Z,132.765,132.796,132.756,132.777,400
2023-03-31T04:45:00.000Z,132.778,132.782,132.76,132.771,291
2023-03-31T04:50:00.000Z,132.77,132.842,132.77,132.834,438
2023-03-31T04:55:00.000Z,132.834,132.834,132.744,132.752,416
2023-03-31T05:00:00.000Z,132.753,132.792,132.748,132.77,334
2023-03-31T05:05:00.000Z,132.771,132.834,132.763,132.83,365
2023-03-31T05:10:00.000Z,132.836,132.872,132.825,132.865,375
2023-03-31T05:15:00.000Z,132.865,132.901,132.848,132.874,346
2023-03-31T05:20:00.000Z,132.874,132.982,132.862,132.923,532
2023-03-31T05:25:00.000Z,132.923,132.989,132.922,132.947,457
2023-03-31T05:30:00.000Z,132.947,133.04,132.946,133.016,467
2023-03-31T05:35:00.000Z,133.017,133.018,132.97,132.985,321
2023-03-31T05:40:00.000Z,132.984,133,132.933,132.949,387
2023-03-31T05:45:00.000Z,132.951,132.974,132.931,132.972,370
2023-03-31T05:50:00.000Z,132.972,133.006,132.966,132.983,320
2023-03-31T05:55:00.000Z,132.983,133,132.923,132.972,428
2023-03-31T06:00:00.000Z,132.976,132.995,132.901,132.939,559
2023-03-31T06:05:00.000Z,132.946,132.958,132.9,132.902,536
2023-03-31T06:10:00.000Z,132.903,132.935,132.854,132.856,361
2023-03-31T06:15:00.000Z,132.856,132.882,132.83,132.874,386
2023-03-31T06:20:00.000Z,132.875,132.891,132.853,132.874,326
2023-03-31T06:25:00.000Z,132.875,132.923,132.845,132.903,322
2023-03-31T06:30:00.000Z,132.904,133.005,132.896,132.952,544
2023-03-31T06:35:00.000Z,132.952,133.007,132.942,132.987,302
2023-03-31T06:40:00.000Z,132.987,133.11,132.984,133.077,582
2023-03-31T06:45:00.000Z,133.084,133.245,133.043,133.194,841
2023-03-31T06:50:00.000Z,133.193,133.195,133.144,133.149,653
2023-03-31T06:55:00.000Z,133.147,133.197,133.104,133.178,646
2023-03-31T07:00:00.000Z,133.178,133.205,133.047,133.079,879
2023-03-31T07:05:00.000Z,133.077,133.117,133.033,133.087,629
2023-03-31T07:10:00.000Z,133.09,133.109,133.032,133.033,629
2023-03-31T07:15:00.000Z,133.036,133.053,132.934,133.05,809
2023-03-31T07:20:00.000Z,133.05,133.055,133.01,133.048,694
2023-03-31T07:25:00.000Z,133.053,133.095,133.03,133.086,675
2023-03-31T07:30:00.000Z,133.081,133.126,133.068,133.101,637
2023-03-31T07:35:00.000Z,133.1,133.17,133.096,133.118,761
2023-03-31T07:40:00.000Z,133.117,133.171,133.1,133.15,570
2023-03-31T07:45:00.000Z,133.15,133.15,133.073,133.111,695
2023-03-31T07:50:00.000Z,133.114,133.143,133.071,133.106,557
2023-03-31T07:55:00.000Z,133.105,133.136,133.095,133.133,584
2023-03-31T08:00:00.000Z,133.134,133.244,132.808,132.876,1131
2023-03-31T08:05:00.000Z,132.884,133.064,132.874,133.004,1199
2023-03-31T08:10:00.000Z,133.004,133.153,132.988,133.148,774
2023-03-31T08:15:00.000Z,133.151,133.247,133.145,133.182,906
2023-03-31T08:20:00.000Z,133.173,133.376,133.158,133.337,928
2023-03-31T08:25:00.000Z,133.337,133.375,133.3,133.304,831
2023-03-31T08:30:00.000Z,133.304,133.371,133.294,133.329,703
2023-03-31T08:35:00.000Z,133.333,133.483,133.32,133.467,1000
2023-03-31T08:40:00.000Z,133.468,133.567,133.466,133.536,973
2023-03-31T08:45:00.000Z,133.536,133.595,133.488,133.52,941
2023-03-31T08:50:00.000Z,133.52,133.547,133.466,133.491,847
2023-03-31T08:55:00.000Z,133.492,133.526,133.452,133.489,809
2023-03-31T09:00:00.000Z,133.482,133.482,133.327,133.327,1181
2023-03-31T09:05:00.000Z,133.326,133.338,133.212,133.247,1158
2023-03-31T09:10:00.000Z,133.246,133.33,133.239,133.291,944
2023-03-31T09:15:00.000Z,133.292,133.325,133.265,133.295,728
2023-03-31T09:20:00.000Z,133.295,133.31,133.214,133.229,785
2023-03-31T09:25:00.000Z,133.229,133.266,133.183,133.258,726
2023-03-31T09:30:00.000Z,133.256,133.287,133.232,133.254,587
2023-03-31T09:35:00.000Z,133.253,133.255,133.178,133.194,452
2023-03-31T09:40:00.000Z,133.194,133.278,133.193,133.265,456
2023-03-31T09:45:00.000Z,133.266,133.345,133.263,133.303,492
2023-03-31T09:50:00.000Z,133.304,133.361,133.288,133.361,585
2023-03-31T09:55:00.000Z,133.362,133.396,133.352,133.396,519
2023-03-31T10:00:00.000Z,133.399,133.42,133.371,133.392,403
2023-03-31T10:05:00.000Z,133.394,133.395,133.341,133.342,420
2023-03-31T10:10:00.000Z,133.343,133.41,133.333,133.407,283
2023-03-31T10:15:00.000Z,133.41,133.485,133.397,133.465,556
2023-03-31T10:20:00.000Z,133.465,133.465,133.411,133.441,325
2023-03-31T10:25:00.000Z,133.438,133.476,133.413,133.423,353
2023-03-31T10:30:00.000Z,133.423,133.441,133.378,133.417,431
2023-03-31T10:35:00.000Z,133.418,133.436,133.394,133.403,446
2023-03-31T10:40:00.000Z,133.402,133.428,133.375,133.392,456
2023-03-31T10:45:00.000Z,133.391,133.429,133.387,133.419,413
2023-03-31T10:50:00.000Z,133.42,133.424,133.341,133.361,369
2023-03-31T10:55:00.000Z,133.362,133.373,133.346,133.349,457
2023-03-31T11:00:00.000Z,133.349,133.349,133.267,133.268,662
2023-03-31T11:05:00.000Z,133.269,133.295,133.26,133.284,339
2023-03-31T11:10:00.000Z,133.283,133.283,133.234,133.246,399
2023-03-31T11:15:00.000Z,133.245,133.261,133.172,133.201,410
2023-03-31T11:20:00.000Z,133.2,133.212,133.16,133.174,438
2023-03-31T11:25:00.000Z,133.175,133.178,133.105,133.113,495
2023-03-31T11:30:00.000Z,133.105,133.213,133.104,133.186,556
2023-03-31T11:35:00.000Z,133.186,133.187,133.138,133.153,571
2023-03-31T11:40:00.000Z,133.153,133.191,133.113,133.126,382
2023-03-31T11:45:00.000Z,133.126,133.194,133.12,133.167,439
2023-03-31T11:50:00.000Z,133.168,133.201,133.162,133.188,588
2023-03-31T11:55:00.000Z,133.19,133.199,133.168,133.184,564
2023-03-31T12:00:00.000Z,133.183,133.23,133.152,133.184,546
2023-03-31T12:05:00.000Z,133.186,133.231,133.163,133.229,385
2023-03-31T12:10:00.000Z,133.231,133.239,133.164,133.176,415
2023-03-31T12:15:00.000Z,133.178,133.248,133.169,133.246,535
2023-03-31T12:20:00.000Z,133.246,133.293,133.218,133.269,604
2023-03-31T12:25:00.000Z,133.268,133.275,133.183,133.186,562
2023-03-31T12:30:00.000Z,133.189,133.258,132.753,132.783,1662
2023-03-31T12:35:00.000Z,132.786,132.926,132.771,132.854,1406
2023-03-31T12:40:00.000Z,132.855,133.021,132.835,133.006,1218
2023-03-31T12:45:00.000Z,133.007,133.058,132.939,132.969,1232
2023-03-31T12:50:00.000Z,132.971,133.061,132.916,133.033,1115
2023-03-31T12:55:00.000Z,133.031,133.129,133.008,133.083,1044
2023-03-31T13:00:00.000Z,133.082,133.206,133.067,133.176,1050
2023-03-31T13:05:00.000Z,133.184,133.236,133.126,133.202,947
2023-03-31T13:10:00.000Z,133.204,133.213,133.098,133.106,769
2023-03-31T13:15:00.000Z,133.109,133.119,133.061,133.069,707
2023-03-31T13:20:00.000Z,133.069,133.171,133.062,133.099,847
2023-03-31T13:25:00.000Z,133.097,133.13,133.076,133.106,595
2023-03-31T13:30:00.000Z,133.105,133.179,132.961,132.982,1070
2023-03-31T13:35:00.000Z,132.981,133.029,132.953,132.955,741
2023-03-31T13:40:00.000Z,132.959,133.038,132.939,133.038,717
2023-03-31T13:45:00.000Z,133.037,133.103,133.036,133.057,668
2023-03-31T13:50:00.000Z,133.059,133.114,133.032,133.041,666
2023-03-31T13:55:00.000Z,133.04,133.062,132.978,133.015,661
2023-03-31T14:00:00.000Z,133.004,133.046,132.932,132.998,979
2023-03-31T14:05:00.000Z,132.998,133.005,132.904,132.904,704
2023-03-31T14:10:00.000Z,132.903,132.936,132.847,132.925,768
2023-03-31T14:15:00.000Z,132.924,132.959,132.86,132.903,642
2023-03-31T14:20:00.000Z,132.902,132.991,132.877,132.981,527
2023-03-31T14:25:00.000Z,132.981,133.092,132.98,133.058,591
2023-03-31T14:30:00.000Z,133.059,133.063,132.933,133.018,685
2023-03-31T14:35:00.000Z,133.023,133.057,132.967,132.974,582
2023-03-31T14:40:00.000Z,132.971,133.066,132.941,133.064,606
2023-03-31T14:45:00.000Z,133.064,133.064,132.994,133.021,448
2023-03-31T14:50:00.000Z,133.022,133.315,133.02,133.198,1265
2023-03-31T14:55:00.000Z,133.195,133.223,133.033,133.083,1482
2023-03-31T15:00:00.000Z,133.082,133.12,132.944,132.961,1267
2023-03-31T15:05:00.000Z,132.956,133.069,132.946,133.003,892
2023-03-31T15:10:00.000Z,133.004,133.018,132.968,132.974,777
2023-03-31T15:15:00.000Z,132.974,133.042,132.967,133.009,671
2023-03-31T15:20:00.000Z,133.012,133.041,132.924,132.966,832
2023-03-31T15:25:00.000Z,132.966,132.987,132.927,132.931,700
2023-03-31T15:30:00.000Z,132.929,132.929,132.806,132.828,716
2023-03-31T15:35:00.000Z,132.827,132.845,132.773,132.832,601
2023-03-31T15:40:00.000Z,132.832,132.835,132.756,132.783,527
2023-03-31T15:45:00.000Z,132.781,132.843,132.765,132.822,555
2023-03-31T15:50:00.000Z,132.823,132.826,132.798,132.811,429
2023-03-31T15:55:00.000Z,132.812,132.823,132.749,132.753,401
2023-03-31T16:00:00.000Z,132.753,132.863,132.751,132.861,428
2023-03-31T16:05:00.000Z,132.862,132.879,132.841,132.857,398
2023-03-31T16:10:00.000Z,132.857,132.88,132.796,132.805,397
2023-03-31T16:15:00.000Z,132.804,132.837,132.804,132.81,428
2023-03-31T16:20:00.000Z,132.813,132.815,132.717,132.742,495
2023-03-31T16:25:00.000Z,132.742,132.828,132.74,132.815,523
2023-03-31T16:30:00.000Z,132.814,132.83,132.778,132.79,354
2023-03-31T16:35:00.000Z,132.789,132.876,132.789,132.853,329
2023-03-31T16:40:00.000Z,132.85,132.856,132.822,132.839,316
2023-03-31T16:45:00.000Z,132.84,132.844,132.809,132.832,280
2023-03-31T16:50:00.000Z,132.832,132.832,132.803,132.812,242
2023-03-31T16:55:00.000Z,132.812,132.812,132.756,132.765,459
2023-03-31T17:00:00.000Z,132.764,132.79,132.751,132.782,396
2023-03-31T17:05:00.000Z,132.78,132.804,132.776,132.801,244
2023-03-31T17:10:00.000Z,132.805,132.834,132.792,132.822,273
2023-03-31T17:15:00.000Z,132.82,132.864,132.82,132.862,204
2023-03-31T17:20:00.000Z,132.861,132.861,132.819,132.839,256
2023-03-31T17:25:00.000Z,132.842,132.889,132.836,132.888,297
2023-03-31T17:30:00.000Z,132.885,132.902,132.871,132.884,282
2023-03-31T17:35:00.000Z,132.884,132.891,132.862,132.865,210
2023-03-31T17:40:00.000Z,132.866,132.896,132.845,132.873,276
2023-03-31T17:45:00.000Z,132.872,132.905,132.872,132.901,138
2023-03-31T17:50:00.000Z,132.901,132.932,132.892,132.914,231
2023-03-31T17:55:00.000Z,132.916,132.962,132.916,132.946,220
2023-03-31T18:00:00.000Z,132.948,132.95,132.918,132.922,328
2023-03-31T18:05:00.000Z,132.921,132.932,132.907,132.914,372
2023-03-31T18:10:00.000Z,132.915,132.919,132.894,132.897,254
2023-03-31T18:15:00.000Z,132.898,132.92,132.826,132.827,261
2023-03-31T18:20:00.000Z,132.822,132.841,132.814,132.822,272
2023-03-31T18:25:00.000Z,132.822,132.861,132.819,132.861,301
2023-03-31T18:30:00.000Z,132.861,132.862,132.825,132.831,275
2023-03-31T18:35:00.000Z,132.832,132.833,132.756,132.763,313
2023-03-31T18:40:00.000Z,132.762,132.775,132.753,132.754,280
2023-03-31T18:45:00.000Z,132.753,132.754,132.706,132.72,237
2023-03-31T18:50:00.000Z,132.72,132.72,132.622,132.632,448
2023-03-31T18:55:00.000Z,132.631,132.699,132.628,132.686,452
2023-03-31T19:00:00.000Z,132.685,132.754,132.684,132.749,405
2023-03-31T19:05:00.000Z,132.752,132.775,132.747,132.757,307
2023-03-31T19:10:00.000Z,132.758,132.763,132.696,132.721,226
2023-03-31T19:15:00.000Z,132.716,132.75,132.708,132.746,328
2023-03-31T19:20:00.000Z,132.747,132.782,132.746,132.78,257
2023-03-31T19:25:00.000Z,132.778,132.778,132.728,132.73,153
2023-03-31T19:30:00.000Z,132.73,132.748,132.727,132.74,276
2023-03-31T19:35:00.000Z,132.739,132.743,132.704,132.717,325
2023-03-31T19:40:00.000Z,132.716,132.739,132.715,132.735,241
2023-03-31T19:45:00.000Z,132.735,132.768,132.723,132.747,259
2023-03-31T19:50:00.000Z,132.749,132.757,132.725,132.731,249
2023-03-31T19:55:00.000Z,132.732,132.781,132.719,132.757,527
2023-03-31T20:00:00.000Z,132.763,132.781,132.746,132.77,459
2023-03-31T20:05:00.000Z,132.77,132.782,132.763,132.772,212
2023-03-31T20:10:00.000Z,132.773,132.782,132.746,132.76,213
2023-03-31T20:15:00.000Z,132.759,132.763,132.736,132.738,200
2023-03-31T20:20:00.000Z,132.738,132.759,132.736,132.738,143
2023-03-31T20:25:00.000Z,132.739,132.774,132.739,132.76,172
2023-03-31T20:30:00.000Z,132.759,132.809,132.758,132.809,236
2023-03-31T20:35:00.000Z,132.807,132.826,132.807,132.813,86
2023-03-31T20:40:00.000Z,132.813,132.813,132.777,132.783,247
2023-03-31T20:45:00.000Z,132.783,132.812,132.779,132.8,217
2023-03-31T20:50:00.000Z,132.801,132.838,132.795,132.816,560
2023-04-02T21:00:00.000Z,133.381,133.381,133.249,133.27,166
2023-04-02T21:05:00.000Z,133.293,133.293,133.252,133.256,28
2023-04-02T21:10:00.000Z,133.263,133.267,133.249,133.264,48
2023-04-02T21:15:00.000Z,133.265,133.267,133.265,133.267,4
2023-04-02T21:20:00.000Z,133.267,133.271,133.267,133.268,10
2023-04-02T21:25:00.000Z,133.268,133.268,133.265,133.267,6
2023-04-02T21:30:00.000Z,133.267,133.298,133.264,133.298,51
2023-04-02T21:35:00.000Z,133.298,133.388,133.297,133.31,138
2023-04-02T21:40:00.000Z,133.31,133.333,133.297,133.333,60
2023-04-02T21:45:00.000Z,133.333,133.333,133.299,133.305,39
2023-04-02T21:50:00.000Z,133.306,133.309,133.287,133.301,40
2023-04-02T21:55:00.000Z,133.306,133.32,133.25,133.265,80
2023-04-02T22:00:00.000Z,133.263,133.265,133.059,133.103,987
2023-04-02T22:05:00.000Z,133.102,133.26,133.061,133.236,743
2023-04-02T22:10:00.000Z,133.235,133.331,133.206,133.251,1088
2023-04-02T22:15:00.000Z,133.248,133.336,133.248,133.325,656
2023-04-02T22:20:00.000Z,133.326,133.374,133.315,133.325,654
2023-04-02T22:25:00.000Z,133.326,133.327,133.24,133.257,948
2023-04-02T22:30:00.000Z,133.256,133.256,133.185,133.239,827
2023-04-02T22:35:00.000Z,133.239,133.265,133.191,133.225,537
2023-04-02T22:40:00.000Z,133.224,133.262,133.217,133.248,377
2023-04-02T22:45:00.000Z,133.251,133.322,133.251,133.268,564
2023-04-02T22:50:00.000Z,133.267,133.282,133.199,133.279,514
2023-04-02T22:55:00.000Z,133.28,133.307,133.236,133.286,592
2023-04-02T23:00:00.000Z,133.287,133.305,133.178,133.191,493
2023-04-02T23:05:00.000Z,133.192,133.192,133.158,133.172,350
2023-04-02T23:10:00.000Z,133.173,133.224,133.154,133.189,473
2023-04-02T23:15:00.000Z,133.19,133.205,133.134,133.147,445
2023-04-02T23:20:00.000Z,133.148,133.193,133.147,133.186,475
2023-04-02T23:25:00.000Z,133.187,133.198,133.143,133.197,412
2023-04-02T23:30:00.000Z,133.209,133.219,133.17,133.176,310
2023-04-02T23:35:00.000Z,133.178,133.249,133.174,133.24,302
2023-04-02T23:40:00.000Z,133.241,133.244,133.198,133.238,345
2023-04-02T23:45:00.000Z,133.241,133.258,133.21,133.257,324
2023-04-02T23:50:00.000Z,133.258,133.304,133.231,133.237,380
2023-04-02T23:55:00.000Z,133.237,133.383,133.215,133.356,605
2023-04-03T00:00:00.000Z,133.355,133.355,133.103,133.103,1308
2023-04-03T00:05:00.000Z,133.1,133.133,133.068,133.081,819
2023-04-03T00:10:00.000Z,133.078,133.097,133.02,133.042,795
2023-04-03T00:15:00.000Z,133.04,133.128,133.002,133.124,739
2023-04-03T00:20:00.000Z,133.122,133.164,133.078,133.078,820
2023-04-03T00:25:00.000Z,133.077,133.082,132.977,132.984,593
2023-04-03T00:30:00.000Z,132.985,133.1,132.976,133.054,494
2023-04-03T00:35:00.000Z,133.056,133.061,132.939,132.993,748
2023-04-03T00:40:00.000Z,132.993,133.058,132.962,133.024,797
2023-04-03T00:45:00.000Z,133.024,133.067,132.958,132.963,709
2023-04-03T00:50:00.000Z,132.963,133.095,132.924,133.089,1080
2023-04-03T00:55:00.000Z,133.088,133.09,133.016,133.036,598
2023-04-03T01:00:00.000Z,133.034,133.078,132.983,133.003,537
2023-04-03T01:05:00.000Z,133.002,133.032,132.931,132.938,507
2023-04-03T01:10:00.000Z,132.937,132.98,132.91,132.93,663
2023-04-03T01:15:00.000Z,132.926,132.941,132.847,132.862,595
2023-04-03T01:20:00.000Z,132.862,132.898,132.834,132.85,820
2023-04-03T01:25:00.000Z,132.852,132.917,132.82,132.907,1035
2023-04-03T01:30:00.000Z,132.907,132.971,132.903,132.966,916
2023-04-03T01:35:00.000Z,132.971,133.046,132.971,133.004,459
2023-04-03T01:40:00.000Z,133.003,133.121,132.998,133.12,471
2023-04-03T01:45:00.000Z,133.11,133.161,133.085,133.092,681
2023-04-03T01:50:00.000Z,133.093,133.142,133.093,133.11,414
2023-04-03T01:55:00.000Z,133.112,133.144,133.083,133.101,483
2023-04-03T02:00:00.000Z,133.107,133.141,133.048,133.059,505
2023-04-03T02:05:00.000Z,133.058,133.079,133.003,133.007,367
2023-04-03T02:10:00.000Z,133.006,133.06,133.006,133.04,291
2023-04-03T02:15:00.000Z,133.039,133.119,133.038,133.073,401
2023-04-03T02:20:00.000Z,133.072,133.12,133.036,133.107,485
2023-04-03T02:25:00.000Z,133.108,133.127,133.071,133.076,555
2023-04-03T02:30:00.000Z,133.076,133.1,133.046,133.062,366
2023-04-03T02:35:00.000Z,133.063,133.098,133.05,133.08,264
2023-04-03T02:40:00.000Z,133.08,133.143,133.079,133.141,311
2023-04-03T02:45:00.000Z,133.143,133.147,133.113,133.142,317
2023-04-03T02:50:00.000Z,133.143,133.192,133.14,133.179,317
2023-04-03T02:55:00.000Z,133.181,133.265,133.167,133.265,488
2023-04-03T03:00:00.000Z,133.266,133.434,133.25,133.42,582
2023-04-03T03:05:00.000Z,133.42,133.442,133.358,133.386,642
2023-04-03T03:10:00.000Z,133.385,133.446,133.384,133.422,425
2023-04-03T03:15:00.000Z,133.42,133.451,133.384,133.42,419
2023-04-03T03:20:00.000Z,133.421,133.453,133.389,133.396,414
2023-04-03T03:25:00.000Z,133.396,133.406,133.357,133.381,371
2023-04-03T03:30:00.000Z,133.38,133.393,133.328,133.346,349
2023-04-03T03:35:00.000Z,133.347,133.392,133.339,133.385,525
2023-04-03T03:40:00.000Z,133.386,133.416,133.377,133.385,566
2023-04-03T03:45:00.000Z,133.386,133.399,133.372,133.373,173
2023-04-03T03:50:00.000Z,133.373,133.415,133.372,133.415,228
2023-04-03T03:55:00.000Z,133.416,133.465,133.416,133.446,401
2023-04-03T04:00:00.000Z,133.452,133.471,133.405,133.426,427
2023-04-03T04:05:00.000Z,133.427,133.437,133.379,133.427,358
2023-04-03T04:10:00.000Z,133.426,133.485,133.425,133.448,381
2023-04-03T04:15:00.000Z,133.452,133.486,133.43,133.462,363
2023-04-03T04:20:00.000Z,133.457,133.471,133.436,133.47,309
2023-04-03T04:25:00.000Z,133.47,133.473,133.424,133.427,315
2023-04-03T04:30:00.000Z,133.427,133.447,133.41,133.433,292
2023-04-03T04:35:00.000Z,133.434,133.445,133.403,133.408,313
2023-04-03T04:40:00.000Z,133.408,133.452,133.4,133.426,362
2023-04-03T04:45:00.000Z,133.425,133.476,133.425,133.471,244
2023-04-03T04:50:00.000Z,133.472,133.494,133.46,133.486,445
2023-04-03T04:55:00.000Z,133.482,133.484,133.447,133.47,454
2023-04-03T05:00:00.000Z,133.47,133.479,133.443,133.446,465
2023-04-03T05:05:00.000Z,133.449,133.487,133.444,133.462,466
2023-04-03T05:10:00.000Z,133.461,133.522,133.461,133.518,594
2023-04-03T05:15:00.000Z,133.518,133.588,133.462,133.466,901
2023-04-03T05:20:00.000Z,133.467,133.487,133.38,133.391,711
2023-04-03T05:25:00.000Z,133.39,133.396,133.354,133.39,553
2023-04-03T05:30:00.000Z,133.39,133.393,133.337,133.376,318
2023-04-03T05:35:00.000Z,133.377,133.416,133.377,133.402,217
2023-04-03T05:40:00.000Z,133.405,133.441,133.375,133.382,318
2023-04-03T05:45:00.000Z,133.382,133.448,133.355,133.444,415
2023-04-03T05:50:00.000Z,133.445,133.498,133.429,133.482,285
2023-04-03T05:55:00.000Z,133.483,133.547,133.479,133.486,458
2023-04-03T06:00:00.000Z,133.49,133.554,133.457,133.521,712
2023-04-03T06:05:00.000Z,133.52,133.578,133.495,133.563,546
2023-04-03T06:10:00.000Z,133.567,133.676,133.566,133.656,829
2023-04-03T06:15:00.000Z,133.655,133.656,133.556,133.623,738
2023-04-03T06:20:00.000Z,133.623,133.705,133.599,133.69,658
2023-04-03T06:25:00.000Z,133.693,133.714,133.64,133.697,629
2023-04-03T06:30:00.000Z,133.692,133.756,133.686,133.708,687
2023-04-03T06:35:00.000Z,133.706,133.717,133.616,133.616,626
2023-04-03T06:40:00.000Z,133.616,133.642,133.567,133.568,490
2023-04-03T06:45:00.000Z,133.568,133.622,133.564,133.598,536
2023-04-03T06:50:00.000Z,133.597,133.609,133.525,133.53,582
2023-04-03T06:55:00.000Z,133.531,133.599,133.515,133.587,820
2023-04-03T07:00:00.000Z,133.59,133.676,133.526,133.613,1271
2023-04-03T07:05:00.000Z,133.615,133.659,133.56,133.648,1008
2023-04-03T07:10:00.000Z,133.647,133.651,133.563,133.59,945
2023-04-03T07:15:00.000Z,133.591,133.612,133.534,133.539,905
2023-04-03T07:20:00.000Z,133.536,133.576,133.508,133.534,630
2023-04-03T07:25:00.000Z,133.534,133.562,133.483,133.504,628
2023-04-03T07:30:00.000Z,133.504,133.569,133.481,133.541,771
2023-04-03T07:35:00.000Z,133.542,133.563,133.475,133.476,635
2023-04-03T07:40:00.000Z,133.48,133.507,133.455,133.507,565
2023-04-03T07:45:00.000Z,133.507,133.553,133.49,133.55,407
2023-04-03T07:50:00.000Z,133.55,133.587,133.509,133.553,486
2023-04-03T07:55:00.000Z,133.552,133.561,133.522,133.538,428
2023-04-03T08:00:00.000Z,133.537,133.584,133.505,133.507,600
2023-04-03T08:05:00.000Z,133.506,133.527,133.467,133.478,490
2023-04-03T08:10:00.000Z,133.479,133.507,133.439,133.475,339
2023-04-03T08:15:00.000Z,133.474,133.484,133.432,133.472,404
2023-04-03T08:20:00.000Z,133.473,133.513,133.452,133.513,433
2023-04-03T08:25:00.000Z,133.514,133.545,133.508,133.54,454
2023-04-03T08:30:00.000Z,133.54,133.569,133.535,133.555,422
2023-04-03T08:35:00.000Z,133.556,133.616,133.554,133.615,382
2023-04-03T08:40:00.000Z,133.618,133.653,133.574,133.58,468
2023-04-03T08:45:00.000Z,133.58,133.587,133.526,133.544,460
2023-04-03T08:50:00.000Z,133.543,133.544,133.437,133.488,587
2023-04-03T08:55:00.000Z,133.49,133.519,133.439,133.441,574
2023-04-03T09:00:00.000Z,133.438,133.463,133.406,133.437,644
2023-04-03T09:05:00.000Z,133.438,133.464,133.424,133.452,409
2023-04-03T09:10:00.000Z,133.45,133.512,133.442,133.5,499
2023-04-03T09:15:00.000Z,133.497,133.535,133.479,133.502,495
2023-04-03T09:20:00.000Z,133.501,133.512,133.436,133.438,433
2023-04-03T09:25:00.000Z,133.432,133.449,133.404,133.431,405
2023-04-03T09:30:00.000Z,133.431,133.478,133.421,133.458,385
2023-04-03T09:35:00.000Z,133.457,133.504,133.434,133.444,373
2023-04-03T09:40:00.000Z,133.445,133.448,133.417,133.44,474
2023-04-03T09:45:00.000Z,133.439,133.453,133.42,133.425,424
2023-04-03T09:50:00.000Z,133.426,133.427,133.366,133.377,438
2023-04-03T09:55:00.000Z,133.377,133.382,133.347,133.354,383
2023-04-03T10:00:00.000Z,133.354,133.376,133.316,133.372,542
2023-04-03T10:05:00.000Z,133.371,133.371,133.313,133.317,376
2023-04-03T10:10:00.000Z,133.317,133.322,133.204,133.236,703
2023-04-03T10:15:00.000Z,133.236,133.265,133.185,133.24,709
2023-04-03T10:20:00.000Z,133.239,133.258,133.192,133.246,609
2023-04-03T10:25:00.000Z,133.247,133.303,133.237,133.302,606
2023-04-03T10:30:00.000Z,133.301,133.319,133.255,133.265,455
2023-04-03T10:35:00.000Z,133.267,133.31,133.246,133.296,473
2023-04-03T10:40:00.000Z,133.298,133.3,133.229,133.252,346
2023-04-03T10:45:00.000Z,133.252,133.311,133.249,133.292,407
2023-04-03T10:50:00.000Z,133.293,133.346,133.27,133.285,535
2023-04-03T10:55:00.000Z,133.285,133.294,133.256,133.263,499
2023-04-03T11:00:00.000Z,133.263,133.302,133.258,133.289,568
2023-04-03T11:05:00.000Z,133.288,133.288,133.257,133.276,347
2023-04-03T11:10:00.000Z,133.277,133.296,133.255,133.257,495
2023-04-03T11:15:00.000Z,133.257,133.266,133.099,133.107,717
2023-04-03T11:20:00.000Z,133.106,133.112,133.031,133.083,628
2023-04-03T11:25:00.000Z,133.083,133.083,133.003,133.028,579
2023-04-03T11:30:00.000Z,133.029,133.029,132.942,132.943,709
2023-04-03T11:35:00.000Z,132.944,132.946,132.879,132.915,642
2023-04-03T11:40:00.000Z,132.915,132.948,132.869,132.93,657
2023-04-03T11:45:00.000Z,132.928,132.928,132.87,132.898,537
2023-04-03T11:50:00.000Z,132.899,132.932,132.877,132.895,501
2023-04-03T11:55:00.000Z,132.896,132.961,132.889,132.891,466
2023-04-03T12:00:00.000Z,132.896,132.936,132.846,132.91,597
2023-04-03T12:05:00.000Z,132.911,132.969,132.9,132.957,552
2023-04-03T12:10:00.000Z,132.958,133.038,132.953,133.022,628
2023-04-03T12:15:00.000Z,133.023,133.048,133.001,133.034,444
2023-04-03T12:20:00.000Z,133.031,133.031,132.948,132.958,482
2023-04-03T12:25:00.000Z,132.957,133.055,132.949,133.026,661
2023-04-03T12:30:00.000Z,133.027,133.061,133.005,133.01,623
2023-04-03T12:35:00.000Z,133.006,133.054,132.928,133.036,650
2023-04-03T12:40:00.000Z,133.037,133.063,132.981,133.036,661
2023-04-03T12:45:00.000Z,133.035,133.096,133.035,133.079,592
2023-04-03T12:50:00.000Z,133.079,133.168,133.067,133.091,684
2023-04-03T12:55:00.000Z,133.09,133.139,133.085,133.101,588
2023-04-03T13:00:00.000Z,133.1,133.143,133.071,133.091,709
2023-04-03T13:05:00.000Z,133.09,133.108,133.059,133.098,399
2023-04-03T13:10:00.000Z,133.098,133.109,133.048,133.059,397
2023-04-03T13:15:00.000Z,133.06,133.064,132.977,132.993,601
2023-04-03T13:20:00.000Z,132.992,132.992,132.932,132.943,591
2023-04-03T13:25:00.000Z,132.959,132.999,132.955,132.973,419
2023-04-03T13:30:00.000Z,132.975,133.08,132.975,133.043,738
2023-04-03T13:35:00.000Z,133.043,133.059,132.992,133.016,713
2023-04-03T13:40:00.000Z,133.017,133.026,132.889,132.891,652
2023-04-03T13:45:00.000Z,132.891,132.952,132.803,132.826,803
2023-04-03T13:50:00.000Z,132.827,132.863,132.776,132.851,696
2023-04-03T13:55:00.000Z,132.848,132.891,132.784,132.849,696
2023-04-03T14:00:00.000Z,132.779,132.779,132.393,132.443,1914
2023-04-03T14:05:00.000Z,132.442,132.539,132.393,132.525,1436
2023-04-03T14:10:00.000Z,132.528,132.574,132.452,132.458,1089
2023-04-03T14:15:00.000Z,132.455,132.455,132.313,132.327,1129
2023-04-03T14:20:00.000Z,132.327,132.398,132.284,132.338,1194
2023-04-03T14:25:00.000Z,132.337,132.378,132.273,132.337,905
2023-04-03T14:30:00.000Z,132.324,132.412,132.293,132.328,905
2023-04-03T14:35:00.000Z,132.327,132.424,132.327,132.367,764
2023-04-03T14:40:00.000Z,132.367,132.458,132.347,132.458,625
2023-04-03T14:45:00.000Z,132.461,132.519,132.447,132.455,825
2023-04-03T14:50:00.000Z,132.452,132.481,132.364,132.396,775
2023-04-03T14:55:00.000Z,132.394,132.394,132.301,132.333,821
2023-04-03T15:00:00.000Z,132.339,132.389,132.272,132.364,880
2023-04-03T15:05:00.000Z,132.363,132.386,132.302,132.352,742
2023-04-03T15:10:00.000Z,132.352,132.394,132.255,132.271,753
2023-04-03T15:15:00.000Z,132.275,132.365,132.26,132.32,541
2023-04-03T15:20:00.000Z,132.319,132.341,132.252,132.262,491
2023-04-03T15:25:00.000Z,132.262,132.356,132.244,132.35,587
2023-04-03T15:30:00.000Z,132.353,132.353,132.267,132.316,652
2023-04-03T15:35:00.000Z,132.315,132.374,132.299,132.333,565
2023-04-03T15:40:00.000Z,132.333,132.359,132.268,132.27,388
2023-04-03T15:45:00.000Z,132.269,132.282,132.204,132.245,398
2023-04-03T15:50:00.000Z,132.246,132.333,132.243,132.306,419
2023-04-03T15:55:00.000Z,132.306,132.377,132.303,132.359,377
2023-04-03T16:00:00.000Z,132.362,132.42,132.358,132.379,475
2023-04-03T16:05:00.000Z,132.379,132.444,132.376,132.437,489
2023-04-03T16:10:00.000Z,132.437,132.439,132.361,132.404,368
2023-04-03T16:15:00.000Z,132.405,132.405,132.35,132.356,314
2023-04-03T16:20:00.000Z,132.355,132.392,132.329,132.367,383
2023-04-03T16:25:00.000Z,132.367,132.376,132.328,132.354,382
2023-04-03T16:30:00.000Z,132.355,132.429,132.351,132.429,355
2023-04-03T16:35:00.000Z,132.428,132.485,132.424,132.482,250
2023-04-03T16:40:00.000Z,132.481,132.496,132.452,132.48,323
2023-04-03T16:45:00.000Z,132.48,132.486,132.426,132.436,346
2023-04-03T16:50:00.000Z,132.435,132.492,132.435,132.46,396
2023-04-03T16:55:00.000Z,132.46,132.483,132.43,132.454,407
2023-04-03T17:00:00.000Z,132.456,132.524,132.453,132.515,444
2023-04-03T17:05:00.000Z,132.518,132.571,132.514,132.522,456
2023-04-03T17:10:00.000Z,132.522,132.561,132.512,132.531,359
2023-04-03T17:15:00.000Z,132.522,132.522,132.495,132.501,303
2023-04-03T17:20:00.000Z,132.503,132.519,132.487,132.504,265
2023-04-03T17:25:00.000Z,132.505,132.505,132.47,132.482,253
2023-04-03T17:30:00.000Z,132.482,132.486,132.437,132.449,361
2023-04-03T17:35:00.000Z,132.451,132.477,132.44,132.441,359
2023-04-03T17:40:00.000Z,132.442,132.446,132.365,132.382,363
2023-04-03T17:45:00.000Z,132.382,132.431,132.379,132.427,250
2023-04-03T17:50:00.000Z,132.428,132.448,132.426,132.446,264
2023-04-03T17:55:00.000Z,132.446,132.491,132.443,132.464,469
2023-04-03T18:00:00.000Z,132.464,132.465,132.419,132.426,404
2023-04-03T18:05:00.000Z,132.427,132.444,132.415,132.424,247
2023-04-03T18:10:00.000Z,132.426,132.442,132.358,132.358,348
2023-04-03T18:15:00.000Z,132.359,132.366,132.346,132.346,380
2023-04-03T18:20:00.000Z,132.346,132.372,132.331,132.363,305
2023-04-03T18:25:00.000Z,132.362,132.364,132.291,132.298,456
2023-04-03T18:30:00.000Z,132.301,132.315,132.285,132.289,315
2023-04-03T18:35:00.000Z,132.29,132.306,132.279,132.297,207
2023-04-03T18:40:00.000Z,132.298,132.355,132.297,132.336,253
2023-04-03T18:45:00.000Z,132.335,132.367,132.333,132.337,294
2023-04-03T18:50:00.000Z,132.34,132.374,132.335,132.342,241
2023-04-03T18:55:00.000Z,132.341,132.379,132.334,132.36,260
2023-04-03T19:00:00.000Z,132.361,132.386,132.352,132.36,406
2023-04-03T19:05:00.000Z,132.36,132.36,132.327,132.332,225
2023-04-03T19:10:00.000Z,132.333,132.356,132.326,132.328,141
2023-04-03T19:15:00.000Z,132.328,132.344,132.32,132.333,201
2023-04-03T19:20:00.000Z,132.331,132.358,132.326,132.352,199
2023-04-03T19:25:00.000Z,132.351,132.371,132.343,132.371,220
2023-04-03T19:30:00.000Z,132.37,132.405,132.37,132.396,285
2023-04-03T19:35:00.000Z,132.395,132.415,132.394,132.409,255
2023-04-03T19:40:00.000Z,132.41,132.429,132.41,132.423,266
2023-04-03T19:45:00.000Z,132.422,132.438,132.399,132.431,261
2023-04-03T19:50:00.000Z,132.43,132.434,132.421,132.434,243
2023-04-03T19:55:00.000Z,132.435,132.461,132.434,132.451,284
2023-04-03T20:00:00.000Z,132.452,132.455,132.409,132.416,797
2023-04-03T20:05:00.000Z,132.415,132.417,132.375,132.376,333
2023-04-03T20:10:00.000Z,132.375,132.382,132.356,132.376,327
2023-04-03T20:15:00.000Z,132.377,132.399,132.374,132.386,146
2023-04-03T20:20:00.000Z,132.387,132.387,132.376,132.376,134
2023-04-03T20:25:00.000Z,132.376,132.392,132.372,132.385,119
2023-04-03T20:30:00.000Z,132.386,132.395,132.375,132.383,71
2023-04-03T20:35:00.000Z,132.384,132.423,132.37,132.42,160
2023-04-03T20:40:00.000Z,132.424,132.433,132.406,132.407,187
2023-04-03T20:45:00.000Z,132.407,132.422,132.398,132.411,178
2023-04-03T20:50:00.000Z,132.41,132.411,132.388,132.403,553
2023-04-03T20:55:00.000Z,132.403,132.411,132.397,132.404,112
2023-04-03T21:00:00.000Z,132.388,132.415,132.371,132.415,20
2023-04-03T21:05:00.000Z,132.415,132.415,132.415,132.415,352
2023-04-03T21:10:00.000Z,132.415,132.421,132.415,132.419,723
2023-04-03T21:15:00.000Z,132.421,132.421,132.417,132.417,1634
2023-04-03T21:20:00.000Z,132.419,132.42,132.417,132.417,1646
2023-04-03T21:25:00.000Z,132.419,132.42,132.415,132.415,853
2023-04-03T21:30:00.000Z,132.415,132.421,132.415,132.418,1247
2023-04-03T21:35:00.000Z,132.419,132.426,132.418,132.421,32
2023-04-03T21:40:00.000Z,132.422,132.423,132.417,132.417,11
2023-04-03T21:45:00.000Z,132.418,132.418,132.416,132.416,27
2023-04-03T21:50:00.000Z,132.414,132.426,132.414,132.419,114
2023-04-03T21:55:00.000Z,132.423,132.423,132.409,132.411,741
2023-04-03T22:00:00.000Z,132.423,132.423,132.35,132.353,968
2023-04-03T22:05:00.000Z,132.353,132.358,132.349,132.353,1121
2023-04-03T22:10:00.000Z,132.354,132.367,132.331,132.335,880
2023-04-03T22:15:00.000Z,132.336,132.34,132.328,132.34,295
2023-04-03T22:20:00.000Z,132.345,132.354,132.338,132.353,163
2023-04-03T22:25:00.000Z,132.353,132.377,132.337,132.376,190
2023-04-03T22:30:00.000Z,132.376,132.435,132.364,132.427,201
2023-04-03T22:35:00.000Z,132.428,132.429,132.345,132.374,238
2023-04-03T22:40:00.000Z,132.374,132.386,132.337,132.339,259
2023-04-03T22:45:00.000Z,132.344,132.386,132.341,132.379,156
2023-04-03T22:50:00.000Z,132.381,132.383,132.327,132.336,398
2023-04-03T22:55:00.000Z,132.337,132.355,132.337,132.354,73
2023-04-03T23:00:00.000Z,132.355,132.359,132.268,132.276,487
2023-04-03T23:05:00.000Z,132.275,132.276,132.245,132.257,319
2023-04-03T23:10:00.000Z,132.256,132.282,132.252,132.26,272
2023-04-03T23:15:00.000Z,132.261,132.262,132.179,132.235,465
2023-04-03T23:20:00.000Z,132.235,132.242,132.195,132.203,231
2023-04-03T23:25:00.000Z,132.201,132.209,132.174,132.208,193
2023-04-03T23:30:00.000Z,132.206,132.23,132.204,132.211,151
2023-04-03T23:35:00.000Z,132.212,132.213,132.172,132.183,189
2023-04-03T23:40:00.000Z,132.184,132.242,132.182,132.234,272
2023-04-03T23:45:00.000Z,132.233,132.237,132.197,132.199,215
2023-04-03T23:50:00.000Z,132.218,132.246,132.218,132.246,146
2023-04-03T23:55:00.000Z,132.255,132.335,132.255,132.323,287
2023-04-04T00:00:00.000Z,132.323,132.332,132.212,132.324,697
2023-04-04T00:05:00.000Z,132.323,132.388,132.315,132.358,462
2023-04-04T00:10:00.000Z,132.359,132.454,132.334,132.454,349
2023-04-04T00:15:00.000Z,132.455,132.458,132.431,132.446,429
2023-04-04T00:20:00.000Z,132.449,132.504,132.42,132.428,481
2023-04-04T00:25:00.000Z,132.429,132.432,132.341,132.379,436
2023-04-04T00:30:00.000Z,132.377,132.435,132.349,132.355,495
2023-04-04T00:35:00.000Z,132.356,132.378,132.312,132.376,404
2023-04-04T00:40:00.000Z,132.378,132.399,132.312,132.393,672
2023-04-04T00:45:00.000Z,132.393,132.452,132.368,132.445,488
2023-04-04T00:50:00.000Z,132.446,132.566,132.445,132.561,991
2023-04-04T00:55:00.000Z,132.564,132.602,132.544,132.557,747
2023-04-04T01:00:00.000Z,132.557,132.686,132.548,132.627,622
2023-04-04T01:05:00.000Z,132.628,132.75,132.611,132.742,370
2023-04-04T01:10:00.000Z,132.731,132.731,132.661,132.669,404
2023-04-04T01:15:00.000Z,132.67,132.7,132.635,132.644,330
2023-04-04T01:20:00.000Z,132.643,132.686,132.617,132.651,359
2023-04-04T01:25:00.000Z,132.65,132.704,132.625,132.69,413
2023-04-04T01:30:00.000Z,132.69,132.697,132.626,132.675,370
2023-04-04T01:35:00.000Z,132.677,132.713,132.658,132.696,319
2023-04-04T01:40:00.000Z,132.696,132.697,132.633,132.671,353
2023-04-04T01:45:00.000Z,132.671,132.798,132.668,132.776,423
2023-04-04T01:50:00.000Z,132.776,132.823,132.706,132.762,506
2023-04-04T01:55:00.000Z,132.761,132.802,132.748,132.785,338
2023-04-04T02:00:00.000Z,132.785,132.8,132.734,132.737,462
2023-04-04T02:05:00.000Z,132.738,132.762,132.703,132.732,405
2023-04-04T02:10:00.000Z,132.732,132.785,132.714,132.759,329
2023-04-04T02:15:00.000Z,132.761,132.795,132.731,132.75,340
2023-04-04T02:20:00.000Z,132.75,132.753,132.736,132.743,219
2023-04-04T02:25:00.000Z,132.743,132.786,132.708,132.714,355
2023-04-04T02:30:00.000Z,132.714,132.742,132.686,132.731,363
2023-04-04T02:35:00.000Z,132.73,132.744,132.714,132.714,319
2023-04-04T02:40:00.000Z,132.715,132.731,132.702,132.724,259
2023-04-04T02:45:00.000Z,132.723,132.758,132.709,132.731,404
2023-04-04T02:50:00.000Z,132.731,132.775,132.714,132.738,300
2023-04-04T02:55:00.000Z,132.739,132.759,132.714,132.744,341
2023-04-04T03:00:00.000Z,132.745,132.792,132.738,132.785,324
2023-04-04T03:05:00.000Z,132.785,132.796,132.766,132.788,196
2023-04-04T03:10:00.000Z,132.79,132.802,132.749,132.768,313
2023-04-04T03:15:00.000Z,132.777,132.857,132.775,132.847,317
2023-04-04T03:20:00.000Z,132.849,132.857,132.837,132.839,246
2023-04-04T03:25:00.000Z,132.839,132.865,132.81,132.864,196
2023-04-04T03:30:00.000Z,132.864,132.866,132.837,132.838,162
2023-04-04T03:35:00.000Z,132.841,132.857,132.829,132.838,155
2023-04-04T03:40:00.000Z,132.838,132.874,132.83,132.865,194
2023-04-04T03:45:00.000Z,132.866,132.872,132.833,132.833,169
2023-04-04T03:50:00.000Z,132.834,132.88,132.83,132.871,296
2023-04-04T03:55:00.000Z,132.872,132.883,132.847,132.85,218
2023-04-04T04:00:00.000Z,132.851,132.881,132.848,132.876,199
2023-04-04T04:05:00.000Z,132.875,132.875,132.863,132.869,190
2023-04-04T04:10:00.000Z,132.869,132.943,132.851,132.864,407
2023-04-04T04:15:00.000Z,132.865,132.869,132.828,132.837,295
2023-04-04T04:20:00.000Z,132.837,132.86,132.831,132.849,298
2023-04-04T04:25:00.000Z,132.85,132.892,132.843,132.872,322
2023-04-04T04:30:00.000Z,132.873,132.89,132.819,132.878,778
2023-04-04T04:35:00.000Z,132.875,132.894,132.836,132.855,385
2023-04-04T04:40:00.000Z,132.856,132.868,132.706,132.712,687
2023-04-04T04:45:00.000Z,132.713,132.714,132.669,132.691,452
2023-04-04T04:50:00.000Z,132.691,132.737,132.684,132.735,393
2023-04-04T04:55:00.000Z,132.735,132.751,132.721,132.745,338
2023-04-04T05:00:00.000Z,132.748,132.751,132.69,132.725,469
2023-04-04T05:05:00.000Z,132.726,132.795,132.696,132.791,420
2023-04-04T05:10:00.000Z,132.79,132.805,132.769,132.778,221
2023-04-04T05:15:00.000Z,132.779,132.81,132.767,132.8,199
2023-04-04T05:20:00.000Z,132.801,132.812,132.781,132.806,201
2023-04-04T05:25:00.000Z,132.806,132.873,132.806,132.866,251
2023-04-04T05:30:00.000Z,132.867,132.873,132.811,132.872,345
2023-04-04T05:35:00.000Z,132.871,132.885,132.847,132.864,248
2023-04-04T05:40:00.000Z,132.864,132.974,132.864,132.963,368
2023-04-04T05:45:00.000Z,132.967,132.981,132.906,132.919,386
2023-04-04T05:50:00.000Z,132.92,132.934,132.88,132.881,326
2023-04-04T05:55:00.000Z,132.874,132.9,132.858,132.885,326
2023-04-04T06:00:00.000Z,132.884,132.917,132.797,132.828,639
2023-04-04T06:05:00.000Z,132.827,132.865,132.759,132.765,457
2023-04-04T06:10:00.000Z,132.766,132.824,132.736,132.747,480
2023-04-04T06:15:00.000Z,132.747,132.773,132.742,132.75,515
2023-04-04T06:20:00.000Z,132.75,132.794,132.706,132.732,608
2023-04-04T06:25:00.000Z,132.733,132.766,132.674,132.681,557
2023-04-04T06:30:00.000Z,132.68,132.755,132.677,132.715,521
2023-04-04T06:35:00.000Z,132.716,132.723,132.664,132.675,441
2023-04-04T06:40:00.000Z,132.674,132.7,132.611,132.672,567
2023-04-04T06:45:00.000Z,132.673,132.717,132.657,132.711,582
2023-04-04T06:50:00.000Z,132.711,132.723,132.675,132.714,413
2023-04-04T06:55:00.000Z,132.717,132.752,132.714,132.734,391
2023-04-04T07:00:00.000Z,132.737,132.763,132.655,132.702,705
2023-04-04T07:05:00.000Z,132.703,132.703,132.627,132.68,704
2023-04-04T07:10:00.000Z,132.681,132.697,132.634,132.639,778
2023-04-04T07:15:00.000Z,132.638,132.686,132.602,132.637,681
2023-04-04T07:20:00.000Z,132.638,132.768,132.637,132.766,699
2023-04-04T07:25:00.000Z,132.766,132.783,132.696,132.714,630
2023-04-04T07:30:00.000Z,132.713,132.769,132.695,132.737,644
2023-04-04T07:35:00.000Z,132.736,132.817,132.732,132.813,546
2023-04-04T07:40:00.000Z,132.811,132.823,132.669,132.669,631
2023-04-04T07:45:00.000Z,132.672,132.686,132.577,132.577,665
2023-04-04T07:50:00.000Z,132.574,132.587,132.505,132.553,726
2023-04-04T07:55:00.000Z,132.555,132.613,132.549,132.609,594
2023-04-04T08:00:00.000Z,132.609,132.712,132.609,132.712,719
2023-04-04T08:05:00.000Z,132.71,132.731,132.678,132.682,668
2023-04-04T08:10:00.000Z,132.683,132.7,132.592,132.668,443
2023-04-04T08:15:00.000Z,132.666,132.752,132.665,132.751,619
2023-04-04T08:20:00.000Z,132.752,132.829,132.722,132.826,605
2023-04-04T08:25:00.000Z,132.826,132.877,132.792,132.846,661
2023-04-04T08:30:00.000Z,132.852,132.889,132.824,132.84,529
2023-04-04T08:35:00.000Z,132.839,132.9,132.834,132.886,535
2023-04-04T08:40:00.000Z,132.886,132.934,132.86,132.886,576
2023-04-04T08:45:00.000Z,132.886,132.896,132.834,132.861,513
2023-04-04T08:50:00.000Z,132.861,132.861,132.805,132.817,541
2023-04-04T08:55:00.000Z,132.818,132.923,132.817,132.905,331
2023-04-04T09:00:00.000Z,132.905,132.953,132.87,132.876,548
2023-04-04T09:05:00.000Z,132.877,132.898,132.843,132.895,446
2023-04-04T09:10:00.000Z,132.895,132.945,132.884,132.919,426
2023-04-04T09:15:00.000Z,132.917,133.008,132.914,132.965,743
2023-04-04T09:20:00.000Z,132.964,133.066,132.927,132.942,830
2023-04-04T09:25:00.000Z,132.941,132.945,132.874,132.874,553
2023-04-04T09:30:00.000Z,132.878,132.885,132.846,132.882,585
2023-04-04T09:35:00.000Z,132.882,132.905,132.838,132.852,520
2023-04-04T09:40:00.000Z,132.859,132.867,132.798,132.821,622
2023-04-04T09:45:00.000Z,132.822,132.857,132.809,132.822,466
2023-04-04T09:50:00.000Z,132.823,132.858,132.801,132.823,447
2023-04-04T09:55:00.000Z,132.824,132.836,132.782,132.82,471
2023-04-04T10:00:00.000Z,132.821,132.924,132.821,132.919,606
2023-04-04T10:05:00.000Z,132.919,132.978,132.902,132.956,476
2023-04-04T10:10:00.000Z,132.953,132.971,132.935,132.951,328
2023-04-04T10:15:00.000Z,132.952,132.973,132.918,132.922,561
2023-04-04T10:20:00.000Z,132.924,132.925,132.864,132.902,362
2023-04-04T10:25:00.000Z,132.907,132.919,132.853,132.857,455
2023-04-04T10:30:00.000Z,132.859,132.939,132.855,132.93,457
2023-04-04T10:35:00.000Z,132.93,133,132.928,132.99,462
2023-04-04T10:40:00.000Z,132.991,132.991,132.944,132.963,390
2023-04-04T10:45:00.000Z,132.968,133.016,132.967,132.99,480
2023-04-04T10:50:00.000Z,132.991,132.992,132.908,132.919,655
2023-04-04T10:55:00.000Z,132.92,132.925,132.884,132.914,468
2023-04-04T11:00:00.000Z,132.916,132.945,132.865,132.873,563
2023-04-04T11:05:00.000Z,132.874,132.942,132.872,132.927,362
2023-04-04T11:10:00.000Z,132.927,133.034,132.912,133.015,493
2023-04-04T11:15:00.000Z,133.019,133.06,133.006,133.06,345
2023-04-04T11:20:00.000Z,133.063,133.161,133.04,133.143,727
2023-04-04T11:25:00.000Z,133.142,133.168,133.074,133.074,573
2023-04-04T11:30:00.000Z,133.074,133.1,133.037,133.05,503
2023-04-04T11:35:00.000Z,133.05,133.05,132.989,133.006,385
2023-04-04T11:40:00.000Z,133.007,133.058,133.007,133.029,370
2023-04-04T11:45:00.000Z,133.031,133.04,133.005,133.035,402
2023-04-04T11:50:00.000Z,133.039,133.044,133.005,133.014,392
2023-04-04T11:55:00.000Z,133.014,133.043,133.001,133.034,474
2023-04-04T12:00:00.000Z,133.04,133.08,133.016,133.018,667
2023-04-04T12:05:00.000Z,133.017,133.018,132.935,132.945,537
2023-04-04T12:10:00.000Z,132.947,132.964,132.913,132.945,470
2023-04-04T12:15:00.000Z,132.948,132.996,132.927,132.981,374
2023-04-04T12:20:00.000Z,132.979,132.99,132.823,132.825,779
2023-04-04T12:25:00.000Z,132.827,132.902,132.822,132.875,567
2023-04-04T12:30:00.000Z,132.874,132.888,132.826,132.867,545
2023-04-04T12:35:00.000Z,132.865,132.896,132.807,132.88,471
2023-04-04T12:40:00.000Z,132.879,132.933,132.826,132.869,507
2023-04-04T12:45:00.000Z,132.87,132.886,132.786,132.872,539
2023-04-04T12:50:00.000Z,132.872,132.933,132.858,132.925,628
2023-04-04T12:55:00.000Z,132.923,132.973,132.904,132.906,502
2023-04-04T13:00:00.000Z,132.905,132.923,132.852,132.906,465
2023-04-04T13:05:00.000Z,132.908,132.957,132.876,132.924,506
2023-04-04T13:10:00.000Z,132.923,132.924,132.893,132.897,459
2023-04-04T13:15:00.000Z,132.898,132.899,132.834,132.856,523
2023-04-04T13:20:00.000Z,132.857,132.881,132.806,132.806,392
2023-04-04T13:25:00.000Z,132.805,132.845,132.746,132.778,552
2023-04-04T13:30:00.000Z,132.781,132.796,132.689,132.724,601
2023-04-04T13:35:00.000Z,132.725,132.761,132.662,132.662,616
2023-04-04T13:40:00.000Z,132.663,132.681,132.576,132.603,761
2023-04-04T13:45:00.000Z,132.603,132.607,132.515,132.56,774
2023-04-04T13:50:00.000Z,132.56,132.614,132.492,132.6,765
2023-04-04T13:55:00.000Z,132.593,132.708,132.593,132.703,551
2023-04-04T14:00:00.000Z,132.703,132.703,132.052,132.118,2001
2023-04-04T14:05:00.000Z,132.116,132.116,131.894,131.918,1598
2023-04-04T14:10:00.000Z,131.919,132.031,131.871,131.899,1658
2023-04-04T14:15:00.000Z,131.899,131.987,131.829,131.89,1396
2023-04-04T14:20:00.000Z,131.89,131.948,131.782,131.884,1485
2023-04-04T14:25:00.000Z,131.882,131.962,131.744,131.793,1308
2023-04-04T14:30:00.000Z,131.79,131.84,131.733,131.787,1203
2023-04-04T14:35:00.000Z,131.787,131.86,131.761,131.817,1186
2023-04-04T14:40:00.000Z,131.807,131.807,131.723,131.751,1114
2023-04-04T14:45:00.000Z,131.751,131.768,131.661,131.705,1132
2023-04-04T14:50:00.000Z,131.704,131.785,131.663,131.767,1065
2023-04-04T14:55:00.000Z,131.77,131.836,131.738,131.83,1186
2023-04-04T15:00:00.000Z,131.825,131.863,131.756,131.859,1002
2023-04-04T15:05:00.000Z,131.86,131.89,131.806,131.835,811
2023-04-04T15:10:00.000Z,131.834,131.843,131.766,131.775,762
2023-04-04T15:15:00.000Z,131.775,131.866,131.737,131.863,767
2023-04-04T15:20:00.000Z,131.864,131.891,131.803,131.843,945
2023-04-04T15:25:00.000Z,131.841,131.847,131.76,131.781,799
2023-04-04T15:30:00.000Z,131.781,131.783,131.684,131.692,672
2023-04-04T15:35:00.000Z,131.692,131.703,131.639,131.656,663
2023-04-04T15:40:00.000Z,131.654,131.654,131.556,131.615,788
2023-04-04T15:45:00.000Z,131.616,131.697,131.609,131.668,627
2023-04-04T15:50:00.000Z,131.667,131.676,131.589,131.643,514
2023-04-04T15:55:00.000Z,131.644,131.664,131.59,131.604,667
2023-04-04T16:00:00.000Z,131.604,131.633,131.567,131.597,611
2023-04-04T16:05:00.000Z,131.598,131.632,131.523,131.556,653
2023-04-04T16:10:00.000Z,131.556,131.583,131.53,131.546,519
2023-04-04T16:15:00.000Z,131.54,131.613,131.521,131.588,489
2023-04-04T16:20:00.000Z,131.588,131.628,131.58,131.592,482
2023-04-04T16:25:00.000Z,131.595,131.625,131.595,131.6,379
2023-04-04T16:30:00.000Z,131.599,131.644,131.599,131.644,378
2023-04-04T16:35:00.000Z,131.645,131.652,131.599,131.6,373
2023-04-04T16:40:00.000Z,131.601,131.672,131.589,131.668,321
2023-04-04T16:45:00.000Z,131.669,131.684,131.603,131.607,293
2023-04-04T16:50:00.000Z,131.607,131.636,131.579,131.629,285
2023-04-04T16:55:00.000Z,131.631,131.646,131.599,131.621,335
2023-04-04T17:00:00.000Z,131.622,131.685,131.622,131.652,295
2023-04-04T17:05:00.000Z,131.659,131.686,131.651,131.667,297
2023-04-04T17:10:00.000Z,131.668,131.701,131.668,131.693,280
2023-04-04T17:15:00.000Z,131.693,131.712,131.677,131.682,228
2023-04-04T17:20:00.000Z,131.682,131.722,131.68,131.71,360
2023-04-04T17:25:00.000Z,131.707,131.735,131.682,131.713,362
2023-04-04T17:30:00.000Z,131.716,131.733,131.681,131.682,248
2023-04-04T17:35:00.000Z,131.68,131.709,131.663,131.679,206
2023-04-04T17:40:00.000Z,131.68,131.695,131.623,131.623,322
2023-04-04T17:45:00.000Z,131.625,131.683,131.617,131.683,229
2023-04-04T17:50:00.000Z,131.682,131.742,131.682,131.741,614
2023-04-04T17:55:00.000Z,131.741,131.757,131.726,131.745,738
2023-04-04T18:00:00.000Z,131.745,131.747,131.705,131.716,503
2023-04-04T18:05:00.000Z,131.715,131.733,131.713,131.724,273
2023-04-04T18:10:00.000Z,131.724,131.727,131.694,131.723,350
2023-04-04T18:15:00.000Z,131.724,131.735,131.685,131.726,207
2023-04-04T18:20:00.000Z,131.726,131.726,131.699,131.699,173
2023-04-04T18:25:00.000Z,131.699,131.716,131.67,131.706,220
2023-04-04T18:30:00.000Z,131.706,131.718,131.679,131.679,252
2023-04-04T18:35:00.000Z,131.678,131.716,131.676,131.705,220
2023-04-04T18:40:00.000Z,131.704,131.709,131.653,131.655,260
2023-04-04T18:45:00.000Z,131.658,131.66,131.634,131.637,178
2023-04-04T18:50:00.000Z,131.634,131.674,131.634,131.663,246
2023-04-04T18:55:00.000Z,131.665,131.675,131.615,131.626,351
2023-04-04T19:00:00.000Z,131.624,131.636,131.611,131.624,375
2023-04-04T19:05:00.000Z,131.623,131.633,131.602,131.626,337
2023-04-04T19:10:00.000Z,131.626,131.639,131.609,131.618,166
2023-04-04T19:15:00.000Z,131.618,131.684,131.616,131.671,244
2023-04-04T19:20:00.000Z,131.672,131.672,131.65,131.659,240
2023-04-04T19:25:00.000Z,131.659,131.659,131.621,131.629,197
2023-04-04T19:30:00.000Z,131.63,131.646,131.585,131.593,135
2023-04-04T19:35:00.000Z,131.592,131.619,131.583,131.618,227
2023-04-04T19:40:00.000Z,131.619,131.63,131.605,131.61,204
2023-04-04T19:45:00.000Z,131.609,131.628,131.608,131.619,323
2023-04-04T19:50:00.000Z,131.619,131.666,131.619,131.661,264
2023-04-04T19:55:00.000Z,131.661,131.662,131.638,131.645,288
2023-04-04T20:00:00.000Z,131.643,131.663,131.64,131.655,244
2023-04-04T20:05:00.000Z,131.654,131.664,131.639,131.651,126
2023-04-04T20:10:00.000Z,131.652,131.663,131.652,131.655,90
2023-04-04T20:15:00.000Z,131.657,131.671,131.654,131.663,94
2023-04-04T20:20:00.000Z,131.663,131.664,131.654,131.657,106
2023-04-04T20:25:00.000Z,131.657,131.675,131.657,131.675,69
2023-04-04T20:30:00.000Z,131.674,131.705,131.674,131.689,207
2023-04-04T20:35:00.000Z,131.687,131.708,131.686,131.708,101
2023-04-04T20:40:00.000Z,131.71,131.721,131.706,131.718,125
2023-04-04T20:45:00.000Z,131.719,131.738,131.717,131.732,126
2023-04-04T20:50:00.000Z,131.732,131.772,131.707,131.711,410
2023-04-04T20:55:00.000Z,131.711,131.739,131.707,131.719,218
2023-04-04T21:00:00.000Z,131.695,131.695,131.678,131.686,20
2023-04-04T21:05:00.000Z,131.686,131.695,131.686,131.693,418
2023-04-04T21:10:00.000Z,131.693,131.695,131.691,131.691,777
2023-04-04T21:15:00.000Z,131.693,131.699,131.686,131.693,729
2023-04-04T21:20:00.000Z,131.693,131.695,131.687,131.691,536
2023-04-04T21:25:00.000Z,131.691,131.691,131.689,131.69,121
2023-04-04T21:30:00.000Z,131.69,131.691,131.686,131.691,46
2023-04-04T21:35:00.000Z,131.691,131.691,131.689,131.691,6
2023-04-04T21:40:00.000Z,131.691,131.691,131.689,131.689,7
2023-04-04T21:45:00.000Z,131.691,131.699,131.689,131.692,17
2023-04-04T21:50:00.000Z,131.691,131.693,131.684,131.689,79
2023-04-04T21:55:00.000Z,131.689,131.731,131.689,131.723,287
2023-04-04T22:00:00.000Z,131.708,131.727,131.648,131.691,316
2023-04-04T22:05:00.000Z,131.692,131.692,131.636,131.675,130
2023-04-04T22:10:00.000Z,131.676,131.677,131.632,131.653,220
2023-04-04T22:15:00.000Z,131.654,131.673,131.65,131.658,143
2023-04-04T22:20:00.000Z,131.661,131.677,131.644,131.655,156
2023-04-04T22:25:00.000Z,131.654,131.659,131.637,131.652,59
2023-04-04T22:30:00.000Z,131.658,131.714,131.649,131.695,211
2023-04-04T22:35:00.000Z,131.695,131.725,131.64,131.66,272
2023-04-04T22:40:00.000Z,131.659,131.682,131.652,131.668,173
2023-04-04T22:45:00.000Z,131.668,131.681,131.648,131.672,273
2023-04-04T22:50:00.000Z,131.673,131.68,131.662,131.664,129
2023-04-04T22:55:00.000Z,131.669,131.699,131.669,131.687,129
2023-04-04T23:00:00.000Z,131.69,131.714,131.659,131.67,293
2023-04-04T23:05:00.000Z,131.669,131.683,131.658,131.68,225
2023-04-04T23:10:00.000Z,131.684,131.689,131.654,131.654,116
2023-04-04T23:15:00.000Z,131.65,131.65,131.548,131.554,419
2023-04-04T23:20:00.000Z,131.553,131.564,131.438,131.441,721
2023-04-04T23:25:00.000Z,131.442,131.466,131.375,131.398,507
2023-04-04T23:30:00.000Z,131.399,131.426,131.373,131.413,415
2023-04-04T23:35:00.000Z,131.412,131.46,131.408,131.45,702
2023-04-04T23:40:00.000Z,131.449,131.514,131.423,131.51,342
2023-04-04T23:45:00.000Z,131.509,131.523,131.448,131.478,384
2023-04-04T23:50:00.000Z,131.479,131.483,131.443,131.459,289
2023-04-04T23:55:00.000Z,131.458,131.494,131.433,131.436,330
2023-04-05T00:00:00.000Z,131.436,131.444,131.319,131.323,800
2023-04-05T00:05:00.000Z,131.322,131.367,131.306,131.366,516
2023-04-05T00:10:00.000Z,131.366,131.488,131.366,131.479,450
2023-04-05T00:15:00.000Z,131.478,131.489,131.407,131.435,457
2023-04-05T00:20:00.000Z,131.435,131.442,131.39,131.392,367
2023-04-05T00:25:00.000Z,131.391,131.465,131.364,131.459,431
2023-04-05T00:30:00.000Z,131.464,131.487,131.423,131.436,348
2023-04-05T00:35:00.000Z,131.435,131.512,131.435,131.471,363
2023-04-05T00:40:00.000Z,131.469,131.536,131.456,131.523,462
2023-04-05T00:45:00.000Z,131.522,131.522,131.443,131.484,471
2023-04-05T00:50:00.000Z,131.484,131.53,131.359,131.484,1023
2023-04-05T00:55:00.000Z,131.494,131.566,131.493,131.557,851
2023-04-05T01:00:00.000Z,131.552,131.582,131.518,131.52,519
2023-04-05T01:05:00.000Z,131.516,131.567,131.509,131.534,518
2023-04-05T01:10:00.000Z,131.534,131.539,131.443,131.443,396
2023-04-05T01:15:00.000Z,131.441,131.443,131.395,131.395,408
2023-04-05T01:20:00.000Z,131.395,131.465,131.384,131.464,713
2023-04-05T01:25:00.000Z,131.463,131.526,131.462,131.498,660
2023-04-05T01:30:00.000Z,131.497,131.557,131.493,131.553,631
2023-04-05T01:35:00.000Z,131.556,131.637,131.552,131.589,445
2023-04-05T01:40:00.000Z,131.591,131.613,131.522,131.531,420
2023-04-05T01:45:00.000Z,131.532,131.547,131.507,131.51,354
2023-04-05T01:50:00.000Z,131.51,131.598,131.493,131.589,365
2023-04-05T01:55:00.000Z,131.59,131.597,131.535,131.574,346
2023-04-05T02:00:00.000Z,131.573,131.681,131.553,131.662,1180
2023-04-05T02:05:00.000Z,131.661,131.792,131.647,131.747,841
2023-04-05T02:10:00.000Z,131.746,131.781,131.731,131.745,533
2023-04-05T02:15:00.000Z,131.745,131.762,131.693,131.693,459
2023-04-05T02:20:00.000Z,131.693,131.72,131.675,131.719,284
2023-04-05T02:25:00.000Z,131.72,131.801,131.72,131.781,457
2023-04-05T02:30:00.000Z,131.782,131.819,131.743,131.792,664
2023-04-05T02:35:00.000Z,131.792,131.8,131.742,131.766,305
2023-04-05T02:40:00.000Z,131.766,131.799,131.754,131.764,319
2023-04-05T02:45:00.000Z,131.765,131.78,131.73,131.768,376
2023-04-05T02:50:00.000Z,131.767,131.769,131.734,131.745,374
2023-04-05T02:55:00.000Z,131.746,131.775,131.713,131.772,266
2023-04-05T03:00:00.000Z,131.77,131.793,131.741,131.793,296
2023-04-05T03:05:00.000Z,131.793,131.82,131.781,131.816,318
2023-04-05T03:10:00.000Z,131.82,131.844,131.808,131.817,293
2023-04-05T03:15:00.000Z,131.816,131.829,131.793,131.796,283
2023-04-05T03:20:00.000Z,131.797,131.84,131.794,131.811,300
2023-04-05T03:25:00.000Z,131.816,131.843,131.781,131.782,207
2023-04-05T03:30:00.000Z,131.781,131.785,131.743,131.743,216
2023-04-05T03:35:00.000Z,131.744,131.748,131.702,131.704,235
2023-04-05T03:40:00.000Z,131.705,131.723,131.691,131.704,250
2023-04-05T03:45:00.000Z,131.705,131.721,131.694,131.712,307
2023-04-05T03:50:00.000Z,131.712,131.712,131.671,131.673,211
2023-04-05T03:55:00.000Z,131.671,131.691,131.67,131.678,265
2023-04-05T04:00:00.000Z,131.68,131.713,131.674,131.712,212
2023-04-05T04:05:00.000Z,131.713,131.72,131.675,131.687,302
2023-04-05T04:10:00.000Z,131.687,131.782,131.682,131.782,517
2023-04-05T04:15:00.000Z,131.782,131.812,131.751,131.768,405
2023-04-05T04:20:00.000Z,131.768,131.775,131.696,131.714,406
2023-04-05T04:25:00.000Z,131.718,131.765,131.718,131.726,279
2023-04-05T04:30:00.000Z,131.728,131.746,131.711,131.712,280
2023-04-05T04:35:00.000Z,131.713,131.725,131.709,131.712,223
2023-04-05T04:40:00.000Z,131.712,131.713,131.696,131.704,392
2023-04-05T04:45:00.000Z,131.704,131.714,131.682,131.704,230
2023-04-05T04:50:00.000Z,131.703,131.719,131.685,131.713,152
2023-04-05T04:55:00.000Z,131.714,131.726,131.696,131.699,303
2023-04-05T05:00:00.000Z,131.698,131.714,131.682,131.687,240
2023-04-05T05:05:00.000Z,131.686,131.711,131.682,131.71,184
2023-04-05T05:10:00.000Z,131.713,131.723,131.699,131.702,216
2023-04-05T05:15:00.000Z,131.702,131.729,131.7,131.724,228
2023-04-05T05:20:00.000Z,131.725,131.739,131.712,131.712,196
2023-04-05T05:25:00.000Z,131.71,131.728,131.687,131.712,260
2023-04-05T05:30:00.000Z,131.713,131.729,131.633,131.65,193
2023-04-05T05:35:00.000Z,131.651,131.687,131.641,131.652,253
2023-04-05T05:40:00.000Z,131.653,131.679,131.623,131.629,466
2023-04-05T05:45:00.000Z,131.628,131.636,131.61,131.625,329
2023-04-05T05:50:00.000Z,131.625,131.627,131.553,131.557,233
2023-04-05T05:55:00.000Z,131.556,131.556,131.508,131.537,419
2023-04-05T06:00:00.000Z,131.536,131.57,131.497,131.515,671
2023-04-05T06:05:00.000Z,131.514,131.61,131.487,131.604,572
2023-04-05T06:10:00.000Z,131.604,131.629,131.55,131.56,613
2023-04-05T06:15:00.000Z,131.559,131.583,131.462,131.47,460
2023-04-05T06:20:00.000Z,131.471,131.484,131.417,131.42,603
2023-04-05T06:25:00.000Z,131.421,131.531,131.421,131.518,457
2023-04-05T06:30:00.000Z,131.518,131.561,131.478,131.524,597
2023-04-05T06:35:00.000Z,131.524,131.558,131.492,131.542,484
2023-04-05T06:40:00.000Z,131.545,131.575,131.489,131.545,479
2023-04-05T06:45:00.000Z,131.551,131.609,131.551,131.596,353
2023-04-05T06:50:00.000Z,131.597,131.597,131.505,131.506,544
2023-04-05T06:55:00.000Z,131.505,131.539,131.46,131.514,570
2023-04-05T07:00:00.000Z,131.514,131.559,131.433,131.435,900
2023-04-05T07:05:00.000Z,131.436,131.436,131.365,131.413,734
2023-04-05T07:10:00.000Z,131.417,131.465,131.387,131.411,745
2023-04-05T07:15:00.000Z,131.412,131.559,131.412,131.531,655
2023-04-05T07:20:00.000Z,131.532,131.595,131.522,131.532,704
2023-04-05T07:25:00.000Z,131.531,131.541,131.463,131.486,557
2023-04-05T07:30:00.000Z,131.485,131.549,131.463,131.544,726
2023-04-05T07:35:00.000Z,131.544,131.597,131.541,131.575,748
2023-04-05T07:40:00.000Z,131.574,131.618,131.506,131.528,684
2023-04-05T07:45:00.000Z,131.523,131.543,131.444,131.467,595
2023-04-05T07:50:00.000Z,131.465,131.465,131.336,131.373,1019
2023-04-05T07:55:00.000Z,131.372,131.411,131.32,131.41,745
2023-04-05T08:00:00.000Z,131.412,131.438,131.353,131.384,801
2023-04-05T08:05:00.000Z,131.385,131.393,131.32,131.38,620
2023-04-05T08:10:00.000Z,131.379,131.459,131.351,131.457,839
2023-04-05T08:15:00.000Z,131.457,131.46,131.35,131.367,663
2023-04-05T08:20:00.000Z,131.366,131.375,131.234,131.274,708
2023-04-05T08:25:00.000Z,131.275,131.337,131.238,131.309,589
2023-04-05T08:30:00.000Z,131.31,131.377,131.305,131.377,501
2023-04-05T08:35:00.000Z,131.378,131.439,131.374,131.409,632
2023-04-05T08:40:00.000Z,131.41,131.436,131.392,131.407,578
2023-04-05T08:45:00.000Z,131.408,131.415,131.344,131.355,481
2023-04-05T08:50:00.000Z,131.356,131.464,131.346,131.458,757
2023-04-05T08:55:00.000Z,131.459,131.515,131.449,131.467,684
2023-04-05T09:00:00.000Z,131.467,131.63,131.454,131.616,748
2023-04-05T09:05:00.000Z,131.618,131.658,131.597,131.61,618
2023-04-05T09:10:00.000Z,131.61,131.708,131.598,131.697,561
2023-04-05T09:15:00.000Z,131.702,131.704,131.634,131.642,602
2023-04-05T09:20:00.000Z,131.643,131.738,131.637,131.723,548
2023-04-05T09:25:00.000Z,131.722,131.728,131.688,131.692,582
2023-04-05T09:30:00.000Z,131.691,131.704,131.618,131.659,675
2023-04-05T09:35:00.000Z,131.66,131.674,131.626,131.644,577
2023-04-05T09:40:00.000Z,131.645,131.686,131.642,131.671,374
2023-04-05T09:45:00.000Z,131.67,131.717,131.662,131.669,538
2023-04-05T09:50:00.000Z,131.67,131.677,131.627,131.641,508
2023-04-05T09:55:00.000Z,131.641,131.665,131.618,131.635,483
2023-04-05T10:00:00.000Z,131.634,131.647,131.604,131.618,445
2023-04-05T10:05:00.000Z,131.617,131.637,131.577,131.584,468
2023-04-05T10:10:00.000Z,131.585,131.642,131.581,131.635,405
2023-04-05T10:15:00.000Z,131.628,131.658,131.605,131.653,394
2023-04-05T10:20:00.000Z,131.652,131.691,131.652,131.68,403
2023-04-05T10:25:00.000Z,131.68,131.728,131.679,131.715,377
2023-04-05T10:30:00.000Z,131.716,131.724,131.663,131.681,409
2023-04-05T10:35:00.000Z,131.686,131.702,131.65,131.696,482
2023-04-05T10:40:00.000Z,131.7,131.781,131.698,131.773,463
2023-04-05T10:45:00.000Z,131.774,131.782,131.706,131.721,589
2023-04-05T10:50:00.000Z,131.721,131.738,131.705,131.714,554
2023-04-05T10:55:00.000Z,131.714,131.714,131.644,131.655,454
2023-04-05T11:00:00.000Z,131.655,131.697,131.654,131.678,546
2023-04-05T11:05:00.000Z,131.679,131.724,131.66,131.722,477
2023-04-05T11:10:00.000Z,131.723,131.741,131.679,131.681,513
2023-04-05T11:15:00.000Z,131.683,131.684,131.644,131.645,525
2023-04-05T11:20:00.000Z,131.645,131.661,131.609,131.609,380
2023-04-05T11:25:00.000Z,131.609,131.619,131.561,131.565,437
2023-04-05T11:30:00.000Z,131.564,131.577,131.496,131.548,516
2023-04-05T11:35:00.000Z,131.55,131.601,131.539,131.55,566
2023-04-05T11:40:00.000Z,131.55,131.55,131.462,131.467,702
2023-04-05T11:45:00.000Z,131.466,131.483,131.436,131.478,415
2023-04-05T11:50:00.000Z,131.479,131.532,131.452,131.459,650
2023-04-05T11:55:00.000Z,131.461,131.481,131.438,131.477,696
2023-04-05T12:00:00.000Z,131.477,131.481,131.405,131.455,741
2023-04-05T12:05:00.000Z,131.454,131.461,131.404,131.461,544
2023-04-05T12:10:00.000Z,131.461,131.521,131.455,131.494,630
2023-04-05T12:15:00.000Z,131.491,131.491,131.079,131.094,1627
2023-04-05T12:20:00.000Z,131.088,131.088,130.981,131.011,1354
2023-04-05T12:25:00.000Z,131.013,131.166,131.004,131.13,887
2023-04-05T12:30:00.000Z,131.129,131.129,130.917,130.978,1115
2023-04-05T12:35:00.000Z,130.98,131.109,130.969,131.089,878
2023-04-05T12:40:00.000Z,131.093,131.201,131.081,131.166,959
2023-04-05T12:45:00.000Z,131.166,131.202,131.139,131.165,655
2023-04-05T12:50:00.000Z,131.16,131.16,131.045,131.065,724
2023-04-05T12:55:00.000Z,131.066,131.069,130.983,131.018,831
2023-04-05T13:00:00.000Z,131.02,131.081,130.979,131.033,757
2023-04-05T13:05:00.000Z,131.033,131.061,130.968,131.058,682
2023-04-05T13:10:00.000Z,131.058,131.069,130.99,131.03,739
2023-04-05T13:15:00.000Z,131.031,131.149,131.03,131.149,639
2023-04-05T13:20:00.000Z,131.164,131.174,131.107,131.173,685
2023-04-05T13:25:00.000Z,131.173,131.207,131.134,131.162,679
2023-04-05T13:30:00.000Z,131.159,131.161,131.047,131.1,741
2023-04-05T13:35:00.000Z,131.099,131.107,131.031,131.057,771
2023-04-05T13:40:00.000Z,131.057,131.09,131.032,131.083,569
2023-04-05T13:45:00.000Z,131.056,131.109,130.93,131.1,1182
2023-04-05T13:50:00.000Z,131.101,131.177,131.101,131.15,842
2023-04-05T13:55:00.000Z,131.148,131.167,131.068,131.092,667
2023-04-05T14:00:00.000Z,131.092,131.092,130.604,130.744,1908
2023-04-05T14:05:00.000Z,130.741,130.866,130.729,130.858,1441
2023-04-05T14:10:00.000Z,130.859,130.962,130.79,130.803,1226
2023-04-05T14:15:00.000Z,130.807,130.838,130.752,130.79,944
2023-04-05T14:20:00.000Z,130.79,130.944,130.789,130.937,945
2023-04-05T14:25:00.000Z,130.934,131.014,130.89,130.991,889
2023-04-05T14:30:00.000Z,130.989,131.191,130.968,131.176,1047
2023-04-05T14:35:00.000Z,131.175,131.184,130.993,131.026,994
2023-04-05T14:40:00.000Z,131.014,131.085,130.981,131.054,779
2023-04-05T14:45:00.000Z,131.053,131.08,130.966,131.039,853
2023-04-05T14:50:00.000Z,131.039,131.055,130.947,130.972,1038
2023-04-05T14:55:00.000Z,130.97,130.972,130.852,130.887,724
2023-04-05T15:00:00.000Z,130.887,130.899,130.818,130.855,724
2023-04-05T15:05:00.000Z,130.852,130.965,130.846,130.936,652
2023-04-05T15:10:00.000Z,130.937,131.033,130.893,131.021,619
2023-04-05T15:15:00.000Z,131.024,131.068,130.995,131.027,604
2023-04-05T15:20:00.000Z,131.026,131.037,130.945,130.951,485
2023-04-05T15:25:00.000Z,130.95,130.968,130.917,130.931,501
2023-04-05T15:30:00.000Z,130.93,131.074,130.927,131.073,658
2023-04-05T15:35:00.000Z,131.072,131.121,131.055,131.062,588
2023-04-05T15:40:00.000Z,131.062,131.072,130.998,131.004,533
2023-04-05T15:45:00.000Z,131.004,131.065,130.987,131.036,626
2023-04-05T15:50:00.000Z,131.037,131.134,131.006,131.102,618
2023-04-05T15:55:00.000Z,131.102,131.121,131.077,131.114,486
2023-04-05T16:00:00.000Z,131.113,131.141,131.089,131.099,512
2023-04-05T16:05:00.000Z,131.099,131.153,131.088,131.15,556
2023-04-05T16:10:00.000Z,131.151,131.164,131.099,131.117,434
2023-04-05T16:15:00.000Z,131.12,131.132,131.08,131.106,441
2023-04-05T16:20:00.000Z,131.107,131.152,131.107,131.13,332
2023-04-05T16:25:00.000Z,131.132,131.132,131.068,131.097,469
2023-04-05T16:30:00.000Z,131.098,131.107,131.063,131.087,460
2023-04-05T16:35:00.000Z,131.087,131.157,131.08,131.155,403
2023-04-05T16:40:00.000Z,131.154,131.166,131.128,131.151,413
2023-04-05T16:45:00.000Z,131.152,131.221,131.147,131.192,431
2023-04-05T16:50:00.000Z,131.192,131.209,131.175,131.192,409
2023-04-05T16:55:00.000Z,131.191,131.241,131.183,131.185,433
2023-04-05T17:00:00.000Z,131.184,131.213,131.157,131.157,461
2023-04-05T17:05:00.000Z,131.156,131.214,131.148,131.204,318
2023-04-05T17:10:00.000Z,131.208,131.224,131.2,131.214,353
2023-04-05T17:15:00.000Z,131.216,131.234,131.199,131.233,248
2023-04-05T17:20:00.000Z,131.241,131.248,131.194,131.208,330
2023-04-05T17:25:00.000Z,131.209,131.242,131.173,131.179,356
2023-04-05T17:30:00.000Z,131.181,131.19,131.138,131.168,287
2023-04-05T17:35:00.000Z,131.168,131.177,131.136,131.161,340
2023-04-05T17:40:00.000Z,131.162,131.176,131.146,131.17,275
2023-04-05T17:45:00.000Z,131.171,131.183,131.145,131.151,313
2023-04-05T17:50:00.000Z,131.151,131.167,131.103,131.107,308
2023-04-05T17:55:00.000Z,131.106,131.108,131.088,131.091,340
2023-04-05T18:00:00.000Z,131.09,131.125,131.088,131.124,422
2023-04-05T18:05:00.000Z,131.124,131.151,131.114,131.127,282
2023-04-05T18:10:00.000Z,131.127,131.158,131.115,131.143,411
2023-04-05T18:15:00.000Z,131.142,131.147,131.122,131.141,165
2023-04-05T18:20:00.000Z,131.142,131.149,131.125,131.134,315
2023-04-05T18:25:00.000Z,131.134,131.142,131.114,131.114,254
2023-04-05T18:30:00.000Z,131.113,131.137,131.098,131.134,222
2023-04-05T18:35:00.000Z,131.134,131.15,131.104,131.107,245
2023-04-05T18:40:00.000Z,131.107,131.116,131.09,131.115,210
2023-04-05T18:45:00.000Z,131.115,131.115,131.085,131.1,301
2023-04-05T18:50:00.000Z,131.099,131.118,131.091,131.108,163
2023-04-05T18:55:00.000Z,131.107,131.118,131.095,131.1,450
2023-04-05T19:00:00.000Z,131.1,131.139,131.099,131.133,327
2023-04-05T19:05:00.000Z,131.133,131.192,131.125,131.182,362
2023-04-05T19:10:00.000Z,131.182,131.197,131.174,131.197,276
2023-04-05T19:15:00.000Z,131.197,131.199,131.154,131.161,303
2023-04-05T19:20:00.000Z,131.16,131.198,131.155,131.198,164
2023-04-05T19:25:00.000Z,131.198,131.224,131.196,131.205,237
2023-04-05T19:30:00.000Z,131.206,131.227,131.206,131.221,122
2023-04-05T19:35:00.000Z,131.22,131.228,131.199,131.204,265
2023-04-05T19:40:00.000Z,131.204,131.238,131.196,131.238,252
2023-04-05T19:45:00.000Z,131.239,131.246,131.228,131.246,248
2023-04-05T19:50:00.000Z,131.251,131.267,131.245,131.263,282
2023-04-05T19:55:00.000Z,131.268,131.35,131.256,131.309,371
2023-04-05T20:00:00.000Z,131.306,131.314,131.273,131.314,301
2023-04-05T20:05:00.000Z,131.315,131.333,131.3,131.333,335
2023-04-05T20:10:00.000Z,131.333,131.412,131.327,131.399,372
2023-04-05T20:15:00.000Z,131.399,131.399,131.38,131.383,150
2023-04-05T20:20:00.000Z,131.383,131.383,131.339,131.339,154
2023-04-05T20:25:00.000Z,131.339,131.367,131.338,131.35,159
2023-04-05T20:30:00.000Z,131.35,131.358,131.342,131.347,101
2023-04-05T20:35:00.000Z,131.345,131.352,131.337,131.337,226
2023-04-05T20:40:00.000Z,131.338,131.37,131.338,131.367,214
2023-04-05T20:45:00.000Z,131.364,131.392,131.358,131.373,279
2023-04-05T20:50:00.000Z,131.376,131.387,131.338,131.339,620
2023-04-05T20:55:00.000Z,131.338,131.347,131.326,131.328,158
2023-04-05T21:00:00.000Z,131.309,131.309,131.258,131.28,25
2023-04-05T21:05:00.000Z,131.28,131.284,131.279,131.284,6
2023-04-05T21:10:00.000Z,131.29,131.331,131.284,131.324,248
2023-04-05T21:15:00.000Z,131.323,131.331,131.322,131.323,238
2023-04-05T21:20:00.000Z,131.323,131.326,131.321,131.326,114
2023-04-05T21:25:00.000Z,131.328,131.333,131.318,131.319,11
2023-04-05T21:30:00.000Z,131.318,131.319,131.276,131.3,230
2023-04-05T21:35:00.000Z,131.303,131.31,131.301,131.306,19
2023-04-05T21:40:00.000Z,131.308,131.312,131.293,131.297,14
2023-04-05T21:45:00.000Z,131.299,131.304,131.296,131.298,35
2023-04-05T21:50:00.000Z,131.299,131.302,131.276,131.298,21
2023-04-05T21:55:00.000Z,131.298,131.298,131.242,131.242,60
2023-04-05T22:00:00.000Z,131.244,131.27,131.227,131.232,353
2023-04-05T22:05:00.000Z,131.232,131.236,131.176,131.179,391
2023-04-05T22:10:00.000Z,131.179,131.206,131.178,131.201,303
2023-04-05T22:15:00.000Z,131.204,131.241,131.193,131.237,349
2023-04-05T22:20:00.000Z,131.238,131.251,131.204,131.22,302
2023-04-05T22:25:00.000Z,131.221,131.242,131.22,131.239,220
2023-04-05T22:30:00.000Z,131.245,131.246,131.165,131.179,251
2023-04-05T22:35:00.000Z,131.179,131.191,131.153,131.158,179
2023-04-05T22:40:00.000Z,131.156,131.166,131.141,131.144,292
2023-04-05T22:45:00.000Z,131.145,131.151,131.114,131.125,221
2023-04-05T22:50:00.000Z,131.124,131.132,131.104,131.125,200
2023-04-05T22:55:00.000Z,131.124,131.133,131.111,131.115,323
2023-04-05T23:00:00.000Z,131.114,131.116,131.018,131.026,415
2023-04-05T23:05:00.000Z,131.027,131.028,130.993,131.014,251
2023-04-05T23:10:00.000Z,131.015,131.018,130.925,130.966,373
2023-04-05T23:15:00.000Z,130.966,130.978,130.926,130.926,216
2023-04-05T23:20:00.000Z,130.927,130.96,130.909,130.912,228
2023-04-05T23:25:00.000Z,130.913,130.917,130.85,130.884,293
2023-04-05T23:30:00.000Z,130.883,130.923,130.865,130.895,305
2023-04-05T23:35:00.000Z,130.896,130.918,130.832,130.908,372
2023-04-05T23:40:00.000Z,130.91,130.918,130.841,130.841,375
2023-04-05T23:45:00.000Z,130.845,130.873,130.822,130.853,264
2023-04-05T23:50:00.000Z,130.852,130.896,130.836,130.885,332
2023-04-05T23:55:00.000Z,130.885,130.958,130.863,130.941,412
2023-04-06T00:00:00.000Z,130.932,130.948,130.84,130.935,487
2023-04-06T00:05:00.000Z,130.935,130.935,130.854,130.874,328
2023-04-06T00:10:00.000Z,130.875,130.875,130.804,130.848,327
2023-04-06T00:15:00.000Z,130.845,130.866,130.814,130.857,433
2023-04-06T00:20:00.000Z,130.857,130.858,130.779,130.797,355
2023-04-06T00:25:00.000Z,130.797,130.931,130.794,130.915,370
2023-04-06T00:30:00.000Z,130.913,130.969,130.906,130.959,267
2023-04-06T00:35:00.000Z,130.96,131.038,130.926,131.036,400
2023-04-06T00:40:00.000Z,131.036,131.071,131.019,131.037,372
2023-04-06T00:45:00.000Z,131.033,131.06,131.005,131.037,242
2023-04-06T00:50:00.000Z,131.038,131.105,131.002,131.091,616
2023-04-06T00:55:00.000Z,131.095,131.183,131.095,131.162,551
2023-04-06T01:00:00.000Z,131.162,131.194,131.153,131.189,481
2023-04-06T01:05:00.000Z,131.19,131.295,131.184,131.258,710
2023-04-06T01:10:00.000Z,131.258,131.276,131.199,131.226,376
2023-04-06T01:15:00.000Z,131.225,131.274,131.203,131.235,314
2023-04-06T01:20:00.000Z,131.237,131.282,131.232,131.257,257
2023-04-06T01:25:00.000Z,131.258,131.258,131.208,131.225,265
2023-04-06T01:30:00.000Z,131.225,131.269,131.2,131.25,358
2023-04-06T01:35:00.000Z,131.251,131.255,131.14,131.156,421
2023-04-06T01:40:00.000Z,131.156,131.175,131.146,131.154,254
2023-04-06T01:45:00.000Z,131.155,131.168,131.12,131.13,311
2023-04-06T01:50:00.000Z,131.129,131.165,131.128,131.163,373
2023-04-06T01:55:00.000Z,131.164,131.166,131.111,131.155,342
2023-04-06T02:00:00.000Z,131.159,131.165,131.071,131.075,503
2023-04-06T02:05:00.000Z,131.08,131.084,131.001,131.027,406
2023-04-06T02:10:00.000Z,131.025,131.058,131.019,131.035,338
2023-04-06T02:15:00.000Z,131.036,131.114,131.034,131.108,312
2023-04-06T02:20:00.000Z,131.11,131.111,131.081,131.1,281
2023-04-06T02:25:00.000Z,131.1,131.156,131.097,131.132,336
2023-04-06T02:30:00.000Z,131.133,131.153,131.111,131.139,307
2023-04-06T02:35:00.000Z,131.139,131.2,131.137,131.184,400
2023-04-06T02:40:00.000Z,131.184,131.184,131.156,131.18,170
2023-04-06T02:45:00.000Z,131.181,131.192,131.145,131.15,321
2023-04-06T02:50:00.000Z,131.151,131.152,131.102,131.108,422
2023-04-06T02:55:00.000Z,131.109,131.174,131.096,131.167,388
2023-04-06T03:00:00.000Z,131.167,131.226,131.137,131.199,285
2023-04-06T03:05:00.000Z,131.197,131.208,131.161,131.177,340
2023-04-06T03:10:00.000Z,131.178,131.184,131.15,131.181,243
2023-04-06T03:15:00.000Z,131.181,131.184,131.164,131.181,209
2023-04-06T03:20:00.000Z,131.181,131.184,131.142,131.158,289
2023-04-06T03:25:00.000Z,131.157,131.172,131.144,131.149,173
2023-04-06T03:30:00.000Z,131.147,131.174,131.14,131.166,380
2023-04-06T03:35:00.000Z,131.165,131.214,131.158,131.202,277
2023-04-06T03:40:00.000Z,131.203,131.224,131.192,131.208,227
2023-04-06T03:45:00.000Z,131.209,131.209,131.191,131.194,183
2023-04-06T03:50:00.000Z,131.193,131.22,131.191,131.199,143
2023-04-06T03:55:00.000Z,131.2,131.205,131.185,131.204,122
2023-04-06T04:00:00.000Z,131.203,131.251,131.19,131.225,204
2023-04-06T04:05:00.000Z,131.225,131.263,131.217,131.222,235
2023-04-06T04:10:00.000Z,131.222,131.244,131.213,131.241,206
2023-04-06T04:15:00.000Z,131.24,131.249,131.222,131.223,161
2023-04-06T04:20:00.000Z,131.223,131.237,131.205,131.209,91
2023-04-06T04:25:00.000Z,131.212,131.215,131.188,131.204,248
2023-04-06T04:30:00.000Z,131.203,131.214,131.17,131.212,262
2023-04-06T04:35:00.000Z,131.212,131.219,131.194,131.207,153
2023-04-06T04:40:00.000Z,131.207,131.216,131.17,131.174,275
2023-04-06T04:45:00.000Z,131.174,131.18,131.113,131.137,279
2023-04-06T04:50:00.000Z,131.137,131.168,131.136,131.153,280
2023-04-06T04:55:00.000Z,131.154,131.19,131.143,131.162,238
2023-04-06T05:00:00.000Z,131.161,131.189,131.149,131.181,283
2023-04-06T05:05:00.000Z,131.181,131.189,131.162,131.18,208
2023-04-06T05:10:00.000Z,131.178,131.197,131.168,131.185,125
2023-04-06T05:15:00.000Z,131.188,131.207,131.184,131.188,226
2023-04-06T05:20:00.000Z,131.187,131.24,131.175,131.223,392
2023-04-06T05:25:00.000Z,131.222,131.222,131.196,131.213,189
2023-04-06T05:30:00.000Z,131.213,131.242,131.213,131.233,183
2023-04-06T05:35:00.000Z,131.233,131.241,131.224,131.232,236
2023-04-06T05:40:00.000Z,131.233,131.318,131.231,131.304,272
2023-04-06T05:45:00.000Z,131.303,131.334,131.299,131.319,258
2023-04-06T05:50:00.000Z,131.32,131.323,131.232,131.27,448
2023-04-06T05:55:00.000Z,131.269,131.296,131.241,131.245,476
2023-04-06T06:00:00.000Z,131.246,131.348,131.244,131.341,476
2023-04-06T06:05:00.000Z,131.343,131.345,131.311,131.316,279
2023-04-06T06:10:00.000Z,131.315,131.362,131.29,131.351,357
2023-04-06T06:15:00.000Z,131.352,131.412,131.352,131.368,564
2023-04-06T06:20:00.000Z,131.367,131.408,131.349,131.381,495
2023-04-06T06:25:00.000Z,131.382,131.438,131.376,131.432,559
2023-04-06T06:30:00.000Z,131.432,131.464,131.425,131.438,583
2023-04-06T06:35:00.000Z,131.44,131.493,131.439,131.488,374
2023-04-06T06:40:00.000Z,131.488,131.491,131.439,131.475,401
2023-04-06T06:45:00.000Z,131.476,131.487,131.355,131.375,569
2023-04-06T06:50:00.000Z,131.374,131.392,131.346,131.347,496
2023-04-06T06:55:00.000Z,131.351,131.39,131.332,131.377,555
2023-04-06T07:00:00.000Z,131.389,131.484,131.389,131.424,824
2023-04-06T07:05:00.000Z,131.423,131.46,131.39,131.456,566
2023-04-06T07:10:00.000Z,131.457,131.462,131.306,131.362,680
2023-04-06T07:15:00.000Z,131.363,131.37,131.294,131.337,583
2023-04-06T07:20:00.000Z,131.337,131.362,131.303,131.341,480
2023-04-06T07:25:00.000Z,131.341,131.393,131.331,131.389,636
2023-04-06T07:30:00.000Z,131.388,131.393,131.262,131.296,716
2023-04-06T07:35:00.000Z,131.298,131.306,131.236,131.255,614
2023-04-06T07:40:00.000Z,131.256,131.29,131.222,131.245,623
2023-04-06T07:45:00.000Z,131.246,131.295,131.243,131.294,632
2023-04-06T07:50:00.000Z,131.298,131.325,131.264,131.318,554
2023-04-06T07:55:00.000Z,131.322,131.384,131.313,131.367,547
2023-04-06T08:00:00.000Z,131.367,131.442,131.366,131.408,629
2023-04-06T08:05:00.000Z,131.407,131.416,131.355,131.371,609
2023-04-06T08:10:00.000Z,131.371,131.43,131.371,131.382,464
2023-04-06T08:15:00.000Z,131.388,131.388,131.28,131.339,572
2023-04-06T08:20:00.000Z,131.338,131.346,131.282,131.297,612
2023-04-06T08:25:00.000Z,131.296,131.3,131.261,131.275,476
2023-04-06T08:30:00.000Z,131.276,131.302,131.259,131.295,523
2023-04-06T08:35:00.000Z,131.289,131.289,131.203,131.242,489
2023-04-06T08:40:00.000Z,131.242,131.27,131.192,131.253,438
2023-04-06T08:45:00.000Z,131.258,131.319,131.218,131.241,618
2023-04-06T08:50:00.000Z,131.241,131.347,131.189,131.323,633
2023-04-06T08:55:00.000Z,131.323,131.451,131.315,131.412,725
2023-04-06T09:00:00.000Z,131.413,131.425,131.355,131.357,528
2023-04-06T09:05:00.000Z,131.358,131.39,131.303,131.308,385
2023-04-06T09:10:00.000Z,131.311,131.315,131.258,131.282,466
2023-04-06T09:15:00.000Z,131.281,131.296,131.177,131.2,548
2023-04-06T09:20:00.000Z,131.201,131.24,131.186,131.209,416
2023-04-06T09:25:00.000Z,131.209,131.279,131.184,131.264,423
2023-04-06T09:30:00.000Z,131.265,131.283,131.237,131.257,376
2023-04-06T09:35:00.000Z,131.254,131.337,131.249,131.327,341
2023-04-06T09:40:00.000Z,131.328,131.349,131.313,131.328,355
2023-04-06T09:45:00.000Z,131.328,131.374,131.317,131.356,267
2023-04-06T09:50:00.000Z,131.357,131.36,131.311,131.32,339
2023-04-06T09:55:00.000Z,131.321,131.345,131.282,131.33,512
2023-04-06T10:00:00.000Z,131.33,131.39,131.321,131.389,431
2023-04-06T10:05:00.000Z,131.388,131.456,131.385,131.408,456
2023-04-06T10:10:00.000Z,131.412,131.435,131.391,131.416,271
2023-04-06T10:15:00.000Z,131.421,131.458,131.396,131.458,323
2023-04-06T10:20:00.000Z,131.458,131.576,131.432,131.511,443
2023-04-06T10:25:00.000Z,131.505,131.521,131.455,131.476,322
2023-04-06T10:30:00.000Z,131.476,131.478,131.415,131.422,390
2023-04-06T10:35:00.000Z,131.423,131.431,131.378,131.389,323
2023-04-06T10:40:00.000Z,131.389,131.438,131.379,131.398,324
2023-04-06T10:45:00.000Z,131.399,131.459,131.391,131.444,341
2023-04-06T10:50:00.000Z,131.449,131.468,131.407,131.411,240
2023-04-06T10:55:00.000Z,131.408,131.474,131.408,131.452,297
2023-04-06T11:00:00.000Z,131.452,131.461,131.393,131.411,320
2023-04-06T11:05:00.000Z,131.418,131.435,131.392,131.393,227
2023-04-06T11:10:00.000Z,131.393,131.395,131.344,131.356,275
2023-04-06T11:15:00.000Z,131.357,131.43,131.349,131.412,367
2023-04-06T11:20:00.000Z,131.413,131.461,131.411,131.449,296
2023-04-06T11:25:00.000Z,131.448,131.502,131.438,131.475,296
2023-04-06T11:30:00.000Z,131.476,131.544,131.451,131.458,397
2023-04-06T11:35:00.000Z,131.457,131.506,131.453,131.498,313
2023-04-06T11:40:00.000Z,131.5,131.534,131.467,131.469,360
2023-04-06T11:45:00.000Z,131.47,131.502,131.466,131.474,387
2023-04-06T11:50:00.000Z,131.475,131.529,131.471,131.527,374
2023-04-06T11:55:00.000Z,131.528,131.574,131.474,131.479,381
2023-04-06T12:00:00.000Z,131.478,131.531,131.453,131.526,458
2023-04-06T12:05:00.000Z,131.527,131.539,131.494,131.5,450
2023-04-06T12:10:00.000Z,131.499,131.499,131.398,131.417,500
2023-04-06T12:15:00.000Z,131.418,131.434,131.376,131.382,423
2023-04-06T12:20:00.000Z,131.381,131.386,131.288,131.295,488
2023-04-06T12:25:00.000Z,131.295,131.314,131.198,131.26,539
2023-04-06T12:30:00.000Z,131.251,131.426,130.956,131.406,1375
2023-04-06T12:35:00.000Z,131.407,131.601,131.337,131.55,1160
2023-04-06T12:40:00.000Z,131.549,131.624,131.481,131.575,892
2023-04-06T12:45:00.000Z,131.577,131.651,131.509,131.644,915
2023-04-06T12:50:00.000Z,131.645,131.666,131.552,131.6,697
2023-04-06T12:55:00.000Z,131.601,131.628,131.561,131.597,740
2023-04-06T13:00:00.000Z,131.608,131.763,131.603,131.746,885
2023-04-06T13:05:00.000Z,131.748,131.79,131.732,131.744,880
2023-04-06T13:10:00.000Z,131.743,131.786,131.713,131.766,677
2023-04-06T13:15:00.000Z,131.766,131.766,131.694,131.749,583
2023-04-06T13:20:00.000Z,131.753,131.774,131.678,131.701,574
2023-04-06T13:25:00.000Z,131.7,131.74,131.681,131.694,493
2023-04-06T13:30:00.000Z,131.691,131.705,131.579,131.597,670
2023-04-06T13:35:00.000Z,131.597,131.612,131.54,131.588,675
2023-04-06T13:40:00.000Z,131.587,131.695,131.548,131.693,691
2023-04-06T13:45:00.000Z,131.693,131.74,131.68,131.718,561
2023-04-06T13:50:00.000Z,131.72,131.742,131.672,131.711,520
2023-04-06T13:55:00.000Z,131.714,131.818,131.696,131.793,567
2023-04-06T14:00:00.000Z,131.796,131.851,131.76,131.835,671
2023-04-06T14:05:00.000Z,131.836,131.904,131.753,131.788,722
2023-04-06T14:10:00.000Z,131.79,131.834,131.736,131.747,477
2023-04-06T14:15:00.000Z,131.747,131.829,131.744,131.798,553
2023-04-06T14:20:00.000Z,131.797,131.868,131.786,131.844,469
2023-04-06T14:25:00.000Z,131.844,131.87,131.786,131.837,487
2023-04-06T14:30:00.000Z,131.838,131.864,131.811,131.829,506
2023-04-06T14:35:00.000Z,131.83,131.836,131.744,131.763,421
2023-04-06T14:40:00.000Z,131.765,131.81,131.705,131.731,581
2023-04-06T14:45:00.000Z,131.726,131.791,131.708,131.749,456
2023-04-06T14:50:00.000Z,131.748,131.796,131.743,131.756,518
2023-04-06T14:55:00.000Z,131.759,131.833,131.757,131.759,612
2023-04-06T15:00:00.000Z,131.758,131.796,131.695,131.696,792
2023-04-06T15:05:00.000Z,131.699,131.75,131.694,131.733,500
2023-04-06T15:10:00.000Z,131.734,131.765,131.717,131.725,396
2023-04-06T15:15:00.000Z,131.724,131.744,131.718,131.728,374
2023-04-06T15:20:00.000Z,131.728,131.734,131.679,131.72,384
2023-04-06T15:25:00.000Z,131.723,131.734,131.674,131.677,277
2023-04-06T15:30:00.000Z,131.674,131.698,131.667,131.698,283
2023-04-06T15:35:00.000Z,131.697,131.73,131.67,131.712,350
2023-04-06T15:40:00.000Z,131.713,131.724,131.699,131.717,289
2023-04-06T15:45:00.000Z,131.719,131.729,131.683,131.691,316
2023-04-06T15:50:00.000Z,131.692,131.738,131.684,131.729,265
2023-04-06T15:55:00.000Z,131.732,131.735,131.675,131.677,256
2023-04-06T16:00:00.000Z,131.676,131.69,131.657,131.673,292
2023-04-06T16:05:00.000Z,131.673,131.677,131.631,131.632,226
2023-04-06T16:10:00.000Z,131.631,131.635,131.611,131.626,259
2023-04-06T16:15:00.000Z,131.626,131.662,131.618,131.618,151
2023-04-06T16:20:00.000Z,131.619,131.664,131.619,131.627,151
2023-04-06T16:25:00.000Z,131.626,131.634,131.598,131.599,153
2023-04-06T16:30:00.000Z,131.6,131.644,131.599,131.633,170
2023-04-06T16:35:00.000Z,131.634,131.636,131.599,131.625,125
2023-04-06T16:40:00.000Z,131.624,131.632,131.618,131.625,98
2023-04-06T16:45:00.000Z,131.624,131.624,131.6,131.605,103
2023-04-06T16:50:00.000Z,131.606,131.612,131.586,131.586,140
2023-04-06T16:55:00.000Z,131.586,131.61,131.581,131.609,162
2023-04-06T17:00:00.000Z,131.61,131.61,131.575,131.6,135
2023-04-06T17:05:00.000Z,131.602,131.633,131.591,131.633,108
2023-04-06T17:10:00.000Z,131.632,131.632,131.606,131.608,153
2023-04-06T17:15:00.000Z,131.611,131.616,131.603,131.609,150
2023-04-06T17:20:00.000Z,131.61,131.643,131.609,131.627,206
2023-04-06T17:25:00.000Z,131.628,131.64,131.625,131.629,206
2023-04-06T17:30:00.000Z,131.629,131.645,131.628,131.642,108
2023-04-06T17:35:00.000Z,131.643,131.646,131.627,131.637,174
2023-04-06T17:40:00.000Z,131.637,131.637,131.619,131.626,128
2023-04-06T17:45:00.000Z,131.627,131.667,131.618,131.662,127
2023-04-06T17:50:00.000Z,131.658,131.682,131.646,131.682,132
2023-04-06T17:55:00.000Z,131.681,131.708,131.681,131.707,181
2023-04-06T18:00:00.000Z,131.708,131.709,131.694,131.697,199
2023-04-06T18:05:00.000Z,131.696,131.713,131.691,131.696,174
2023-04-06T18:10:00.000Z,131.696,131.703,131.687,131.699,126
2023-04-06T18:15:00.000Z,131.698,131.731,131.698,131.729,220
2023-04-06T18:20:00.000Z,131.73,131.76,131.73,131.741,224
2023-04-06T18:25:00.000Z,131.742,131.785,131.736,131.782,261
2023-04-06T18:30:00.000Z,131.783,131.783,131.755,131.765,197
2023-04-06T18:35:00.000Z,131.765,131.773,131.756,131.764,159
2023-04-06T18:40:00.000Z,131.765,131.766,131.747,131.752,114
2023-04-06T18:45:00.000Z,131.751,131.78,131.75,131.77,194
2023-04-06T18:50:00.000Z,131.767,131.767,131.752,131.756,163
2023-04-06T18:55:00.000Z,131.756,131.781,131.748,131.756,150
2023-04-06T19:00:00.000Z,131.756,131.793,131.754,131.792,241
2023-04-06T19:05:00.000Z,131.793,131.806,131.787,131.789,209
2023-04-06T19:10:00.000Z,131.79,131.798,131.778,131.782,151
2023-04-06T19:15:00.000Z,131.781,131.79,131.772,131.782,108
2023-04-06T19:20:00.000Z,131.781,131.807,131.781,131.806,97
2023-04-06T19:25:00.000Z,131.807,131.846,131.806,131.843,143
2023-04-06T19:30:00.000Z,131.842,131.85,131.831,131.839,111
2023-04-06T19:35:00.000Z,131.838,131.849,131.816,131.822,128
2023-04-06T19:40:00.000Z,131.823,131.823,131.812,131.822,103
2023-04-06T19:45:00.000Z,131.822,131.822,131.809,131.813,133
2023-04-06T19:50:00.000Z,131.813,131.824,131.804,131.804,125
2023-04-06T19:55:00.000Z,131.804,131.822,131.78,131.783,219
2023-04-06T20:00:00.000Z,131.784,131.812,131.777,131.809,179
2023-04-06T20:05:00.000Z,131.81,131.831,131.81,131.831,105
2023-04-06T20:10:00.000Z,131.833,131.833,131.819,131.827,86
2023-04-06T20:15:00.000Z,131.826,131.839,131.825,131.825,104
2023-04-06T20:20:00.000Z,131.824,131.824,131.815,131.821,96
2023-04-06T20:25:00.000Z,131.82,131.82,131.796,131.807,92
2023-04-06T20:30:00.000Z,131.806,131.815,131.803,131.804,46
2023-04-06T20:35:00.000Z,131.803,131.808,131.788,131.788,109
2023-04-06T20:40:00.000Z,131.787,131.797,131.781,131.79,87
2023-04-06T20:45:00.000Z,131.789,131.815,131.788,131.806,101
2023-04-06T20:50:00.000Z,131.805,131.805,131.789,131.789,99
2023-04-06T20:55:00.000Z,131.785,131.786,131.757,131.766,169
2023-04-06T21:00:00.000Z,131.734,131.771,131.734,131.735,15
2023-04-06T21:05:00.000Z,131.735,131.735,131.708,131.708,8
2023-04-06T21:10:00.000Z,131.72,131.72,131.718,131.718,2
2023-04-06T21:15:00.000Z,131.72,131.726,131.71,131.724,15
2023-04-06T21:20:00.000Z,131.724,131.727,131.714,131.714,14
2023-04-06T21:25:00.000Z,131.714,131.714,131.713,131.714,14
2023-04-06T21:30:00.000Z,131.716,131.716,131.714,131.714,3
2023-04-06T21:35:00.000Z,131.715,131.715,131.715,131.715,2
2023-04-06T21:40:00.000Z,131.701,131.706,131.691,131.706,13
2023-04-06T21:45:00.000Z,131.706,131.706,131.704,131.706,5
2023-04-06T21:50:00.000Z,131.706,131.706,131.696,131.702,17
2023-04-06T21:55:00.000Z,131.703,131.706,131.703,131.703,7
2023-04-06T22:00:00.000Z,131.703,131.703,131.688,131.691,191
2023-04-06T22:05:00.000Z,131.693,131.739,131.691,131.722,309
2023-04-06T22:10:00.000Z,131.723,131.737,131.717,131.725,368
2023-04-06T22:15:00.000Z,131.725,131.779,131.721,131.778,313
2023-04-06T22:20:00.000Z,131.776,131.788,131.737,131.781,385
2023-04-06T22:25:00.000Z,131.781,131.793,131.78,131.787,57
2023-04-06T22:30:00.000Z,131.784,131.788,131.76,131.766,118
2023-04-06T22:35:00.000Z,131.771,131.854,131.768,131.852,154
2023-04-06T22:40:00.000Z,131.855,131.864,131.847,131.849,227
2023-04-06T22:45:00.000Z,131.85,131.851,131.832,131.84,148
2023-04-06T22:50:00.000Z,131.84,131.853,131.83,131.849,83
2023-04-06T22:55:00.000Z,131.851,131.851,131.837,131.846,41
2023-04-06T23:00:00.000Z,131.845,131.925,131.845,131.904,172
2023-04-06T23:05:00.000Z,131.9,131.9,131.864,131.898,127
2023-04-06T23:10:00.000Z,131.899,131.899,131.826,131.837,169
2023-04-06T23:15:00.000Z,131.836,131.841,131.771,131.773,153
2023-04-06T23:20:00.000Z,131.772,131.817,131.769,131.79,117
2023-04-06T23:25:00.000Z,131.794,131.799,131.758,131.759,122
2023-04-06T23:30:00.000Z,131.758,131.779,131.7,131.704,233
2023-04-06T23:35:00.000Z,131.71,131.739,131.704,131.714,160
2023-04-06T23:40:00.000Z,131.713,131.736,131.656,131.656,234
2023-04-06T23:45:00.000Z,131.659,131.699,131.654,131.665,174
2023-04-06T23:50:00.000Z,131.665,131.717,131.664,131.697,191
2023-04-06T23:55:00.000Z,131.696,131.714,131.672,131.677,221
2023-04-07T00:00:00.000Z,131.677,131.752,131.668,131.673,400
2023-04-07T00:05:00.000Z,131.676,131.704,131.633,131.644,363
2023-04-07T00:10:00.000Z,131.65,131.669,131.617,131.627,258
2023-04-07T00:15:00.000Z,131.627,131.662,131.603,131.627,310
2023-04-07T00:20:00.000Z,131.627,131.66,131.616,131.66,278
2023-04-07T00:25:00.000Z,131.659,131.685,131.645,131.676,216
2023-04-07T00:30:00.000Z,131.675,131.729,131.671,131.724,193
2023-04-07T00:35:00.000Z,131.723,131.748,131.718,131.73,214
2023-04-07T00:40:00.000Z,131.73,131.737,131.693,131.696,174
2023-04-07T00:45:00.000Z,131.7,131.733,131.695,131.719,180
2023-04-07T00:50:00.000Z,131.715,131.746,131.646,131.707,499
2023-04-07T00:55:00.000Z,131.705,131.782,131.702,131.742,537
2023-04-07T01:00:00.000Z,131.744,131.759,131.713,131.722,252
2023-04-07T01:05:00.000Z,131.723,131.755,131.711,131.74,201
2023-04-07T01:10:00.000Z,131.741,131.752,131.718,131.719,176
2023-04-07T01:15:00.000Z,131.72,131.735,131.678,131.687,237
2023-04-07T01:20:00.000Z,131.688,131.688,131.605,131.618,314
2023-04-07T01:25:00.000Z,131.616,131.622,131.575,131.618,364
2023-04-07T01:30:00.000Z,131.615,131.643,131.589,131.626,291
2023-04-07T01:35:00.000Z,131.622,131.622,131.572,131.593,219
2023-04-07T01:40:00.000Z,131.592,131.593,131.573,131.589,196
2023-04-07T01:45:00.000Z,131.58,131.593,131.567,131.584,169
2023-04-07T01:50:00.000Z,131.583,131.585,131.575,131.581,105
2023-04-07T01:55:00.000Z,131.582,131.618,131.572,131.616,149
2023-04-07T02:00:00.000Z,131.617,131.618,131.602,131.606,232
2023-04-07T02:05:00.000Z,131.605,131.643,131.605,131.628,177
2023-04-07T02:10:00.000Z,131.629,131.636,131.624,131.632,147
2023-04-07T02:15:00.000Z,131.631,131.642,131.624,131.632,113
2023-04-07T02:20:00.000Z,131.633,131.668,131.628,131.666,121
2023-04-07T02:25:00.000Z,131.667,131.671,131.653,131.669,153
2023-04-07T02:30:00.000Z,131.668,131.69,131.668,131.686,174
2023-04-07T02:35:00.000Z,131.687,131.687,131.671,131.681,82
2023-04-07T02:40:00.000Z,131.68,131.71,131.676,131.704,368
2023-04-07T02:45:00.000Z,131.703,131.72,131.699,131.704,406
2023-04-07T02:50:00.000Z,131.705,131.754,131.696,131.74,220
2023-04-07T02:55:00.000Z,131.741,131.758,131.736,131.752,194
2023-04-07T03:00:00.000Z,131.75,131.777,131.745,131.768,166
2023-04-07T03:05:00.000Z,131.769,131.828,131.767,131.779,391
2023-04-07T03:10:00.000Z,131.78,131.78,131.734,131.749,262
2023-04-07T03:15:00.000Z,131.748,131.772,131.736,131.76,217
2023-04-07T03:20:00.000Z,131.761,131.766,131.743,131.765,92
2023-04-07T03:25:00.000Z,131.764,131.779,131.76,131.761,85
2023-04-07T03:30:00.000Z,131.762,131.767,131.701,131.721,134
2023-04-07T03:35:00.000Z,131.72,131.728,131.715,131.726,90
2023-04-07T03:40:00.000Z,131.726,131.726,131.694,131.709,102
2023-04-07T03:45:00.000Z,131.708,131.727,131.705,131.727,53
2023-04-07T03:50:00.000Z,131.726,131.736,131.703,131.715,130
2023-04-07T03:55:00.000Z,131.716,131.718,131.702,131.712,101
2023-04-07T04:00:00.000Z,131.712,131.72,131.693,131.7,138
2023-04-07T04:05:00.000Z,131.697,131.701,131.675,131.676,100
2023-04-07T04:10:00.000Z,131.678,131.685,131.668,131.668,109
2023-04-07T04:15:00.000Z,131.671,131.693,131.667,131.679,126
2023-04-07T04:20:00.000Z,131.678,131.688,131.666,131.685,122
2023-04-07T04:25:00.000Z,131.683,131.69,131.675,131.678,54
2023-04-07T04:30:00.000Z,131.678,131.686,131.662,131.662,185
2023-04-07T04:35:00.000Z,131.663,131.683,131.66,131.683,140
2023-04-07T04:40:00.000Z,131.683,131.695,131.682,131.694,126
2023-04-07T04:45:00.000Z,131.705,131.716,131.697,131.706,156
2023-04-07T04:50:00.000Z,131.707,131.735,131.705,131.724,141
2023-04-07T04:55:00.000Z,131.725,131.744,131.699,131.702,153
2023-04-07T05:00:00.000Z,131.696,131.702,131.681,131.684,156
2023-04-07T05:05:00.000Z,131.685,131.688,131.667,131.675,121
2023-04-07T05:10:00.000Z,131.674,131.687,131.657,131.685,153
2023-04-07T05:15:00.000Z,131.684,131.688,131.666,131.688,176
2023-04-07T05:20:00.000Z,131.688,131.688,131.658,131.66,184
2023-04-07T05:25:00.000Z,131.659,131.673,131.651,131.652,139
2023-04-07T05:30:00.000Z,131.652,131.689,131.646,131.687,109
2023-04-07T05:35:00.000Z,131.686,131.728,131.67,131.672,159
2023-04-07T05:40:00.000Z,131.674,131.698,131.663,131.698,155
2023-04-07T05:45:00.000Z,131.697,131.726,131.692,131.694,172
2023-04-07T05:50:00.000Z,131.694,131.735,131.681,131.727,143
2023-04-07T05:55:00.000Z,131.728,131.786,131.727,131.781,135
2023-04-07T06:00:00.000Z,131.781,131.823,131.774,131.81,210
2023-04-07T06:05:00.000Z,131.811,131.819,131.776,131.784,139
2023-04-07T06:10:00.000Z,131.783,131.861,131.768,131.842,316
2023-04-07T06:15:00.000Z,131.846,131.848,131.794,131.832,259
2023-04-07T06:20:00.000Z,131.833,131.889,131.822,131.882,218
2023-04-07T06:25:00.000Z,131.88,131.891,131.862,131.878,221
2023-04-07T06:30:00.000Z,131.877,131.931,131.865,131.895,230
2023-04-07T06:35:00.000Z,131.896,131.947,131.875,131.884,281
2023-04-07T06:40:00.000Z,131.883,131.898,131.865,131.883,308
2023-04-07T06:45:00.000Z,131.882,131.897,131.871,131.881,208
2023-04-07T06:50:00.000Z,131.877,131.891,131.865,131.871,209
2023-04-07T06:55:00.000Z,131.873,131.879,131.834,131.853,301
2023-04-07T07:00:00.000Z,131.852,131.877,131.822,131.822,344
2023-04-07T07:05:00.000Z,131.823,131.853,131.804,131.816,202
2023-04-07T07:10:00.000Z,131.818,131.824,131.801,131.821,140
2023-04-07T07:15:00.000Z,131.818,131.844,131.808,131.843,168
2023-04-07T07:20:00.000Z,131.844,131.845,131.827,131.835,176
2023-04-07T07:25:00.000Z,131.836,131.842,131.827,131.832,157
2023-04-07T07:30:00.000Z,131.833,131.865,131.821,131.862,166
2023-04-07T07:35:00.000Z,131.862,131.862,131.835,131.844,147
2023-04-07T07:40:00.000Z,131.844,131.921,131.842,131.902,230
2023-04-07T07:45:00.000Z,131.902,131.911,131.876,131.886,182
2023-04-07T07:50:00.000Z,131.888,131.915,131.881,131.882,232
2023-04-07T07:55:00.000Z,131.881,131.889,131.872,131.885,185
2023-04-07T08:00:00.000Z,131.885,131.896,131.843,131.843,259
2023-04-07T08:05:00.000Z,131.84,131.846,131.825,131.843,121
2023-04-07T08:10:00.000Z,131.846,131.847,131.829,131.842,95
2023-04-07T08:15:00.000Z,131.839,131.839,131.774,131.794,134
2023-04-07T08:20:00.000Z,131.796,131.814,131.792,131.806,69
2023-04-07T08:25:00.000Z,131.807,131.807,131.789,131.803,91
2023-04-07T08:30:00.000Z,131.802,131.802,131.77,131.784,97
2023-04-07T08:35:00.000Z,131.784,131.797,131.771,131.775,117
2023-04-07T08:40:00.000Z,131.774,131.82,131.773,131.813,136
2023-04-07T08:45:00.000Z,131.814,131.824,131.805,131.806,120
2023-04-07T08:50:00.000Z,131.805,131.823,131.802,131.819,133
2023-04-07T08:55:00.000Z,131.817,131.818,131.784,131.804,155
2023-04-07T09:00:00.000Z,131.803,131.834,131.803,131.804,208
2023-04-07T09:05:00.000Z,131.803,131.805,131.776,131.8,147
2023-04-07T09:10:00.000Z,131.801,131.801,131.761,131.768,194
2023-04-07T09:15:00.000Z,131.768,131.772,131.755,131.77,130
2023-04-07T09:20:00.000Z,131.77,131.794,131.755,131.756,149
2023-04-07T09:25:00.000Z,131.756,131.772,131.751,131.769,105
2023-04-07T09:30:00.000Z,131.77,131.773,131.759,131.768,99
2023-04-07T09:35:00.000Z,131.77,131.778,131.717,131.729,159
2023-04-07T09:40:00.000Z,131.729,131.73,131.704,131.71,179
2023-04-07T09:45:00.000Z,131.711,131.729,131.691,131.703,156
2023-04-07T09:50:00.000Z,131.704,131.708,131.692,131.706,112
2023-04-07T09:55:00.000Z,131.707,131.711,131.684,131.701,186
2023-04-07T10:00:00.000Z,131.701,131.703,131.66,131.67,130
2023-04-07T10:05:00.000Z,131.668,131.668,131.627,131.628,143
2023-04-07T10:10:00.000Z,131.629,131.648,131.616,131.644,218
2023-04-07T10:15:00.000Z,131.643,131.651,131.614,131.632,175
2023-04-07T10:20:00.000Z,131.633,131.643,131.622,131.635,183
2023-04-07T10:25:00.000Z,131.635,131.639,131.614,131.626,220
2023-04-07T10:30:00.000Z,131.626,131.644,131.614,131.626,169
2023-04-07T10:35:00.000Z,131.624,131.629,131.622,131.624,71
2023-04-07T10:40:00.000Z,131.627,131.631,131.591,131.599,111
2023-04-07T10:45:00.000Z,131.597,131.597,131.573,131.58,124
2023-04-07T10:50:00.000Z,131.58,131.598,131.532,131.565,258
2023-04-07T10:55:00.000Z,131.569,131.572,131.529,131.531,156
2023-04-07T11:00:00.000Z,131.532,131.581,131.528,131.558,202
2023-04-07T11:05:00.000Z,131.557,131.574,131.527,131.555,192
2023-04-07T11:10:00.000Z,131.554,131.6,131.546,131.6,225
2023-04-07T11:15:00.000Z,131.601,131.609,131.566,131.584,261
2023-04-07T11:20:00.000Z,131.585,131.61,131.583,131.606,119
2023-04-07T11:25:00.000Z,131.607,131.612,131.584,131.597,212
2023-04-07T11:30:00.000Z,131.596,131.603,131.582,131.584,161
2023-04-07T11:35:00.000Z,131.585,131.626,131.574,131.613,132
2023-04-07T11:40:00.000Z,131.613,131.656,131.609,131.65,180
2023-04-07T11:45:00.000Z,131.651,131.68,131.645,131.664,273
2023-04-07T11:50:00.000Z,131.664,131.671,131.636,131.651,337
2023-04-07T11:55:00.000Z,131.651,131.672,131.633,131.66,189
2023-04-07T12:00:00.000Z,131.659,131.673,131.645,131.65,231
2023-04-07T12:05:00.000Z,131.647,131.678,131.64,131.678,140
2023-04-07T12:10:00.000Z,131.679,131.719,131.677,131.715,205
2023-04-07T12:15:00.000Z,131.712,131.734,131.691,131.706,239
2023-04-07T12:20:00.000Z,131.703,131.713,131.676,131.695,285
2023-04-07T12:25:00.000Z,131.695,131.755,131.541,131.55,532
2023-04-07T12:30:00.000Z,131.568,132.265,131.549,132.259,1368
2023-04-07T12:35:00.000Z,132.263,132.377,132.207,132.324,1261
2023-04-07T12:40:00.000Z,132.319,132.345,132.233,132.243,858
2023-04-07T12:45:00.000Z,132.244,132.274,132.153,132.171,817
2023-04-07T12:50:00.000Z,132.171,132.205,132.144,132.173,665
2023-04-07T12:55:00.000Z,132.168,132.187,132.112,132.123,427
2023-04-07T13:00:00.000Z,132.125,132.152,132.057,132.147,627
2023-04-07T13:05:00.000Z,132.15,132.15,132.078,132.105,329
2023-04-07T13:10:00.000Z,132.097,132.225,132.079,132.218,527
2023-04-07T13:15:00.000Z,132.205,132.25,132.205,132.24,266
2023-04-07T13:20:00.000Z,132.241,132.256,132.217,132.256,232
2023-04-07T13:25:00.000Z,132.257,132.286,132.202,132.259,295
2023-04-07T13:30:00.000Z,132.26,132.261,132.196,132.203,250
2023-04-07T13:35:00.000Z,132.206,132.23,132.192,132.213,165
2023-04-07T13:40:00.000Z,132.216,132.245,132.202,132.245,179
2023-04-07T13:45:00.000Z,132.254,132.267,132.199,132.199,254
2023-04-07T13:50:00.000Z,132.2,132.231,132.179,132.228,150
2023-04-07T13:55:00.000Z,132.229,132.234,132.189,132.21,153
2023-04-07T14:00:00.000Z,132.211,132.239,132.202,132.203,133
2023-04-07T14:05:00.000Z,132.202,132.222,132.193,132.22,152
2023-04-07T14:10:00.000Z,132.218,132.218,132.18,132.18,113
2023-04-07T14:15:00.000Z,132.181,132.181,132.15,132.16,141
2023-04-07T14:20:00.000Z,132.16,132.16,132.133,132.135,110
2023-04-07T14:25:00.000Z,132.134,132.134,132.069,132.087,181
2023-04-07T14:30:00.000Z,132.091,132.124,132.081,132.106,173
2023-04-07T14:35:00.000Z,132.107,132.146,132.077,132.134,121
2023-04-07T14:40:00.000Z,132.138,132.144,132.094,132.126,202
2023-04-07T14:45:00.000Z,132.128,132.141,132.115,132.128,91
2023-04-07T14:50:00.000Z,132.127,132.127,132.075,132.123,126
2023-04-07T14:55:00.000Z,132.122,132.128,132.065,132.071,176
2023-04-07T15:00:00.000Z,132.078,132.106,132.064,132.068,209
2023-04-07T15:05:00.000Z,132.067,132.122,132.055,132.061,180
2023-04-07T15:10:00.000Z,132.063,132.086,132.017,132.025,224
2023-04-07T15:15:00.000Z,132.013,132.055,132.008,132.055,312
2023-04-07T15:20:00.000Z,132.051,132.059,132.005,132.025,655
2023-04-07T15:25:00.000Z,132.026,132.047,132,132.014,1602
2023-04-07T15:30:00.000Z,132.014,132.053,132.012,132.022,541
2023-04-07T15:35:00.000Z,132.029,132.039,132.017,132.027,768
2023-04-07T15:40:00.000Z,132.028,132.102,132.026,132.053,792
2023-04-07T15:45:00.000Z,132.054,132.072,132.042,132.054,1022
2023-04-07T15:50:00.000Z,132.054,132.091,132.052,132.072,740
2023-04-07T15:55:00.000Z,132.073,132.121,132.062,132.117,435
2023-04-07T16:00:00.000Z,132.117,132.155,132.113,132.139,313
2023-04-07T16:05:00.000Z,132.139,132.147,132.112,132.14,679
2023-04-07T16:10:00.000Z,132.14,132.146,132.118,132.13,701
2023-04-07T16:15:00.000Z,132.13,132.145,132.121,132.137,769
2023-04-07T16:20:00.000Z,132.137,132.139,132.114,132.129,338
2023-04-07T16:25:00.000Z,132.128,132.131,132.113,132.126,307
2023-04-07T16:30:00.000Z,132.126,132.139,132.107,132.11,334
2023-04-07T16:35:00.000Z,132.113,132.127,132.11,132.121,126
2023-04-07T16:40:00.000Z,132.12,132.127,132.1,132.118,195
2023-04-07T16:45:00.000Z,132.117,132.127,132.111,132.116,198
2023-04-07T16:50:00.000Z,132.118,132.151,132.113,132.146,279
2023-04-07T16:55:00.000Z,132.147,132.156,132.121,132.144,430
2023-04-07T17:00:00.000Z,132.144,132.155,132.113,132.141,246
2023-04-07T17:05:00.000Z,132.141,132.144,132.136,132.144,42
2023-04-07T17:10:00.000Z,132.144,132.148,132.136,132.148,91
2023-04-07T17:15:00.000Z,132.148,132.174,132.103,132.174,85
2023-04-07T17:20:00.000Z,132.174,132.175,132.11,132.112,46
2023-04-07T17:25:00.000Z,132.119,132.147,132.105,132.146,156
2023-04-07T17:30:00.000Z,132.147,132.147,132.118,132.13,162
2023-04-07T17:35:00.000Z,132.131,132.134,132.121,132.132,424
2023-04-07T17:40:00.000Z,132.129,132.132,132.112,132.129,336
2023-04-07T17:45:00.000Z,132.117,132.188,132.113,132.16,688
2023-04-07T17:50:00.000Z,132.16,132.19,132.132,132.179,1444
2023-04-07T17:55:00.000Z,132.193,132.193,132.129,132.178,304
2023-04-07T18:00:00.000Z,132.176,132.197,132.17,132.191,262
2023-04-07T18:05:00.000Z,132.178,132.191,132.155,132.162,381
2023-04-07T18:10:00.000Z,132.162,132.174,132.119,132.161,1253
2023-04-07T18:15:00.000Z,132.161,132.235,132.132,132.232,471
2023-04-07T18:20:00.000Z,132.233,132.235,132.121,132.235,835
2023-04-07T18:25:00.000Z,132.235,132.244,132.115,132.12,617
2023-04-07T18:30:00.000Z,132.122,132.181,132.119,132.157,758
2023-04-07T18:35:00.000Z,132.169,132.184,132.121,132.158,1393
2023-04-07T18:40:00.000Z,132.16,132.166,132.128,132.161,562
2023-04-07T18:45:00.000Z,132.161,132.211,132.137,132.209,170
2023-04-07T18:50:00.000Z,132.208,132.243,132.193,132.226,1580
2023-04-07T18:55:00.000Z,132.228,132.23,132.156,132.2,1868
2023-04-07T19:00:00.000Z,132.165,132.212,132.165,132.198,842
2023-04-07T19:05:00.000Z,132.197,132.205,132.155,132.193,959
2023-04-07T19:10:00.000Z,132.193,132.25,132.151,132.236,436
2023-04-07T19:15:00.000Z,132.237,132.255,132.161,132.166,351
2023-04-07T19:20:00.000Z,132.165,132.241,132.161,132.24,399
2023-04-07T19:25:00.000Z,132.239,132.24,132.155,132.165,294
2023-04-07T19:30:00.000Z,132.165,132.177,132.15,132.16,319
2023-04-07T19:35:00.000Z,132.15,132.206,132.148,132.18,20
2023-04-07T19:40:00.000Z,132.195,132.207,132.148,132.207,121
2023-04-07T19:45:00.000Z,132.208,132.215,132.155,132.197,48
2023-04-07T19:50:00.000Z,132.197,132.197,132.14,132.152,33
2023-04-07T19:55:00.000Z,132.151,132.222,132.144,132.22,59
2023-04-07T20:00:00.000Z,132.218,132.228,132.114,132.114,112
2023-04-07T20:05:00.000Z,132.113,132.113,132.105,132.106,17
2023-04-07T20:10:00.000Z,132.106,132.108,132.105,132.108,10
2023-04-07T20:15:00.000Z,132.108,132.108,132.1,132.1,20
2023-04-07T20:20:00.000Z,132.1,132.117,132.1,132.117,27
2023-04-07T20:25:00.000Z,132.117,132.227,132.098,132.116,65
2023-04-07T20:30:00.000Z,132.118,132.186,132.104,132.104,44
2023-04-07T20:35:00.000Z,132.115,132.17,132.106,132.123,46
2023-04-07T20:40:00.000Z,132.108,132.174,132.101,132.169,31
2023-04-07T20:45:00.000Z,132.17,132.17,132.099,132.105,38
2023-04-07T20:50:00.000Z,132.104,132.155,132.078,132.147,75
2023-04-09T21:00:00.000Z,132.086,132.114,132.084,132.09,12
2023-04-09T21:05:00.000Z,132.116,132.117,132.113,132.117,13
2023-04-09T21:10:00.000Z,132.117,132.13,132.113,132.13,20
2023-04-09T21:15:00.000Z,132.13,132.131,132.13,132.131,2
2023-04-09T21:20:00.000Z,132.132,132.132,132.124,132.128,17
2023-04-09T21:25:00.000Z,132.129,132.129,132.129,132.129,2
2023-04-09T21:30:00.000Z,132.13,132.138,132.13,132.138,10
2023-04-09T21:35:00.000Z,132.138,132.139,132.138,132.139,2
2023-04-09T21:40:00.000Z,132.139,132.139,132.138,132.138,2
2023-04-09T21:45:00.000Z,132.138,132.138,132.129,132.129,12
2023-04-09T21:50:00.000Z,132.13,132.136,132.13,132.136,4
2023-04-09T21:55:00.000Z,132.136,132.139,132.136,132.137,12
2023-04-09T22:00:00.000Z,132.133,132.133,131.957,132.01,377
2023-04-09T22:05:00.000Z,132.009,132.01,131.98,131.983,89
2023-04-09T22:10:00.000Z,131.98,131.993,131.888,131.902,161
2023-04-09T22:15:00.000Z,131.903,131.942,131.89,131.9,436
2023-04-09T22:20:00.000Z,131.9,131.9,131.842,131.842,477
2023-04-09T22:25:00.000Z,131.836,131.863,131.829,131.853,541
2023-04-09T22:30:00.000Z,131.853,131.938,131.847,131.935,467
2023-04-09T22:35:00.000Z,131.936,131.976,131.926,131.972,250
2023-04-09T22:40:00.000Z,131.972,132.001,131.969,131.986,152
2023-04-09T22:45:00.000Z,131.985,132.014,131.985,131.994,264
2023-04-09T22:50:00.000Z,131.993,132.03,131.99,132.026,200
2023-04-09T22:55:00.000Z,132.026,132.029,132,132,293
2023-04-09T23:00:00.000Z,131.981,132.009,131.981,131.985,286
2023-04-09T23:05:00.000Z,131.986,131.988,131.956,131.976,141
2023-04-09T23:10:00.000Z,131.976,131.986,131.956,131.982,149
2023-04-09T23:15:00.000Z,131.981,132.134,131.979,132.092,450
2023-04-09T23:20:00.000Z,132.091,132.093,132.062,132.081,118
2023-04-09T23:25:00.000Z,132.084,132.107,132.052,132.105,167
2023-04-09T23:30:00.000Z,132.116,132.128,132.091,132.099,119
2023-04-09T23:35:00.000Z,132.098,132.157,132.096,132.137,240
2023-04-09T23:40:00.000Z,132.14,132.147,132.11,132.143,127
2023-04-09T23:45:00.000Z,132.143,132.163,132.114,132.157,201
2023-04-09T23:50:00.000Z,132.158,132.167,132.116,132.119,97
2023-04-09T23:55:00.000Z,132.11,132.11,132.069,132.099,179
2023-04-10T00:00:00.000Z,132.093,132.257,132.086,132.249,524
2023-04-10T00:05:00.000Z,132.257,132.324,132.242,132.303,454
2023-04-10T00:10:00.000Z,132.301,132.38,132.273,132.377,357
2023-04-10T00:15:00.000Z,132.382,132.452,132.381,132.412,497
2023-04-10T00:20:00.000Z,132.413,132.487,132.403,132.47,461
2023-04-10T00:25:00.000Z,132.468,132.49,132.421,132.463,373
2023-04-10T00:30:00.000Z,132.468,132.488,132.441,132.487,395
2023-04-10T00:35:00.000Z,132.486,132.561,132.471,132.541,614
2023-04-10T00:40:00.000Z,132.542,132.606,132.531,132.547,532
2023-04-10T00:45:00.000Z,132.55,132.653,132.546,132.642,488
2023-04-10T00:50:00.000Z,132.643,132.678,132.548,132.562,755
2023-04-10T00:55:00.000Z,132.572,132.62,132.549,132.6,653
2023-04-10T01:00:00.000Z,132.601,132.637,132.572,132.573,544
2023-04-10T01:05:00.000Z,132.572,132.582,132.519,132.531,392
2023-04-10T01:10:00.000Z,132.53,132.537,132.474,132.519,431
2023-04-10T01:15:00.000Z,132.521,132.546,132.475,132.497,296
2023-04-10T01:20:00.000Z,132.498,132.597,132.478,132.591,539
2023-04-10T01:25:00.000Z,132.589,132.612,132.524,132.524,404
2023-04-10T01:30:00.000Z,132.524,132.596,132.523,132.573,349
2023-04-10T01:35:00.000Z,132.573,132.642,132.537,132.629,315
2023-04-10T01:40:00.000Z,132.629,132.669,132.588,132.616,406
2023-04-10T01:45:00.000Z,132.617,132.637,132.577,132.608,346
2023-04-10T01:50:00.000Z,132.607,132.732,132.575,132.72,338
2023-04-10T01:55:00.000Z,132.719,132.745,132.636,132.644,472
2023-04-10T02:00:00.000Z,132.645,132.656,132.607,132.608,305
2023-04-10T02:05:00.000Z,132.609,132.664,132.608,132.652,392
2023-04-10T02:10:00.000Z,132.653,132.674,132.633,132.669,275
2023-04-10T02:15:00.000Z,132.67,132.682,132.642,132.643,189
2023-04-10T02:20:00.000Z,132.648,132.66,132.573,132.59,344
2023-04-10T02:25:00.000Z,132.594,132.607,132.536,132.565,358
2023-04-10T02:30:00.000Z,132.57,132.581,132.526,132.554,398
2023-04-10T02:35:00.000Z,132.553,132.586,132.553,132.583,343
2023-04-10T02:40:00.000Z,132.582,132.638,132.582,132.615,266
2023-04-10T02:45:00.000Z,132.616,132.64,132.596,132.606,270
2023-04-10T02:50:00.000Z,132.607,132.636,132.588,132.624,117
2023-04-10T02:55:00.000Z,132.626,132.636,132.6,132.601,211
2023-04-10T03:00:00.000Z,132.599,132.658,132.587,132.626,237
2023-04-10T03:05:00.000Z,132.633,132.669,132.633,132.664,100
2023-04-10T03:10:00.000Z,132.664,132.672,132.644,132.659,134
2023-04-10T03:15:00.000Z,132.658,132.658,132.643,132.648,112
2023-04-10T03:20:00.000Z,132.648,132.652,132.623,132.632,113
2023-04-10T03:25:00.000Z,132.626,132.644,132.613,132.616,126
2023-04-10T03:30:00.000Z,132.616,132.643,132.613,132.619,97
2023-04-10T03:35:00.000Z,132.626,132.648,132.626,132.648,107
2023-04-10T03:40:00.000Z,132.648,132.684,132.635,132.679,248
2023-04-10T03:45:00.000Z,132.677,132.733,132.677,132.721,229
2023-04-10T03:50:00.000Z,132.719,132.719,132.691,132.703,108
2023-04-10T03:55:00.000Z,132.704,132.714,132.698,132.706,105
2023-04-10T04:00:00.000Z,132.706,132.799,132.706,132.775,221
2023-04-10T04:05:00.000Z,132.775,132.776,132.696,132.701,213
2023-04-10T04:10:00.000Z,132.701,132.731,132.698,132.715,268
2023-04-10T04:15:00.000Z,132.714,132.731,132.686,132.723,326
2023-04-10T04:20:00.000Z,132.727,132.744,132.711,132.736,404
2023-04-10T04:25:00.000Z,132.736,132.738,132.696,132.72,257
2023-04-10T04:30:00.000Z,132.721,132.757,132.716,132.73,419
2023-04-10T04:35:00.000Z,132.729,132.731,132.702,132.707,147
2023-04-10T04:40:00.000Z,132.707,132.715,132.702,132.704,93
2023-04-10T04:45:00.000Z,132.703,132.714,132.697,132.707,316
2023-04-10T04:50:00.000Z,132.708,132.713,132.695,132.695,280
2023-04-10T04:55:00.000Z,132.693,132.694,132.641,132.659,366
2023-04-10T05:00:00.000Z,132.661,132.727,132.661,132.723,312
2023-04-10T05:05:00.000Z,132.722,132.74,132.684,132.689,377
2023-04-10T05:10:00.000Z,132.688,132.715,132.673,132.694,253
2023-04-10T05:15:00.000Z,132.694,132.73,132.693,132.717,258
2023-04-10T05:20:00.000Z,132.715,132.726,132.689,132.689,225
2023-04-10T05:25:00.000Z,132.687,132.693,132.662,132.672,90
2023-04-10T05:30:00.000Z,132.669,132.679,132.617,132.619,433
2023-04-10T05:35:00.000Z,132.618,132.636,132.572,132.587,256
2023-04-10T05:40:00.000Z,132.592,132.645,132.592,132.637,134
2023-04-10T05:45:00.000Z,132.636,132.646,132.616,132.619,108
2023-04-10T05:50:00.000Z,132.629,132.638,132.617,132.619,120
2023-04-10T05:55:00.000Z,132.618,132.635,132.587,132.602,252
2023-04-10T06:00:00.000Z,132.6,132.614,132.574,132.589,230
2023-04-10T06:05:00.000Z,132.59,132.63,132.59,132.603,147
2023-04-10T06:10:00.000Z,132.602,132.667,132.601,132.653,192
2023-04-10T06:15:00.000Z,132.652,132.654,132.602,132.608,225
2023-04-10T06:20:00.000Z,132.607,132.638,132.6,132.601,194
2023-04-10T06:25:00.000Z,132.6,132.631,132.589,132.625,208
2023-04-10T06:30:00.000Z,132.626,132.658,132.578,132.583,189
2023-04-10T06:35:00.000Z,132.581,132.586,132.554,132.564,172
2023-04-10T06:40:00.000Z,132.566,132.574,132.511,132.519,181
2023-04-10T06:45:00.000Z,132.52,132.545,132.495,132.537,231
2023-04-10T06:50:00.000Z,132.542,132.548,132.512,132.519,182
2023-04-10T06:55:00.000Z,132.52,132.533,132.514,132.53,171
2023-04-10T07:00:00.000Z,132.529,132.546,132.438,132.465,331
2023-04-10T07:05:00.000Z,132.466,132.477,132.458,132.476,262
2023-04-10T07:10:00.000Z,132.477,132.477,132.441,132.442,224
2023-04-10T07:15:00.000Z,132.443,132.451,132.347,132.347,402
2023-04-10T07:20:00.000Z,132.349,132.365,132.303,132.329,432
2023-04-10T07:25:00.000Z,132.326,132.338,132.295,132.329,366
2023-04-10T07:30:00.000Z,132.323,132.323,132.243,132.254,300
2023-04-10T07:35:00.000Z,132.255,132.268,132.166,132.176,465
2023-04-10T07:40:00.000Z,132.18,132.21,132.17,132.185,432
2023-04-10T07:45:00.000Z,132.185,132.185,132.101,132.102,404
2023-04-10T07:50:00.000Z,132.102,132.162,132.079,132.111,624
2023-04-10T07:55:00.000Z,132.11,132.12,132.049,132.068,552
2023-04-10T08:00:00.000Z,132.069,132.13,132.058,132.11,518
2023-04-10T08:05:00.000Z,132.107,132.166,132.079,132.127,577
2023-04-10T08:10:00.000Z,132.124,132.153,131.993,132.034,450
2023-04-10T08:15:00.000Z,132.033,132.085,132.014,132.083,408
2023-04-10T08:20:00.000Z,132.084,132.084,132.008,132.056,362
2023-04-10T08:25:00.000Z,132.06,132.072,132.024,132.072,343
2023-04-10T08:30:00.000Z,132.074,132.084,132.02,132.052,358
2023-04-10T08:35:00.000Z,132.054,132.079,132.047,132.078,239
2023-04-10T08:40:00.000Z,132.08,132.14,132.076,132.134,276
2023-04-10T08:45:00.000Z,132.132,132.141,132.095,132.121,322
2023-04-10T08:50:00.000Z,132.119,132.133,132.076,132.08,250
2023-04-10T08:55:00.000Z,132.081,132.105,132.07,132.078,208
2023-04-10T09:00:00.000Z,132.088,132.114,132.075,132.085,273
2023-04-10T09:05:00.000Z,132.086,132.121,132.076,132.111,360
2023-04-10T09:10:00.000Z,132.11,132.128,132.096,132.103,250
2023-04-10T09:15:00.000Z,132.102,132.102,132.036,132.063,299
2023-04-10T09:20:00.000Z,132.065,132.081,132.046,132.047,157
2023-04-10T09:25:00.000Z,132.051,132.167,132.048,132.092,330
2023-04-10T09:30:00.000Z,132.091,132.12,132.074,132.11,311
2023-04-10T09:35:00.000Z,132.108,132.158,132.099,132.158,330
2023-04-10T09:40:00.000Z,132.159,132.182,132.15,132.169,287
2023-04-10T09:45:00.000Z,132.169,132.193,132.152,132.182,317
2023-04-10T09:50:00.000Z,132.183,132.205,132.183,132.194,152
2023-04-10T09:55:00.000Z,132.194,132.194,132.15,132.167,155
2023-04-10T10:00:00.000Z,132.166,132.21,132.146,132.186,196
2023-04-10T10:05:00.000Z,132.186,132.198,132.156,132.175,163
2023-04-10T10:10:00.000Z,132.174,132.186,132.14,132.163,189
2023-04-10T10:15:00.000Z,132.162,132.256,132.152,132.212,278
2023-04-10T10:20:00.000Z,132.21,132.306,132.204,132.284,281
2023-04-10T10:25:00.000Z,132.283,132.327,132.203,132.236,355
2023-04-10T10:30:00.000Z,132.235,132.394,132.099,132.329,862
2023-04-10T10:35:00.000Z,132.329,132.336,132.219,132.273,555
2023-04-10T10:40:00.000Z,132.271,132.281,132.232,132.272,309
2023-04-10T10:45:00.000Z,132.267,132.315,132.227,132.244,327
2023-04-10T10:50:00.000Z,132.244,132.273,132.223,132.261,268
2023-04-10T10:55:00.000Z,132.262,132.317,132.259,132.297,251
2023-04-10T11:00:00.000Z,132.301,132.313,132.242,132.31,329
2023-04-10T11:05:00.000Z,132.311,132.322,132.29,132.306,333
2023-04-10T11:10:00.000Z,132.31,132.415,132.304,132.393,355
2023-04-10T11:15:00.000Z,132.393,132.63,132.388,132.603,624
2023-04-10T11:20:00.000Z,132.607,132.644,132.571,132.64,581
2023-04-10T11:25:00.000Z,132.641,132.713,132.607,132.635,430
2023-04-10T11:30:00.000Z,132.636,132.736,132.636,132.711,833
2023-04-10T11:35:00.000Z,132.71,132.761,132.7,132.753,567
2023-04-10T11:40:00.000Z,132.756,132.802,132.748,132.769,592
2023-04-10T11:45:00.000Z,132.77,132.785,132.696,132.776,516
2023-04-10T11:50:00.000Z,132.775,132.866,132.77,132.849,539
2023-04-10T11:55:00.000Z,132.849,132.867,132.822,132.861,586
2023-04-10T12:00:00.000Z,132.861,132.966,132.854,132.927,526
2023-04-10T12:05:00.000Z,132.928,133.044,132.927,133.003,778
2023-04-10T12:10:00.000Z,133.002,133.065,132.972,133.021,623
2023-04-10T12:15:00.000Z,133.024,133.175,132.996,133.148,668
2023-04-10T12:20:00.000Z,133.157,133.157,133.077,133.094,708
2023-04-10T12:25:00.000Z,133.093,133.131,133.054,133.063,654
2023-04-10T12:30:00.000Z,133.062,133.097,132.964,133.094,823
2023-04-10T12:35:00.000Z,133.092,133.133,133.006,133.032,500
2023-04-10T12:40:00.000Z,133.031,133.126,133.023,133.108,530
2023-04-10T12:45:00.000Z,133.111,133.219,133.096,133.211,483
2023-04-10T12:50:00.000Z,133.211,133.302,133.191,133.262,678
2023-04-10T12:55:00.000Z,133.26,133.341,133.242,133.329,689
2023-04-10T13:00:00.000Z,133.329,133.363,133.294,133.331,712
2023-04-10T13:05:00.000Z,133.332,133.393,133.319,133.355,556
2023-04-10T13:10:00.000Z,133.356,133.361,133.28,133.322,610
2023-04-10T13:15:00.000Z,133.322,133.344,133.27,133.295,392
2023-04-10T13:20:00.000Z,133.296,133.346,133.286,133.324,446
2023-04-10T13:25:00.000Z,133.323,133.365,133.32,133.322,405
2023-04-10T13:30:00.000Z,133.323,133.444,133.318,133.437,475
2023-04-10T13:35:00.000Z,133.43,133.43,133.356,133.374,415
2023-04-10T13:40:00.000Z,133.376,133.463,133.368,133.435,615
2023-04-10T13:45:00.000Z,133.436,133.49,133.413,133.488,486
2023-04-10T13:50:00.000Z,133.489,133.496,133.452,133.489,434
2023-04-10T13:55:00.000Z,133.488,133.541,133.48,133.536,611
2023-04-10T14:00:00.000Z,133.535,133.629,133.534,133.593,766
2023-04-10T14:05:00.000Z,133.592,133.687,133.589,133.663,594
2023-04-10T14:10:00.000Z,133.663,133.68,133.628,133.667,485
2023-04-10T14:15:00.000Z,133.671,133.704,133.638,133.643,423
2023-04-10T14:20:00.000Z,133.643,133.725,133.635,133.699,470
2023-04-10T14:25:00.000Z,133.699,133.778,133.679,133.75,519
2023-04-10T14:30:00.000Z,133.758,133.832,133.738,133.777,518
2023-04-10T14:35:00.000Z,133.779,133.829,133.778,133.802,509
2023-04-10T14:40:00.000Z,133.799,133.822,133.768,133.777,440
2023-04-10T14:45:00.000Z,133.768,133.864,133.729,133.83,391
2023-04-10T14:50:00.000Z,133.831,133.849,133.805,133.812,297
2023-04-10T14:55:00.000Z,133.813,133.87,133.804,133.838,516
2023-04-10T15:00:00.000Z,133.836,133.856,133.761,133.776,649
2023-04-10T15:05:00.000Z,133.775,133.783,133.723,133.762,469
2023-04-10T15:10:00.000Z,133.762,133.803,133.752,133.752,339
2023-04-10T15:15:00.000Z,133.753,133.797,133.732,133.752,257
2023-04-10T15:20:00.000Z,133.751,133.753,133.69,133.7,333
2023-04-10T15:25:00.000Z,133.701,133.763,133.701,133.752,252
2023-04-10T15:30:00.000Z,133.753,133.789,133.744,133.772,258
2023-04-10T15:35:00.000Z,133.77,133.8,133.754,133.797,447
2023-04-10T15:40:00.000Z,133.799,133.799,133.711,133.754,352
2023-04-10T15:45:00.000Z,133.755,133.822,133.738,133.787,300
2023-04-10T15:50:00.000Z,133.786,133.816,133.757,133.757,164
2023-04-10T15:55:00.000Z,133.759,133.77,133.727,133.754,236
2023-04-10T16:00:00.000Z,133.752,133.752,133.726,133.735,259
2023-04-10T16:05:00.000Z,133.734,133.752,133.719,133.741,271
2023-04-10T16:10:00.000Z,133.741,133.757,133.731,133.737,137
2023-04-10T16:15:00.000Z,133.738,133.739,133.703,133.727,169
2023-04-10T16:20:00.000Z,133.727,133.755,133.693,133.715,253
2023-04-10T16:25:00.000Z,133.717,133.729,133.679,133.711,217
2023-04-10T16:30:00.000Z,133.711,133.712,133.685,133.686,129
2023-04-10T16:35:00.000Z,133.685,133.705,133.675,133.68,152
2023-04-10T16:40:00.000Z,133.682,133.694,133.655,133.665,195
2023-04-10T16:45:00.000Z,133.668,133.675,133.652,133.669,179
2023-04-10T16:50:00.000Z,133.668,133.698,133.651,133.67,179
2023-04-10T16:55:00.000Z,133.671,133.713,133.659,133.696,266
2023-04-10T17:00:00.000Z,133.695,133.695,133.594,133.61,387
2023-04-10T17:05:00.000Z,133.613,133.651,133.609,133.635,288
2023-04-10T17:10:00.000Z,133.636,133.671,133.594,133.596,225
2023-04-10T17:15:00.000Z,133.602,133.615,133.585,133.591,168
2023-04-10T17:20:00.000Z,133.592,133.598,133.564,133.576,163
2023-04-10T17:25:00.000Z,133.578,133.608,133.565,133.575,240
2023-04-10T17:30:00.000Z,133.576,133.625,133.572,133.595,195
2023-04-10T17:35:00.000Z,133.594,133.606,133.581,133.604,200
2023-04-10T17:40:00.000Z,133.605,133.635,133.6,133.625,181
2023-04-10T17:45:00.000Z,133.625,133.655,133.624,133.646,172
2023-04-10T17:50:00.000Z,133.643,133.657,133.633,133.643,219
2023-04-10T17:55:00.000Z,133.642,133.662,133.637,133.641,239
2023-04-10T18:00:00.000Z,133.634,133.641,133.594,133.605,236
2023-04-10T18:05:00.000Z,133.608,133.618,133.592,133.618,148
2023-04-10T18:10:00.000Z,133.618,133.623,133.592,133.597,200
2023-04-10T18:15:00.000Z,133.598,133.661,133.598,133.654,227
2023-04-10T18:20:00.000Z,133.652,133.661,133.616,133.633,225
2023-04-10T18:25:00.000Z,133.631,133.65,133.624,133.624,189
2023-04-10T18:30:00.000Z,133.619,133.647,133.617,133.643,182
2023-04-10T18:35:00.000Z,133.644,133.65,133.638,133.644,226
2023-04-10T18:40:00.000Z,133.644,133.68,133.644,133.67,140
2023-04-10T18:45:00.000Z,133.668,133.669,133.643,133.651,102
2023-04-10T18:50:00.000Z,133.649,133.671,133.642,133.649,147
2023-04-10T18:55:00.000Z,133.648,133.648,133.624,133.634,193
2023-04-10T19:00:00.000Z,133.633,133.633,133.565,133.573,357
2023-04-10T19:05:00.000Z,133.572,133.592,133.56,133.591,199
2023-04-10T19:10:00.000Z,133.591,133.599,133.588,133.589,182
2023-04-10T19:15:00.000Z,133.588,133.6,133.588,133.596,186
2023-04-10T19:20:00.000Z,133.593,133.634,133.59,133.633,150
2023-04-10T19:25:00.000Z,133.632,133.633,133.61,133.621,257
2023-04-10T19:30:00.000Z,133.619,133.621,133.584,133.585,162
2023-04-10T19:35:00.000Z,133.587,133.59,133.568,133.584,303
2023-04-10T19:40:00.000Z,133.587,133.588,133.567,133.568,163
2023-04-10T19:45:00.000Z,133.569,133.583,133.559,133.567,183
2023-04-10T19:50:00.000Z,133.568,133.578,133.549,133.554,238
2023-04-10T19:55:00.000Z,133.557,133.569,133.554,133.56,317
2023-04-10T20:00:00.000Z,133.56,133.621,133.56,133.618,265
2023-04-10T20:05:00.000Z,133.619,133.63,133.611,133.621,109
2023-04-10T20:10:00.000Z,133.621,133.626,133.613,133.616,57
2023-04-10T20:15:00.000Z,133.617,133.626,133.613,133.621,112
2023-04-10T20:20:00.000Z,133.62,133.629,133.589,133.589,182
2023-04-10T20:25:00.000Z,133.59,133.596,133.566,133.596,218
2023-04-10T20:30:00.000Z,133.596,133.596,133.573,133.573,154
2023-04-10T20:35:00.000Z,133.571,133.594,133.571,133.586,329
2023-04-10T20:40:00.000Z,133.586,133.596,133.582,133.593,458
2023-04-10T20:45:00.000Z,133.594,133.597,133.583,133.597,256
2023-04-10T20:50:00.000Z,133.601,133.608,133.593,133.602,342
2023-04-10T20:55:00.000Z,133.61,133.613,133.594,133.599,88
2023-04-10T21:00:00.000Z,133.593,133.593,133.559,133.559,13
2023-04-10T21:05:00.000Z,133.559,133.562,133.534,133.558,590
2023-04-10T21:10:00.000Z,133.562,133.566,133.517,133.521,363
2023-04-10T21:15:00.000Z,133.521,133.535,133.516,133.534,982
2023-04-10T21:20:00.000Z,133.535,133.549,133.525,133.548,1056
2023-04-10T21:25:00.000Z,133.548,133.549,133.536,133.545,121
2023-04-10T21:30:00.000Z,133.545,133.549,133.54,133.547,109
2023-04-10T21:35:00.000Z,133.549,133.599,133.547,133.599,58
2023-04-10T21:40:00.000Z,133.6,133.607,133.563,133.574,449
2023-04-10T21:45:00.000Z,133.572,133.576,133.559,133.566,256
2023-04-10T21:50:00.000Z,133.565,133.565,133.562,133.562,5
2023-04-10T21:55:00.000Z,133.564,133.577,133.563,133.573,32
2023-04-10T22:00:00.000Z,133.578,133.596,133.491,133.583,339
2023-04-10T22:05:00.000Z,133.588,133.595,133.566,133.569,54
2023-04-10T22:10:00.000Z,133.568,133.571,133.534,133.534,78
2023-04-10T22:15:00.000Z,133.536,133.553,133.531,133.532,143
2023-04-10T22:20:00.000Z,133.531,133.547,133.531,133.539,80
2023-04-10T22:25:00.000Z,133.539,133.566,133.532,133.563,124
2023-04-10T22:30:00.000Z,133.561,133.576,133.537,133.569,202
2023-04-10T22:35:00.000Z,133.57,133.579,133.553,133.578,99
2023-04-10T22:40:00.000Z,133.578,133.588,133.569,133.579,163
2023-04-10T22:45:00.000Z,133.579,133.581,133.561,133.561,77
2023-04-10T22:50:00.000Z,133.562,133.59,133.557,133.563,153
2023-04-10T22:55:00.000Z,133.562,133.562,133.527,133.53,209
2023-04-10T23:00:00.000Z,133.532,133.587,133.531,133.576,162
2023-04-10T23:05:00.000Z,133.573,133.603,133.559,133.562,183
2023-04-10T23:10:00.000Z,133.563,133.624,133.561,133.607,209
2023-04-10T23:15:00.000Z,133.611,133.611,133.582,133.605,93
2023-04-10T23:20:00.000Z,133.604,133.604,133.577,133.578,117
2023-04-10T23:25:00.000Z,133.579,133.581,133.534,133.546,223
2023-04-10T23:30:00.000Z,133.545,133.554,133.538,133.549,161
2023-04-10T23:35:00.000Z,133.551,133.559,133.542,133.543,141
2023-04-10T23:40:00.000Z,133.543,133.554,133.538,133.554,148
2023-04-10T23:45:00.000Z,133.553,133.582,133.546,133.565,273
2023-04-10T23:50:00.000Z,133.566,133.566,133.543,133.544,152
2023-04-10T23:55:00.000Z,133.545,133.551,133.461,133.472,386
2023-04-11T00:00:00.000Z,133.472,133.473,133.384,133.411,554
2023-04-11T00:05:00.000Z,133.408,133.413,133.33,133.348,370
2023-04-11T00:10:00.000Z,133.348,133.367,133.297,133.313,351
2023-04-11T00:15:00.000Z,133.314,133.325,133.282,133.3,313
2023-04-11T00:20:00.000Z,133.301,133.305,133.248,133.296,407
2023-04-11T00:25:00.000Z,133.296,133.299,133.243,133.253,382
2023-04-11T00:30:00.000Z,133.252,133.31,133.25,133.309,334
2023-04-11T00:35:00.000Z,133.309,133.328,133.283,133.317,292
2023-04-11T00:40:00.000Z,133.317,133.337,133.29,133.318,296
2023-04-11T00:45:00.000Z,133.318,133.329,133.304,133.311,238
2023-04-11T00:50:00.000Z,133.312,133.423,133.284,133.418,615
2023-04-11T00:55:00.000Z,133.416,133.439,133.37,133.404,423
2023-04-11T01:00:00.000Z,133.404,133.5,133.403,133.482,438
2023-04-11T01:05:00.000Z,133.48,133.493,133.442,133.485,213
2023-04-11T01:10:00.000Z,133.48,133.548,133.468,133.548,335
2023-04-11T01:15:00.000Z,133.546,133.553,133.488,133.501,377
2023-04-11T01:20:00.000Z,133.5,133.609,133.48,133.597,403
2023-04-11T01:25:00.000Z,133.604,133.642,133.593,133.638,441
2023-04-11T01:30:00.000Z,133.639,133.69,133.615,133.622,512
2023-04-11T01:35:00.000Z,133.622,133.631,133.488,133.489,499
2023-04-11T01:40:00.000Z,133.49,133.513,133.469,133.491,496
2023-04-11T01:45:00.000Z,133.496,133.504,133.467,133.473,338
2023-04-11T01:50:00.000Z,133.477,133.526,133.459,133.508,394
2023-04-11T01:55:00.000Z,133.511,133.522,133.469,133.505,344
2023-04-11T02:00:00.000Z,133.505,133.564,133.485,133.536,430
2023-04-11T02:05:00.000Z,133.538,133.539,133.393,133.419,460
2023-04-11T02:10:00.000Z,133.42,133.426,133.349,133.382,559
2023-04-11T02:15:00.000Z,133.382,133.442,133.377,133.412,417
2023-04-11T02:20:00.000Z,133.412,133.417,133.368,133.385,487
2023-04-11T02:25:00.000Z,133.385,133.437,133.361,133.431,275
2023-04-11T02:30:00.000Z,133.431,133.457,133.41,133.413,302
2023-04-11T02:35:00.000Z,133.414,133.442,133.381,133.429,326
2023-04-11T02:40:00.000Z,133.429,133.433,133.393,133.394,247
2023-04-11T02:45:00.000Z,133.396,133.413,133.384,133.397,197
2023-04-11T02:50:00.000Z,133.393,133.4,133.364,133.395,207
2023-04-11T02:55:00.000Z,133.397,133.398,133.344,133.354,239
2023-04-11T03:00:00.000Z,133.355,133.386,133.355,133.383,129
2023-04-11T03:05:00.000Z,133.384,133.385,133.34,133.34,143
2023-04-11T03:10:00.000Z,133.339,133.357,133.316,133.351,219
2023-04-11T03:15:00.000Z,133.347,133.347,133.311,133.333,138
2023-04-11T03:20:00.000Z,133.333,133.342,133.3,133.339,189
2023-04-11T03:25:00.000Z,133.338,133.384,133.336,133.372,206
2023-04-11T03:30:00.000Z,133.372,133.405,133.352,133.404,260
2023-04-11T03:35:00.000Z,133.403,133.413,133.375,133.395,191
2023-04-11T03:40:00.000Z,133.396,133.404,133.367,133.394,261
2023-04-11T03:45:00.000Z,133.396,133.407,133.384,133.403,187
2023-04-11T03:50:00.000Z,133.403,133.421,133.4,133.419,183
2023-04-11T03:55:00.000Z,133.418,133.423,133.404,133.413,181
2023-04-11T04:00:00.000Z,133.412,133.422,133.385,133.396,173
2023-04-11T04:05:00.000Z,133.397,133.404,133.373,133.387,191
2023-04-11T04:10:00.000Z,133.386,133.388,133.359,133.374,219
2023-04-11T04:15:00.000Z,133.375,133.419,133.37,133.408,392
2023-04-11T04:20:00.000Z,133.408,133.448,133.408,133.435,280
2023-04-11T04:25:00.000Z,133.438,133.44,133.395,133.432,351
2023-04-11T04:30:00.000Z,133.434,133.443,133.407,133.428,322
2023-04-11T04:35:00.000Z,133.428,133.428,133.4,133.423,249
2023-04-11T04:40:00.000Z,133.426,133.444,133.409,133.436,191
2023-04-11T04:45:00.000Z,133.435,133.483,133.43,133.439,342
2023-04-11T04:50:00.000Z,133.438,133.458,133.419,133.432,259
2023-04-11T04:55:00.000Z,133.433,133.439,133.395,133.401,180
2023-04-11T05:00:00.000Z,133.397,133.397,133.317,133.325,278
2023-04-11T05:05:00.000Z,133.325,133.335,133.272,133.281,461
2023-04-11T05:10:00.000Z,133.28,133.355,133.278,133.353,377
2023-04-11T05:15:00.000Z,133.352,133.352,133.334,133.334,256
2023-04-11T05:20:00.000Z,133.335,133.343,133.293,133.295,159
2023-04-11T05:25:00.000Z,133.295,133.326,133.29,133.313,365
2023-04-11T05:30:00.000Z,133.312,133.312,133.262,133.311,274
2023-04-11T05:35:00.000Z,133.312,133.337,133.272,133.282,248
2023-04-11T05:40:00.000Z,133.285,133.321,133.265,133.321,293
2023-04-11T05:45:00.000Z,133.321,133.321,133.228,133.259,367
2023-04-11T05:50:00.000Z,133.257,133.307,133.241,133.305,319
2023-04-11T05:55:00.000Z,133.306,133.306,133.247,133.256,383
2023-04-11T06:00:00.000Z,133.257,133.361,133.237,133.36,572
2023-04-11T06:05:00.000Z,133.361,133.406,133.339,133.364,406
2023-04-11T06:10:00.000Z,133.369,133.413,133.358,133.407,365
2023-04-11T06:15:00.000Z,133.407,133.407,133.337,133.346,438
2023-04-11T06:20:00.000Z,133.345,133.348,133.296,133.326,382
2023-04-11T06:25:00.000Z,133.327,133.381,133.323,133.366,307
2023-04-11T06:30:00.000Z,133.364,133.442,133.347,133.433,377
2023-04-11T06:35:00.000Z,133.436,133.489,133.433,133.461,374
2023-04-11T06:40:00.000Z,133.46,133.472,133.414,133.444,324
2023-04-11T06:45:00.000Z,133.449,133.525,133.448,133.511,405
2023-04-11T06:50:00.000Z,133.511,133.527,133.475,133.509,420
2023-04-11T06:55:00.000Z,133.509,133.524,133.473,133.479,408
2023-04-11T07:00:00.000Z,133.481,133.559,133.431,133.439,745
2023-04-11T07:05:00.000Z,133.439,133.49,133.383,133.387,512
2023-04-11T07:10:00.000Z,133.388,133.405,133.339,133.394,579
2023-04-11T07:15:00.000Z,133.394,133.402,133.297,133.306,542
2023-04-11T07:20:00.000Z,133.306,133.319,133.246,133.262,449
2023-04-11T07:25:00.000Z,133.267,133.29,133.168,133.229,592
2023-04-11T07:30:00.000Z,133.23,133.279,133.175,133.183,569
2023-04-11T07:35:00.000Z,133.184,133.189,133.122,133.167,541
2023-04-11T07:40:00.000Z,133.167,133.167,133.043,133.067,755
2023-04-11T07:45:00.000Z,133.064,133.105,133.055,133.088,440
2023-04-11T07:50:00.000Z,133.092,133.122,133.069,133.087,324
2023-04-11T07:55:00.000Z,133.086,133.149,133.076,133.146,467
2023-04-11T08:00:00.000Z,133.144,133.193,133.128,133.193,526
2023-04-11T08:05:00.000Z,133.196,133.237,133.18,133.186,471
2023-04-11T08:10:00.000Z,133.189,133.231,133.129,133.137,354
2023-04-11T08:15:00.000Z,133.137,133.166,133.109,133.11,463
2023-04-11T08:20:00.000Z,133.109,133.133,133.08,133.084,322
2023-04-11T08:25:00.000Z,133.086,133.13,133.047,133.098,469
2023-04-11T08:30:00.000Z,133.1,133.165,133.1,133.117,448
2023-04-11T08:35:00.000Z,133.114,133.165,133.085,133.135,446
2023-04-11T08:40:00.000Z,133.135,133.137,133,133.01,538
2023-04-11T08:45:00.000Z,133.009,133.074,133.007,133.065,446
2023-04-11T08:50:00.000Z,133.064,133.109,133.036,133.093,436
2023-04-11T08:55:00.000Z,133.094,133.101,133.036,133.1,369
2023-04-11T09:00:00.000Z,133.102,133.136,133.056,133.091,497
2023-04-11T09:05:00.000Z,133.092,133.114,133.052,133.07,373
2023-04-11T09:10:00.000Z,133.07,133.139,133.05,133.115,300
2023-04-11T09:15:00.000Z,133.116,133.143,133.111,133.127,406
2023-04-11T09:20:00.000Z,133.127,133.127,133.07,133.107,258
2023-04-11T09:25:00.000Z,133.108,133.108,133.067,133.074,319
2023-04-11T09:30:00.000Z,133.073,133.088,133.002,133.025,386
2023-04-11T09:35:00.000Z,133.026,133.098,133.012,133.079,324
2023-04-11T09:40:00.000Z,133.084,133.118,133.084,133.106,305
2023-04-11T09:45:00.000Z,133.105,133.133,133.07,133.124,321
2023-04-11T09:50:00.000Z,133.124,133.135,133.081,133.116,404
2023-04-11T09:55:00.000Z,133.116,133.12,133.073,133.091,308
2023-04-11T10:00:00.000Z,133.091,133.119,133.079,133.081,406
2023-04-11T10:05:00.000Z,133.082,133.099,133.045,133.073,324
2023-04-11T10:10:00.000Z,133.072,133.108,133.045,133.076,518
2023-04-11T10:15:00.000Z,133.077,133.152,133.071,133.137,442
2023-04-11T10:20:00.000Z,133.144,133.151,133.099,133.109,513
2023-04-11T10:25:00.000Z,133.111,133.2,133.1,133.188,507
2023-04-11T10:30:00.000Z,133.188,133.225,133.184,133.189,343
2023-04-11T10:35:00.000Z,133.19,133.192,133.134,133.164,336
2023-04-11T10:40:00.000Z,133.163,133.164,133.065,133.094,332
2023-04-11T10:45:00.000Z,133.079,133.087,132.985,133.036,574
2023-04-11T10:50:00.000Z,133.036,133.064,133.013,133.035,333
2023-04-11T10:55:00.000Z,133.034,133.041,133.006,133.033,373
2023-04-11T11:00:00.000Z,133.034,133.034,132.98,132.989,396
2023-04-11T11:05:00.000Z,132.989,133.12,132.972,133.12,430
2023-04-11T11:10:00.000Z,133.118,133.136,133.081,133.104,327
2023-04-11T11:15:00.000Z,133.104,133.115,133.071,133.115,213
2023-04-11T11:20:00.000Z,133.114,133.201,133.106,133.184,453
2023-04-11T11:25:00.000Z,133.185,133.211,133.158,133.172,441
2023-04-11T11:30:00.000Z,133.168,133.219,133.138,133.219,344
2023-04-11T11:35:00.000Z,133.218,133.28,133.217,133.257,489
2023-04-11T11:40:00.000Z,133.259,133.326,133.254,133.294,460
2023-04-11T11:45:00.000Z,133.293,133.34,133.292,133.314,340
2023-04-11T11:50:00.000Z,133.315,133.316,133.208,133.209,377
2023-04-11T11:55:00.000Z,133.213,133.265,133.213,133.262,349
2023-04-11T12:00:00.000Z,133.263,133.271,133.187,133.192,384
2023-04-11T12:05:00.000Z,133.197,133.235,133.183,133.231,371
2023-04-11T12:10:00.000Z,133.231,133.233,133.176,133.19,336
2023-04-11T12:15:00.000Z,133.189,133.219,133.155,133.219,263
2023-04-11T12:20:00.000Z,133.221,133.221,133.173,133.211,414
2023-04-11T12:25:00.000Z,133.214,133.254,133.168,133.168,437
2023-04-11T12:30:00.000Z,133.167,133.167,133.092,133.122,487
2023-04-11T12:35:00.000Z,133.121,133.15,133.093,133.097,447
2023-04-11T12:40:00.000Z,133.097,133.102,133.053,133.097,419
2023-04-11T12:45:00.000Z,133.096,133.096,133.053,133.078,380
2023-04-11T12:50:00.000Z,133.077,133.14,133.073,133.116,385
2023-04-11T12:55:00.000Z,133.118,133.143,133.091,133.107,376
2023-04-11T13:00:00.000Z,133.101,133.139,133.094,133.135,387
2023-04-11T13:05:00.000Z,133.137,133.176,133.114,133.138,462
2023-04-11T13:10:00.000Z,133.139,133.17,133.121,133.127,407
2023-04-11T13:15:00.000Z,133.124,133.157,133.084,133.154,378
2023-04-11T13:20:00.000Z,133.155,133.17,133.129,133.169,331
2023-04-11T13:25:00.000Z,133.168,133.178,133.119,133.125,440
2023-04-11T13:30:00.000Z,133.123,133.179,133.114,133.162,561
2023-04-11T13:35:00.000Z,133.163,133.272,133.138,133.272,518
2023-04-11T13:40:00.000Z,133.275,133.315,133.273,133.307,484
2023-04-11T13:45:00.000Z,133.31,133.393,133.287,133.289,543
2023-04-11T13:50:00.000Z,133.291,133.292,133.228,133.243,439
2023-04-11T13:55:00.000Z,133.244,133.297,133.241,133.267,375
2023-04-11T14:00:00.000Z,133.266,133.331,133.235,133.322,477
2023-04-11T14:05:00.000Z,133.324,133.371,133.297,133.354,528
2023-04-11T14:10:00.000Z,133.356,133.419,133.34,133.392,438
2023-04-11T14:15:00.000Z,133.396,133.426,133.375,133.408,470
2023-04-11T14:20:00.000Z,133.409,133.415,133.343,133.345,482
2023-04-11T14:25:00.000Z,133.346,133.382,133.337,133.379,442
2023-04-11T14:30:00.000Z,133.379,133.449,133.372,133.416,395
2023-04-11T14:35:00.000Z,133.416,133.423,133.335,133.417,534
2023-04-11T14:40:00.000Z,133.425,133.465,133.4,133.455,427
2023-04-11T14:45:00.000Z,133.453,133.515,133.439,133.494,603
2023-04-11T14:50:00.000Z,133.495,133.518,133.442,133.475,516
2023-04-11T14:55:00.000Z,133.476,133.522,133.46,133.503,637
2023-04-11T15:00:00.000Z,133.504,133.577,133.503,133.539,676
2023-04-11T15:05:00.000Z,133.538,133.594,133.523,133.576,456
2023-04-11T15:10:00.000Z,133.577,133.598,133.551,133.583,373
2023-04-11T15:15:00.000Z,133.582,133.597,133.558,133.595,364
2023-04-11T15:20:00.000Z,133.597,133.645,133.597,133.615,356
2023-04-11T15:25:00.000Z,133.616,133.634,133.599,133.61,285
2023-04-11T15:30:00.000Z,133.609,133.613,133.563,133.582,248
2023-04-11T15:35:00.000Z,133.583,133.585,133.559,133.563,192
2023-04-11T15:40:00.000Z,133.565,133.615,133.553,133.6,299
2023-04-11T15:45:00.000Z,133.599,133.624,133.582,133.608,205
2023-04-11T15:50:00.000Z,133.605,133.625,133.599,133.607,203
2023-04-11T15:55:00.000Z,133.607,133.666,133.605,133.635,307
2023-04-11T16:00:00.000Z,133.635,133.678,133.634,133.678,305
2023-04-11T16:05:00.000Z,133.677,133.711,133.655,133.663,353
2023-04-11T16:10:00.000Z,133.663,133.671,133.638,133.652,295
2023-04-11T16:15:00.000Z,133.653,133.667,133.635,133.664,326
2023-04-11T16:20:00.000Z,133.663,133.709,133.662,133.688,367
2023-04-11T16:25:00.000Z,133.689,133.695,133.663,133.676,237
2023-04-11T16:30:00.000Z,133.679,133.701,133.666,133.693,280
2023-04-11T16:35:00.000Z,133.689,133.696,133.65,133.665,208
2023-04-11T16:40:00.000Z,133.663,133.685,133.653,133.675,136
2023-04-11T16:45:00.000Z,133.678,133.699,133.676,133.678,126
2023-04-11T16:50:00.000Z,133.68,133.732,133.68,133.723,174
2023-04-11T16:55:00.000Z,133.722,133.735,133.719,133.725,159
2023-04-11T17:00:00.000Z,133.727,133.742,133.717,133.741,228
2023-04-11T17:05:00.000Z,133.739,133.756,133.736,133.748,230
2023-04-11T17:10:00.000Z,133.748,133.758,133.739,133.754,204
2023-04-11T17:15:00.000Z,133.757,133.766,133.732,133.733,188
2023-04-11T17:20:00.000Z,133.732,133.741,133.722,133.724,160
2023-04-11T17:25:00.000Z,133.723,133.728,133.706,133.707,121
2023-04-11T17:30:00.000Z,133.705,133.712,133.642,133.642,241
2023-04-11T17:35:00.000Z,133.641,133.65,133.613,133.65,209
2023-04-11T17:40:00.000Z,133.649,133.684,133.641,133.679,215
2023-04-11T17:45:00.000Z,133.681,133.685,133.644,133.669,189
2023-04-11T17:50:00.000Z,133.671,133.679,133.645,133.664,164
2023-04-11T17:55:00.000Z,133.661,133.672,133.656,133.656,175
2023-04-11T18:00:00.000Z,133.657,133.688,133.648,133.676,181
2023-04-11T18:05:00.000Z,133.675,133.679,133.656,133.678,227
2023-04-11T18:10:00.000Z,133.681,133.696,133.668,133.696,163
2023-04-11T18:15:00.000Z,133.697,133.704,133.677,133.679,146
2023-04-11T18:20:00.000Z,133.68,133.702,133.678,133.687,198
2023-04-11T18:25:00.000Z,133.688,133.723,133.683,133.709,153
2023-04-11T18:30:00.000Z,133.71,133.724,133.707,133.723,213
2023-04-11T18:35:00.000Z,133.722,133.742,133.722,133.741,86
2023-04-11T18:40:00.000Z,133.742,133.766,133.742,133.762,111
2023-04-11T18:45:00.000Z,133.763,133.805,133.763,133.8,107
2023-04-11T18:50:00.000Z,133.801,133.802,133.777,133.784,190
2023-04-11T18:55:00.000Z,133.785,133.8,133.772,133.773,145
2023-04-11T19:00:00.000Z,133.772,133.777,133.751,133.754,186
2023-04-11T19:05:00.000Z,133.755,133.77,133.75,133.759,189
2023-04-11T19:10:00.000Z,133.758,133.769,133.75,133.753,127
2023-04-11T19:15:00.000Z,133.753,133.753,133.741,133.743,159
2023-04-11T19:20:00.000Z,133.743,133.744,133.703,133.714,138
2023-04-11T19:25:00.000Z,133.715,133.718,133.683,133.685,170
2023-04-11T19:30:00.000Z,133.686,133.691,133.675,133.68,162
2023-04-11T19:35:00.000Z,133.679,133.679,133.656,133.676,157
2023-04-11T19:40:00.000Z,133.677,133.692,133.673,133.685,237
2023-04-11T19:45:00.000Z,133.683,133.693,133.676,133.685,111
2023-04-11T19:50:00.000Z,133.681,133.685,133.673,133.677,137
2023-04-11T19:55:00.000Z,133.678,133.689,133.675,133.684,146
2023-04-11T20:00:00.000Z,133.69,133.706,133.678,133.679,171
2023-04-11T20:05:00.000Z,133.679,133.696,133.677,133.678,115
2023-04-11T20:10:00.000Z,133.677,133.693,133.676,133.686,116
2023-04-11T20:15:00.000Z,133.689,133.698,133.687,133.694,111
2023-04-11T20:20:00.000Z,133.695,133.707,133.69,133.706,52
2023-04-11T20:25:00.000Z,133.705,133.747,133.704,133.741,138
2023-04-11T20:30:00.000Z,133.745,133.75,133.738,133.745,72
2023-04-11T20:35:00.000Z,133.745,133.745,133.732,133.734,26
2023-04-11T20:40:00.000Z,133.735,133.738,133.73,133.734,62
2023-04-11T20:45:00.000Z,133.733,133.733,133.71,133.711,152
2023-04-11T20:50:00.000Z,133.71,133.717,133.696,133.697,768
2023-04-11T20:55:00.000Z,133.698,133.706,133.687,133.688,86
2023-04-11T21:00:00.000Z,133.648,133.675,133.62,133.666,15
2023-04-11T21:05:00.000Z,133.667,133.667,133.632,133.638,10
2023-04-11T21:10:00.000Z,133.638,133.647,133.637,133.64,145
2023-04-11T21:15:00.000Z,133.643,133.646,133.638,133.643,1180
2023-04-11T21:20:00.000Z,133.646,133.656,133.644,133.649,1603
2023-04-11T21:25:00.000Z,133.653,133.653,133.643,133.646,1844
2023-04-11T21:30:00.000Z,133.65,133.659,133.633,133.658,748
2023-04-11T21:35:00.000Z,133.659,133.66,133.657,133.659,1154
2023-04-11T21:40:00.000Z,133.66,133.661,133.659,133.66,473
2023-04-11T21:45:00.000Z,133.66,133.661,133.659,133.66,42
2023-04-11T21:50:00.000Z,133.661,133.669,133.659,133.663,54
2023-04-11T21:55:00.000Z,133.662,133.663,133.648,133.655,1005
2023-04-11T22:00:00.000Z,133.655,133.704,133.648,133.68,1551
2023-04-11T22:05:00.000Z,133.681,133.694,133.67,133.693,783
2023-04-11T22:10:00.000Z,133.694,133.703,133.646,133.656,823
2023-04-11T22:15:00.000Z,133.658,133.684,133.658,133.682,933
2023-04-11T22:20:00.000Z,133.681,133.689,133.671,133.673,1005
2023-04-11T22:25:00.000Z,133.672,133.675,133.646,133.647,413
2023-04-11T22:30:00.000Z,133.651,133.653,133.623,133.626,200
2023-04-11T22:35:00.000Z,133.625,133.644,133.61,133.62,134
2023-04-11T22:40:00.000Z,133.621,133.628,133.584,133.612,182
2023-04-11T22:45:00.000Z,133.613,133.625,133.606,133.615,173
2023-04-11T22:50:00.000Z,133.615,133.617,133.603,133.604,337
2023-04-11T22:55:00.000Z,133.607,133.619,133.6,133.603,320
2023-04-11T23:00:00.000Z,133.601,133.624,133.6,133.621,206
2023-04-11T23:05:00.000Z,133.622,133.643,133.615,133.641,134
2023-04-11T23:10:00.000Z,133.641,133.659,133.634,133.65,171
2023-04-11T23:15:00.000Z,133.649,133.657,133.612,133.627,310
2023-04-11T23:20:00.000Z,133.626,133.641,133.619,133.637,359
2023-04-11T23:25:00.000Z,133.637,133.639,133.61,133.618,230
2023-04-11T23:30:00.000Z,133.62,133.627,133.611,133.611,434
2023-04-11T23:35:00.000Z,133.612,133.617,133.569,133.574,243
2023-04-11T23:40:00.000Z,133.573,133.582,133.556,133.558,198
2023-04-11T23:45:00.000Z,133.557,133.595,133.555,133.594,353
2023-04-11T23:50:00.000Z,133.595,133.598,133.592,133.597,102
2023-04-11T23:55:00.000Z,133.596,133.605,133.594,133.601,251
2023-04-12T00:00:00.000Z,133.598,133.688,133.576,133.657,502
2023-04-12T00:05:00.000Z,133.658,133.718,133.657,133.716,190
2023-04-12T00:10:00.000Z,133.706,133.724,133.681,133.698,291
2023-04-12T00:15:00.000Z,133.699,133.715,133.678,133.698,260
2023-04-12T00:20:00.000Z,133.697,133.697,133.651,133.673,239
2023-04-12T00:25:00.000Z,133.673,133.673,133.647,133.65,293
2023-04-12T00:30:00.000Z,133.65,133.65,133.604,133.635,233
2023-04-12T00:35:00.000Z,133.635,133.657,133.597,133.657,211
2023-04-12T00:40:00.000Z,133.656,133.663,133.621,133.629,255
2023-04-12T00:45:00.000Z,133.629,133.629,133.576,133.603,378
2023-04-12T00:50:00.000Z,133.602,133.77,133.56,133.727,956
2023-04-12T00:55:00.000Z,133.727,133.731,133.666,133.681,622
2023-04-12T01:00:00.000Z,133.678,133.682,133.625,133.63,235
2023-04-12T01:05:00.000Z,133.63,133.663,133.623,133.642,268
2023-04-12T01:10:00.000Z,133.641,133.648,133.603,133.615,244
2023-04-12T01:15:00.000Z,133.614,133.653,133.612,133.649,297
2023-04-12T01:20:00.000Z,133.65,133.676,133.642,133.663,224
2023-04-12T01:25:00.000Z,133.662,133.664,133.637,133.64,194
2023-04-12T01:30:00.000Z,133.641,133.666,133.628,133.665,226
2023-04-12T01:35:00.000Z,133.664,133.675,133.659,133.664,302
2023-04-12T01:40:00.000Z,133.663,133.664,133.646,133.647,247
2023-04-12T01:45:00.000Z,133.647,133.647,133.612,133.629,205
2023-04-12T01:50:00.000Z,133.628,133.631,133.609,133.619,254
2023-04-12T01:55:00.000Z,133.62,133.621,133.601,133.615,249
2023-04-12T02:00:00.000Z,133.614,133.635,133.593,133.614,223
2023-04-12T02:05:00.000Z,133.613,133.615,133.592,133.61,214
2023-04-12T02:10:00.000Z,133.611,133.635,133.611,133.626,275
2023-04-12T02:15:00.000Z,133.625,133.693,133.622,133.685,304
2023-04-12T02:20:00.000Z,133.685,133.707,133.677,133.695,255
2023-04-12T02:25:00.000Z,133.697,133.764,133.691,133.753,323
2023-04-12T02:30:00.000Z,133.754,133.84,133.754,133.788,485
2023-04-12T02:35:00.000Z,133.787,133.808,133.775,133.792,308
2023-04-12T02:40:00.000Z,133.792,133.826,133.781,133.825,332
2023-04-12T02:45:00.000Z,133.827,133.897,133.825,133.888,483
2023-04-12T02:50:00.000Z,133.887,133.932,133.852,133.869,512
2023-04-12T02:55:00.000Z,133.871,133.916,133.87,133.886,357
2023-04-12T03:00:00.000Z,133.887,134.001,133.884,133.987,556
2023-04-12T03:05:00.000Z,133.987,134.046,133.978,133.984,591
2023-04-12T03:10:00.000Z,133.986,133.986,133.932,133.935,310
2023-04-12T03:15:00.000Z,133.938,133.951,133.872,133.929,396
2023-04-12T03:20:00.000Z,133.915,133.915,133.841,133.881,443
2023-04-12T03:25:00.000Z,133.883,133.924,133.872,133.905,348
2023-04-12T03:30:00.000Z,133.904,133.916,133.865,133.883,270
2023-04-12T03:35:00.000Z,133.883,133.884,133.834,133.86,212
2023-04-12T03:40:00.000Z,133.859,133.859,133.823,133.84,224
2023-04-12T03:45:00.000Z,133.84,133.85,133.834,133.843,204
2023-04-12T03:50:00.000Z,133.843,133.866,133.827,133.852,258
2023-04-12T03:55:00.000Z,133.851,133.858,133.817,133.845,214
2023-04-12T04:00:00.000Z,133.845,133.901,133.839,133.881,296
2023-04-12T04:05:00.000Z,133.883,133.894,133.853,133.871,180
2023-04-12T04:10:00.000Z,133.871,133.881,133.861,133.861,160
2023-04-12T04:15:00.000Z,133.863,133.866,133.83,133.831,183
2023-04-12T04:20:00.000Z,133.832,133.834,133.807,133.807,83
2023-04-12T04:25:00.000Z,133.808,133.808,133.777,133.781,176
2023-04-12T04:30:00.000Z,133.777,133.796,133.754,133.794,188
2023-04-12T04:35:00.000Z,133.79,133.79,133.761,133.761,176
2023-04-12T04:40:00.000Z,133.762,133.763,133.746,133.747,182
2023-04-12T04:45:00.000Z,133.747,133.751,133.689,133.719,261
2023-04-12T04:50:00.000Z,133.719,133.73,133.703,133.72,210
2023-04-12T04:55:00.000Z,133.721,133.772,133.719,133.761,187
2023-04-12T05:00:00.000Z,133.762,133.78,133.761,133.772,223
2023-04-12T05:05:00.000Z,133.772,133.784,133.761,133.78,227
2023-04-12T05:10:00.000Z,133.781,133.82,133.78,133.82,200
2023-04-12T05:15:00.000Z,133.819,133.825,133.795,133.8,184
2023-04-12T05:20:00.000Z,133.801,133.805,133.745,133.761,248
2023-04-12T05:25:00.000Z,133.761,133.773,133.753,133.757,117
2023-04-12T05:30:00.000Z,133.759,133.782,133.737,133.742,189
2023-04-12T05:35:00.000Z,133.744,133.756,133.714,133.725,212
2023-04-12T05:40:00.000Z,133.727,133.792,133.726,133.789,203
2023-04-12T05:45:00.000Z,133.788,133.813,133.788,133.791,177
2023-04-12T05:50:00.000Z,133.797,133.838,133.79,133.832,239
2023-04-12T05:55:00.000Z,133.831,133.844,133.799,133.801,335
2023-04-12T06:00:00.000Z,133.805,133.87,133.804,133.818,426
2023-04-12T06:05:00.000Z,133.817,133.832,133.744,133.784,407
2023-04-12T06:10:00.000Z,133.783,133.79,133.737,133.746,369
2023-04-12T06:15:00.000Z,133.746,133.764,133.724,133.762,315
2023-04-12T06:20:00.000Z,133.764,133.803,133.764,133.771,284
2023-04-12T06:25:00.000Z,133.77,133.778,133.7,133.732,444
2023-04-12T06:30:00.000Z,133.734,133.785,133.729,133.765,423
2023-04-12T06:35:00.000Z,133.764,133.809,133.729,133.792,282
2023-04-12T06:40:00.000Z,133.797,133.813,133.783,133.799,319
2023-04-12T06:45:00.000Z,133.8,133.809,133.712,133.713,372
2023-04-12T06:50:00.000Z,133.714,133.716,133.633,133.642,461
2023-04-12T06:55:00.000Z,133.642,133.669,133.629,133.651,454
2023-04-12T07:00:00.000Z,133.65,133.691,133.555,133.587,831
2023-04-12T07:05:00.000Z,133.588,133.651,133.583,133.627,635
2023-04-12T07:10:00.000Z,133.633,133.644,133.566,133.643,567
2023-04-12T07:15:00.000Z,133.641,133.671,133.623,133.67,495
2023-04-12T07:20:00.000Z,133.664,133.717,133.649,133.716,384
2023-04-12T07:25:00.000Z,133.716,133.744,133.713,133.742,296
2023-04-12T07:30:00.000Z,133.742,133.778,133.732,133.733,360
2023-04-12T07:35:00.000Z,133.732,133.752,133.696,133.752,488
2023-04-12T07:40:00.000Z,133.753,133.801,133.753,133.78,528
2023-04-12T07:45:00.000Z,133.781,133.806,133.76,133.789,404
2023-04-12T07:50:00.000Z,133.789,133.817,133.746,133.817,381
2023-04-12T07:55:00.000Z,133.817,133.86,133.806,133.846,543
2023-04-12T08:00:00.000Z,133.846,133.851,133.774,133.783,522
2023-04-12T08:05:00.000Z,133.784,133.792,133.753,133.782,389
2023-04-12T08:10:00.000Z,133.781,133.827,133.781,133.815,406
2023-04-12T08:15:00.000Z,133.817,133.824,133.77,133.771,377
2023-04-12T08:20:00.000Z,133.771,133.8,133.757,133.787,383
2023-04-12T08:25:00.000Z,133.787,133.933,133.781,133.923,426
2023-04-12T08:30:00.000Z,133.924,133.967,133.908,133.926,462
2023-04-12T08:35:00.000Z,133.925,133.938,133.888,133.902,319
2023-04-12T08:40:00.000Z,133.902,133.902,133.86,133.868,229
2023-04-12T08:45:00.000Z,133.868,133.877,133.844,133.86,326
2023-04-12T08:50:00.000Z,133.861,133.886,133.812,133.812,473
2023-04-12T08:55:00.000Z,133.812,133.85,133.809,133.822,264
2023-04-12T09:00:00.000Z,133.822,133.848,133.813,133.815,370
2023-04-12T09:05:00.000Z,133.815,133.834,133.803,133.803,251
2023-04-12T09:10:00.000Z,133.8,133.801,133.742,133.764,422
2023-04-12T09:15:00.000Z,133.764,133.781,133.74,133.762,446
2023-04-12T09:20:00.000Z,133.761,133.793,133.758,133.791,370
2023-04-12T09:25:00.000Z,133.79,133.79,133.751,133.761,401
2023-04-12T09:30:00.000Z,133.761,133.778,133.708,133.753,376
2023-04-12T09:35:00.000Z,133.754,133.754,133.707,133.724,232
2023-04-12T09:40:00.000Z,133.723,133.78,133.718,133.761,248
2023-04-12T09:45:00.000Z,133.761,133.794,133.753,133.794,264
2023-04-12T09:50:00.000Z,133.794,133.795,133.751,133.752,209
2023-04-12T09:55:00.000Z,133.752,133.777,133.729,133.755,302
2023-04-12T10:00:00.000Z,133.755,133.762,133.704,133.706,251
2023-04-12T10:05:00.000Z,133.706,133.706,133.644,133.652,303
2023-04-12T10:10:00.000Z,133.653,133.691,133.649,133.685,332
2023-04-12T10:15:00.000Z,133.685,133.718,133.675,133.693,199
2023-04-12T10:20:00.000Z,133.692,133.706,133.679,133.689,220
2023-04-12T10:25:00.000Z,133.69,133.707,133.689,133.704,141
2023-04-12T10:30:00.000Z,133.702,133.71,133.636,133.638,312
2023-04-12T10:35:00.000Z,133.638,133.638,133.596,133.606,277
2023-04-12T10:40:00.000Z,133.612,133.66,133.61,133.659,285
2023-04-12T10:45:00.000Z,133.66,133.693,133.642,133.642,231
2023-04-12T10:50:00.000Z,133.641,133.665,133.637,133.66,271
2023-04-12T10:55:00.000Z,133.66,133.741,133.644,133.729,364
2023-04-12T11:00:00.000Z,133.729,133.753,133.704,133.725,327
2023-04-12T11:05:00.000Z,133.726,133.754,133.712,133.724,199
2023-04-12T11:10:00.000Z,133.724,133.724,133.667,133.667,271
2023-04-12T11:15:00.000Z,133.667,133.667,133.64,133.66,388
2023-04-12T11:20:00.000Z,133.66,133.723,133.652,133.721,381
2023-04-12T11:25:00.000Z,133.722,133.738,133.689,133.712,316
2023-04-12T11:30:00.000Z,133.712,133.732,133.674,133.702,364
2023-04-12T11:35:00.000Z,133.701,133.708,133.676,133.688,274
2023-04-12T11:40:00.000Z,133.686,133.707,133.662,133.693,303
2023-04-12T11:45:00.000Z,133.691,133.714,133.686,133.704,207
2023-04-12T11:50:00.000Z,133.704,133.775,133.696,133.774,387
2023-04-12T11:55:00.000Z,133.776,133.779,133.731,133.735,393
2023-04-12T12:00:00.000Z,133.736,133.797,133.734,133.753,375
2023-04-12T12:05:00.000Z,133.752,133.789,133.735,133.75,318
2023-04-12T12:10:00.000Z,133.752,133.772,133.744,133.744,277
2023-04-12T12:15:00.000Z,133.745,133.765,133.725,133.764,302
2023-04-12T12:20:00.000Z,133.763,133.829,133.763,133.809,474
2023-04-12T12:25:00.000Z,133.81,133.908,133.707,133.753,633
2023-04-12T12:30:00.000Z,133.753,133.759,132.76,132.855,1922
2023-04-12T12:35:00.000Z,132.853,132.994,132.735,132.946,1711
2023-04-12T12:40:00.000Z,132.943,132.944,132.768,132.925,1339
2023-04-12T12:45:00.000Z,132.923,133.104,132.908,133.015,1195
2023-04-12T12:50:00.000Z,133.015,133.044,132.864,133.044,1073
2023-04-12T12:55:00.000Z,133.047,133.083,132.928,133.039,1126
2023-04-12T13:00:00.000Z,133.039,133.112,132.912,133.059,1108
2023-04-12T13:05:00.000Z,133.077,133.117,132.987,133.026,911
2023-04-12T13:10:00.000Z,133.025,133.06,132.856,132.92,987
2023-04-12T13:15:00.000Z,132.921,132.966,132.832,132.904,903
2023-04-12T13:20:00.000Z,132.903,132.929,132.799,132.859,775
2023-04-12T13:25:00.000Z,132.85,132.968,132.842,132.936,713
2023-04-12T13:30:00.000Z,132.928,133.056,132.838,133.041,1005
2023-04-12T13:35:00.000Z,133.043,133.088,132.984,133.076,809
2023-04-12T13:40:00.000Z,133.075,133.344,133.073,133.296,1053
2023-04-12T13:45:00.000Z,133.292,133.335,133.184,133.195,1005
2023-04-12T13:50:00.000Z,133.196,133.293,133.163,133.229,791
2023-04-12T13:55:00.000Z,133.232,133.248,133.159,133.164,686
2023-04-12T14:00:00.000Z,133.16,133.266,133.119,133.122,1036
2023-04-12T14:05:00.000Z,133.126,133.161,133.085,133.102,714
2023-04-12T14:10:00.000Z,133.103,133.144,133.038,133.038,546
2023-04-12T14:15:00.000Z,133.04,133.06,132.989,133.049,757
2023-04-12T14:20:00.000Z,133.048,133.142,133.034,133.095,607
2023-04-12T14:25:00.000Z,133.094,133.203,133.078,133.199,703
2023-04-12T14:30:00.000Z,133.2,133.299,133.152,133.279,755
2023-04-12T14:35:00.000Z,133.282,133.311,133.24,133.242,745
2023-04-12T14:40:00.000Z,133.244,133.269,133.204,133.234,559
2023-04-12T14:45:00.000Z,133.232,133.245,133.181,133.213,564
2023-04-12T14:50:00.000Z,133.211,133.299,133.182,133.267,634
2023-04-12T14:55:00.000Z,133.268,133.31,133.228,133.306,622
2023-04-12T15:00:00.000Z,133.307,133.33,133.239,133.249,672
2023-04-12T15:05:00.000Z,133.253,133.289,133.237,133.269,428
2023-04-12T15:10:00.000Z,133.27,133.279,133.165,133.2,504
2023-04-12T15:15:00.000Z,133.197,133.221,133.125,133.133,496
2023-04-12T15:20:00.000Z,133.132,133.175,133.13,133.155,386
2023-04-12T15:25:00.000Z,133.155,133.183,133.137,133.149,419
2023-04-12T15:30:00.000Z,133.148,133.224,133.139,133.224,388
2023-04-12T15:35:00.000Z,133.225,133.278,133.217,133.273,360
2023-04-12T15:40:00.000Z,133.273,133.278,133.246,133.271,273
2023-04-12T15:45:00.000Z,133.271,133.271,133.207,133.221,279
2023-04-12T15:50:00.000Z,133.222,133.24,133.167,133.202,318
2023-04-12T15:55:00.000Z,133.203,133.252,133.188,133.249,358
2023-04-12T16:00:00.000Z,133.254,133.281,133.191,133.205,585
2023-04-12T16:05:00.000Z,133.205,133.205,133.146,133.152,411
2023-04-12T16:10:00.000Z,133.153,133.17,133.127,133.149,377
2023-04-12T16:15:00.000Z,133.148,133.156,133.114,133.128,226
2023-04-12T16:20:00.000Z,133.128,133.16,133.101,133.145,293
2023-04-12T16:25:00.000Z,133.144,133.154,133.114,133.134,251
2023-04-12T16:30:00.000Z,133.132,133.152,133.114,133.128,282
2023-04-12T16:35:00.000Z,133.127,133.133,133.091,133.096,245
2023-04-12T16:40:00.000Z,133.097,133.157,133.091,133.154,267
2023-04-12T16:45:00.000Z,133.155,133.164,133.104,133.124,285
2023-04-12T16:50:00.000Z,133.123,133.225,133.123,133.225,315
2023-04-12T16:55:00.000Z,133.227,133.228,133.178,133.186,271
2023-04-12T17:00:00.000Z,133.19,133.309,133.17,133.302,557
2023-04-12T17:05:00.000Z,133.298,133.352,133.29,133.324,465
2023-04-12T17:10:00.000Z,133.324,133.374,133.321,133.367,391
2023-04-12T17:15:00.000Z,133.37,133.372,133.327,133.34,258
2023-04-12T17:20:00.000Z,133.34,133.373,133.316,133.341,274
2023-04-12T17:25:00.000Z,133.338,133.354,133.311,133.353,305
2023-04-12T17:30:00.000Z,133.352,133.366,133.322,133.322,394
2023-04-12T17:35:00.000Z,133.323,133.336,133.302,133.312,340
2023-04-12T17:40:00.000Z,133.316,133.324,133.297,133.313,256
2023-04-12T17:45:00.000Z,133.314,133.355,133.311,133.343,215
2023-04-12T17:50:00.000Z,133.343,133.349,133.287,133.331,225
2023-04-12T17:55:00.000Z,133.331,133.402,133.328,133.374,348
2023-04-12T18:00:00.000Z,133.382,133.399,133.228,133.279,848
2023-04-12T18:05:00.000Z,133.278,133.298,133.19,133.196,594
2023-04-12T18:10:00.000Z,133.197,133.221,133.168,133.174,394
2023-04-12T18:15:00.000Z,133.174,133.217,133.134,133.215,398
2023-04-12T18:20:00.000Z,133.215,133.215,133.179,133.18,380
2023-04-12T18:25:00.000Z,133.18,133.186,133.143,133.162,408
2023-04-12T18:30:00.000Z,133.154,133.154,133.072,133.082,534
2023-04-12T18:35:00.000Z,133.086,133.125,133.075,133.119,461
2023-04-12T18:40:00.000Z,133.119,133.147,133.116,133.142,300
2023-04-12T18:45:00.000Z,133.141,133.184,133.115,133.182,332
2023-04-12T18:50:00.000Z,133.184,133.219,133.184,133.198,463
2023-04-12T18:55:00.000Z,133.2,133.219,133.166,133.186,412
2023-04-12T19:00:00.000Z,133.185,133.189,133.113,133.139,372
2023-04-12T19:05:00.000Z,133.139,133.159,133.116,133.144,305
2023-04-12T19:10:00.000Z,133.143,133.144,133.107,133.126,283
2023-04-12T19:15:00.000Z,133.125,133.133,133.101,133.116,362
2023-04-12T19:20:00.000Z,133.117,133.127,133.084,133.087,248
2023-04-12T19:25:00.000Z,133.087,133.087,133.065,133.079,226
2023-04-12T19:30:00.000Z,133.078,133.091,133.051,133.091,307
2023-04-12T19:35:00.000Z,133.09,133.134,133.079,133.13,262
2023-04-12T19:40:00.000Z,133.129,133.169,133.12,133.164,227
2023-04-12T19:45:00.000Z,133.162,133.204,133.161,133.2,239
2023-04-12T19:50:00.000Z,133.203,133.203,133.181,133.189,216
2023-04-12T19:55:00.000Z,133.181,133.199,133.17,133.193,303
2023-04-12T20:00:00.000Z,133.193,133.216,133.19,133.206,403
2023-04-12T20:05:00.000Z,133.207,133.209,133.19,133.205,189
2023-04-12T20:10:00.000Z,133.206,133.211,133.199,133.199,106
2023-04-12T20:15:00.000Z,133.197,133.2,133.176,133.183,70
2023-04-12T20:20:00.000Z,133.183,133.193,133.159,133.184,88
2023-04-12T20:25:00.000Z,133.185,133.203,133.18,133.194,153
2023-04-12T20:30:00.000Z,133.194,133.206,133.181,133.192,62
2023-04-12T20:35:00.000Z,133.191,133.192,133.183,133.187,136
2023-04-12T20:40:00.000Z,133.188,133.188,133.173,133.176,73
2023-04-12T20:45:00.000Z,133.176,133.179,133.168,133.17,95
2023-04-12T20:50:00.000Z,133.169,133.171,133.127,133.141,294
2023-04-12T20:55:00.000Z,133.141,133.19,133.104,133.139,455
2023-04-12T21:00:00.000Z,133.12,133.12,133.046,133.066,36
2023-04-12T21:05:00.000Z,133.084,133.084,133.06,133.06,349
2023-04-12T21:10:00.000Z,133.06,133.07,133.049,133.06,319
2023-04-12T21:15:00.000Z,133.06,133.06,133.045,133.055,115
2023-04-12T21:20:00.000Z,133.055,133.055,133.045,133.051,18
2023-04-12T21:25:00.000Z,133.05,133.054,133.05,133.053,206
2023-04-12T21:30:00.000Z,133.054,133.068,133.053,133.067,522
2023-04-12T21:35:00.000Z,133.068,133.079,133.068,133.076,24
2023-04-12T21:40:00.000Z,133.075,133.075,133.074,133.075,5
2023-04-12T21:45:00.000Z,133.077,133.129,133.077,133.12,327
2023-04-12T21:50:00.000Z,133.122,133.123,133.118,133.118,659
2023-04-12T21:55:00.000Z,133.118,133.129,133.115,133.122,470
2023-04-12T22:00:00.000Z,133.122,133.273,133.054,133.211,971
2023-04-12T22:05:00.000Z,133.21,133.211,133.14,133.183,165
2023-04-12T22:10:00.000Z,133.182,133.23,133.181,133.211,143
2023-04-12T22:15:00.000Z,133.207,133.24,133.175,133.199,240
2023-04-12T22:20:00.000Z,133.2,133.218,133.179,133.19,172
2023-04-12T22:25:00.000Z,133.187,133.216,133.143,133.148,238
2023-04-12T22:30:00.000Z,133.152,133.156,133.101,133.124,256
2023-04-12T22:35:00.000Z,133.124,133.126,133.099,133.117,112
2023-04-12T22:40:00.000Z,133.118,133.12,133.076,133.078,104
2023-04-12T22:45:00.000Z,133.079,133.138,133.078,133.114,147
2023-04-12T22:50:00.000Z,133.115,133.136,133.1,133.127,178
2023-04-12T22:55:00.000Z,133.128,133.128,133.044,133.062,141
2023-04-12T23:00:00.000Z,133.061,133.071,133.039,133.066,108
2023-04-12T23:05:00.000Z,133.062,133.073,133.042,133.051,171
2023-04-12T23:10:00.000Z,133.047,133.06,132.993,132.994,233
2023-04-12T23:15:00.000Z,132.993,133.017,132.945,132.982,202
2023-04-12T23:20:00.000Z,132.983,132.991,132.945,132.95,252
2023-04-12T23:25:00.000Z,132.952,132.989,132.947,132.97,168
2023-04-12T23:30:00.000Z,132.97,132.985,132.957,132.961,168
2023-04-12T23:35:00.000Z,132.962,132.968,132.953,132.957,133
2023-04-12T23:40:00.000Z,132.958,132.984,132.951,132.97,162
2023-04-12T23:45:00.000Z,132.97,133.027,132.952,133.008,204
2023-04-12T23:50:00.000Z,133.009,133.044,133.008,133.044,164
2023-04-12T23:55:00.000Z,133.043,133.097,133.042,133.087,189
2023-04-13T00:00:00.000Z,133.088,133.093,133.04,133.092,448
2023-04-13T00:05:00.000Z,133.092,133.147,133.072,133.089,503
2023-04-13T00:10:00.000Z,133.089,133.122,133.052,133.062,337
2023-04-13T00:15:00.000Z,133.063,133.088,133.053,133.074,363
2023-04-13T00:20:00.000Z,133.074,133.079,133.011,133.018,293
2023-04-13T00:25:00.000Z,133.022,133.063,132.986,132.992,291
2023-04-13T00:30:00.000Z,132.993,133.041,132.982,133.014,325
2023-04-13T00:35:00.000Z,133.014,133.065,133.003,133.053,270
2023-04-13T00:40:00.000Z,133.052,133.089,133.017,133.089,208
2023-04-13T00:45:00.000Z,133.088,133.16,133.088,133.133,341
2023-04-13T00:50:00.000Z,133.138,133.22,133.133,133.209,574
2023-04-13T00:55:00.000Z,133.214,133.234,133.163,133.164,673
2023-04-13T01:00:00.000Z,133.164,133.221,133.16,133.19,397
2023-04-13T01:05:00.000Z,133.189,133.22,133.174,133.183,263
2023-04-13T01:10:00.000Z,133.182,133.192,133.123,133.124,299
2023-04-13T01:15:00.000Z,133.123,133.143,133.087,133.088,320
2023-04-13T01:20:00.000Z,133.089,133.105,133.068,133.093,320
2023-04-13T01:25:00.000Z,133.094,133.107,133.076,133.106,342
2023-04-13T01:30:00.000Z,133.105,133.147,133.079,133.093,470
2023-04-13T01:35:00.000Z,133.094,133.101,133.07,133.074,254
2023-04-13T01:40:00.000Z,133.075,133.144,133.042,133.126,358
2023-04-13T01:45:00.000Z,133.125,133.203,133.121,133.189,433
2023-04-13T01:50:00.000Z,133.19,133.195,133.16,133.184,333
2023-04-13T01:55:00.000Z,133.184,133.191,133.158,133.183,435
2023-04-13T02:00:00.000Z,133.184,133.193,133.159,133.165,230
2023-04-13T02:05:00.000Z,133.168,133.175,133.152,133.161,360
2023-04-13T02:10:00.000Z,133.162,133.229,133.143,133.206,421
2023-04-13T02:15:00.000Z,133.204,133.254,133.203,133.237,438
2023-04-13T02:20:00.000Z,133.24,133.274,133.216,133.231,294
2023-04-13T02:25:00.000Z,133.229,133.255,133.212,133.22,279
2023-04-13T02:30:00.000Z,133.219,133.243,133.204,133.238,216
2023-04-13T02:35:00.000Z,133.238,133.246,133.157,133.167,265
2023-04-13T02:40:00.000Z,133.168,133.207,133.165,133.202,240
2023-04-13T02:45:00.000Z,133.201,133.247,133.194,133.237,263
2023-04-13T02:50:00.000Z,133.239,133.248,133.193,133.248,247
2023-04-13T02:55:00.000Z,133.246,133.258,133.235,133.246,162
2023-04-13T03:00:00.000Z,133.247,133.307,133.246,133.264,253
2023-04-13T03:05:00.000Z,133.263,133.302,133.253,133.278,258
2023-04-13T03:10:00.000Z,133.277,133.304,133.267,133.278,354
2023-04-13T03:15:00.000Z,133.274,133.28,133.225,133.237,197
2023-04-13T03:20:00.000Z,133.24,133.271,133.227,133.241,252
2023-04-13T03:25:00.000Z,133.242,133.284,133.242,133.284,222
2023-04-13T03:30:00.000Z,133.283,133.293,133.255,133.262,248
2023-04-13T03:35:00.000Z,133.263,133.272,133.237,133.244,177
2023-04-13T03:40:00.000Z,133.243,133.278,133.237,133.263,169
2023-04-13T03:45:00.000Z,133.262,133.277,133.259,133.276,175
2023-04-13T03:50:00.000Z,133.275,133.284,133.248,133.249,171
2023-04-13T03:55:00.000Z,133.249,133.267,133.248,133.264,229
2023-04-13T04:00:00.000Z,133.266,133.266,133.211,133.23,161
2023-04-13T04:05:00.000Z,133.23,133.233,133.211,133.223,120
2023-04-13T04:10:00.000Z,133.224,133.224,133.185,133.211,195
2023-04-13T04:15:00.000Z,133.21,133.243,133.2,133.237,145
2023-04-13T04:20:00.000Z,133.24,133.242,133.216,133.225,230
2023-04-13T04:25:00.000Z,133.226,133.261,133.21,133.254,308
2023-04-13T04:30:00.000Z,133.252,133.281,133.235,133.279,386
2023-04-13T04:35:00.000Z,133.281,133.289,133.247,133.254,377
2023-04-13T04:40:00.000Z,133.255,133.273,133.219,133.262,277
2023-04-13T04:45:00.000Z,133.264,133.272,133.25,133.272,243
2023-04-13T04:50:00.000Z,133.27,133.292,133.251,133.26,366
2023-04-13T04:55:00.000Z,133.261,133.308,133.26,133.274,339
2023-04-13T05:00:00.000Z,133.273,133.273,133.244,133.249,498
2023-04-13T05:05:00.000Z,133.249,133.25,133.192,133.234,411
2023-04-13T05:10:00.000Z,133.234,133.237,133.197,133.225,151
2023-04-13T05:15:00.000Z,133.226,133.261,133.223,133.242,201
2023-04-13T05:20:00.000Z,133.243,133.288,133.226,133.278,178
2023-04-13T05:25:00.000Z,133.277,133.277,133.245,133.248,139
2023-04-13T05:30:00.000Z,133.249,133.28,133.23,133.28,218
2023-04-13T05:35:00.000Z,133.279,133.279,133.243,133.272,169
2023-04-13T05:40:00.000Z,133.273,133.313,133.27,133.29,204
2023-04-13T05:45:00.000Z,133.291,133.296,133.277,133.296,165
2023-04-13T05:50:00.000Z,133.296,133.297,133.269,133.27,189
2023-04-13T05:55:00.000Z,133.27,133.329,133.264,133.296,337
2023-04-13T06:00:00.000Z,133.298,133.353,133.283,133.316,463
2023-04-13T06:05:00.000Z,133.322,133.358,133.313,133.327,306
2023-04-13T06:10:00.000Z,133.331,133.375,133.316,133.323,382
2023-04-13T06:15:00.000Z,133.322,133.33,133.292,133.297,345
2023-04-13T06:20:00.000Z,133.296,133.317,133.278,133.284,310
2023-04-13T06:25:00.000Z,133.283,133.302,133.246,133.254,257
2023-04-13T06:30:00.000Z,133.258,133.271,133.236,133.251,266
2023-04-13T06:35:00.000Z,133.253,133.29,133.237,133.241,277
2023-04-13T06:40:00.000Z,133.242,133.264,133.229,133.244,272
2023-04-13T06:45:00.000Z,133.243,133.249,133.147,133.157,386
2023-04-13T06:50:00.000Z,133.158,133.186,133.152,133.183,284
2023-04-13T06:55:00.000Z,133.184,133.19,133.147,133.154,508
2023-04-13T07:00:00.000Z,133.153,133.157,133.055,133.091,497
2023-04-13T07:05:00.000Z,133.09,133.137,133.052,133.095,533
2023-04-13T07:10:00.000Z,133.099,133.132,133.058,133.102,576
2023-04-13T07:15:00.000Z,133.101,133.123,133.069,133.102,383
2023-04-13T07:20:00.000Z,133.103,133.11,133.034,133.07,521
2023-04-13T07:25:00.000Z,133.076,133.09,133.046,133.054,435
2023-04-13T07:30:00.000Z,133.055,133.096,133.042,133.085,497
2023-04-13T07:35:00.000Z,133.087,133.095,133.046,133.081,407
2023-04-13T07:40:00.000Z,133.082,133.095,133.079,133.089,380
2023-04-13T07:45:00.000Z,133.095,133.095,133.024,133.042,418
2023-04-13T07:50:00.000Z,133.041,133.061,133.011,133.023,393
2023-04-13T07:55:00.000Z,133.023,133.046,132.999,133.021,439
2023-04-13T08:00:00.000Z,133.022,133.11,132.994,133.105,612
2023-04-13T08:05:00.000Z,133.104,133.112,133.007,133.01,583
2023-04-13T08:10:00.000Z,133.01,133.01,132.902,132.938,511
2023-04-13T08:15:00.000Z,132.938,132.967,132.928,132.962,368
2023-04-13T08:20:00.000Z,132.961,132.989,132.938,132.949,371
2023-04-13T08:25:00.000Z,132.95,133.001,132.929,132.989,368
2023-04-13T08:30:00.000Z,132.986,133.038,132.963,132.968,380
2023-04-13T08:35:00.000Z,132.97,133.035,132.96,133.011,400
2023-04-13T08:40:00.000Z,133.012,133.075,133.012,133.062,356
2023-04-13T08:45:00.000Z,133.061,133.124,133.04,133.122,378
2023-04-13T08:50:00.000Z,133.122,133.147,133.108,133.146,270
2023-04-13T08:55:00.000Z,133.147,133.189,133.147,133.164,414
2023-04-13T09:00:00.000Z,133.166,133.18,133.127,133.131,329
2023-04-13T09:05:00.000Z,133.132,133.154,133.125,133.151,246
2023-04-13T09:10:00.000Z,133.152,133.165,133.12,133.126,298
2023-04-13T09:15:00.000Z,133.128,133.133,133.088,133.123,279
2023-04-13T09:20:00.000Z,133.122,133.126,133.089,133.099,266
2023-04-13T09:25:00.000Z,133.097,133.103,133.049,133.072,269
2023-04-13T09:30:00.000Z,133.072,133.076,133.022,133.035,286
2023-04-13T09:35:00.000Z,133.036,133.078,133.034,133.074,319
2023-04-13T09:40:00.000Z,133.074,133.098,133.054,133.055,349
2023-04-13T09:45:00.000Z,133.056,133.103,133.041,133.1,365
2023-04-13T09:50:00.000Z,133.1,133.145,133.082,133.123,282
2023-04-13T09:55:00.000Z,133.124,133.175,133.124,133.174,355
2023-04-13T10:00:00.000Z,133.173,133.22,133.17,133.187,409
2023-04-13T10:05:00.000Z,133.188,133.242,133.167,133.173,421
2023-04-13T10:10:00.000Z,133.177,133.203,133.17,133.202,298
2023-04-13T10:15:00.000Z,133.207,133.223,133.178,133.202,282
2023-04-13T10:20:00.000Z,133.203,133.236,133.177,133.23,267
2023-04-13T10:25:00.000Z,133.229,133.247,133.209,133.218,239
2023-04-13T10:30:00.000Z,133.218,133.275,133.206,133.254,312
2023-04-13T10:35:00.000Z,133.253,133.281,133.239,133.275,351
2023-04-13T10:40:00.000Z,133.275,133.292,133.257,133.283,226
2023-04-13T10:45:00.000Z,133.286,133.288,133.263,133.281,236
2023-04-13T10:50:00.000Z,133.283,133.291,133.269,133.28,205
2023-04-13T10:55:00.000Z,133.282,133.291,133.222,133.229,245
2023-04-13T11:00:00.000Z,133.228,133.242,133.205,133.219,318
2023-04-13T11:05:00.000Z,133.213,133.225,133.192,133.202,239
2023-04-13T11:10:00.000Z,133.204,133.22,133.192,133.208,239
2023-04-13T11:15:00.000Z,133.209,133.21,133.175,133.2,244
2023-04-13T11:20:00.000Z,133.198,133.205,133.147,133.148,253
2023-04-13T11:25:00.000Z,133.149,133.158,133.139,133.157,175
2023-04-13T11:30:00.000Z,133.158,133.169,133.122,133.15,215
2023-04-13T11:35:00.000Z,133.151,133.255,133.15,133.253,224
2023-04-13T11:40:00.000Z,133.254,133.28,133.252,133.266,257
2023-04-13T11:45:00.000Z,133.265,133.281,133.229,133.281,235
2023-04-13T11:50:00.000Z,133.285,133.353,133.269,133.342,380
2023-04-13T11:55:00.000Z,133.345,133.375,133.317,133.339,444
2023-04-13T12:00:00.000Z,133.34,133.392,133.305,133.307,461
2023-04-13T12:05:00.000Z,133.306,133.31,133.255,133.27,319
2023-04-13T12:10:00.000Z,133.27,133.295,133.239,133.287,267
2023-04-13T12:15:00.000Z,133.287,133.288,133.204,133.206,328
2023-04-13T12:20:00.000Z,133.206,133.227,133.169,133.206,508
2023-04-13T12:25:00.000Z,133.204,133.214,133.14,133.157,479
2023-04-13T12:30:00.000Z,133.167,133.167,132.784,132.936,1380
2023-04-13T12:35:00.000Z,132.934,133.008,132.864,132.96,1066
2023-04-13T12:40:00.000Z,132.961,132.968,132.813,132.831,982
2023-04-13T12:45:00.000Z,132.831,132.89,132.661,132.687,1031
2023-04-13T12:50:00.000Z,132.686,132.69,132.552,132.586,1031
2023-04-13T12:55:00.000Z,132.579,132.607,132.5,132.51,987
2023-04-13T13:00:00.000Z,132.504,132.535,132.421,132.456,939
2023-04-13T13:05:00.000Z,132.455,132.528,132.43,132.516,887
2023-04-13T13:10:00.000Z,132.519,132.539,132.369,132.388,758
2023-04-13T13:15:00.000Z,132.387,132.438,132.38,132.395,720
2023-04-13T13:20:00.000Z,132.396,132.401,132.324,132.366,727
2023-04-13T13:25:00.000Z,132.366,132.417,132.355,132.384,655
2023-04-13T13:30:00.000Z,132.391,132.4,132.26,132.26,872
2023-04-13T13:35:00.000Z,132.262,132.267,132.109,132.109,895
2023-04-13T13:40:00.000Z,132.11,132.179,132.086,132.101,811
2023-04-13T13:45:00.000Z,132.1,132.104,132.032,132.032,589
2023-04-13T13:50:00.000Z,132.033,132.179,132.021,132.174,846
2023-04-13T13:55:00.000Z,132.177,132.206,132.127,132.145,632
2023-04-13T14:00:00.000Z,132.146,132.277,132.13,132.23,766
2023-04-13T14:05:00.000Z,132.231,132.293,132.225,132.283,697
2023-04-13T14:10:00.000Z,132.284,132.38,132.258,132.368,716
2023-04-13T14:15:00.000Z,132.37,132.411,132.305,132.337,732
2023-04-13T14:20:00.000Z,132.336,132.413,132.314,132.379,548
2023-04-13T14:25:00.000Z,132.386,132.422,132.318,132.357,738
2023-04-13T14:30:00.000Z,132.358,132.375,132.306,132.36,652
2023-04-13T14:35:00.000Z,132.361,132.495,132.354,132.458,758
2023-04-13T14:40:00.000Z,132.462,132.48,132.395,132.473,776
2023-04-13T14:45:00.000Z,132.474,132.498,132.423,132.462,664
2023-04-13T14:50:00.000Z,132.462,132.498,132.429,132.468,690
2023-04-13T14:55:00.000Z,132.469,132.469,132.399,132.421,617
2023-04-13T15:00:00.000Z,132.427,132.474,132.403,132.472,513
2023-04-13T15:05:00.000Z,132.473,132.5,132.421,132.462,376
2023-04-13T15:10:00.000Z,132.465,132.472,132.4,132.419,382
2023-04-13T15:15:00.000Z,132.419,132.419,132.332,132.348,403
2023-04-13T15:20:00.000Z,132.355,132.392,132.35,132.389,344
2023-04-13T15:25:00.000Z,132.391,132.426,132.382,132.411,299
2023-04-13T15:30:00.000Z,132.411,132.419,132.368,132.384,309
2023-04-13T15:35:00.000Z,132.383,132.399,132.323,132.372,408
2023-04-13T15:40:00.000Z,132.37,132.374,132.31,132.33,462
2023-04-13T15:45:00.000Z,132.33,132.333,132.282,132.317,509
2023-04-13T15:50:00.000Z,132.317,132.372,132.293,132.367,535
2023-04-13T15:55:00.000Z,132.367,132.386,132.36,132.378,272
2023-04-13T16:00:00.000Z,132.379,132.403,132.368,132.403,351
2023-04-13T16:05:00.000Z,132.404,132.494,132.404,132.483,415
2023-04-13T16:10:00.000Z,132.486,132.49,132.454,132.462,366
2023-04-13T16:15:00.000Z,132.463,132.464,132.42,132.423,248
2023-04-13T16:20:00.000Z,132.423,132.427,132.401,132.406,252
2023-04-13T16:25:00.000Z,132.405,132.429,132.392,132.41,267
2023-04-13T16:30:00.000Z,132.409,132.433,132.408,132.413,236
2023-04-13T16:35:00.000Z,132.413,132.435,132.395,132.416,343
2023-04-13T16:40:00.000Z,132.415,132.455,132.397,132.429,289
2023-04-13T16:45:00.000Z,132.429,132.435,132.41,132.414,274
2023-04-13T16:50:00.000Z,132.413,132.413,132.361,132.394,328
2023-04-13T16:55:00.000Z,132.395,132.4,132.362,132.379,235
2023-04-13T17:00:00.000Z,132.379,132.48,132.37,132.45,441
2023-04-13T17:05:00.000Z,132.449,132.493,132.449,132.465,367
2023-04-13T17:10:00.000Z,132.467,132.476,132.441,132.467,334
2023-04-13T17:15:00.000Z,132.467,132.489,132.463,132.479,300
2023-04-13T17:20:00.000Z,132.48,132.536,132.464,132.527,365
2023-04-13T17:25:00.000Z,132.527,132.574,132.527,132.574,297
2023-04-13T17:30:00.000Z,132.575,132.578,132.531,132.554,180
2023-04-13T17:35:00.000Z,132.554,132.556,132.518,132.528,195
2023-04-13T17:40:00.000Z,132.528,132.546,132.52,132.539,173
2023-04-13T17:45:00.000Z,132.542,132.554,132.535,132.552,128
2023-04-13T17:50:00.000Z,132.553,132.555,132.534,132.546,215
2023-04-13T17:55:00.000Z,132.547,132.578,132.546,132.574,215
2023-04-13T18:00:00.000Z,132.576,132.641,132.576,132.624,288
2023-04-13T18:05:00.000Z,132.624,132.633,132.613,132.625,142
2023-04-13T18:10:00.000Z,132.627,132.666,132.621,132.653,298
2023-04-13T18:15:00.000Z,132.654,132.699,132.653,132.695,329
2023-04-13T18:20:00.000Z,132.694,132.75,132.688,132.745,312
2023-04-13T18:25:00.000Z,132.746,132.752,132.715,132.724,197
2023-04-13T18:30:00.000Z,132.727,132.757,132.726,132.726,219
2023-04-13T18:35:00.000Z,132.727,132.743,132.717,132.743,241
2023-04-13T18:40:00.000Z,132.743,132.8,132.74,132.774,227
2023-04-13T18:45:00.000Z,132.773,132.786,132.757,132.759,171
2023-04-13T18:50:00.000Z,132.763,132.776,132.744,132.776,247
2023-04-13T18:55:00.000Z,132.777,132.784,132.751,132.765,375
2023-04-13T19:00:00.000Z,132.762,132.784,132.724,132.734,268
2023-04-13T19:05:00.000Z,132.735,132.736,132.714,132.715,129
2023-04-13T19:10:00.000Z,132.715,132.734,132.708,132.724,185
2023-04-13T19:15:00.000Z,132.729,132.764,132.726,132.762,206
2023-04-13T19:20:00.000Z,132.766,132.769,132.73,132.732,111
2023-04-13T19:25:00.000Z,132.732,132.762,132.732,132.751,164
2023-04-13T19:30:00.000Z,132.751,132.765,132.749,132.759,185
2023-04-13T19:35:00.000Z,132.759,132.762,132.741,132.754,150
2023-04-13T19:40:00.000Z,132.754,132.767,132.741,132.743,113
2023-04-13T19:45:00.000Z,132.743,132.743,132.723,132.724,116
2023-04-13T19:50:00.000Z,132.725,132.742,132.721,132.723,127
2023-04-13T19:55:00.000Z,132.722,132.732,132.721,132.731,120
2023-04-13T20:00:00.000Z,132.732,132.743,132.705,132.705,157
2023-04-13T20:05:00.000Z,132.708,132.708,132.695,132.703,145
2023-04-13T20:10:00.000Z,132.705,132.717,132.701,132.711,92
2023-04-13T20:15:00.000Z,132.711,132.713,132.699,132.701,121
2023-04-13T20:20:00.000Z,132.701,132.703,132.644,132.644,159
2023-04-13T20:25:00.000Z,132.644,132.645,132.599,132.607,184
2023-04-13T20:30:00.000Z,132.612,132.642,132.611,132.636,182
2023-04-13T20:35:00.000Z,132.635,132.635,132.608,132.614,135
2023-04-13T20:40:00.000Z,132.614,132.622,132.6,132.6,108
2023-04-13T20:45:00.000Z,132.6,132.6,132.574,132.576,145
2023-04-13T20:50:00.000Z,132.581,132.592,132.571,132.573,236
2023-04-13T20:55:00.000Z,132.573,132.581,132.565,132.576,103
2023-04-13T21:00:00.000Z,132.574,132.574,132.48,132.517,45
2023-04-13T21:05:00.000Z,132.51,132.547,132.501,132.546,586
2023-04-13T21:10:00.000Z,132.547,132.566,132.545,132.565,785
2023-04-13T21:15:00.000Z,132.565,132.567,132.553,132.56,830
2023-04-13T21:20:00.000Z,132.559,132.561,132.554,132.558,861
2023-04-13T21:25:00.000Z,132.558,132.559,132.554,132.559,1192
2023-04-13T21:30:00.000Z,132.558,132.561,132.555,132.558,194
2023-04-13T21:35:00.000Z,132.557,132.56,132.556,132.56,11
2023-04-13T21:40:00.000Z,132.562,132.564,132.562,132.563,8
2023-04-13T21:45:00.000Z,132.563,132.563,132.56,132.562,6
2023-04-13T21:50:00.000Z,132.562,132.564,132.562,132.562,20
2023-04-13T21:55:00.000Z,132.562,132.566,132.561,132.562,122
2023-04-13T22:00:00.000Z,132.568,132.586,132.568,132.58,328
2023-04-13T22:05:00.000Z,132.581,132.582,132.578,132.581,54
2023-04-13T22:10:00.000Z,132.58,132.582,132.548,132.562,194
2023-04-13T22:15:00.000Z,132.56,132.588,132.555,132.564,263
2023-04-13T22:20:00.000Z,132.563,132.575,132.55,132.56,218
2023-04-13T22:25:00.000Z,132.56,132.56,132.528,132.55,390
2023-04-13T22:30:00.000Z,132.551,132.578,132.547,132.576,607
2023-04-13T22:35:00.000Z,132.577,132.587,132.569,132.571,262
2023-04-13T22:40:00.000Z,132.573,132.604,132.557,132.601,155
2023-04-13T22:45:00.000Z,132.6,132.604,132.594,132.596,45
2023-04-13T22:50:00.000Z,132.595,132.614,132.594,132.6,126
2023-04-13T22:55:00.000Z,132.6,132.601,132.585,132.585,67
2023-04-13T23:00:00.000Z,132.586,132.596,132.555,132.575,129
2023-04-13T23:05:00.000Z,132.576,132.576,132.554,132.566,62
2023-04-13T23:10:00.000Z,132.574,132.584,132.567,132.575,58
2023-04-13T23:15:00.000Z,132.572,132.58,132.565,132.579,73
2023-04-13T23:20:00.000Z,132.578,132.582,132.551,132.554,55
2023-04-13T23:25:00.000Z,132.555,132.574,132.55,132.556,68
2023-04-13T23:30:00.000Z,132.556,132.561,132.533,132.533,135
2023-04-13T23:35:00.000Z,132.533,132.533,132.468,132.477,353
2023-04-13T23:40:00.000Z,132.477,132.511,132.471,132.507,364
2023-04-13T23:45:00.000Z,132.506,132.522,132.494,132.51,300
2023-04-13T23:50:00.000Z,132.511,132.513,132.477,132.488,254
2023-04-13T23:55:00.000Z,132.486,132.508,132.483,132.488,200
2023-04-14T00:00:00.000Z,132.49,132.566,132.441,132.479,625
2023-04-14T00:05:00.000Z,132.482,132.515,132.472,132.502,361
2023-04-14T00:10:00.000Z,132.512,132.576,132.512,132.555,329
2023-04-14T00:15:00.000Z,132.554,132.582,132.496,132.505,335
2023-04-14T00:20:00.000Z,132.502,132.547,132.489,132.501,352
2023-04-14T00:25:00.000Z,132.5,132.555,132.499,132.541,212
2023-04-14T00:30:00.000Z,132.542,132.585,132.536,132.585,302
2023-04-14T00:35:00.000Z,132.585,132.585,132.532,132.534,322
2023-04-14T00:40:00.000Z,132.54,132.639,132.534,132.637,363
2023-04-14T00:45:00.000Z,132.636,132.637,132.573,132.583,450
2023-04-14T00:50:00.000Z,132.584,132.584,132.45,132.503,792
2023-04-14T00:55:00.000Z,132.504,132.598,132.499,132.587,882
2023-04-14T01:00:00.000Z,132.588,132.618,132.552,132.554,418
2023-04-14T01:05:00.000Z,132.555,132.591,132.55,132.571,309
2023-04-14T01:10:00.000Z,132.57,132.585,132.553,132.565,242
2023-04-14T01:15:00.000Z,132.566,132.566,132.378,132.445,582
2023-04-14T01:20:00.000Z,132.445,132.462,132.405,132.459,539
2023-04-14T01:25:00.000Z,132.459,132.471,132.435,132.468,758
2023-04-14T01:30:00.000Z,132.466,132.509,132.461,132.504,383
2023-04-14T01:35:00.000Z,132.503,132.545,132.501,132.535,352
2023-04-14T01:40:00.000Z,132.539,132.575,132.485,132.497,409
2023-04-14T01:45:00.000Z,132.496,132.496,132.432,132.434,334
2023-04-14T01:50:00.000Z,132.433,132.522,132.433,132.502,396
2023-04-14T01:55:00.000Z,132.501,132.515,132.434,132.434,314
2023-04-14T02:00:00.000Z,132.435,132.474,132.404,132.404,482
2023-04-14T02:05:00.000Z,132.404,132.412,132.268,132.315,596
2023-04-14T02:10:00.000Z,132.314,132.387,132.314,132.375,350
2023-04-14T02:15:00.000Z,132.373,132.399,132.353,132.367,415
2023-04-14T02:20:00.000Z,132.371,132.376,132.326,132.338,397
2023-04-14T02:25:00.000Z,132.337,132.369,132.329,132.363,326
2023-04-14T02:30:00.000Z,132.36,132.368,132.349,132.366,353
2023-04-14T02:35:00.000Z,132.365,132.399,132.365,132.393,330
2023-04-14T02:40:00.000Z,132.392,132.398,132.366,132.383,381
2023-04-14T02:45:00.000Z,132.384,132.411,132.378,132.384,319
2023-04-14T02:50:00.000Z,132.385,132.42,132.385,132.409,320
2023-04-14T02:55:00.000Z,132.41,132.418,132.356,132.415,319
2023-04-14T03:00:00.000Z,132.415,132.457,132.41,132.456,283
2023-04-14T03:05:00.000Z,132.456,132.475,132.455,132.462,298
2023-04-14T03:10:00.000Z,132.462,132.481,132.427,132.434,310
2023-04-14T03:15:00.000Z,132.435,132.445,132.419,132.424,253
2023-04-14T03:20:00.000Z,132.425,132.442,132.423,132.431,150
2023-04-14T03:25:00.000Z,132.431,132.432,132.4,132.403,219
2023-04-14T03:30:00.000Z,132.403,132.403,132.362,132.367,298
2023-04-14T03:35:00.000Z,132.367,132.367,132.343,132.349,345
2023-04-14T03:40:00.000Z,132.351,132.365,132.34,132.358,232
2023-04-14T03:45:00.000Z,132.359,132.366,132.341,132.357,203
2023-04-14T03:50:00.000Z,132.356,132.394,132.351,132.382,240
2023-04-14T03:55:00.000Z,132.382,132.41,132.367,132.402,331
2023-04-14T04:00:00.000Z,132.403,132.437,132.395,132.395,336
2023-04-14T04:05:00.000Z,132.394,132.431,132.381,132.42,213
2023-04-14T04:10:00.000Z,132.416,132.421,132.377,132.38,373
2023-04-14T04:15:00.000Z,132.377,132.387,132.348,132.367,367
2023-04-14T04:20:00.000Z,132.366,132.377,132.358,132.368,305
2023-04-14T04:25:00.000Z,132.368,132.375,132.287,132.297,319
2023-04-14T04:30:00.000Z,132.303,132.367,132.303,132.362,376
2023-04-14T04:35:00.000Z,132.363,132.392,132.357,132.392,316
2023-04-14T04:40:00.000Z,132.391,132.403,132.383,132.391,263
2023-04-14T04:45:00.000Z,132.392,132.419,132.373,132.412,207
2023-04-14T04:50:00.000Z,132.412,132.487,132.398,132.482,237
2023-04-14T04:55:00.000Z,132.481,132.485,132.461,132.475,259
2023-04-14T05:00:00.000Z,132.474,132.495,132.47,132.471,252
2023-04-14T05:05:00.000Z,132.471,132.501,132.471,132.501,183
2023-04-14T05:10:00.000Z,132.505,132.508,132.486,132.499,152
2023-04-14T05:15:00.000Z,132.5,132.501,132.479,132.49,151
2023-04-14T05:20:00.000Z,132.49,132.49,132.472,132.481,205
2023-04-14T05:25:00.000Z,132.481,132.506,132.478,132.489,208
2023-04-14T05:30:00.000Z,132.489,132.533,132.475,132.532,215
2023-04-14T05:35:00.000Z,132.532,132.575,132.524,132.524,366
2023-04-14T05:40:00.000Z,132.528,132.562,132.528,132.55,318
2023-04-14T05:45:00.000Z,132.549,132.572,132.517,132.545,360
2023-04-14T05:50:00.000Z,132.546,132.565,132.499,132.504,287
2023-04-14T05:55:00.000Z,132.503,132.503,132.465,132.465,306
2023-04-14T06:00:00.000Z,132.462,132.479,132.435,132.446,404
2023-04-14T06:05:00.000Z,132.447,132.455,132.367,132.404,427
2023-04-14T06:10:00.000Z,132.405,132.437,132.378,132.422,351
2023-04-14T06:15:00.000Z,132.429,132.446,132.395,132.446,322
2023-04-14T06:20:00.000Z,132.447,132.485,132.43,132.431,371
2023-04-14T06:25:00.000Z,132.434,132.474,132.424,132.467,319
2023-04-14T06:30:00.000Z,132.472,132.499,132.472,132.489,231
2023-04-14T06:35:00.000Z,132.49,132.49,132.437,132.474,253
2023-04-14T06:40:00.000Z,132.48,132.496,132.451,132.46,271
2023-04-14T06:45:00.000Z,132.466,132.523,132.466,132.491,463
2023-04-14T06:50:00.000Z,132.496,132.548,132.496,132.541,380
2023-04-14T06:55:00.000Z,132.541,132.549,132.459,132.463,451
2023-04-14T07:00:00.000Z,132.468,132.586,132.468,132.585,612
2023-04-14T07:05:00.000Z,132.59,132.592,132.541,132.559,519
2023-04-14T07:10:00.000Z,132.559,132.584,132.496,132.497,441
2023-04-14T07:15:00.000Z,132.497,132.522,132.485,132.514,409
2023-04-14T07:20:00.000Z,132.517,132.532,132.486,132.528,299
2023-04-14T07:25:00.000Z,132.529,132.548,132.443,132.45,489
2023-04-14T07:30:00.000Z,132.453,132.478,132.393,132.411,467
2023-04-14T07:35:00.000Z,132.41,132.426,132.336,132.34,491
2023-04-14T07:40:00.000Z,132.339,132.375,132.289,132.353,514
2023-04-14T07:45:00.000Z,132.355,132.363,132.241,132.261,482
2023-04-14T07:50:00.000Z,132.262,132.291,132.218,132.23,395
2023-04-14T07:55:00.000Z,132.231,132.237,132.195,132.228,423
2023-04-14T08:00:00.000Z,132.227,132.258,132.169,132.212,608
2023-04-14T08:05:00.000Z,132.213,132.319,132.213,132.293,544
2023-04-14T08:10:00.000Z,132.294,132.34,132.265,132.325,459
2023-04-14T08:15:00.000Z,132.326,132.363,132.308,132.335,485
2023-04-14T08:20:00.000Z,132.336,132.336,132.284,132.289,405
2023-04-14T08:25:00.000Z,132.287,132.363,132.276,132.36,409
2023-04-14T08:30:00.000Z,132.361,132.413,132.36,132.394,386
2023-04-14T08:35:00.000Z,132.393,132.408,132.338,132.346,335
2023-04-14T08:40:00.000Z,132.345,132.367,132.323,132.365,252
2023-04-14T08:45:00.000Z,132.364,132.42,132.352,132.412,263
2023-04-14T08:50:00.000Z,132.413,132.49,132.41,132.456,501
2023-04-14T08:55:00.000Z,132.457,132.498,132.437,132.495,437
2023-04-14T09:00:00.000Z,132.491,132.51,132.443,132.478,403
2023-04-14T09:05:00.000Z,132.479,132.48,132.445,132.462,301
2023-04-14T09:10:00.000Z,132.463,132.475,132.421,132.467,328
2023-04-14T09:15:00.000Z,132.467,132.481,132.449,132.462,281
2023-04-14T09:20:00.000Z,132.463,132.487,132.452,132.47,253
2023-04-14T09:25:00.000Z,132.472,132.486,132.459,132.479,247
2023-04-14T09:30:00.000Z,132.48,132.532,132.478,132.508,328
2023-04-14T09:35:00.000Z,132.508,132.52,132.48,132.496,301
2023-04-14T09:40:00.000Z,132.495,132.505,132.472,132.495,258
2023-04-14T09:45:00.000Z,132.495,132.514,132.489,132.497,190
2023-04-14T09:50:00.000Z,132.497,132.553,132.479,132.544,347
2023-04-14T09:55:00.000Z,132.544,132.552,132.488,132.495,314
2023-04-14T10:00:00.000Z,132.499,132.499,132.438,132.455,387
2023-04-14T10:05:00.000Z,132.455,132.475,132.442,132.457,396
2023-04-14T10:10:00.000Z,132.456,132.464,132.402,132.414,515
2023-04-14T10:15:00.000Z,132.418,132.431,132.404,132.428,209
2023-04-14T10:20:00.000Z,132.43,132.447,132.427,132.441,175
2023-04-14T10:25:00.000Z,132.443,132.489,132.44,132.457,263
2023-04-14T10:30:00.000Z,132.455,132.466,132.433,132.442,270
2023-04-14T10:35:00.000Z,132.441,132.48,132.435,132.472,207
2023-04-14T10:40:00.000Z,132.473,132.475,132.454,132.459,251
2023-04-14T10:45:00.000Z,132.458,132.46,132.431,132.459,272
2023-04-14T10:50:00.000Z,132.46,132.499,132.458,132.479,331
2023-04-14T10:55:00.000Z,132.481,132.521,132.479,132.506,235
2023-04-14T11:00:00.000Z,132.506,132.596,132.506,132.589,467
2023-04-14T11:05:00.000Z,132.589,132.693,132.581,132.675,588
2023-04-14T11:10:00.000Z,132.676,132.746,132.671,132.703,705
2023-04-14T11:15:00.000Z,132.704,132.706,132.665,132.679,549
2023-04-14T11:20:00.000Z,132.682,132.687,132.642,132.658,319
2023-04-14T11:25:00.000Z,132.659,132.692,132.658,132.677,299
2023-04-14T11:30:00.000Z,132.68,132.73,132.662,132.685,411
2023-04-14T11:35:00.000Z,132.692,132.723,132.675,132.685,436
2023-04-14T11:40:00.000Z,132.686,132.702,132.634,132.695,382
2023-04-14T11:45:00.000Z,132.696,132.703,132.637,132.637,325
2023-04-14T11:50:00.000Z,132.637,132.655,132.633,132.633,183
2023-04-14T11:55:00.000Z,132.631,132.642,132.607,132.608,278
2023-04-14T12:00:00.000Z,132.607,132.607,132.518,132.545,437
2023-04-14T12:05:00.000Z,132.545,132.575,132.536,132.575,299
2023-04-14T12:10:00.000Z,132.577,132.602,132.564,132.579,314
2023-04-14T12:15:00.000Z,132.581,132.582,132.469,132.473,396
2023-04-14T12:20:00.000Z,132.473,132.521,132.469,132.479,343
2023-04-14T12:25:00.000Z,132.478,132.506,132.421,132.457,452
2023-04-14T12:30:00.000Z,132.458,132.971,132.196,132.961,1780
2023-04-14T12:35:00.000Z,132.962,132.993,132.779,132.844,1309
2023-04-14T12:40:00.000Z,132.847,133.083,132.847,133.083,1155
2023-04-14T12:45:00.000Z,133.084,133.189,133.068,133.119,1476
2023-04-14T12:50:00.000Z,133.123,133.183,133.058,133.103,1467
2023-04-14T12:55:00.000Z,133.104,133.138,133.009,133.013,1160
2023-04-14T13:00:00.000Z,133.013,133.048,132.949,132.995,956
2023-04-14T13:05:00.000Z,132.994,133.082,132.977,133.066,698
2023-04-14T13:10:00.000Z,133.068,133.071,133.001,133.017,599
2023-04-14T13:15:00.000Z,133.018,133.111,132.995,133.048,835
2023-04-14T13:20:00.000Z,133.05,133.057,132.971,132.985,601
2023-04-14T13:25:00.000Z,132.987,133.091,132.987,133.053,635
2023-04-14T13:30:00.000Z,133.052,133.107,133.017,133.037,797
2023-04-14T13:35:00.000Z,133.038,133.069,133.012,133.042,831
2023-04-14T13:40:00.000Z,133.04,133.154,133.033,133.105,679
2023-04-14T13:45:00.000Z,133.108,133.189,133.07,133.175,610
2023-04-14T13:50:00.000Z,133.174,133.217,133.085,133.098,825
2023-04-14T13:55:00.000Z,133.097,133.128,133.037,133.048,600
2023-04-14T14:00:00.000Z,133.14,133.439,133.14,133.304,1247
2023-04-14T14:05:00.000Z,133.304,133.455,133.296,133.402,1143
2023-04-14T14:10:00.000Z,133.399,133.419,133.281,133.313,923
2023-04-14T14:15:00.000Z,133.32,133.44,133.316,133.434,756
2023-04-14T14:20:00.000Z,133.434,133.459,133.401,133.443,871
2023-04-14T14:25:00.000Z,133.449,133.468,133.401,133.415,609
2023-04-14T14:30:00.000Z,133.421,133.475,133.421,133.439,696
2023-04-14T14:35:00.000Z,133.44,133.442,133.403,133.43,570
2023-04-14T14:40:00.000Z,133.43,133.449,133.423,133.446,487
2023-04-14T14:45:00.000Z,133.447,133.448,133.412,133.44,526
2023-04-14T14:50:00.000Z,133.44,133.448,133.361,133.407,615
2023-04-14T14:55:00.000Z,133.407,133.471,133.407,133.461,459
2023-04-14T15:00:00.000Z,133.457,133.57,133.441,133.534,599
2023-04-14T15:05:00.000Z,133.535,133.593,133.529,133.548,634
2023-04-14T15:10:00.000Z,133.547,133.577,133.517,133.546,587
2023-04-14T15:15:00.000Z,133.545,133.636,133.525,133.625,531
2023-04-14T15:20:00.000Z,133.624,133.675,133.587,133.672,503
2023-04-14T15:25:00.000Z,133.672,133.722,133.659,133.694,513
2023-04-14T15:30:00.000Z,133.694,133.728,133.668,133.724,479
2023-04-14T15:35:00.000Z,133.724,133.729,133.691,133.7,523
2023-04-14T15:40:00.000Z,133.702,133.753,133.697,133.746,363
2023-04-14T15:45:00.000Z,133.746,133.764,133.731,133.756,313
2023-04-14T15:50:00.000Z,133.757,133.763,133.706,133.733,328
2023-04-14T15:55:00.000Z,133.733,133.765,133.731,133.749,357
2023-04-14T16:00:00.000Z,133.75,133.772,133.682,133.682,307
2023-04-14T16:05:00.000Z,133.69,133.695,133.656,133.668,342
2023-04-14T16:10:00.000Z,133.67,133.7,133.663,133.699,267
2023-04-14T16:15:00.000Z,133.698,133.702,133.677,133.698,316
2023-04-14T16:20:00.000Z,133.697,133.698,133.647,133.677,276
2023-04-14T16:25:00.000Z,133.677,133.717,133.675,133.712,200
2023-04-14T16:30:00.000Z,133.712,133.73,133.71,133.71,190
2023-04-14T16:35:00.000Z,133.71,133.745,133.709,133.743,218
2023-04-14T16:40:00.000Z,133.743,133.816,133.743,133.816,208
2023-04-14T16:45:00.000Z,133.816,133.836,133.804,133.809,258
2023-04-14T16:50:00.000Z,133.808,133.826,133.772,133.782,207
2023-04-14T16:55:00.000Z,133.781,133.816,133.779,133.781,272
2023-04-14T17:00:00.000Z,133.78,133.793,133.746,133.763,321
2023-04-14T17:05:00.000Z,133.766,133.77,133.704,133.719,308
2023-04-14T17:10:00.000Z,133.72,133.722,133.702,133.71,146
2023-04-14T17:15:00.000Z,133.706,133.709,133.683,133.709,221
2023-04-14T17:20:00.000Z,133.71,133.718,133.674,133.678,244
2023-04-14T17:25:00.000Z,133.677,133.688,133.639,133.671,354
2023-04-14T17:30:00.000Z,133.672,133.686,133.648,133.648,254
2023-04-14T17:35:00.000Z,133.649,133.669,133.63,133.657,241
2023-04-14T17:40:00.000Z,133.657,133.718,133.657,133.71,291
2023-04-14T17:45:00.000Z,133.711,133.726,133.701,133.726,183
2023-04-14T17:50:00.000Z,133.727,133.742,133.714,133.736,170
2023-04-14T17:55:00.000Z,133.735,133.765,133.733,133.763,168
2023-04-14T18:00:00.000Z,133.763,133.763,133.745,133.746,119
2023-04-14T18:05:00.000Z,133.754,133.769,133.744,133.768,174
2023-04-14T18:10:00.000Z,133.764,133.785,133.763,133.764,160
2023-04-14T18:15:00.000Z,133.764,133.779,133.751,133.774,115
2023-04-14T18:20:00.000Z,133.774,133.808,133.773,133.801,170
2023-04-14T18:25:00.000Z,133.801,133.805,133.78,133.791,140
2023-04-14T18:30:00.000Z,133.791,133.8,133.777,133.793,79
2023-04-14T18:35:00.000Z,133.795,133.804,133.795,133.8,70
2023-04-14T18:40:00.000Z,133.8,133.802,133.77,133.772,83
2023-04-14T18:45:00.000Z,133.772,133.773,133.753,133.753,87
2023-04-14T18:50:00.000Z,133.752,133.771,133.745,133.77,104
2023-04-14T18:55:00.000Z,133.768,133.815,133.763,133.788,350
2023-04-14T19:00:00.000Z,133.787,133.791,133.74,133.746,239
2023-04-14T19:05:00.000Z,133.747,133.755,133.736,133.74,214
2023-04-14T19:10:00.000Z,133.744,133.757,133.742,133.744,144
2023-04-14T19:15:00.000Z,133.745,133.745,133.711,133.735,165
2023-04-14T19:20:00.000Z,133.734,133.784,133.732,133.764,215
2023-04-14T19:25:00.000Z,133.763,133.772,133.748,133.771,175
2023-04-14T19:30:00.000Z,133.772,133.781,133.77,133.772,149
2023-04-14T19:35:00.000Z,133.771,133.799,133.771,133.797,58
2023-04-14T19:40:00.000Z,133.799,133.799,133.762,133.762,159
2023-04-14T19:45:00.000Z,133.763,133.773,133.752,133.752,146
2023-04-14T19:50:00.000Z,133.75,133.759,133.731,133.733,210
2023-04-14T19:55:00.000Z,133.734,133.764,133.733,133.76,166
2023-04-14T20:00:00.000Z,133.76,133.8,133.757,133.777,142
2023-04-14T20:05:00.000Z,133.783,133.811,133.767,133.767,127
2023-04-14T20:10:00.000Z,133.767,133.767,133.736,133.742,112
2023-04-14T20:15:00.000Z,133.747,133.776,133.74,133.776,132
2023-04-14T20:20:00.000Z,133.783,133.785,133.736,133.742,93
2023-04-14T20:25:00.000Z,133.744,133.753,133.725,133.742,151
2023-04-14T20:30:00.000Z,133.736,133.757,133.726,133.75,113
2023-04-14T20:35:00.000Z,133.749,133.749,133.734,133.736,89
2023-04-14T20:40:00.000Z,133.737,133.77,133.733,133.767,107
2023-04-14T20:45:00.000Z,133.773,133.776,133.738,133.755,155
2023-04-14T20:50:00.000Z,133.755,133.764,133.728,133.74,278
2023-04-16T21:00:00.000Z,133.796,133.796,133.791,133.791,2
2023-04-16T21:05:00.000Z,133.791,133.791,133.75,133.779,26
2023-04-16T21:10:00.000Z,133.779,133.793,133.779,133.793,8
2023-04-16T21:15:00.000Z,133.794,133.794,133.79,133.79,13
2023-04-16T21:25:00.000Z,133.79,133.79,133.788,133.789,9
2023-04-16T21:30:00.000Z,133.786,133.793,133.784,133.786,24
2023-04-16T21:35:00.000Z,133.787,133.792,133.787,133.791,7
2023-04-16T21:40:00.000Z,133.792,133.802,133.791,133.797,24
2023-04-16T21:45:00.000Z,133.795,133.795,133.785,133.787,18
2023-04-16T21:50:00.000Z,133.787,133.794,133.787,133.794,14
2023-04-16T21:55:00.000Z,133.794,133.801,133.793,133.801,13
2023-04-16T22:00:00.000Z,133.804,133.879,133.799,133.799,319
2023-04-16T22:05:00.000Z,133.799,133.801,133.777,133.778,78
2023-04-16T22:10:00.000Z,133.778,133.825,133.77,133.8,186
2023-04-16T22:15:00.000Z,133.799,133.8,133.763,133.765,144
2023-04-16T22:20:00.000Z,133.766,133.767,133.755,133.757,100
2023-04-16T22:25:00.000Z,133.756,133.782,133.747,133.771,79
2023-04-16T22:30:00.000Z,133.772,133.83,133.762,133.762,236
2023-04-16T22:35:00.000Z,133.764,133.889,133.763,133.889,371
2023-04-16T22:40:00.000Z,133.888,133.897,133.877,133.885,629
2023-04-16T22:45:00.000Z,133.885,133.917,133.872,133.905,1047
2023-04-16T22:50:00.000Z,133.907,133.925,133.906,133.912,900
2023-04-16T22:55:00.000Z,133.911,133.922,133.898,133.9,391
2023-04-16T23:00:00.000Z,133.902,133.903,133.806,133.806,353
2023-04-16T23:05:00.000Z,133.81,133.917,133.804,133.917,271
2023-04-16T23:10:00.000Z,133.916,133.938,133.911,133.915,290
2023-04-16T23:15:00.000Z,133.915,133.915,133.875,133.895,157
2023-04-16T23:20:00.000Z,133.894,133.926,133.893,133.926,262
2023-04-16T23:25:00.000Z,133.925,133.925,133.905,133.913,192
2023-04-16T23:30:00.000Z,133.913,133.927,133.912,133.923,182
2023-04-16T23:35:00.000Z,133.924,133.925,133.9,133.9,136
2023-04-16T23:40:00.000Z,133.899,133.915,133.896,133.912,99
2023-04-16T23:45:00.000Z,133.912,133.939,133.907,133.937,264
2023-04-16T23:50:00.000Z,133.935,133.99,133.933,133.96,371
2023-04-16T23:55:00.000Z,133.962,133.993,133.962,133.989,150
2023-04-17T00:00:00.000Z,133.988,133.999,133.9,133.932,431
2023-04-17T00:05:00.000Z,133.933,133.965,133.91,133.955,393
2023-04-17T00:10:00.000Z,133.956,133.957,133.848,133.895,413
2023-04-17T00:15:00.000Z,133.895,133.911,133.851,133.901,300
2023-04-17T00:20:00.000Z,133.901,133.901,133.773,133.812,333
2023-04-17T00:25:00.000Z,133.812,133.816,133.739,133.75,310
2023-04-17T00:30:00.000Z,133.748,133.806,133.711,133.802,297
2023-04-17T00:35:00.000Z,133.803,133.803,133.721,133.74,250
2023-04-17T00:40:00.000Z,133.741,133.793,133.741,133.787,236
2023-04-17T00:45:00.000Z,133.785,133.821,133.758,133.806,251
2023-04-17T00:50:00.000Z,133.805,133.844,133.788,133.835,494
2023-04-17T00:55:00.000Z,133.834,133.855,133.809,133.845,581
2023-04-17T01:00:00.000Z,133.844,133.88,133.837,133.869,386
2023-04-17T01:05:00.000Z,133.87,133.93,133.852,133.93,327
2023-04-17T01:10:00.000Z,133.932,134.081,133.922,134.069,422
2023-04-17T01:15:00.000Z,134.067,134.108,133.941,133.95,566
2023-04-17T01:20:00.000Z,133.95,133.982,133.944,133.953,193
2023-04-17T01:25:00.000Z,133.954,133.967,133.914,133.965,262
2023-04-17T01:30:00.000Z,133.964,134.022,133.928,134.004,354
2023-04-17T01:35:00.000Z,134.012,134.021,133.971,133.971,227
2023-04-17T01:40:00.000Z,133.971,134.006,133.952,133.978,302
2023-04-17T01:45:00.000Z,133.979,133.996,133.967,133.986,289
2023-04-17T01:50:00.000Z,133.986,133.992,133.957,133.988,257
2023-04-17T01:55:00.000Z,133.986,133.989,133.976,133.986,102
2023-04-17T02:00:00.000Z,133.987,133.987,133.839,133.841,351
2023-04-17T02:05:00.000Z,133.84,133.849,133.804,133.841,195
2023-04-17T02:10:00.000Z,133.842,133.887,133.832,133.848,206
2023-04-17T02:15:00.000Z,133.849,133.869,133.809,133.816,213
2023-04-17T02:20:00.000Z,133.815,133.829,133.815,133.825,132
2023-04-17T02:25:00.000Z,133.827,133.871,133.827,133.861,296
2023-04-17T02:30:00.000Z,133.861,133.904,133.858,133.901,447
2023-04-17T02:35:00.000Z,133.901,133.901,133.825,133.837,355
2023-04-17T02:40:00.000Z,133.838,133.856,133.8,133.84,333
2023-04-17T02:45:00.000Z,133.841,133.885,133.841,133.851,267
2023-04-17T02:50:00.000Z,133.85,133.886,133.847,133.853,299
2023-04-17T02:55:00.000Z,133.853,133.855,133.83,133.845,286
2023-04-17T03:00:00.000Z,133.846,133.851,133.807,133.821,239
2023-04-17T03:05:00.000Z,133.821,133.842,133.814,133.842,219
2023-04-17T03:10:00.000Z,133.841,133.86,133.838,133.851,120
2023-04-17T03:15:00.000Z,133.852,133.863,133.834,133.84,143
2023-04-17T03:20:00.000Z,133.836,133.859,133.835,133.843,151
2023-04-17T03:25:00.000Z,133.842,133.899,133.841,133.896,264
2023-04-17T03:30:00.000Z,133.897,133.96,133.893,133.957,339
2023-04-17T03:35:00.000Z,133.958,133.983,133.955,133.981,223
2023-04-17T03:40:00.000Z,133.982,133.993,133.955,133.965,215
2023-04-17T03:45:00.000Z,133.964,133.983,133.964,133.965,135
2023-04-17T03:50:00.000Z,133.964,133.974,133.955,133.965,236
2023-04-17T03:55:00.000Z,133.964,133.992,133.964,133.983,209
2023-04-17T04:00:00.000Z,133.983,134.003,133.957,133.958,201
2023-04-17T04:05:00.000Z,133.958,133.968,133.948,133.948,175
2023-04-17T04:10:00.000Z,133.949,133.957,133.936,133.949,173
2023-04-17T04:15:00.000Z,133.949,133.949,133.925,133.929,245
2023-04-17T04:20:00.000Z,133.928,133.951,133.919,133.95,160
2023-04-17T04:25:00.000Z,133.95,133.985,133.95,133.974,230
2023-04-17T04:30:00.000Z,133.975,133.988,133.943,133.986,322
2023-04-17T04:35:00.000Z,133.987,133.999,133.978,133.993,266
2023-04-17T04:40:00.000Z,133.992,133.998,133.945,133.945,324
2023-04-17T04:45:00.000Z,133.946,133.965,133.919,133.959,213
2023-04-17T04:50:00.000Z,133.959,134.055,133.954,134.028,253
2023-04-17T04:55:00.000Z,134.028,134.129,134.022,134.061,343
2023-04-17T05:00:00.000Z,134.061,134.081,134.041,134.05,368
2023-04-17T05:05:00.000Z,134.048,134.182,134.027,134.137,481
2023-04-17T05:10:00.000Z,134.14,134.214,134.124,134.188,341
2023-04-17T05:15:00.000Z,134.188,134.216,134.174,134.187,281
2023-04-17T05:20:00.000Z,134.188,134.198,134.137,134.143,221
2023-04-17T05:25:00.000Z,134.144,134.157,134.119,134.123,207
2023-04-17T05:30:00.000Z,134.128,134.134,134.055,134.062,244
2023-04-17T05:35:00.000Z,134.063,134.079,134.041,134.056,152
2023-04-17T05:40:00.000Z,134.056,134.06,134,134.023,236
2023-04-17T05:45:00.000Z,134.022,134.036,133.963,133.963,335
2023-04-17T05:50:00.000Z,133.961,133.961,133.927,133.945,332
2023-04-17T05:55:00.000Z,133.943,133.962,133.921,133.943,382
2023-04-17T06:00:00.000Z,133.954,133.965,133.865,133.87,432
2023-04-17T06:05:00.000Z,133.872,133.895,133.842,133.893,368
2023-04-17T06:10:00.000Z,133.891,133.959,133.876,133.946,351
2023-04-17T06:15:00.000Z,133.947,133.986,133.937,133.952,383
2023-04-17T06:20:00.000Z,133.954,134.05,133.95,134.016,476
2023-04-17T06:25:00.000Z,134.015,134.017,133.93,133.945,379
2023-04-17T06:30:00.000Z,133.941,134.008,133.908,134.007,419
2023-04-17T06:35:00.000Z,134.008,134.035,134.003,134.009,338
2023-04-17T06:40:00.000Z,134.01,134.025,133.963,133.982,270
2023-04-17T06:45:00.000Z,133.982,134.051,133.973,134.035,279
2023-04-17T06:50:00.000Z,134.038,134.089,134.031,134.041,397
2023-04-17T06:55:00.000Z,134.042,134.045,134.011,134.017,392
2023-04-17T07:00:00.000Z,134.022,134.039,133.947,133.955,560
2023-04-17T07:05:00.000Z,133.955,133.955,133.901,133.919,577
2023-04-17T07:10:00.000Z,133.917,133.926,133.867,133.926,556
2023-04-17T07:15:00.000Z,133.931,134.023,133.931,133.971,557
2023-04-17T07:20:00.000Z,133.975,134.026,133.964,133.982,461
2023-04-17T07:25:00.000Z,133.982,134.002,133.961,133.964,337
2023-04-17T07:30:00.000Z,133.965,133.994,133.91,133.953,389
2023-04-17T07:35:00.000Z,133.955,133.974,133.891,133.973,390
2023-04-17T07:40:00.000Z,133.975,134.017,133.974,133.985,406
2023-04-17T07:45:00.000Z,133.985,134.001,133.935,133.948,406
2023-04-17T07:50:00.000Z,133.95,134.019,133.938,134,415
2023-04-17T07:55:00.000Z,133.999,134.062,133.981,134.053,543
2023-04-17T08:00:00.000Z,134.055,134.062,133.954,133.977,462
2023-04-17T08:05:00.000Z,133.979,133.988,133.903,133.904,470
2023-04-17T08:10:00.000Z,133.904,133.906,133.86,133.872,455
2023-04-17T08:15:00.000Z,133.871,133.906,133.84,133.902,429
2023-04-17T08:20:00.000Z,133.903,133.952,133.895,133.911,456
2023-04-17T08:25:00.000Z,133.912,133.986,133.911,133.957,462
2023-04-17T08:30:00.000Z,133.966,133.986,133.943,133.959,414
2023-04-17T08:35:00.000Z,133.96,133.992,133.924,133.984,430
2023-04-17T08:40:00.000Z,133.983,133.985,133.903,133.927,397
2023-04-17T08:45:00.000Z,133.928,133.939,133.899,133.911,415
2023-04-17T08:50:00.000Z,133.91,133.922,133.838,133.894,366
2023-04-17T08:55:00.000Z,133.895,133.977,133.884,133.971,331
2023-04-17T09:00:00.000Z,133.974,133.986,133.942,133.956,463
2023-04-17T09:05:00.000Z,133.957,133.987,133.946,133.963,342
2023-04-17T09:10:00.000Z,133.962,133.964,133.946,133.963,214
2023-04-17T09:15:00.000Z,133.966,134.024,133.965,133.985,463
2023-04-17T09:20:00.000Z,133.988,134.045,133.979,134.043,308
2023-04-17T09:25:00.000Z,134.042,134.043,133.984,134.036,371
2023-04-17T09:30:00.000Z,134.036,134.041,133.995,134.022,325
2023-04-17T09:35:00.000Z,134.024,134.043,134.002,134.036,417
2023-04-17T09:40:00.000Z,134.035,134.087,134.033,134.085,445
2023-04-17T09:45:00.000Z,134.086,134.086,134.024,134.057,388
2023-04-17T09:50:00.000Z,134.059,134.07,134.032,134.038,327
2023-04-17T09:55:00.000Z,134.037,134.058,134.004,134.058,289
2023-04-17T10:00:00.000Z,134.059,134.086,134.059,134.069,289
2023-04-17T10:05:00.000Z,134.07,134.12,134.07,134.11,280
2023-04-17T10:10:00.000Z,134.11,134.173,134.1,134.156,390
2023-04-17T10:15:00.000Z,134.156,134.177,134.127,134.127,269
2023-04-17T10:20:00.000Z,134.126,134.133,134.091,134.104,218
2023-04-17T10:25:00.000Z,134.11,134.11,134.017,134.024,229
2023-04-17T10:30:00.000Z,134.029,134.036,134.01,134.025,303
2023-04-17T10:35:00.000Z,134.024,134.049,134.009,134.015,241
2023-04-17T10:40:00.000Z,134.013,134.026,133.999,134.016,205
2023-04-17T10:45:00.000Z,134.015,134.016,133.955,133.965,349
2023-04-17T10:50:00.000Z,133.966,133.992,133.961,133.987,184
2023-04-17T10:55:00.000Z,133.986,133.988,133.964,133.976,214
2023-04-17T11:00:00.000Z,133.976,134.028,133.975,134.016,414
2023-04-17T11:05:00.000Z,134.017,134.025,133.976,133.98,276
2023-04-17T11:10:00.000Z,133.979,133.98,133.933,133.947,256
2023-04-17T11:15:00.000Z,133.948,134.078,133.948,134.047,405
2023-04-17T11:20:00.000Z,134.048,134.05,134.006,134.037,300
2023-04-17T11:25:00.000Z,134.037,134.044,133.979,133.989,359
2023-04-17T11:30:00.000Z,133.99,134.013,133.98,134.007,271
2023-04-17T11:35:00.000Z,134.008,134.014,133.962,133.984,281
2023-04-17T11:40:00.000Z,133.986,133.99,133.962,133.981,299
2023-04-17T11:45:00.000Z,133.979,133.993,133.917,133.919,273
2023-04-17T11:50:00.000Z,133.92,133.92,133.85,133.857,330
2023-04-17T11:55:00.000Z,133.856,133.884,133.752,133.776,552
2023-04-17T12:00:00.000Z,133.769,133.851,133.768,133.815,404
2023-04-17T12:05:00.000Z,133.82,133.871,133.816,133.842,396
2023-04-17T12:10:00.000Z,133.841,133.859,133.795,133.796,355
2023-04-17T12:15:00.000Z,133.796,133.833,133.775,133.815,426
2023-04-17T12:20:00.000Z,133.818,133.824,133.744,133.763,539
2023-04-17T12:25:00.000Z,133.764,133.807,133.754,133.784,461
2023-04-17T12:30:00.000Z,133.798,134.067,133.798,134.036,1035
2023-04-17T12:35:00.000Z,134.038,134.039,133.938,133.974,630
2023-04-17T12:40:00.000Z,133.973,134.081,133.948,134.073,585
2023-04-17T12:45:00.000Z,134.074,134.151,134.057,134.077,828
2023-04-17T12:50:00.000Z,134.078,134.106,134.011,134.054,645
2023-04-17T12:55:00.000Z,134.059,134.074,134.026,134.067,526
2023-04-17T13:00:00.000Z,134.068,134.108,134.049,134.049,520
2023-04-17T13:05:00.000Z,134.046,134.08,134.028,134.055,442
2023-04-17T13:10:00.000Z,134.054,134.153,134.051,134.146,411
2023-04-17T13:15:00.000Z,134.149,134.292,134.147,134.285,579
2023-04-17T13:20:00.000Z,134.287,134.314,134.271,134.291,571
2023-04-17T13:25:00.000Z,134.292,134.312,134.222,134.256,533
2023-04-17T13:30:00.000Z,134.259,134.3,134.218,134.274,538
2023-04-17T13:35:00.000Z,134.282,134.295,134.242,134.264,547
2023-04-17T13:40:00.000Z,134.264,134.333,134.232,134.311,528
2023-04-17T13:45:00.000Z,134.314,134.398,134.309,134.351,712
2023-04-17T13:50:00.000Z,134.353,134.404,134.337,134.345,495
2023-04-17T13:55:00.000Z,134.343,134.375,134.286,134.313,583
2023-04-17T14:00:00.000Z,134.315,134.329,134.256,134.311,698
2023-04-17T14:05:00.000Z,134.31,134.354,134.292,134.326,436
2023-04-17T14:10:00.000Z,134.326,134.334,134.309,134.325,354
2023-04-17T14:15:00.000Z,134.323,134.335,134.313,134.324,457
2023-04-17T14:20:00.000Z,134.325,134.34,134.298,134.3,370
2023-04-17T14:25:00.000Z,134.299,134.398,134.299,134.389,420
2023-04-17T14:30:00.000Z,134.39,134.402,134.381,134.395,425
2023-04-17T14:35:00.000Z,134.395,134.462,134.37,134.458,655
2023-04-17T14:40:00.000Z,134.457,134.472,134.42,134.47,665
2023-04-17T14:45:00.000Z,134.469,134.575,134.464,134.505,624
2023-04-17T14:50:00.000Z,134.507,134.535,134.469,134.512,602
2023-04-17T14:55:00.000Z,134.512,134.568,134.487,134.551,486
2023-04-17T15:00:00.000Z,134.55,134.562,134.507,134.54,515
2023-04-17T15:05:00.000Z,134.544,134.551,134.492,134.495,426
2023-04-17T15:10:00.000Z,134.496,134.542,134.496,134.522,388
2023-04-17T15:15:00.000Z,134.521,134.527,134.465,134.483,528
2023-04-17T15:20:00.000Z,134.485,134.486,134.459,134.459,400
2023-04-17T15:25:00.000Z,134.46,134.5,134.454,134.462,465
2023-04-17T15:30:00.000Z,134.462,134.487,134.442,134.46,366
2023-04-17T15:35:00.000Z,134.458,134.477,134.434,134.434,436
2023-04-17T15:40:00.000Z,134.436,134.488,134.433,134.476,393
2023-04-17T15:45:00.000Z,134.477,134.52,134.454,134.473,431
2023-04-17T15:50:00.000Z,134.478,134.519,134.476,134.515,266
2023-04-17T15:55:00.000Z,134.516,134.521,134.486,134.518,327
2023-04-17T16:00:00.000Z,134.517,134.53,134.504,134.51,261
2023-04-17T16:05:00.000Z,134.509,134.51,134.457,134.505,439
2023-04-17T16:10:00.000Z,134.504,134.53,134.485,134.488,317
2023-04-17T16:15:00.000Z,134.489,134.5,134.485,134.487,186
2023-04-17T16:20:00.000Z,134.488,134.495,134.471,134.473,177
2023-04-17T16:25:00.000Z,134.474,134.484,134.46,134.473,189
2023-04-17T16:30:00.000Z,134.472,134.474,134.442,134.45,147
2023-04-17T16:35:00.000Z,134.451,134.453,134.414,134.423,225
2023-04-17T16:40:00.000Z,134.424,134.437,134.398,134.434,229
2023-04-17T16:45:00.000Z,134.435,134.454,134.425,134.442,211
2023-04-17T16:50:00.000Z,134.441,134.476,134.441,134.463,196
2023-04-17T16:55:00.000Z,134.464,134.472,134.454,134.455,171
2023-04-17T17:00:00.000Z,134.454,134.464,134.444,134.454,178
2023-04-17T17:05:00.000Z,134.446,134.454,134.404,134.405,202
2023-04-17T17:10:00.000Z,134.405,134.411,134.389,134.4,121
2023-04-17T17:15:00.000Z,134.403,134.404,134.387,134.395,176
2023-04-17T17:20:00.000Z,134.396,134.428,134.396,134.416,166
2023-04-17T17:25:00.000Z,134.416,134.448,134.416,134.445,156
2023-04-17T17:30:00.000Z,134.446,134.46,134.442,134.458,154
2023-04-17T17:35:00.000Z,134.457,134.461,134.436,134.437,183
2023-04-17T17:40:00.000Z,134.438,134.464,134.438,134.455,184
2023-04-17T17:45:00.000Z,134.456,134.483,134.452,134.475,167
2023-04-17T17:50:00.000Z,134.476,134.493,134.475,134.493,185
2023-04-17T17:55:00.000Z,134.493,134.501,134.477,134.485,416
2023-04-17T18:00:00.000Z,134.486,134.487,134.475,134.481,202
2023-04-17T18:05:00.000Z,134.482,134.482,134.443,134.446,217
2023-04-17T18:10:00.000Z,134.446,134.447,134.434,134.439,99
2023-04-17T18:15:00.000Z,134.44,134.442,134.422,134.428,157
2023-04-17T18:20:00.000Z,134.429,134.429,134.412,134.426,106
2023-04-17T18:25:00.000Z,134.427,134.427,134.417,134.42,114
2023-04-17T18:30:00.000Z,134.419,134.431,134.416,134.418,127
2023-04-17T18:35:00.000Z,134.417,134.423,134.411,134.422,132
2023-04-17T18:40:00.000Z,134.421,134.441,134.416,134.416,116
2023-04-17T18:45:00.000Z,134.414,134.417,134.399,134.409,147
2023-04-17T18:50:00.000Z,134.408,134.436,134.407,134.435,148
2023-04-17T18:55:00.000Z,134.435,134.435,134.392,134.406,135
2023-04-17T19:00:00.000Z,134.405,134.405,134.385,134.395,272
2023-04-17T19:05:00.000Z,134.395,134.422,134.394,134.412,181
2023-04-17T19:10:00.000Z,134.412,134.437,134.404,134.435,181
2023-04-17T19:15:00.000Z,134.434,134.444,134.424,134.43,228
2023-04-17T19:20:00.000Z,134.433,134.435,134.419,134.419,118
2023-04-17T19:25:00.000Z,134.42,134.427,134.417,134.42,68
2023-04-17T19:30:00.000Z,134.421,134.424,134.419,134.419,62
2023-04-17T19:35:00.000Z,134.418,134.42,134.409,134.419,44
2023-04-17T19:40:00.000Z,134.42,134.427,134.416,134.418,55
2023-04-17T19:45:00.000Z,134.417,134.428,134.409,134.419,86
2023-04-17T19:50:00.000Z,134.419,134.42,134.408,134.419,51
2023-04-17T19:55:00.000Z,134.419,134.427,134.409,134.426,174
2023-04-17T20:00:00.000Z,134.427,134.464,134.427,134.464,329
2023-04-17T20:05:00.000Z,134.463,134.473,134.462,134.471,145
2023-04-17T20:10:00.000Z,134.471,134.476,134.464,134.472,71
2023-04-17T20:15:00.000Z,134.472,134.5,134.471,134.498,56
2023-04-17T20:20:00.000Z,134.497,134.497,134.464,134.467,77
2023-04-17T20:25:00.000Z,134.466,134.47,134.448,134.449,72
2023-04-17T20:30:00.000Z,134.448,134.455,134.438,134.441,69
2023-04-17T20:35:00.000Z,134.44,134.456,134.437,134.447,68
2023-04-17T20:40:00.000Z,134.448,134.466,134.446,134.463,29
2023-04-17T20:45:00.000Z,134.464,134.473,134.461,134.467,126
2023-04-17T20:50:00.000Z,134.468,134.49,134.467,134.48,215
2023-04-17T20:55:00.000Z,134.48,134.483,134.471,134.471,63
2023-04-17T21:00:00.000Z,134.407,134.448,134.4,134.448,11
2023-04-17T21:05:00.000Z,134.45,134.462,134.439,134.442,378
2023-04-17T21:10:00.000Z,134.442,134.476,134.442,134.475,861
2023-04-17T21:15:00.000Z,134.476,134.489,134.469,134.483,928
2023-04-17T21:20:00.000Z,134.479,134.483,134.47,134.473,967
2023-04-17T21:25:00.000Z,134.476,134.476,134.467,134.47,977
2023-04-17T21:30:00.000Z,134.47,134.472,134.469,134.469,682
2023-04-17T21:35:00.000Z,134.472,134.472,134.467,134.469,954
2023-04-17T21:40:00.000Z,134.47,134.47,134.431,134.438,1170
2023-04-17T21:45:00.000Z,134.436,134.442,134.426,134.431,1186
2023-04-17T21:50:00.000Z,134.436,134.443,134.431,134.435,1166
2023-04-17T21:55:00.000Z,134.437,134.44,134.426,134.437,1254
2023-04-17T22:00:00.000Z,134.437,134.477,134.419,134.472,802
2023-04-17T22:05:00.000Z,134.473,134.478,134.448,134.46,636
2023-04-17T22:10:00.000Z,134.461,134.477,134.45,134.475,331
2023-04-17T22:15:00.000Z,134.478,134.48,134.47,134.473,709
2023-04-17T22:20:00.000Z,134.474,134.494,134.461,134.484,458
2023-04-17T22:25:00.000Z,134.483,134.483,134.44,134.444,352
2023-04-17T22:30:00.000Z,134.444,134.451,134.433,134.436,167
2023-04-17T22:35:00.000Z,134.438,134.444,134.436,134.437,77
2023-04-17T22:40:00.000Z,134.436,134.449,134.429,134.447,125
2023-04-17T22:45:00.000Z,134.448,134.458,134.445,134.454,198
2023-04-17T22:50:00.000Z,134.455,134.468,134.454,134.466,341
2023-04-17T22:55:00.000Z,134.467,134.467,134.446,134.448,260
2023-04-17T23:00:00.000Z,134.45,134.466,134.445,134.448,208
2023-04-17T23:05:00.000Z,134.448,134.474,134.438,134.439,398
2023-04-17T23:10:00.000Z,134.44,134.46,134.421,134.448,175
2023-04-17T23:15:00.000Z,134.447,134.451,134.428,134.445,155
2023-04-17T23:20:00.000Z,134.443,134.459,134.436,134.442,171
2023-04-17T23:25:00.000Z,134.443,134.457,134.43,134.43,204
2023-04-17T23:30:00.000Z,134.429,134.444,134.428,134.439,105
2023-04-17T23:35:00.000Z,134.438,134.447,134.436,134.438,87
2023-04-17T23:40:00.000Z,134.437,134.478,134.437,134.469,145
2023-04-17T23:45:00.000Z,134.471,134.473,134.435,134.436,154
2023-04-17T23:50:00.000Z,134.437,134.437,134.411,134.42,165
2023-04-17T23:55:00.000Z,134.418,134.457,134.418,134.457,192
2023-04-18T00:00:00.000Z,134.453,134.457,134.327,134.357,579
2023-04-18T00:05:00.000Z,134.355,134.403,134.354,134.402,282
2023-04-18T00:10:00.000Z,134.403,134.421,134.364,134.369,237
2023-04-18T00:15:00.000Z,134.37,134.384,134.323,134.342,263
2023-04-18T00:20:00.000Z,134.344,134.346,134.328,134.328,159
2023-04-18T00:25:00.000Z,134.328,134.343,134.317,134.342,105
2023-04-18T00:30:00.000Z,134.34,134.364,134.327,134.327,139
2023-04-18T00:35:00.000Z,134.326,134.328,134.279,134.297,278
2023-04-18T00:40:00.000Z,134.299,134.315,134.275,134.3,269
2023-04-18T00:45:00.000Z,134.298,134.355,134.289,134.351,168
2023-04-18T00:50:00.000Z,134.35,134.427,134.341,134.419,506
2023-04-18T00:55:00.000Z,134.404,134.429,134.383,134.386,431
2023-04-18T01:00:00.000Z,134.386,134.402,134.363,134.365,174
2023-04-18T01:05:00.000Z,134.364,134.414,134.363,134.402,187
2023-04-18T01:10:00.000Z,134.402,134.447,134.401,134.446,276
2023-04-18T01:15:00.000Z,134.445,134.509,134.443,134.461,405
2023-04-18T01:20:00.000Z,134.461,134.481,134.451,134.46,236
2023-04-18T01:25:00.000Z,134.46,134.667,134.453,134.642,639
2023-04-18T01:30:00.000Z,134.644,134.708,134.592,134.607,671
2023-04-18T01:35:00.000Z,134.605,134.635,134.575,134.577,473
2023-04-18T01:40:00.000Z,134.576,134.65,134.569,134.631,699
2023-04-18T01:45:00.000Z,134.632,134.647,134.543,134.548,434
2023-04-18T01:50:00.000Z,134.55,134.566,134.496,134.524,390
2023-04-18T01:55:00.000Z,134.532,134.536,134.498,134.516,377
2023-04-18T02:00:00.000Z,134.518,134.58,134.495,134.561,372
2023-04-18T02:05:00.000Z,134.561,134.565,134.472,134.488,364
2023-04-18T02:10:00.000Z,134.488,134.505,134.465,134.498,368
2023-04-18T02:15:00.000Z,134.499,134.499,134.465,134.498,305
2023-04-18T02:20:00.000Z,134.499,134.516,134.462,134.472,428
2023-04-18T02:25:00.000Z,134.476,134.507,134.454,134.503,271
2023-04-18T02:30:00.000Z,134.504,134.551,134.504,134.543,409
2023-04-18T02:35:00.000Z,134.542,134.556,134.525,134.533,231
2023-04-18T02:40:00.000Z,134.534,134.576,134.532,134.552,272
2023-04-18T02:45:00.000Z,134.552,134.568,134.514,134.526,289
2023-04-18T02:50:00.000Z,134.527,134.554,134.511,134.521,261
2023-04-18T02:55:00.000Z,134.523,134.528,134.512,134.515,357
2023-04-18T03:00:00.000Z,134.519,134.538,134.421,134.473,517
2023-04-18T03:05:00.000Z,134.465,134.48,134.425,134.433,348
2023-04-18T03:10:00.000Z,134.433,134.433,134.379,134.419,382
2023-04-18T03:15:00.000Z,134.42,134.463,134.418,134.456,241
2023-04-18T03:20:00.000Z,134.455,134.471,134.439,134.469,260
2023-04-18T03:25:00.000Z,134.47,134.5,134.467,134.48,279
2023-04-18T03:30:00.000Z,134.481,134.502,134.47,134.498,222
2023-04-18T03:35:00.000Z,134.499,134.526,134.491,134.526,217
2023-04-18T03:40:00.000Z,134.527,134.538,134.512,134.529,165
2023-04-18T03:45:00.000Z,134.53,134.547,134.522,134.524,240
2023-04-18T03:50:00.000Z,134.525,134.525,134.457,134.459,253
2023-04-18T03:55:00.000Z,134.449,134.451,134.425,134.445,263
2023-04-18T04:00:00.000Z,134.444,134.465,134.426,134.456,185
2023-04-18T04:05:00.000Z,134.455,134.481,134.455,134.463,245
2023-04-18T04:10:00.000Z,134.462,134.484,134.46,134.468,266
2023-04-18T04:15:00.000Z,134.467,134.486,134.45,134.476,170
2023-04-18T04:20:00.000Z,134.478,134.523,134.46,134.51,307
2023-04-18T04:25:00.000Z,134.509,134.535,134.496,134.513,277
2023-04-18T04:30:00.000Z,134.514,134.515,134.427,134.46,275
2023-04-18T04:35:00.000Z,134.46,134.481,134.453,134.481,175
2023-04-18T04:40:00.000Z,134.48,134.509,134.46,134.461,232
2023-04-18T04:45:00.000Z,134.462,134.463,134.442,134.449,148
2023-04-18T04:50:00.000Z,134.449,134.465,134.433,134.464,208
2023-04-18T04:55:00.000Z,134.463,134.464,134.434,134.441,199
2023-04-18T05:00:00.000Z,134.444,134.455,134.401,134.408,293
2023-04-18T05:05:00.000Z,134.409,134.432,134.408,134.425,205
2023-04-18T05:10:00.000Z,134.424,134.466,134.41,134.465,241
2023-04-18T05:15:00.000Z,134.466,134.474,134.377,134.408,257
2023-04-18T05:20:00.000Z,134.409,134.422,134.388,134.406,205
2023-04-18T05:25:00.000Z,134.407,134.422,134.382,134.394,185
2023-04-18T05:30:00.000Z,134.393,134.44,134.356,134.372,427
2023-04-18T05:35:00.000Z,134.373,134.385,134.364,134.365,251
2023-04-18T05:40:00.000Z,134.364,134.393,134.339,134.391,239
2023-04-18T05:45:00.000Z,134.39,134.4,134.372,134.392,176
2023-04-18T05:50:00.000Z,134.391,134.418,134.363,134.376,250
2023-04-18T05:55:00.000Z,134.376,134.377,134.31,134.365,340
2023-04-18T06:00:00.000Z,134.366,134.374,134.304,134.367,423
2023-04-18T06:05:00.000Z,134.366,134.437,134.356,134.396,408
2023-04-18T06:10:00.000Z,134.395,134.421,134.386,134.412,288
2023-04-18T06:15:00.000Z,134.409,134.444,134.399,134.404,336
2023-04-18T06:20:00.000Z,134.405,134.428,134.365,134.375,333
2023-04-18T06:25:00.000Z,134.375,134.375,134.325,134.332,311
2023-04-18T06:30:00.000Z,134.331,134.369,134.306,134.346,428
2023-04-18T06:35:00.000Z,134.352,134.356,134.301,134.304,351
2023-04-18T06:40:00.000Z,134.299,134.376,134.299,134.369,271
2023-04-18T06:45:00.000Z,134.371,134.401,134.333,134.339,358
2023-04-18T06:50:00.000Z,134.338,134.339,134.246,134.29,407
2023-04-18T06:55:00.000Z,134.289,134.331,134.269,134.321,383
2023-04-18T07:00:00.000Z,134.322,134.411,134.32,134.381,675
2023-04-18T07:05:00.000Z,134.382,134.43,134.371,134.407,486
2023-04-18T07:10:00.000Z,134.406,134.429,134.395,134.4,402
2023-04-18T07:15:00.000Z,134.399,134.399,134.345,134.356,550
2023-04-18T07:20:00.000Z,134.357,134.385,134.324,134.355,418
2023-04-18T07:25:00.000Z,134.357,134.421,134.32,134.323,505
2023-04-18T07:30:00.000Z,134.326,134.355,134.323,134.338,417
2023-04-18T07:35:00.000Z,134.336,134.345,134.291,134.324,446
2023-04-18T07:40:00.000Z,134.324,134.336,134.266,134.294,469
2023-04-18T07:45:00.000Z,134.294,134.304,134.255,134.277,368
2023-04-18T07:50:00.000Z,134.275,134.297,134.232,134.264,508
2023-04-18T07:55:00.000Z,134.262,134.276,134.204,134.23,472
2023-04-18T08:00:00.000Z,134.231,134.238,134.148,134.157,463
2023-04-18T08:05:00.000Z,134.157,134.213,134.157,134.159,431
2023-04-18T08:10:00.000Z,134.157,134.185,134.138,134.178,367
2023-04-18T08:15:00.000Z,134.179,134.214,134.17,134.214,327
2023-04-18T08:20:00.000Z,134.215,134.255,134.212,134.24,358
2023-04-18T08:25:00.000Z,134.24,134.284,134.228,134.283,395
2023-04-18T08:30:00.000Z,134.283,134.284,134.23,134.23,460
2023-04-18T08:35:00.000Z,134.229,134.238,134.175,134.188,439
2023-04-18T08:40:00.000Z,134.191,134.258,134.187,134.238,451
2023-04-18T08:45:00.000Z,134.237,134.246,134.19,134.223,516
2023-04-18T08:50:00.000Z,134.222,134.247,134.209,134.213,379
2023-04-18T08:55:00.000Z,134.213,134.213,134.142,134.149,315
2023-04-18T09:00:00.000Z,134.148,134.194,134.137,134.159,378
2023-04-18T09:05:00.000Z,134.159,134.177,134.129,134.177,304
2023-04-18T09:10:00.000Z,134.177,134.177,134.105,134.113,411
2023-04-18T09:15:00.000Z,134.112,134.129,134.089,134.105,367
2023-04-18T09:20:00.000Z,134.106,134.115,134.061,134.102,407
2023-04-18T09:25:00.000Z,134.101,134.163,134.101,134.154,362
2023-04-18T09:30:00.000Z,134.157,134.196,134.154,134.182,395
2023-04-18T09:35:00.000Z,134.182,134.199,134.145,134.159,286
2023-04-18T09:40:00.000Z,134.159,134.185,134.135,134.156,307
2023-04-18T09:45:00.000Z,134.156,134.216,134.153,134.199,268
2023-04-18T09:50:00.000Z,134.2,134.204,134.119,134.119,400
2023-04-18T09:55:00.000Z,134.118,134.119,134.07,134.089,368
2023-04-18T10:00:00.000Z,134.089,134.119,134.063,134.091,415
2023-04-18T10:05:00.000Z,134.091,134.129,134.086,134.126,298
2023-04-18T10:10:00.000Z,134.12,134.134,134.095,134.11,171
2023-04-18T10:15:00.000Z,134.111,134.111,134.01,134.031,473
2023-04-18T10:20:00.000Z,134.026,134.051,133.996,134.049,453
2023-04-18T10:25:00.000Z,134.053,134.066,134.012,134.036,316
2023-04-18T10:30:00.000Z,134.035,134.04,134.009,134.028,280
2023-04-18T10:35:00.000Z,134.032,134.061,134.032,134.045,257
2023-04-18T10:40:00.000Z,134.046,134.085,134.014,134.083,256
2023-04-18T10:45:00.000Z,134.084,134.084,134.05,134.076,333
2023-04-18T10:50:00.000Z,134.074,134.077,134.029,134.03,267
2023-04-18T10:55:00.000Z,134.029,134.093,134.022,134.084,328
2023-04-18T11:00:00.000Z,134.084,134.084,134.012,134.015,356
2023-04-18T11:05:00.000Z,134.008,134.057,133.995,134.04,358
2023-04-18T11:10:00.000Z,134.039,134.084,134.025,134.077,367
2023-04-18T11:15:00.000Z,134.075,134.079,134.047,134.076,157
2023-04-18T11:20:00.000Z,134.075,134.084,134.016,134.017,289
2023-04-18T11:25:00.000Z,134.012,134.014,133.921,133.938,672
2023-04-18T11:30:00.000Z,133.937,133.952,133.877,133.91,520
2023-04-18T11:35:00.000Z,133.91,133.937,133.891,133.907,452
2023-04-18T11:40:00.000Z,133.907,133.936,133.9,133.91,339
2023-04-18T11:45:00.000Z,133.909,133.97,133.891,133.956,472
2023-04-18T11:50:00.000Z,133.955,133.972,133.891,133.895,534
2023-04-18T11:55:00.000Z,133.895,133.902,133.863,133.891,394
2023-04-18T12:00:00.000Z,133.89,133.963,133.871,133.911,473
2023-04-18T12:05:00.000Z,133.911,133.915,133.864,133.882,390
2023-04-18T12:10:00.000Z,133.88,133.915,133.862,133.915,470
2023-04-18T12:15:00.000Z,133.916,133.941,133.897,133.924,356
2023-04-18T12:20:00.000Z,133.93,133.955,133.888,133.9,496
2023-04-18T12:25:00.000Z,133.903,133.938,133.893,133.936,306
2023-04-18T12:30:00.000Z,133.936,134.049,133.904,134.028,598
2023-04-18T12:35:00.000Z,134.026,134.082,133.996,134.067,539
2023-04-18T12:40:00.000Z,134.069,134.107,134.037,134.093,405
2023-04-18T12:45:00.000Z,134.091,134.152,134.083,134.137,410
2023-04-18T12:50:00.000Z,134.145,134.184,134.11,134.174,483
2023-04-18T12:55:00.000Z,134.173,134.206,134.159,134.187,414
2023-04-18T13:00:00.000Z,134.186,134.237,134.179,134.218,626
2023-04-18T13:05:00.000Z,134.219,134.229,134.16,134.177,373
2023-04-18T13:10:00.000Z,134.178,134.204,134.176,134.177,305
2023-04-18T13:15:00.000Z,134.178,134.325,134.178,134.294,440
2023-04-18T13:20:00.000Z,134.295,134.322,134.266,134.284,558
2023-04-18T13:25:00.000Z,134.286,134.294,134.253,134.264,588
2023-04-18T13:30:00.000Z,134.265,134.324,134.23,134.304,573
2023-04-18T13:35:00.000Z,134.307,134.31,134.181,134.215,599
2023-04-18T13:40:00.000Z,134.215,134.24,134.175,134.219,499
2023-04-18T13:45:00.000Z,134.217,134.217,134.114,134.139,568
2023-04-18T13:50:00.000Z,134.143,134.159,134.096,134.157,451
2023-04-18T13:55:00.000Z,134.158,134.212,134.149,134.151,398
2023-04-18T14:00:00.000Z,134.149,134.201,134.142,134.17,442
2023-04-18T14:05:00.000Z,134.178,134.223,134.089,134.092,534
2023-04-18T14:10:00.000Z,134.089,134.133,134.047,134.111,621
2023-04-18T14:15:00.000Z,134.11,134.129,134.056,134.071,399
2023-04-18T14:20:00.000Z,134.069,134.078,134.025,134.067,401
2023-04-18T14:25:00.000Z,134.066,134.067,134.013,134.044,425
2023-04-18T14:30:00.000Z,134.046,134.053,133.938,133.961,630
2023-04-18T14:35:00.000Z,133.963,133.999,133.955,133.984,478
2023-04-18T14:40:00.000Z,133.985,134.035,133.969,134.031,531
2023-04-18T14:45:00.000Z,134.03,134.031,133.957,133.985,380
2023-04-18T14:50:00.000Z,133.985,134.017,133.937,133.937,387
2023-04-18T14:55:00.000Z,133.938,133.992,133.914,133.976,459
2023-04-18T15:00:00.000Z,133.975,134,133.965,133.967,396
2023-04-18T15:05:00.000Z,133.966,133.983,133.923,133.952,425
2023-04-18T15:10:00.000Z,133.953,134.025,133.946,134.008,382
2023-04-18T15:15:00.000Z,134.005,134.021,133.97,133.998,327
2023-04-18T15:20:00.000Z,133.996,134.01,133.939,133.948,336
2023-04-18T15:25:00.000Z,133.948,133.984,133.936,133.984,343
2023-04-18T15:30:00.000Z,133.984,134.024,133.972,134.022,357
2023-04-18T15:35:00.000Z,134.02,134.11,134.02,134.084,491
2023-04-18T15:40:00.000Z,134.085,134.149,134.078,134.11,324
2023-04-18T15:45:00.000Z,134.111,134.138,134.094,134.138,242
2023-04-18T15:50:00.000Z,134.137,134.144,134.101,134.111,255
2023-04-18T15:55:00.000Z,134.117,134.134,134.108,134.116,119
2023-04-18T16:00:00.000Z,134.115,134.149,134.107,134.115,219
2023-04-18T16:05:00.000Z,134.116,134.125,134.1,134.118,183
2023-04-18T16:10:00.000Z,134.118,134.163,134.113,134.163,229
2023-04-18T16:15:00.000Z,134.166,134.169,134.12,134.15,290
2023-04-18T16:20:00.000Z,134.149,134.194,134.134,134.18,286
2023-04-18T16:25:00.000Z,134.181,134.195,134.178,134.195,239
2023-04-18T16:30:00.000Z,134.194,134.194,134.132,134.138,240
2023-04-18T16:35:00.000Z,134.137,134.145,134.116,134.134,140
2023-04-18T16:40:00.000Z,134.134,134.145,134.126,134.143,124
2023-04-18T16:45:00.000Z,134.142,134.145,134.12,134.125,101
2023-04-18T16:50:00.000Z,134.126,134.146,134.122,134.123,132
2023-04-18T16:55:00.000Z,134.124,134.126,134.088,134.09,139
2023-04-18T17:00:00.000Z,134.089,134.103,134.068,134.072,118
2023-04-18T17:05:00.000Z,134.071,134.079,134.062,134.07,159
2023-04-18T17:10:00.000Z,134.071,134.083,134.056,134.064,157
2023-04-18T17:15:00.000Z,134.064,134.072,134.04,134.041,138
2023-04-18T17:20:00.000Z,134.04,134.051,134.015,134.015,141
2023-04-18T17:25:00.000Z,134.016,134.052,134.016,134.046,139
2023-04-18T17:30:00.000Z,134.045,134.061,134.016,134.035,141
2023-04-18T17:35:00.000Z,134.036,134.065,134.036,134.062,150
2023-04-18T17:40:00.000Z,134.063,134.072,134.051,134.061,135
2023-04-18T17:45:00.000Z,134.062,134.07,134.053,134.061,107
2023-04-18T17:50:00.000Z,134.061,134.074,134.047,134.072,123
2023-04-18T17:55:00.000Z,134.074,134.11,134.07,134.1,206
2023-04-18T18:00:00.000Z,134.099,134.117,134.098,134.101,236
2023-04-18T18:05:00.000Z,134.1,134.104,134.056,134.06,157
2023-04-18T18:10:00.000Z,134.06,134.075,134.06,134.071,139
2023-04-18T18:15:00.000Z,134.07,134.076,134.053,134.054,96
2023-04-18T18:20:00.000Z,134.053,134.07,134.034,134.042,123
2023-04-18T18:25:00.000Z,134.04,134.043,134.02,134.025,126
2023-04-18T18:30:00.000Z,134.025,134.045,134.023,134.037,148
2023-04-18T18:35:00.000Z,134.038,134.054,134.036,134.052,87
2023-04-18T18:40:00.000Z,134.05,134.067,134.046,134.053,112
2023-04-18T18:45:00.000Z,134.052,134.053,134.027,134.027,70
2023-04-18T18:50:00.000Z,134.025,134.078,134.025,134.078,116
2023-04-18T18:55:00.000Z,134.078,134.078,134.053,134.067,144
2023-04-18T19:00:00.000Z,134.068,134.068,134.033,134.043,56
2023-04-18T19:05:00.000Z,134.044,134.053,134.043,134.052,46
2023-04-18T19:10:00.000Z,134.054,134.075,134.052,134.054,150
2023-04-18T19:15:00.000Z,134.05,134.063,134.047,134.061,173
2023-04-18T19:20:00.000Z,134.06,134.083,134.057,134.082,123
2023-04-18T19:25:00.000Z,134.081,134.087,134.062,134.082,156
2023-04-18T19:30:00.000Z,134.084,134.085,134.067,134.074,120
2023-04-18T19:35:00.000Z,134.073,134.074,134.059,134.059,119
2023-04-18T19:40:00.000Z,134.059,134.075,134.057,134.075,102
2023-04-18T19:45:00.000Z,134.074,134.084,134.067,134.084,148
2023-04-18T19:50:00.000Z,134.084,134.094,134.068,134.08,93
2023-04-18T19:55:00.000Z,134.081,134.098,134.066,134.079,160
2023-04-18T20:00:00.000Z,134.081,134.087,134.058,134.064,195
2023-04-18T20:05:00.000Z,134.064,134.07,134.034,134.034,135
2023-04-18T20:10:00.000Z,134.034,134.067,134.034,134.059,125
2023-04-18T20:15:00.000Z,134.058,134.058,134.039,134.041,62
2023-04-18T20:20:00.000Z,134.042,134.045,134.04,134.041,30
2023-04-18T20:25:00.000Z,134.042,134.046,134.04,134.042,57
2023-04-18T20:30:00.000Z,134.041,134.074,134.041,134.074,99
2023-04-18T20:35:00.000Z,134.074,134.082,134.07,134.078,91
2023-04-18T20:40:00.000Z,134.078,134.092,134.076,134.089,80
2023-04-18T20:45:00.000Z,134.089,134.092,134.066,134.073,84
2023-04-18T20:50:00.000Z,134.073,134.091,134.071,134.091,125
2023-04-18T20:55:00.000Z,134.091,134.105,134.084,134.1,108
2023-04-18T21:00:00.000Z,134.09,134.091,134.053,134.091,7
2023-04-18T21:05:00.000Z,134.091,134.091,134.063,134.077,104
2023-04-18T21:10:00.000Z,134.106,134.106,134.076,134.094,17
2023-04-18T21:15:00.000Z,134.093,134.097,134.089,134.092,615
2023-04-18T21:20:00.000Z,134.093,134.101,134.089,134.101,562
2023-04-18T21:25:00.000Z,134.101,134.101,134.086,134.091,631
2023-04-18T21:30:00.000Z,134.095,134.117,134.089,134.097,431
2023-04-18T21:35:00.000Z,134.098,134.098,134.094,134.094,304
2023-04-18T21:40:00.000Z,134.095,134.097,134.067,134.068,212
2023-04-18T21:45:00.000Z,134.069,134.077,134.063,134.068,451
2023-04-18T21:50:00.000Z,134.068,134.072,134.048,134.071,416
2023-04-18T21:55:00.000Z,134.071,134.077,134.049,134.075,472
2023-04-18T22:00:00.000Z,134.077,134.08,134.051,134.06,328
2023-04-18T22:05:00.000Z,134.06,134.065,134.053,134.055,151
2023-04-18T22:10:00.000Z,134.054,134.056,134.017,134.021,549
2023-04-18T22:15:00.000Z,134.021,134.021,133.983,133.997,359
2023-04-18T22:20:00.000Z,133.996,134.01,133.99,134.009,384
2023-04-18T22:25:00.000Z,134.009,134.026,134,134.003,523
2023-04-18T22:30:00.000Z,134.002,134.045,134,134.044,247
2023-04-18T22:35:00.000Z,134.045,134.077,134.044,134.062,168
2023-04-18T22:40:00.000Z,134.062,134.075,134.049,134.055,203
2023-04-18T22:45:00.000Z,134.056,134.06,134.035,134.051,148
2023-04-18T22:50:00.000Z,134.05,134.064,134.03,134.05,240
2023-04-18T22:55:00.000Z,134.047,134.047,134.025,134.034,184
2023-04-18T23:00:00.000Z,134.035,134.054,134.029,134.033,279
2023-04-18T23:05:00.000Z,134.036,134.039,134.017,134.019,237
2023-04-18T23:10:00.000Z,134.018,134.018,134.005,134.006,201
2023-04-18T23:15:00.000Z,134.007,134.015,134.003,134.006,134
2023-04-18T23:20:00.000Z,134.007,134.016,134.002,134.015,116
2023-04-18T23:25:00.000Z,134.016,134.016,134.001,134.002,181
2023-04-18T23:30:00.000Z,134.002,134.013,133.997,134.006,162
2023-04-18T23:35:00.000Z,134.006,134.026,134,134.015,65
2023-04-18T23:40:00.000Z,134.015,134.015,133.999,134.007,127
2023-04-18T23:45:00.000Z,134.008,134.037,134.006,134.024,94
2023-04-18T23:50:00.000Z,134.024,134.027,134.005,134.025,253
2023-04-18T23:55:00.000Z,134.03,134.046,134.03,134.043,124
2023-04-19T00:00:00.000Z,134.04,134.076,133.972,134.07,461
2023-04-19T00:05:00.000Z,134.069,134.079,134.049,134.072,291
2023-04-19T00:10:00.000Z,134.073,134.086,134.062,134.085,174
2023-04-19T00:15:00.000Z,134.086,134.124,134.085,134.093,243
2023-04-19T00:20:00.000Z,134.095,134.116,134.07,134.114,225
2023-04-19T00:25:00.000Z,134.113,134.13,134.099,134.102,194
2023-04-19T00:30:00.000Z,134.103,134.108,134.086,134.104,165
2023-04-19T00:35:00.000Z,134.103,134.103,134.074,134.089,187
2023-04-19T00:40:00.000Z,134.088,134.089,134.078,134.079,134
2023-04-19T00:45:00.000Z,134.081,134.082,134.014,134.015,206
2023-04-19T00:50:00.000Z,134.022,134.07,133.954,134.062,550
2023-04-19T00:55:00.000Z,134.06,134.095,134.009,134.012,660
2023-04-19T01:00:00.000Z,134.01,134.052,134.001,134.035,345
2023-04-19T01:05:00.000Z,134.037,134.04,134.005,134.031,216
2023-04-19T01:10:00.000Z,134.03,134.03,133.955,133.962,259
2023-04-19T01:15:00.000Z,133.961,134.007,133.956,134.006,229
2023-04-19T01:20:00.000Z,134.007,134.116,134.007,134.106,414
2023-04-19T01:25:00.000Z,134.105,134.142,134.087,134.105,288
2023-04-19T01:30:00.000Z,134.106,134.122,134.081,134.086,264
2023-04-19T01:35:00.000Z,134.087,134.122,134.084,134.098,207
2023-04-19T01:40:00.000Z,134.097,134.215,134.097,134.207,350
2023-04-19T01:45:00.000Z,134.208,134.233,134.184,134.232,390
2023-04-19T01:50:00.000Z,134.234,134.332,134.218,134.301,335
2023-04-19T01:55:00.000Z,134.3,134.31,134.262,134.265,385
2023-04-19T02:00:00.000Z,134.266,134.341,134.265,134.334,449
2023-04-19T02:05:00.000Z,134.334,134.337,134.282,134.293,388
2023-04-19T02:10:00.000Z,134.294,134.311,134.261,134.302,302
2023-04-19T02:15:00.000Z,134.301,134.381,134.293,134.356,308
2023-04-19T02:20:00.000Z,134.354,134.367,134.338,134.355,282
2023-04-19T02:25:00.000Z,134.356,134.366,134.32,134.328,361
2023-04-19T02:30:00.000Z,134.329,134.343,134.311,134.317,232
2023-04-19T02:35:00.000Z,134.318,134.339,134.303,134.311,258
2023-04-19T02:40:00.000Z,134.311,134.357,134.304,134.357,205
2023-04-19T02:45:00.000Z,134.358,134.391,134.31,134.315,300
2023-04-19T02:50:00.000Z,134.313,134.32,134.296,134.311,144
2023-04-19T02:55:00.000Z,134.311,134.341,134.307,134.314,171
2023-04-19T03:00:00.000Z,134.315,134.323,134.283,134.293,223
2023-04-19T03:05:00.000Z,134.294,134.318,134.29,134.315,84
2023-04-19T03:10:00.000Z,134.316,134.328,134.293,134.31,141
2023-04-19T03:15:00.000Z,134.311,134.32,134.293,134.293,143
2023-04-19T03:20:00.000Z,134.292,134.309,134.285,134.291,142
2023-04-19T03:25:00.000Z,134.292,134.301,134.29,134.291,46
2023-04-19T03:30:00.000Z,134.29,134.295,134.266,134.282,125
2023-04-19T03:35:00.000Z,134.28,134.285,134.264,134.28,188
2023-04-19T03:40:00.000Z,134.281,134.31,134.276,134.306,143
2023-04-19T03:45:00.000Z,134.307,134.331,134.282,134.313,186
2023-04-19T03:50:00.000Z,134.311,134.339,134.308,134.329,121
2023-04-19T03:55:00.000Z,134.33,134.331,134.291,134.293,122
2023-04-19T04:00:00.000Z,134.294,134.331,134.284,134.324,164
2023-04-19T04:05:00.000Z,134.323,134.332,134.305,134.31,98
2023-04-19T04:10:00.000Z,134.311,134.315,134.301,134.308,99
2023-04-19T04:15:00.000Z,134.308,134.325,134.306,134.316,96
2023-04-19T04:20:00.000Z,134.319,134.326,134.3,134.3,62
2023-04-19T04:25:00.000Z,134.301,134.312,134.283,134.301,104
2023-04-19T04:30:00.000Z,134.298,134.311,134.29,134.291,108
2023-04-19T04:35:00.000Z,134.292,134.321,134.29,134.301,131
2023-04-19T04:40:00.000Z,134.3,134.303,134.284,134.285,113
2023-04-19T04:45:00.000Z,134.286,134.328,134.286,134.322,101
2023-04-19T04:50:00.000Z,134.321,134.326,134.294,134.309,150
2023-04-19T04:55:00.000Z,134.31,134.325,134.308,134.323,61
2023-04-19T05:00:00.000Z,134.325,134.326,134.315,134.319,92
2023-04-19T05:05:00.000Z,134.32,134.345,134.315,134.344,93
2023-04-19T05:10:00.000Z,134.345,134.375,134.339,134.347,142
2023-04-19T05:15:00.000Z,134.346,134.368,134.345,134.362,120
2023-04-19T05:20:00.000Z,134.362,134.362,134.319,134.322,126
2023-04-19T05:25:00.000Z,134.323,134.363,134.318,134.362,134
2023-04-19T05:30:00.000Z,134.364,134.365,134.343,134.346,163
2023-04-19T05:35:00.000Z,134.345,134.406,134.344,134.385,190
2023-04-19T05:40:00.000Z,134.386,134.444,134.382,134.413,252
2023-04-19T05:45:00.000Z,134.416,134.444,134.398,134.437,246
2023-04-19T05:50:00.000Z,134.436,134.461,134.423,134.445,184
2023-04-19T05:55:00.000Z,134.439,134.464,134.435,134.446,207
2023-04-19T06:00:00.000Z,134.446,134.552,134.443,134.514,697
2023-04-19T06:05:00.000Z,134.514,134.605,134.506,134.593,484
2023-04-19T06:10:00.000Z,134.594,134.65,134.559,134.611,752
2023-04-19T06:15:00.000Z,134.617,134.71,134.615,134.68,729
2023-04-19T06:20:00.000Z,134.679,134.695,134.625,134.692,738
2023-04-19T06:25:00.000Z,134.693,134.738,134.653,134.683,591
2023-04-19T06:30:00.000Z,134.685,134.695,134.631,134.658,613
2023-04-19T06:35:00.000Z,134.658,134.666,134.622,134.635,536
2023-04-19T06:40:00.000Z,134.636,134.674,134.62,134.655,526
2023-04-19T06:45:00.000Z,134.656,134.682,134.583,134.59,537
2023-04-19T06:50:00.000Z,134.59,134.61,134.549,134.595,563
2023-04-19T06:55:00.000Z,134.594,134.63,134.581,134.611,610
2023-04-19T07:00:00.000Z,134.612,134.652,134.562,134.566,663
2023-04-19T07:05:00.000Z,134.57,134.575,134.535,134.551,473
2023-04-19T07:10:00.000Z,134.549,134.63,134.544,134.552,493
2023-04-19T07:15:00.000Z,134.554,134.569,134.504,134.558,579
2023-04-19T07:20:00.000Z,134.557,134.571,134.514,134.531,579
2023-04-19T07:25:00.000Z,134.532,134.584,134.531,134.567,469
2023-04-19T07:30:00.000Z,134.568,134.66,134.565,134.631,467
2023-04-19T07:35:00.000Z,134.63,134.723,134.624,134.713,431
2023-04-19T07:40:00.000Z,134.712,134.815,134.686,134.764,667
2023-04-19T07:45:00.000Z,134.763,134.783,134.691,134.7,582
2023-04-19T07:50:00.000Z,134.702,134.754,134.693,134.728,513
2023-04-19T07:55:00.000Z,134.728,134.755,134.708,134.736,338
2023-04-19T08:00:00.000Z,134.736,134.772,134.726,134.76,468
2023-04-19T08:05:00.000Z,134.759,134.871,134.752,134.841,597
2023-04-19T08:10:00.000Z,134.843,134.873,134.806,134.826,510
2023-04-19T08:15:00.000Z,134.827,134.837,134.798,134.818,385
2023-04-19T08:20:00.000Z,134.817,134.844,134.794,134.805,436
2023-04-19T08:25:00.000Z,134.805,134.852,134.799,134.826,405
2023-04-19T08:30:00.000Z,134.826,134.828,134.773,134.813,402
2023-04-19T08:35:00.000Z,134.814,134.886,134.804,134.881,398
2023-04-19T08:40:00.000Z,134.881,134.923,134.871,134.881,581
2023-04-19T08:45:00.000Z,134.883,134.9,134.854,134.864,409
2023-04-19T08:50:00.000Z,134.864,134.886,134.823,134.884,412
2023-04-19T08:55:00.000Z,134.885,134.919,134.884,134.89,376
2023-04-19T09:00:00.000Z,134.897,134.905,134.843,134.864,441
2023-04-19T09:05:00.000Z,134.868,134.871,134.796,134.823,378
2023-04-19T09:10:00.000Z,134.824,134.877,134.823,134.854,344
2023-04-19T09:15:00.000Z,134.855,134.894,134.839,134.839,414
2023-04-19T09:20:00.000Z,134.839,134.951,134.827,134.949,440
2023-04-19T09:25:00.000Z,134.949,134.965,134.931,134.958,549
2023-04-19T09:30:00.000Z,134.957,134.972,134.942,134.959,525
2023-04-19T09:35:00.000Z,134.958,134.976,134.943,134.961,453
2023-04-19T09:40:00.000Z,134.96,134.978,134.958,134.978,410
2023-04-19T09:45:00.000Z,134.979,134.99,134.976,134.99,290
2023-04-19T09:50:00.000Z,134.991,135.132,134.823,134.852,1166
2023-04-19T09:55:00.000Z,134.853,134.853,134.75,134.789,776
2023-04-19T10:00:00.000Z,134.793,134.836,134.771,134.81,510
2023-04-19T10:05:00.000Z,134.817,134.842,134.792,134.842,332
2023-04-19T10:10:00.000Z,134.85,134.907,134.85,134.899,336
2023-04-19T10:15:00.000Z,134.899,134.936,134.856,134.858,309
2023-04-19T10:20:00.000Z,134.857,134.871,134.787,134.789,304
2023-04-19T10:25:00.000Z,134.787,134.788,134.734,134.775,213
2023-04-19T10:30:00.000Z,134.775,134.821,134.77,134.79,371
2023-04-19T10:35:00.000Z,134.788,134.807,134.762,134.773,347
2023-04-19T10:40:00.000Z,134.772,134.83,134.772,134.816,378
2023-04-19T10:45:00.000Z,134.815,134.845,134.779,134.839,324
2023-04-19T10:50:00.000Z,134.837,134.859,134.813,134.815,250
2023-04-19T10:55:00.000Z,134.812,134.836,134.766,134.827,301
2023-04-19T11:00:00.000Z,134.828,134.903,134.827,134.868,428
2023-04-19T11:05:00.000Z,134.87,134.896,134.854,134.882,253
2023-04-19T11:10:00.000Z,134.881,134.915,134.857,134.869,250
2023-04-19T11:15:00.000Z,134.867,134.889,134.836,134.883,275
2023-04-19T11:20:00.000Z,134.885,134.895,134.831,134.871,330
2023-04-19T11:25:00.000Z,134.872,134.902,134.857,134.873,424
2023-04-19T11:30:00.000Z,134.878,134.883,134.842,134.843,377
2023-04-19T11:35:00.000Z,134.842,134.844,134.809,134.829,290
2023-04-19T11:40:00.000Z,134.833,134.863,134.82,134.862,241
2023-04-19T11:45:00.000Z,134.863,134.863,134.816,134.851,290
2023-04-19T11:50:00.000Z,134.851,134.851,134.652,134.663,565
2023-04-19T11:55:00.000Z,134.665,134.711,134.664,134.676,399
2023-04-19T12:00:00.000Z,134.675,134.71,134.635,134.636,271
2023-04-19T12:05:00.000Z,134.637,134.686,134.635,134.681,323
2023-04-19T12:10:00.000Z,134.682,134.692,134.639,134.675,226
2023-04-19T12:15:00.000Z,134.673,134.729,134.651,134.711,394
2023-04-19T12:20:00.000Z,134.713,134.715,134.56,134.6,713
2023-04-19T12:25:00.000Z,134.601,134.609,134.52,134.543,416
2023-04-19T12:30:00.000Z,134.544,134.58,134.514,134.558,473
2023-04-19T12:35:00.000Z,134.559,134.609,134.506,134.526,516
2023-04-19T12:40:00.000Z,134.527,134.527,134.401,134.447,578
2023-04-19T12:45:00.000Z,134.445,134.447,134.385,134.42,551
2023-04-19T12:50:00.000Z,134.419,134.475,134.418,134.421,391
2023-04-19T12:55:00.000Z,134.42,134.46,134.375,134.384,475
2023-04-19T13:00:00.000Z,134.385,134.403,134.305,134.305,748
2023-04-19T13:05:00.000Z,134.312,134.358,134.305,134.356,467
2023-04-19T13:10:00.000Z,134.355,134.4,134.351,134.392,495
2023-04-19T13:15:00.000Z,134.392,134.396,134.36,134.379,425
2023-04-19T13:20:00.000Z,134.382,134.429,134.381,134.386,402
2023-04-19T13:25:00.000Z,134.381,134.386,134.325,134.327,393
2023-04-19T13:30:00.000Z,134.324,134.386,134.291,134.355,632
2023-04-19T13:35:00.000Z,134.356,134.387,134.324,134.387,479
2023-04-19T13:40:00.000Z,134.388,134.42,134.368,134.393,463
2023-04-19T13:45:00.000Z,134.392,134.426,134.351,134.42,494
2023-04-19T13:50:00.000Z,134.422,134.438,134.387,134.43,326
2023-04-19T13:55:00.000Z,134.429,134.475,134.397,134.466,481
2023-04-19T14:00:00.000Z,134.465,134.465,134.348,134.357,494
2023-04-19T14:05:00.000Z,134.356,134.403,134.298,134.322,493
2023-04-19T14:10:00.000Z,134.322,134.339,134.294,134.328,282
2023-04-19T14:15:00.000Z,134.328,134.368,134.316,134.34,420
2023-04-19T14:20:00.000Z,134.342,134.385,134.302,134.367,442
2023-04-19T14:25:00.000Z,134.366,134.424,134.366,134.406,418
2023-04-19T14:30:00.000Z,134.406,134.421,134.396,134.408,305
2023-04-19T14:35:00.000Z,134.406,134.436,134.402,134.428,320
2023-04-19T14:40:00.000Z,134.426,134.505,134.425,134.504,375
2023-04-19T14:45:00.000Z,134.504,134.563,134.491,134.543,451
2023-04-19T14:50:00.000Z,134.542,134.598,134.523,134.597,335
2023-04-19T14:55:00.000Z,134.596,134.633,134.584,134.624,534
2023-04-19T15:00:00.000Z,134.625,134.636,134.575,134.589,613
2023-04-19T15:05:00.000Z,134.588,134.634,134.578,134.625,380
2023-04-19T15:10:00.000Z,134.626,134.703,134.626,134.676,434
2023-04-19T15:15:00.000Z,134.685,134.686,134.65,134.67,307
2023-04-19T15:20:00.000Z,134.671,134.693,134.655,134.663,316
2023-04-19T15:25:00.000Z,134.663,134.704,134.66,134.682,272
2023-04-19T15:30:00.000Z,134.682,134.705,134.668,134.704,289
2023-04-19T15:35:00.000Z,134.704,134.744,134.702,134.737,378
2023-04-19T15:40:00.000Z,134.739,134.766,134.737,134.758,196
2023-04-19T15:45:00.000Z,134.764,134.796,134.75,134.776,265
2023-04-19T15:50:00.000Z,134.777,134.803,134.776,134.795,246
2023-04-19T15:55:00.000Z,134.796,134.814,134.783,134.795,208
2023-04-19T16:00:00.000Z,134.795,134.834,134.795,134.827,213
2023-04-19T16:05:00.000Z,134.828,134.855,134.826,134.839,201
2023-04-19T16:10:00.000Z,134.838,134.839,134.803,134.823,266
2023-04-19T16:15:00.000Z,134.826,134.839,134.804,134.806,152
2023-04-19T16:20:00.000Z,134.805,134.811,134.779,134.793,184
2023-04-19T16:25:00.000Z,134.793,134.794,134.769,134.774,188
2023-04-19T16:30:00.000Z,134.773,134.786,134.747,134.784,202
2023-04-19T16:35:00.000Z,134.785,134.785,134.734,134.736,117
2023-04-19T16:40:00.000Z,134.738,134.768,134.719,134.719,143
2023-04-19T16:45:00.000Z,134.72,134.729,134.709,134.725,170
2023-04-19T16:50:00.000Z,134.724,134.729,134.708,134.715,111
2023-04-19T16:55:00.000Z,134.715,134.723,134.659,134.659,197
2023-04-19T17:00:00.000Z,134.661,134.684,134.65,134.683,266
2023-04-19T17:05:00.000Z,134.687,134.703,134.658,134.697,267
2023-04-19T17:10:00.000Z,134.698,134.742,134.692,134.735,234
2023-04-19T17:15:00.000Z,134.74,134.747,134.73,134.735,204
2023-04-19T17:20:00.000Z,134.736,134.759,134.726,134.759,184
2023-04-19T17:25:00.000Z,134.758,134.783,134.746,134.764,190
2023-04-19T17:30:00.000Z,134.765,134.769,134.736,134.759,123
2023-04-19T17:35:00.000Z,134.758,134.789,134.757,134.776,195
2023-04-19T17:40:00.000Z,134.779,134.785,134.758,134.765,188
2023-04-19T17:45:00.000Z,134.766,134.777,134.765,134.773,58
2023-04-19T17:50:00.000Z,134.774,134.775,134.754,134.755,154
2023-04-19T17:55:00.000Z,134.748,134.798,134.747,134.781,204
2023-04-19T18:00:00.000Z,134.782,134.782,134.686,134.749,419
2023-04-19T18:05:00.000Z,134.751,134.778,134.736,134.764,189
2023-04-19T18:10:00.000Z,134.765,134.768,134.741,134.748,167
2023-04-19T18:15:00.000Z,134.746,134.752,134.723,134.723,222
2023-04-19T18:20:00.000Z,134.723,134.737,134.711,134.721,268
2023-04-19T18:25:00.000Z,134.723,134.724,134.695,134.705,240
2023-04-19T18:30:00.000Z,134.707,134.713,134.692,134.701,190
2023-04-19T18:35:00.000Z,134.702,134.724,134.69,134.699,203
2023-04-19T18:40:00.000Z,134.701,134.716,134.699,134.715,166
2023-04-19T18:45:00.000Z,134.716,134.716,134.68,134.69,195
2023-04-19T18:50:00.000Z,134.692,134.753,134.69,134.734,273
2023-04-19T18:55:00.000Z,134.734,134.74,134.708,134.727,285
2023-04-19T19:00:00.000Z,134.726,134.736,134.718,134.735,371
2023-04-19T19:05:00.000Z,134.735,134.744,134.727,134.742,161
2023-04-19T19:10:00.000Z,134.743,134.744,134.735,134.743,61
2023-04-19T19:15:00.000Z,134.744,134.744,134.734,134.743,65
2023-04-19T19:20:00.000Z,134.742,134.769,134.742,134.759,111
2023-04-19T19:25:00.000Z,134.76,134.779,134.757,134.771,139
2023-04-19T19:30:00.000Z,134.772,134.784,134.757,134.782,168
2023-04-19T19:35:00.000Z,134.781,134.792,134.771,134.779,101
2023-04-19T19:40:00.000Z,134.779,134.789,134.77,134.771,79
2023-04-19T19:45:00.000Z,134.777,134.789,134.743,134.744,170
2023-04-19T19:50:00.000Z,134.745,134.769,134.745,134.762,134
2023-04-19T19:55:00.000Z,134.766,134.799,134.766,134.794,192
2023-04-19T20:00:00.000Z,134.795,134.822,134.785,134.822,191
2023-04-19T20:05:00.000Z,134.822,134.824,134.812,134.814,138
2023-04-19T20:10:00.000Z,134.815,134.818,134.752,134.754,160
2023-04-19T20:15:00.000Z,134.754,134.765,134.749,134.765,103
2023-04-19T20:20:00.000Z,134.764,134.764,134.753,134.754,118
2023-04-19T20:25:00.000Z,134.754,134.759,134.75,134.753,37
2023-04-19T20:30:00.000Z,134.754,134.762,134.723,134.724,68
2023-04-19T20:35:00.000Z,134.722,134.73,134.716,134.723,73
2023-04-19T20:40:00.000Z,134.723,134.724,134.679,134.679,143
2023-04-19T20:45:00.000Z,134.682,134.685,134.671,134.674,140
2023-04-19T20:50:00.000Z,134.674,134.692,134.667,134.687,236
2023-04-19T20:55:00.000Z,134.691,134.742,134.691,134.707,286
2023-04-19T21:00:00.000Z,134.67,134.726,134.649,134.726,34
2023-04-19T21:05:00.000Z,134.726,134.726,134.651,134.707,537
2023-04-19T21:10:00.000Z,134.707,134.707,134.659,134.698,709
2023-04-19T21:15:00.000Z,134.685,134.698,134.667,134.668,1165
2023-04-19T21:20:00.000Z,134.672,134.677,134.65,134.652,1078
2023-04-19T21:25:00.000Z,134.652,134.673,134.588,134.672,449
2023-04-19T21:30:00.000Z,134.673,134.677,134.609,134.625,191
2023-04-19T21:35:00.000Z,134.627,134.642,134.615,134.626,639
2023-04-19T21:40:00.000Z,134.626,134.627,134.612,134.612,424
2023-04-19T21:45:00.000Z,134.615,134.617,134.601,134.615,310
2023-04-19T21:50:00.000Z,134.616,134.623,134.599,134.599,23
2023-04-19T21:55:00.000Z,134.6,134.642,134.6,134.613,407
2023-04-19T22:00:00.000Z,134.616,134.797,134.616,134.705,488
2023-04-19T22:05:00.000Z,134.707,134.707,134.663,134.686,289
2023-04-19T22:10:00.000Z,134.688,134.711,134.658,134.659,154
2023-04-19T22:15:00.000Z,134.664,134.672,134.608,134.643,146
2023-04-19T22:20:00.000Z,134.644,134.665,134.613,134.619,271
2023-04-19T22:25:00.000Z,134.626,134.643,134.605,134.622,311
2023-04-19T22:30:00.000Z,134.622,134.659,134.602,134.659,339
2023-04-19T22:35:00.000Z,134.661,134.694,134.652,134.66,249
2023-04-19T22:40:00.000Z,134.659,134.675,134.659,134.666,121
2023-04-19T22:45:00.000Z,134.665,134.697,134.659,134.695,176
2023-04-19T22:50:00.000Z,134.694,134.744,134.69,134.731,105
2023-04-19T22:55:00.000Z,134.74,134.751,134.704,134.724,186
2023-04-19T23:00:00.000Z,134.727,134.751,134.712,134.743,169
2023-04-19T23:05:00.000Z,134.742,134.761,134.729,134.739,150
2023-04-19T23:10:00.000Z,134.74,134.755,134.74,134.75,117
2023-04-19T23:15:00.000Z,134.749,134.764,134.703,134.721,234
2023-04-19T23:20:00.000Z,134.722,134.742,134.722,134.738,86
2023-04-19T23:25:00.000Z,134.739,134.759,134.732,134.733,104
2023-04-19T23:30:00.000Z,134.732,134.763,134.729,134.75,178
2023-04-19T23:35:00.000Z,134.748,134.749,134.708,134.749,177
2023-04-19T23:40:00.000Z,134.753,134.759,134.741,134.75,143
2023-04-19T23:45:00.000Z,134.753,134.753,134.725,134.737,164
2023-04-19T23:50:00.000Z,134.736,134.749,134.702,134.705,179
2023-04-19T23:55:00.000Z,134.704,134.716,134.679,134.714,145
2023-04-20T00:00:00.000Z,134.711,134.75,134.638,134.65,523
2023-04-20T00:05:00.000Z,134.649,134.659,134.613,134.64,308
2023-04-20T00:10:00.000Z,134.641,134.687,134.614,134.674,208
2023-04-20T00:15:00.000Z,134.675,134.694,134.658,134.659,210
2023-04-20T00:20:00.000Z,134.659,134.669,134.634,134.637,156
2023-04-20T00:25:00.000Z,134.636,134.667,134.622,134.666,198
2023-04-20T00:30:00.000Z,134.665,134.773,134.665,134.741,400
2023-04-20T00:35:00.000Z,134.742,134.776,134.727,134.776,353
2023-04-20T00:40:00.000Z,134.777,134.778,134.709,134.714,280
2023-04-20T00:45:00.000Z,134.721,134.756,134.703,134.754,278
2023-04-20T00:50:00.000Z,134.751,134.814,134.701,134.814,755
2023-04-20T00:55:00.000Z,134.818,134.846,134.775,134.841,686
2023-04-20T01:00:00.000Z,134.84,134.916,134.827,134.904,454
2023-04-20T01:05:00.000Z,134.903,134.966,134.896,134.954,407
2023-04-20T01:10:00.000Z,134.953,134.953,134.901,134.948,422
2023-04-20T01:15:00.000Z,134.95,134.95,134.882,134.896,395
2023-04-20T01:20:00.000Z,134.898,134.916,134.89,134.913,217
2023-04-20T01:25:00.000Z,134.914,134.972,134.864,134.865,450
2023-04-20T01:30:00.000Z,134.864,134.876,134.83,134.833,330
2023-04-20T01:35:00.000Z,134.831,134.851,134.826,134.85,363
2023-04-20T01:40:00.000Z,134.851,134.911,134.851,134.893,376
2023-04-20T01:45:00.000Z,134.894,134.897,134.831,134.833,347
2023-04-20T01:50:00.000Z,134.832,134.841,134.812,134.832,273
2023-04-20T01:55:00.000Z,134.831,134.836,134.791,134.824,303
2023-04-20T02:00:00.000Z,134.828,134.83,134.768,134.821,283
2023-04-20T02:05:00.000Z,134.82,134.858,134.808,134.843,326
2023-04-20T02:10:00.000Z,134.844,134.861,134.831,134.84,233
2023-04-20T02:15:00.000Z,134.841,134.847,134.786,134.786,257
2023-04-20T02:20:00.000Z,134.788,134.79,134.759,134.76,209
2023-04-20T02:25:00.000Z,134.767,134.769,134.732,134.743,261
2023-04-20T02:30:00.000Z,134.743,134.747,134.723,134.734,148
2023-04-20T02:35:00.000Z,134.736,134.765,134.724,134.76,165
2023-04-20T02:40:00.000Z,134.759,134.761,134.733,134.752,162
2023-04-20T02:45:00.000Z,134.751,134.783,134.748,134.768,190
2023-04-20T02:50:00.000Z,134.774,134.788,134.769,134.78,115
2023-04-20T02:55:00.000Z,134.779,134.808,134.778,134.801,164
2023-04-20T03:00:00.000Z,134.8,134.804,134.76,134.762,170
2023-04-20T03:05:00.000Z,134.763,134.795,134.762,134.777,141
2023-04-20T03:10:00.000Z,134.773,134.776,134.729,134.754,219
2023-04-20T03:15:00.000Z,134.753,134.789,134.753,134.787,300
2023-04-20T03:20:00.000Z,134.789,134.791,134.68,134.697,300
2023-04-20T03:25:00.000Z,134.698,134.744,134.679,134.744,248
2023-04-20T03:30:00.000Z,134.743,134.744,134.704,134.714,150
2023-04-20T03:35:00.000Z,134.715,134.737,134.715,134.723,164
2023-04-20T03:40:00.000Z,134.722,134.724,134.681,134.72,231
2023-04-20T03:45:00.000Z,134.717,134.742,134.717,134.74,149
2023-04-20T03:50:00.000Z,134.741,134.753,134.68,134.698,157
2023-04-20T03:55:00.000Z,134.697,134.751,134.697,134.74,151
2023-04-20T04:00:00.000Z,134.739,134.771,134.731,134.751,174
2023-04-20T04:05:00.000Z,134.75,134.772,134.748,134.77,159
2023-04-20T04:10:00.000Z,134.769,134.781,134.756,134.77,214
2023-04-20T04:15:00.000Z,134.769,134.772,134.715,134.723,149
2023-04-20T04:20:00.000Z,134.722,134.782,134.722,134.762,122
2023-04-20T04:25:00.000Z,134.762,134.798,134.751,134.788,222
2023-04-20T04:30:00.000Z,134.789,134.798,134.778,134.788,169
2023-04-20T04:35:00.000Z,134.789,134.796,134.783,134.787,122
2023-04-20T04:40:00.000Z,134.788,134.816,134.777,134.809,157
2023-04-20T04:45:00.000Z,134.808,134.815,134.78,134.814,171
2023-04-20T04:50:00.000Z,134.815,134.829,134.805,134.806,173
2023-04-20T04:55:00.000Z,134.803,134.808,134.775,134.782,102
2023-04-20T05:00:00.000Z,134.783,134.785,134.75,134.765,252
2023-04-20T05:05:00.000Z,134.765,134.788,134.764,134.77,117
2023-04-20T05:10:00.000Z,134.771,134.783,134.768,134.781,81
2023-04-20T05:15:00.000Z,134.782,134.828,134.767,134.824,147
2023-04-20T05:20:00.000Z,134.826,134.835,134.776,134.777,208
2023-04-20T05:25:00.000Z,134.776,134.816,134.774,134.812,276
2023-04-20T05:30:00.000Z,134.812,134.82,134.787,134.799,262
2023-04-20T05:35:00.000Z,134.798,134.798,134.777,134.779,231
2023-04-20T05:40:00.000Z,134.778,134.781,134.744,134.768,226
2023-04-20T05:45:00.000Z,134.767,134.772,134.741,134.743,271
2023-04-20T05:50:00.000Z,134.742,134.746,134.722,134.724,226
2023-04-20T05:55:00.000Z,134.723,134.725,134.685,134.699,305
2023-04-20T06:00:00.000Z,134.702,134.712,134.617,134.626,414
2023-04-20T06:05:00.000Z,134.623,134.64,134.546,134.574,439
2023-04-20T06:10:00.000Z,134.573,134.6,134.531,134.531,376
2023-04-20T06:15:00.000Z,134.528,134.545,134.475,134.527,522
2023-04-20T06:20:00.000Z,134.525,134.578,134.496,134.521,378
2023-04-20T06:25:00.000Z,134.523,134.557,134.513,134.531,322
2023-04-20T06:30:00.000Z,134.532,134.596,134.523,134.586,307
2023-04-20T06:35:00.000Z,134.586,134.603,134.51,134.525,363
2023-04-20T06:40:00.000Z,134.526,134.533,134.405,134.406,598
2023-04-20T06:45:00.000Z,134.404,134.445,134.387,134.43,499
2023-04-20T06:50:00.000Z,134.431,134.469,134.42,134.464,612
2023-04-20T06:55:00.000Z,134.463,134.494,134.436,134.494,481
2023-04-20T07:00:00.000Z,134.495,134.531,134.486,134.502,574
2023-04-20T07:05:00.000Z,134.504,134.56,134.493,134.522,559
2023-04-20T07:10:00.000Z,134.519,134.542,134.473,134.523,570
2023-04-20T07:15:00.000Z,134.522,134.575,134.491,134.531,600
2023-04-20T07:20:00.000Z,134.531,134.544,134.443,134.478,562
2023-04-20T07:25:00.000Z,134.477,134.499,134.456,134.498,413
2023-04-20T07:30:00.000Z,134.497,134.537,134.48,134.529,485
2023-04-20T07:35:00.000Z,134.53,134.566,134.52,134.563,444
2023-04-20T07:40:00.000Z,134.564,134.593,134.552,134.553,546
2023-04-20T07:45:00.000Z,134.552,134.607,134.546,134.547,530
2023-04-20T07:50:00.000Z,134.549,134.59,134.528,134.584,446
2023-04-20T07:55:00.000Z,134.585,134.629,134.585,134.611,382
2023-04-20T08:00:00.000Z,134.611,134.624,134.59,134.592,512
2023-04-20T08:05:00.000Z,134.595,134.624,134.57,134.573,296
2023-04-20T08:10:00.000Z,134.571,134.607,134.558,134.588,278
2023-04-20T08:15:00.000Z,134.588,134.589,134.531,134.552,430
2023-04-20T08:20:00.000Z,134.552,134.56,134.515,134.552,340
2023-04-20T08:25:00.000Z,134.551,134.596,134.527,134.542,330
2023-04-20T08:30:00.000Z,134.543,134.569,134.505,134.561,422
2023-04-20T08:35:00.000Z,134.56,134.595,134.549,134.586,304
2023-04-20T08:40:00.000Z,134.582,134.613,134.575,134.586,425
2023-04-20T08:45:00.000Z,134.587,134.642,134.581,134.634,511
2023-04-20T08:50:00.000Z,134.634,134.647,134.591,134.592,342
2023-04-20T08:55:00.000Z,134.591,134.677,134.552,134.673,531
2023-04-20T09:00:00.000Z,134.672,134.741,134.653,134.727,511
2023-04-20T09:05:00.000Z,134.727,134.799,134.706,134.781,543
2023-04-20T09:10:00.000Z,134.779,134.838,134.779,134.823,546
2023-04-20T09:15:00.000Z,134.826,134.86,134.809,134.836,504
2023-04-20T09:20:00.000Z,134.839,134.863,134.809,134.815,560
2023-04-20T09:25:00.000Z,134.815,134.843,134.792,134.811,359
2023-04-20T09:30:00.000Z,134.815,134.835,134.788,134.789,283
2023-04-20T09:35:00.000Z,134.788,134.799,134.751,134.756,254
2023-04-20T09:40:00.000Z,134.755,134.764,134.742,134.752,244
2023-04-20T09:45:00.000Z,134.753,134.764,134.735,134.74,241
2023-04-20T09:50:00.000Z,134.741,134.766,134.729,134.755,343
2023-04-20T09:55:00.000Z,134.756,134.761,134.69,134.693,277
2023-04-20T10:00:00.000Z,134.691,134.704,134.667,134.686,376
2023-04-20T10:05:00.000Z,134.687,134.708,134.663,134.668,350
2023-04-20T10:10:00.000Z,134.669,134.677,134.649,134.664,250
2023-04-20T10:15:00.000Z,134.664,134.668,134.624,134.646,314
2023-04-20T10:20:00.000Z,134.646,134.651,134.614,134.628,318
2023-04-20T10:25:00.000Z,134.628,134.662,134.622,134.622,359
2023-04-20T10:30:00.000Z,134.622,134.625,134.575,134.616,453
2023-04-20T10:35:00.000Z,134.616,134.642,134.566,134.585,379
2023-04-20T10:40:00.000Z,134.589,134.626,134.573,134.58,279
2023-04-20T10:45:00.000Z,134.579,134.589,134.544,134.561,265
2023-04-20T10:50:00.000Z,134.56,134.573,134.543,134.554,281
2023-04-20T10:55:00.000Z,134.554,134.578,134.51,134.564,429
2023-04-20T11:00:00.000Z,134.563,134.579,134.533,134.564,517
2023-04-20T11:05:00.000Z,134.565,134.575,134.534,134.569,293
2023-04-20T11:10:00.000Z,134.572,134.631,134.57,134.626,327
2023-04-20T11:15:00.000Z,134.628,134.635,134.599,134.606,365
2023-04-20T11:20:00.000Z,134.607,134.607,134.578,134.589,232
2023-04-20T11:25:00.000Z,134.59,134.623,134.581,134.59,197
2023-04-20T11:30:00.000Z,134.59,134.59,134.544,134.552,246
2023-04-20T11:35:00.000Z,134.553,134.6,134.543,134.599,241
2023-04-20T11:40:00.000Z,134.599,134.632,134.591,134.619,239
2023-04-20T11:45:00.000Z,134.62,134.621,134.597,134.601,255
2023-04-20T11:50:00.000Z,134.6,134.662,134.591,134.656,340
2023-04-20T11:55:00.000Z,134.656,134.667,134.634,134.664,342
2023-04-20T12:00:00.000Z,134.665,134.706,134.663,134.698,388
2023-04-20T12:05:00.000Z,134.7,134.738,134.68,134.736,257
2023-04-20T12:10:00.000Z,134.737,134.772,134.731,134.754,388
2023-04-20T12:15:00.000Z,134.755,134.779,134.738,134.758,380
2023-04-20T12:20:00.000Z,134.759,134.829,134.759,134.786,575
2023-04-20T12:25:00.000Z,134.785,134.816,134.674,134.691,516
2023-04-20T12:30:00.000Z,134.676,134.681,134.188,134.25,1429
2023-04-20T12:35:00.000Z,134.251,134.369,134.224,134.312,1155
2023-04-20T12:40:00.000Z,134.311,134.342,134.244,134.273,887
2023-04-20T12:45:00.000Z,134.271,134.272,134.175,134.237,847
2023-04-20T12:50:00.000Z,134.237,134.247,134.18,134.235,772
2023-04-20T12:55:00.000Z,134.243,134.292,134.182,134.275,746
2023-04-20T13:00:00.000Z,134.28,134.352,134.276,134.307,804
2023-04-20T13:05:00.000Z,134.306,134.327,134.196,134.235,643
2023-04-20T13:10:00.000Z,134.237,134.303,134.216,134.3,503
2023-04-20T13:15:00.000Z,134.3,134.335,134.26,134.284,493
2023-04-20T13:20:00.000Z,134.283,134.342,134.264,134.321,557
2023-04-20T13:25:00.000Z,134.322,134.356,134.307,134.329,471
2023-04-20T13:30:00.000Z,134.327,134.331,134.234,134.235,644
2023-04-20T13:35:00.000Z,134.234,134.287,134.218,134.223,696
2023-04-20T13:40:00.000Z,134.224,134.227,134.162,134.226,421
2023-04-20T13:45:00.000Z,134.22,134.22,134.169,134.193,545
2023-04-20T13:50:00.000Z,134.195,134.277,134.175,134.269,494
2023-04-20T13:55:00.000Z,134.268,134.288,134.242,134.261,462
2023-04-20T14:00:00.000Z,134.262,134.262,134.134,134.172,824
2023-04-20T14:05:00.000Z,134.171,134.171,134.067,134.114,757
2023-04-20T14:10:00.000Z,134.113,134.119,134.046,134.052,611
2023-04-20T14:15:00.000Z,134.055,134.122,134.034,134.122,473
2023-04-20T14:20:00.000Z,134.122,134.146,134.104,134.13,394
2023-04-20T14:25:00.000Z,134.129,134.164,134.129,134.14,387
2023-04-20T14:30:00.000Z,134.139,134.141,134.083,134.105,324
2023-04-20T14:35:00.000Z,134.108,134.136,134.057,134.122,482
2023-04-20T14:40:00.000Z,134.124,134.129,134.051,134.059,346
2023-04-20T14:45:00.000Z,134.063,134.08,134.02,134.056,442
2023-04-20T14:50:00.000Z,134.054,134.095,134.046,134.082,473
2023-04-20T14:55:00.000Z,134.081,134.082,134.013,134.047,628
2023-04-20T15:00:00.000Z,134.047,134.091,134.045,134.086,517
2023-04-20T15:05:00.000Z,134.086,134.123,134.074,134.093,454
2023-04-20T15:10:00.000Z,134.094,134.143,134.078,134.138,322
2023-04-20T15:15:00.000Z,134.14,134.146,134.115,134.145,344
2023-04-20T15:20:00.000Z,134.143,134.146,134.041,134.058,338
2023-04-20T15:25:00.000Z,134.056,134.063,134.031,134.053,355
2023-04-20T15:30:00.000Z,134.052,134.096,134.049,134.064,385
2023-04-20T15:35:00.000Z,134.064,134.095,134.05,134.09,298
2023-04-20T15:40:00.000Z,134.089,134.134,134.083,134.114,321
2023-04-20T15:45:00.000Z,134.114,134.129,134.106,134.108,253
2023-04-20T15:50:00.000Z,134.109,134.115,134.093,134.093,157
2023-04-20T15:55:00.000Z,134.094,134.115,134.093,134.102,237
2023-04-20T16:00:00.000Z,134.101,134.113,134.083,134.085,323
2023-04-20T16:05:00.000Z,134.086,134.089,134.052,134.068,203
2023-04-20T16:10:00.000Z,134.068,134.134,134.068,134.133,251
2023-04-20T16:15:00.000Z,134.134,134.153,134.123,134.139,263
2023-04-20T16:20:00.000Z,134.139,134.142,134.122,134.124,199
2023-04-20T16:25:00.000Z,134.128,134.151,134.107,134.135,312
2023-04-20T16:30:00.000Z,134.134,134.151,134.124,134.143,165
2023-04-20T16:35:00.000Z,134.144,134.146,134.122,134.13,118
2023-04-20T16:40:00.000Z,134.131,134.134,134.115,134.122,95
2023-04-20T16:45:00.000Z,134.121,134.159,134.121,134.159,176
2023-04-20T16:50:00.000Z,134.16,134.196,134.159,134.19,229
2023-04-20T16:55:00.000Z,134.189,134.189,134.156,134.156,218
2023-04-20T17:00:00.000Z,134.152,134.185,134.151,134.185,179
2023-04-20T17:05:00.000Z,134.186,134.212,134.182,134.197,205
2023-04-20T17:10:00.000Z,134.198,134.215,134.186,134.197,229
2023-04-20T17:15:00.000Z,134.198,134.198,134.185,134.192,80
2023-04-20T17:20:00.000Z,134.193,134.206,134.176,134.203,128
2023-04-20T17:25:00.000Z,134.203,134.214,134.194,134.203,138
2023-04-20T17:30:00.000Z,134.206,134.211,134.194,134.205,133
2023-04-20T17:35:00.000Z,134.204,134.218,134.203,134.214,118
2023-04-20T17:40:00.000Z,134.213,134.228,134.213,134.226,118
2023-04-20T17:45:00.000Z,134.226,134.237,134.221,134.226,190
2023-04-20T17:50:00.000Z,134.227,134.279,134.224,134.277,196
2023-04-20T17:55:00.000Z,134.276,134.292,134.273,134.278,311
2023-04-20T18:00:00.000Z,134.279,134.283,134.273,134.281,325
2023-04-20T18:05:00.000Z,134.281,134.324,134.281,134.318,220
2023-04-20T18:10:00.000Z,134.318,134.325,134.309,134.323,189
2023-04-20T18:15:00.000Z,134.323,134.326,134.297,134.323,174
2023-04-20T18:20:00.000Z,134.323,134.327,134.309,134.314,151
2023-04-20T18:25:00.000Z,134.315,134.318,134.306,134.315,164
2023-04-20T18:30:00.000Z,134.316,134.32,134.298,134.315,156
2023-04-20T18:35:00.000Z,134.315,134.316,134.306,134.309,174
2023-04-20T18:40:00.000Z,134.309,134.334,134.307,134.325,98
2023-04-20T18:45:00.000Z,134.322,134.334,134.299,134.301,211
2023-04-20T18:50:00.000Z,134.297,134.334,134.295,134.326,226
2023-04-20T18:55:00.000Z,134.326,134.346,134.316,134.335,255
2023-04-20T19:00:00.000Z,134.334,134.354,134.324,134.325,163
2023-04-20T19:05:00.000Z,134.326,134.35,134.324,134.346,117
2023-04-20T19:10:00.000Z,134.35,134.352,134.342,134.351,86
2023-04-20T19:15:00.000Z,134.352,134.355,134.318,134.321,160
2023-04-20T19:20:00.000Z,134.32,134.33,134.305,134.308,205
2023-04-20T19:25:00.000Z,134.31,134.326,134.31,134.318,115
2023-04-20T19:30:00.000Z,134.319,134.345,134.319,134.344,196
2023-04-20T19:35:00.000Z,134.344,134.344,134.323,134.324,154
2023-04-20T19:40:00.000Z,134.323,134.329,134.311,134.324,116
2023-04-20T19:45:00.000Z,134.323,134.324,134.301,134.308,125
2023-04-20T19:50:00.000Z,134.307,134.309,134.296,134.307,111
2023-04-20T19:55:00.000Z,134.307,134.32,134.262,134.279,488
2023-04-20T20:00:00.000Z,134.282,134.286,134.202,134.213,380
2023-04-20T20:05:00.000Z,134.213,134.24,134.213,134.239,234
2023-04-20T20:10:00.000Z,134.24,134.249,134.235,134.236,137
2023-04-20T20:15:00.000Z,134.235,134.246,134.234,134.245,46
2023-04-20T20:20:00.000Z,134.244,134.244,134.227,134.239,75
2023-04-20T20:25:00.000Z,134.24,134.24,134.227,134.229,123
2023-04-20T20:30:00.000Z,134.23,134.249,134.23,134.246,63
2023-04-20T20:35:00.000Z,134.245,134.261,134.245,134.255,111
2023-04-20T20:40:00.000Z,134.255,134.255,134.243,134.243,76
2023-04-20T20:45:00.000Z,134.245,134.247,134.236,134.238,47
2023-04-20T20:50:00.000Z,134.237,134.241,134.227,134.233,143
2023-04-20T20:55:00.000Z,134.234,134.253,134.233,134.242,86
2023-04-20T21:00:00.000Z,134.228,134.228,134.197,134.197,6
2023-04-20T21:05:00.000Z,134.218,134.231,134.208,134.225,648
2023-04-20T21:10:00.000Z,134.228,134.23,134.216,134.226,849
2023-04-20T21:15:00.000Z,134.226,134.23,134.171,134.181,758
2023-04-20T21:20:00.000Z,134.184,134.209,134.163,134.207,817
2023-04-20T21:25:00.000Z,134.21,134.222,134.206,134.218,654
2023-04-20T21:30:00.000Z,134.216,134.23,134.214,134.228,489
2023-04-20T21:35:00.000Z,134.229,134.23,134.189,134.215,757
2023-04-20T21:40:00.000Z,134.216,134.227,134.212,134.223,515
2023-04-20T21:45:00.000Z,134.225,134.227,134.222,134.225,759
2023-04-20T21:50:00.000Z,134.227,134.227,134.223,134.225,638
2023-04-20T21:55:00.000Z,134.226,134.226,134.201,134.21,626
2023-04-20T22:00:00.000Z,134.211,134.287,134.209,134.238,668
2023-04-20T22:05:00.000Z,134.239,134.24,134.21,134.211,257
2023-04-20T22:10:00.000Z,134.21,134.211,134.17,134.187,271
2023-04-20T22:15:00.000Z,134.185,134.192,134.167,134.177,242
2023-04-20T22:20:00.000Z,134.176,134.2,134.162,134.2,247
2023-04-20T22:25:00.000Z,134.201,134.202,134.152,134.17,303
2023-04-20T22:30:00.000Z,134.173,134.183,134.153,134.182,162
2023-04-20T22:35:00.000Z,134.184,134.189,134.152,134.171,131
2023-04-20T22:40:00.000Z,134.173,134.173,134.143,134.154,116
2023-04-20T22:45:00.000Z,134.153,134.156,134.136,134.153,49
2023-04-20T22:50:00.000Z,134.154,134.158,134.15,134.152,40
2023-04-20T22:55:00.000Z,134.153,134.179,134.153,134.174,78
2023-04-20T23:00:00.000Z,134.176,134.176,134.127,134.153,167
2023-04-20T23:05:00.000Z,134.154,134.162,134.152,134.154,59
2023-04-20T23:10:00.000Z,134.156,134.156,134.127,134.129,70
2023-04-20T23:15:00.000Z,134.128,134.129,134.1,134.119,72
2023-04-20T23:20:00.000Z,134.119,134.139,134.117,134.127,46
2023-04-20T23:25:00.000Z,134.128,134.128,134.089,134.091,92
2023-04-20T23:30:00.000Z,134.092,134.093,134.021,134.092,244
2023-04-20T23:35:00.000Z,134.091,134.119,134.089,134.091,171
2023-04-20T23:40:00.000Z,134.092,134.097,134.009,134.036,176
2023-04-20T23:45:00.000Z,134.037,134.038,134.021,134.025,132
2023-04-20T23:50:00.000Z,134.026,134.033,133.962,133.97,175
2023-04-20T23:55:00.000Z,133.971,134.006,133.953,134,209
2023-04-21T00:00:00.000Z,133.998,134.053,133.983,134.03,354
2023-04-21T00:05:00.000Z,134.037,134.1,134.037,134.1,230
2023-04-21T00:10:00.000Z,134.099,134.135,134.089,134.117,161
2023-04-21T00:15:00.000Z,134.118,134.18,134.118,134.163,207
2023-04-21T00:20:00.000Z,134.161,134.162,134.124,134.147,151
2023-04-21T00:25:00.000Z,134.148,134.174,134.117,134.162,173
2023-04-21T00:30:00.000Z,134.163,134.207,134.161,134.181,234
2023-04-21T00:35:00.000Z,134.181,134.184,134.126,134.127,236
2023-04-21T00:40:00.000Z,134.126,134.151,134.117,134.147,143
2023-04-21T00:45:00.000Z,134.146,134.163,134.136,134.138,177
2023-04-21T00:50:00.000Z,134.144,134.252,134.144,134.222,503
2023-04-21T00:55:00.000Z,134.226,134.246,134.142,134.144,510
2023-04-21T01:00:00.000Z,134.143,134.162,134.126,134.126,309
2023-04-21T01:05:00.000Z,134.128,134.156,134.128,134.139,245
2023-04-21T01:10:00.000Z,134.138,134.138,134.101,134.102,228
2023-04-21T01:15:00.000Z,134.098,134.129,134.084,134.119,267
2023-04-21T01:20:00.000Z,134.118,134.126,134.099,134.106,313
2023-04-21T01:25:00.000Z,134.107,134.126,134.105,134.11,215
2023-04-21T01:30:00.000Z,134.111,134.149,134.055,134.071,362
2023-04-21T01:35:00.000Z,134.072,134.093,134.046,134.048,285
2023-04-21T01:40:00.000Z,134.049,134.066,134.018,134.037,245
2023-04-21T01:45:00.000Z,134.038,134.046,133.876,133.882,522
2023-04-21T01:50:00.000Z,133.877,133.964,133.854,133.896,566
2023-04-21T01:55:00.000Z,133.896,133.927,133.881,133.917,291
2023-04-21T02:00:00.000Z,133.918,133.919,133.805,133.852,445
2023-04-21T02:05:00.000Z,133.853,133.875,133.824,133.843,314
2023-04-21T02:10:00.000Z,133.839,133.913,133.839,133.909,246
2023-04-21T02:15:00.000Z,133.909,133.937,133.886,133.918,366
2023-04-21T02:20:00.000Z,133.919,133.95,133.912,133.949,231
2023-04-21T02:25:00.000Z,133.947,133.957,133.929,133.946,199
2023-04-21T02:30:00.000Z,133.949,133.982,133.926,133.949,252
2023-04-21T02:35:00.000Z,133.948,133.962,133.917,133.946,145
2023-04-21T02:40:00.000Z,133.948,133.965,133.874,133.875,162
2023-04-21T02:45:00.000Z,133.862,133.886,133.84,133.865,200
2023-04-21T02:50:00.000Z,133.866,133.922,133.845,133.92,188
2023-04-21T02:55:00.000Z,133.92,133.958,133.917,133.954,282
2023-04-21T03:00:00.000Z,133.954,133.963,133.943,133.956,225
2023-04-21T03:05:00.000Z,133.956,133.963,133.917,133.927,218
2023-04-21T03:10:00.000Z,133.926,133.967,133.9,133.954,193
2023-04-21T03:15:00.000Z,133.955,133.964,133.891,133.891,149
2023-04-21T03:20:00.000Z,133.892,133.919,133.892,133.909,101
2023-04-21T03:25:00.000Z,133.907,133.974,133.898,133.902,281
2023-04-21T03:30:00.000Z,133.903,133.914,133.877,133.912,173
2023-04-21T03:35:00.000Z,133.908,133.912,133.902,133.902,59
2023-04-21T03:40:00.000Z,133.901,133.902,133.876,133.884,154
2023-04-21T03:45:00.000Z,133.883,133.906,133.856,133.858,141
2023-04-21T03:50:00.000Z,133.857,133.895,133.857,133.875,151
2023-04-21T03:55:00.000Z,133.874,133.876,133.855,133.865,74
2023-04-21T04:00:00.000Z,133.866,133.876,133.848,133.859,177
2023-04-21T04:05:00.000Z,133.856,133.866,133.814,133.822,257
2023-04-21T04:10:00.000Z,133.819,133.835,133.757,133.779,240
2023-04-21T04:15:00.000Z,133.778,133.822,133.778,133.821,212
2023-04-21T04:20:00.000Z,133.822,133.852,133.822,133.851,190