time,open,high,low,close,volume
2023-11-26T23:00:00.000Z,928.86,932.44,928.55,931.75,194
2023-11-26T23:15:00.000Z,932.14,932.34,930.64,930.88,102
2023-11-26T23:30:00.000Z,930.7,931.24,930.24,930.74,176
2023-11-26T23:45:00.000Z,930.74,930.74,928.73,929.44,128
2023-11-27T00:00:00.000Z,929.34,931.34,929.34,931.24,149
2023-11-27T00:15:00.000Z,931.14,931.64,930.54,931.14,141
2023-11-27T00:30:00.000Z,931.14,931.64,930.64,931.44,70
2023-11-27T00:45:00.000Z,931.44,931.44,929.74,929.74,121
2023-11-27T01:00:00.000Z,929.74,934.04,929.74,933.94,508
2023-11-27T01:15:00.000Z,933.75,936.66,933.75,936.25,1127
2023-11-27T01:30:00.000Z,936.18,936.18,932.84,932.97,722
2023-11-27T01:45:00.000Z,932.87,933.87,932.85,933.22,463
2023-11-27T02:00:00.000Z,933.23,933.48,931.65,931.72,440
2023-11-27T02:15:00.000Z,931.76,932.09,930.51,931.1,338
2023-11-27T02:30:00.000Z,930.97,932.54,930.82,932.46,366
2023-11-27T02:45:00.000Z,932.51,933.44,932.02,933.34,316
2023-11-27T03:00:00.000Z,933.31,933.53,932.17,932.5,299
2023-11-27T03:15:00.000Z,932.44,932.52,930.65,930.74,357
2023-11-27T03:30:00.000Z,930.7,932.04,930.65,932,291
2023-11-27T03:45:00.000Z,931.99,932.13,931.28,931.28,202
2023-11-27T04:00:00.000Z,931.29,931.75,930.24,930.43,275
2023-11-27T04:15:00.000Z,930.45,931.36,929.86,930.17,173
2023-11-27T04:30:00.000Z,930.15,931.32,929.96,931.22,195
2023-11-27T04:45:00.000Z,931.28,932.46,931.12,931.97,256
2023-11-27T05:00:00.000Z,931.98,932.86,931.94,932.86,222
2023-11-27T05:15:00.000Z,932.87,933.35,932.47,932.52,152
2023-11-27T05:30:00.000Z,932.53,934.23,932.46,933.93,240
2023-11-27T05:45:00.000Z,933.92,935.01,933.63,934.15,274
2023-11-27T06:00:00.000Z,934.12,935.79,933.11,935.12,342
2023-11-27T06:15:00.000Z,935.04,935.24,933.61,934.03,255
2023-11-27T06:30:00.000Z,934.08,934.88,933.53,934.48,157
2023-11-27T06:45:00.000Z,934.53,935.43,934.38,935.23,148
2023-11-27T07:00:00.000Z,935.33,939.24,935.33,938.94,308
2023-11-27T07:15:00.000Z,938.94,938.94,937.53,938.21,225
2023-11-27T07:30:00.000Z,938.11,938.39,936.71,937.28,184
2023-11-27T07:45:00.000Z,937.36,937.66,936.34,936.54,148
2023-11-27T08:00:00.000Z,936.54,939.44,936.4,939.14,346
2023-11-27T08:15:00.000Z,939.14,940.59,938.26,938.74,319
2023-11-27T08:30:00.000Z,938.72,939.42,937.34,937.64,259
2023-11-27T08:45:00.000Z,937.34,940.22,937.34,939.32,311
2023-11-27T09:00:00.000Z,939.42,941.74,939.22,940.34,184
2023-11-27T09:15:00.000Z,940.34,940.34,937.61,938.8,177
2023-11-27T09:30:00.000Z,938.81,938.95,937.98,938.26,152
2023-11-27T09:45:00.000Z,938.18,938.33,936.16,936.5,197
2023-11-27T10:00:00.000Z,936.54,936.68,935.37,935.7,174
2023-11-27T10:15:00.000Z,935.64,935.82,933.94,934.14,141
2023-11-27T10:30:00.000Z,934.14,937.44,933.94,937.22,202
2023-11-27T10:45:00.000Z,937.32,940.56,937.32,939.52,190
2023-11-27T11:00:00.000Z,939.56,940.74,938.4,938.63,153
2023-11-27T11:15:00.000Z,938.38,938.38,935.45,936.9,184
2023-11-27T11:30:00.000Z,936.95,936.99,935.54,935.96,165
2023-11-27T11:45:00.000Z,935.98,936.32,934.84,936.32,139
2023-11-27T12:00:00.000Z,936.31,937.61,936.21,937.26,192
2023-11-27T12:15:00.000Z,937.31,937.91,934.91,935.11,185
2023-11-27T12:30:00.000Z,935.15,936.32,933.88,934.54,207
2023-11-27T12:45:00.000Z,934.51,934.54,933.03,933.36,212
2023-11-27T13:00:00.000Z,933.33,933.33,929.84,929.91,467
2023-11-27T13:15:00.000Z,929.84,929.84,925.71,925.95,571
2023-11-27T13:30:00.000Z,925.96,928,923.84,925.91,740
2023-11-27T13:45:00.000Z,926.01,926.81,923.96,924.86,587
2023-11-27T14:00:00.000Z,924.81,927.01,924.16,925.74,474
2023-11-27T14:15:00.000Z,925.64,925.84,923.11,924.24,420
2023-11-27T14:30:00.000Z,924.34,925.54,921.84,923.21,706
2023-11-27T14:45:00.000Z,923.24,923.81,920.71,922.24,452
2023-11-27T15:00:00.000Z,922.24,924.74,921.24,923.04,747
2023-11-27T15:15:00.000Z,923.14,924.54,920.54,920.94,585
2023-11-27T15:30:00.000Z,921.01,921.24,918.74,919.54,467
2023-11-27T15:45:00.000Z,919.44,920.14,918,918.24,390
2023-11-27T16:00:00.000Z,918.04,919.81,917.44,918.21,429
2023-11-27T16:15:00.000Z,918.14,918.34,916.61,917.74,408
2023-11-27T16:30:00.000Z,917.74,917.74,914.41,915.04,384
2023-11-27T16:45:00.000Z,915.04,919.84,915.04,919.46,496
2023-11-27T17:00:00.000Z,919.49,919.49,917.84,918.24,299
2023-11-27T17:15:00.000Z,918.44,919.54,916.24,919.14,248
2023-11-27T17:30:00.000Z,918.94,919.74,917.94,919.34,256
2023-11-27T17:45:00.000Z,919.44,919.74,918.54,918.65,310
2023-11-27T18:00:00.000Z,918.63,919.24,917.64,918.14,350
2023-11-27T18:15:00.000Z,918.14,918.84,917.14,918.84,223
2023-11-27T18:30:00.000Z,918.74,919.54,918.24,919.44,138
2023-11-27T18:45:00.000Z,919.34,919.84,919.24,919.24,84
2023-11-27T19:00:00.000Z,919.24,920.34,919.24,920.24,134
2023-11-27T19:15:00.000Z,920.24,920.54,919.94,920.14,84
2023-11-27T19:30:00.000Z,920.24,921.91,920.04,921.74,157
2023-11-27T19:45:00.000Z,921.74,922.24,921.33,921.45,221
2023-11-27T20:00:00.000Z,921.45,922.12,921.28,922.12,214
2023-11-27T20:15:00.000Z,922.14,922.14,921.25,921.36,150
2023-11-27T20:30:00.000Z,921.3,921.99,921.3,921.69,210
2023-11-27T20:45:00.000Z,921.69,921.73,920.72,920.89,225
2023-11-27T21:00:00.000Z,920.93,921.56,920.67,921.28,149
2023-11-27T21:15:00.000Z,921.21,921.68,920.95,921.51,89
2023-11-27T21:30:00.000Z,921.49,921.74,921.19,921.43,143
2023-11-27T21:45:00.000Z,921.28,922.39,921.17,921.42,175
2023-11-27T23:00:00.000Z,917.09,921.87,917,921.47,309
2023-11-27T23:15:00.000Z,921.49,922.06,921.16,921.66,91
2023-11-27T23:30:00.000Z,921.65,922.58,921.37,922.58,80
2023-11-27T23:45:00.000Z,922.65,925,922.33,924.6,265
2023-11-28T00:00:00.000Z,924.59,925.03,924.34,924.4,196
2023-11-28T00:15:00.000Z,924.4,924.93,924.2,924.59,100
2023-11-28T00:30:00.000Z,924.59,924.74,923.7,924.43,233
2023-11-28T00:45:00.000Z,924.45,925.18,924.3,924.41,273
2023-11-28T01:00:00.000Z,924.46,925.72,924.21,925.06,436
2023-11-28T01:15:00.000Z,925.03,925.39,923.01,923.35,444
2023-11-28T01:30:00.000Z,923.27,925.09,922.93,924.65,405
2023-11-28T01:45:00.000Z,924.69,924.9,924.1,924.23,426
2023-11-28T02:00:00.000Z,924.16,924.54,923.18,923.23,304
2023-11-28T02:15:00.000Z,923.34,924.61,922.93,924.52,258
2023-11-28T02:30:00.000Z,924.5,925.6,923.74,923.84,382
2023-11-28T02:45:00.000Z,923.84,924.04,922.35,922.83,337
2023-11-28T03:00:00.000Z,922.78,922.81,920.82,921.01,330
2023-11-28T03:15:00.000Z,921.11,921.12,919.73,920.37,255
2023-11-28T03:30:00.000Z,920.37,920.4,919.44,919.44,203
2023-11-28T03:45:00.000Z,919.44,919.48,918.82,918.82,128
2023-11-28T04:00:00.000Z,918.97,919.18,917.88,918,120
2023-11-28T04:15:00.000Z,918.77,919.8,918.57,919.76,78
2023-11-28T04:30:00.000Z,919.73,920.61,919.56,920.6,86
2023-11-28T04:45:00.000Z,920.55,921.19,920.5,920.98,74
2023-11-28T05:00:00.000Z,921.03,921.33,919.98,920.15,72
2023-11-28T05:15:00.000Z,920.13,921.14,920.13,920.64,57
2023-11-28T05:30:00.000Z,920.52,920.73,919.23,920.16,120
2023-11-28T05:45:00.000Z,920.21,920.58,919.44,919.8,154
2023-11-28T06:00:00.000Z,919.75,921.35,918.79,921.27,180
2023-11-28T06:15:00.000Z,922.07,923.57,921.47,923.31,111
2023-11-28T06:30:00.000Z,923.45,926.52,923.45,925.84,245
2023-11-28T06:45:00.000Z,925.85,927.93,925.33,926.93,170
2023-11-28T07:00:00.000Z,927.18,927.5,925.08,925.24,219
2023-11-28T07:15:00.000Z,925.24,926.04,924.94,925.44,226
2023-11-28T07:30:00.000Z,925.44,928.94,925.14,927.24,232
2023-11-28T07:45:00.000Z,927.24,931.44,926.74,929,258
2023-11-28T08:00:00.000Z,928.88,929.03,925.78,926.59,222
2023-11-28T08:15:00.000Z,926.33,926.33,923.54,924.34,223
2023-11-28T08:30:00.000Z,924.34,925.34,922.54,923.74,249
2023-11-28T08:45:00.000Z,923.54,926.14,923.54,925.84,169
2023-11-28T09:00:00.000Z,925.84,927.14,924.34,925.34,224
2023-11-28T09:15:00.000Z,925.14,925.64,924.14,924.44,214
2023-11-28T09:30:00.000Z,924.46,926.34,924.14,924.44,281
2023-11-28T09:45:00.000Z,924.54,926.64,924.04,926.64,227
2023-11-28T10:00:00.000Z,926.6,928.85,926.24,927.8,216
2023-11-28T10:15:00.000Z,927.84,929.14,927.14,928.04,178
2023-11-28T10:30:00.000Z,928.1,929.84,927.44,929.74,221
2023-11-28T10:45:00.000Z,929.74,930.35,927.44,928.8,258
2023-11-28T11:00:00.000Z,928.84,930.84,928.64,930.7,212
2023-11-28T11:15:00.000Z,930.64,931.8,930.04,930.74,181
2023-11-28T11:30:00.000Z,930.92,931.64,929.54,929.94,158
2023-11-28T11:45:00.000Z,930.04,931.64,930.04,930.64,172
2023-11-28T12:00:00.000Z,930.64,931.74,929.54,931.54,157
2023-11-28T12:15:00.000Z,931.44,932.54,930.74,931.14,202
2023-11-28T12:30:00.000Z,931.1,932.24,930.7,931.4,173
2023-11-28T12:45:00.000Z,931.44,931.54,928.94,929.8,263
2023-11-28T13:00:00.000Z,929.7,932.14,927.1,927.2,445
2023-11-28T13:15:00.000Z,927.24,930.17,924.47,929.95,601
2023-11-28T13:30:00.000Z,930.08,930.19,926.34,928.47,585
2023-11-28T13:45:00.000Z,928.41,931.2,924.57,930.64,622
2023-11-28T14:00:00.000Z,930.7,931.41,928.02,929.53,565
2023-11-28T14:15:00.000Z,929.65,930.37,928.47,929.8,553
2023-11-28T14:30:00.000Z,929.84,932.6,928.84,929.4,781
2023-11-28T14:45:00.000Z,929.6,934.84,929.6,931.74,600
2023-11-28T15:00:00.000Z,931.71,934.53,931.21,932.04,616
2023-11-28T15:15:00.000Z,932.13,937.02,931.88,935.67,490
2023-11-28T15:30:00.000Z,935.69,937.71,934.64,937.34,580
2023-11-28T15:45:00.000Z,937.44,940.4,937.14,939.54,479
2023-11-28T16:00:00.000Z,939.64,940.34,938.44,939.14,383
2023-11-28T16:15:00.000Z,939.14,939.94,938.64,938.84,535
2023-11-28T16:30:00.000Z,938.74,939.84,937.54,939.7,396
2023-11-28T16:45:00.000Z,939.74,941.8,939.74,941.6,315
2023-11-28T17:00:00.000Z,941.54,945.64,941.29,945.44,369
2023-11-28T17:15:00.000Z,945.44,950.29,945.44,948.74,596
2023-11-28T17:30:00.000Z,948.64,950.14,947.04,947.09,437
2023-11-28T17:45:00.000Z,946.94,946.99,944.59,945.29,390
2023-11-28T18:00:00.000Z,945.09,946.29,943.24,943.29,435
2023-11-28T18:15:00.000Z,943.24,944.29,942.14,943.84,239
2023-11-28T18:30:00.000Z,943.74,944.04,943.54,943.64,109
2023-11-28T18:45:00.000Z,943.64,944.19,943.14,943.64,152
2023-11-28T19:00:00.000Z,943.74,944.94,943.54,944.64,130
2023-11-28T19:15:00.000Z,944.64,944.64,943.04,943.04,137
2023-11-28T19:30:00.000Z,943.14,944.94,943.04,944.49,152
2023-11-28T19:45:00.000Z,944.39,944.59,943.59,943.89,135
2023-11-28T20:00:00.000Z,943.84,943.94,942.64,942.64,145
2023-11-28T20:15:00.000Z,942.69,943.09,942.34,942.74,94
2023-11-28T20:30:00.000Z,942.79,942.96,942.46,942.96,114
2023-11-28T20:45:00.000Z,943.01,944.06,942.86,943.91,127
2023-11-28T21:00:00.000Z,944.01,944.16,943.21,943.61,90
2023-11-28T21:15:00.000Z,943.71,943.71,942.3,943.41,58
2023-11-28T21:30:00.000Z,943.46,943.74,942.94,943.74,56
2023-11-28T21:45:00.000Z,942.76,944.14,942.76,943.08,107
2023-11-28T23:00:00.000Z,940.53,944.61,940.51,944.61,332
2023-11-28T23:15:00.000Z,944.73,945.52,944.48,945.41,213
2023-11-28T23:30:00.000Z,945.34,945.6,943.74,944.14,256
2023-11-28T23:45:00.000Z,944.12,944.74,943.54,943.89,119
2023-11-29T00:00:00.000Z,943.9,944.74,943.54,944.34,209
2023-11-29T00:15:00.000Z,944.24,944.74,943.8,944.1,111
2023-11-29T00:30:00.000Z,944.2,945.94,943.84,945.94,177
2023-11-29T00:45:00.000Z,945.94,947.7,945.84,947.4,397
2023-11-29T01:00:00.000Z,947.4,948.64,946.54,947.34,799
2023-11-29T01:15:00.000Z,947.34,948.04,946.04,946.64,575
2023-11-29T01:30:00.000Z,946.54,946.96,945.74,946.14,321
2023-11-29T01:45:00.000Z,946.04,946.14,942.75,943.06,343
2023-11-29T02:00:00.000Z,942.96,943.12,942.06,942.14,322
2023-11-29T02:15:00.000Z,942.17,942.7,941.97,942.37,240
2023-11-29T02:30:00.000Z,942.35,942.97,942.32,942.51,274
2023-11-29T02:45:00.000Z,942.48,942.87,941.93,942.2,276
2023-11-29T03:00:00.000Z,942.4,942.71,940.67,941.23,256
2023-11-29T03:15:00.000Z,941.23,941.26,939.81,940.09,225
2023-11-29T03:30:00.000Z,940.19,940.93,940.02,940.55,115
2023-11-29T03:45:00.000Z,940.56,940.75,939.83,939.95,161
2023-11-29T04:00:00.000Z,939.9,940.42,939.58,940.11,108
2023-11-29T04:15:00.000Z,940.12,940.82,939.7,939.93,105
2023-11-29T04:30:00.000Z,939.88,940.36,939.42,940.29,67
2023-11-29T04:45:00.000Z,940.2,941.28,940.1,941.28,92
2023-11-29T05:00:00.000Z,941.19,942.39,939.92,940.03,197
2023-11-29T05:15:00.000Z,940.15,941.66,939.25,941.66,179
2023-11-29T05:30:00.000Z,941.77,942.03,939.2,939.7,220
2023-11-29T05:45:00.000Z,939.7,940.78,938.47,940.08,193
2023-11-29T06:00:00.000Z,940.13,940.25,938.82,939.47,221
2023-11-29T06:15:00.000Z,939.53,940.37,939.31,940.37,120
2023-11-29T06:30:00.000Z,940.44,941.7,940.44,941.33,163
2023-11-29T06:45:00.000Z,941.28,941.72,939.79,940.05,236
2023-11-29T07:00:00.000Z,940.02,940.17,938.47,939.84,240
2023-11-29T07:15:00.000Z,939.84,940.26,938.62,939.21,181
2023-11-29T07:30:00.000Z,939.29,939.94,938.24,938.84,209
2023-11-29T07:45:00.000Z,938.84,938.94,938.04,938.9,397
2023-11-29T08:00:00.000Z,939,940.14,938.14,939.14,539
2023-11-29T08:15:00.000Z,939.14,939.34,938.24,938.84,334
2023-11-29T08:30:00.000Z,938.84,940.24,937.64,938.73,266
2023-11-29T08:45:00.000Z,938.83,939.21,937.71,938.71,260
2023-11-29T09:00:00.000Z,938.73,939.91,938.71,939.31,242
2023-11-29T09:15:00.000Z,939.32,940.49,938.43,940.15,236
2023-11-29T09:30:00.000Z,940.25,940.5,937.87,938.99,332
2023-11-29T09:45:00.000Z,939.01,940.11,937.89,939.07,228
2023-11-29T10:00:00.000Z,939.1,939.2,937.44,937.7,212
2023-11-29T10:15:00.000Z,937.7,937.7,934.24,934.51,250
2023-11-29T10:30:00.000Z,934.53,935.41,934,934.75,211
2023-11-29T10:45:00.000Z,934.75,934.75,931.44,932.89,210
2023-11-29T11:00:00.000Z,933.06,935.18,931.34,935.18,331
2023-11-29T11:15:00.000Z,935.18,935.38,932.9,934.64,297
2023-11-29T11:30:00.000Z,934.67,934.7,932.42,933.75,323
2023-11-29T11:45:00.000Z,933.8,933.87,932.23,933.38,305
2023-11-29T12:00:00.000Z,933.38,934.57,932.29,934.57,255
2023-11-29T12:15:00.000Z,934.57,937.44,934.48,935.01,313
2023-11-29T12:30:00.000Z,934.94,934.94,933.81,934.16,242
2023-11-29T12:45:00.000Z,934.36,935.91,934.21,935.41,235
2023-11-29T13:00:00.000Z,935.64,935.64,931.64,932.54,511
2023-11-29T13:15:00.000Z,932.44,934.14,929.74,932.24,631
2023-11-29T13:30:00.000Z,931.84,931.84,926.24,928.34,1009
2023-11-29T13:45:00.000Z,928.44,932.3,928.34,931.01,646
2023-11-29T14:00:00.000Z,931.04,932.74,928.31,932.54,610
2023-11-29T14:15:00.000Z,932.54,935.24,932.34,934.81,554
2023-11-29T14:30:00.000Z,934.84,937.46,934.81,936.74,698
2023-11-29T14:45:00.000Z,936.73,938.21,936.14,938.01,574
2023-11-29T15:00:00.000Z,938.21,939.87,935.44,935.54,673
2023-11-29T15:15:00.000Z,935.44,937.04,933.14,936.74,619
2023-11-29T15:30:00.000Z,936.64,938.24,935.54,937.94,441
2023-11-29T15:45:00.000Z,937.94,939.51,937.04,938.57,274
2023-11-29T16:00:00.000Z,938.53,939.02,936.74,937.24,305
2023-11-29T16:15:00.000Z,937.14,937.24,934.11,936.74,442
2023-11-29T16:30:00.000Z,936.81,937.04,934.57,934.84,372
2023-11-29T16:45:00.000Z,934.8,935.7,934.6,935.52,308
2023-11-29T17:00:00.000Z,935.57,935.93,934.02,935.09,324
2023-11-29T17:15:00.000Z,935.11,937.06,934.69,936.52,280
2023-11-29T17:30:00.000Z,936.44,936.64,933.84,935.44,289
2023-11-29T17:45:00.000Z,935.34,936.06,934.87,935.43,239
2023-11-29T18:00:00.000Z,935.56,937.09,934.99,935.52,248
2023-11-29T18:15:00.000Z,935.57,936.06,935.14,936.04,135
2023-11-29T18:30:00.000Z,936.07,937.01,936.07,936.58,145
2023-11-29T18:45:00.000Z,936.63,939.14,936.63,939.14,135
2023-11-29T19:00:00.000Z,939.09,940.19,938.64,938.94,214
2023-11-29T19:15:00.000Z,938.84,938.94,936.54,936.94,186
2023-11-29T19:30:00.000Z,937.04,937.14,934.89,935.29,203
2023-11-29T19:45:00.000Z,935.49,936.44,935.29,936.14,130
2023-11-29T20:00:00.000Z,936.14,936.44,935.94,936.24,130
2023-11-29T20:15:00.000Z,936.14,936.19,934.19,934.54,182
2023-11-29T20:30:00.000Z,934.57,934.94,934.1,934.73,132
2023-11-29T20:45:00.000Z,934.58,934.92,933.51,933.68,172
2023-11-29T21:00:00.000Z,933.67,934.63,933.56,934.36,102
2023-11-29T21:15:00.000Z,934.44,934.66,934,934.59,58
2023-11-29T21:30:00.000Z,934.26,934.74,933.18,934.64,40
2023-11-29T21:45:00.000Z,934.64,934.94,932.6,933.22,132
2023-11-29T23:00:00.000Z,931.21,934.36,930.86,933.74,400
2023-11-29T23:15:00.000Z,933.65,933.65,932.34,933.34,123
2023-11-29T23:30:00.000Z,932.98,933.54,932.76,932.76,97
2023-11-29T23:45:00.000Z,933.24,933.84,932.79,933.25,177
2023-11-30T00:00:00.000Z,933.25,934.09,933.15,933.18,76
2023-11-30T00:15:00.000Z,933.19,934.17,933.1,934.11,74
2023-11-30T00:30:00.000Z,933.96,934.18,933.38,933.86,124
2023-11-30T00:45:00.000Z,933.87,936.04,933.74,935.94,154
2023-11-30T01:00:00.000Z,935.94,935.94,934.44,934.94,238
2023-11-30T01:15:00.000Z,935.04,935.04,933.6,933.6,165
2023-11-30T01:30:00.000Z,933.7,934.24,932.94,933.54,298
2023-11-30T01:45:00.000Z,933.44,934.04,932.84,933.94,209
2023-11-30T02:00:00.000Z,933.94,935.14,933.54,934.94,169
2023-11-30T02:15:00.000Z,935.04,935.34,934.34,934.84,157
2023-11-30T02:30:00.000Z,934.84,936.97,934.74,936.92,267
2023-11-30T02:45:00.000Z,936.97,939.25,936.92,938.74,314
2023-11-30T03:00:00.000Z,938.64,939.14,937.54,937.54,181
2023-11-30T03:15:00.000Z,937.64,937.64,936.54,936.64,104
2023-11-30T03:30:00.000Z,936.64,937.04,936.14,936.94,104
2023-11-30T03:45:00.000Z,937.04,937.84,936.74,937.74,84
2023-11-30T04:00:00.000Z,937.64,938.14,937.24,937.54,110
2023-11-30T04:15:00.000Z,937.64,937.64,936.44,936.54,59
2023-11-30T04:30:00.000Z,936.64,936.64,935.44,935.54,87
2023-11-30T04:45:00.000Z,935.74,935.94,935.34,935.74,119
2023-11-30T05:00:00.000Z,935.8,935.8,934.66,934.96,199
2023-11-30T05:15:00.000Z,934.92,935.14,934.04,934.32,174
2023-11-30T05:30:00.000Z,934.3,934.58,933.44,934.4,260
2023-11-30T05:45:00.000Z,934.38,934.68,933.94,933.94,248
2023-11-30T06:00:00.000Z,934,936.44,933.82,936.34,252
2023-11-30T06:15:00.000Z,936.44,937.24,936.14,937.24,120
2023-11-30T06:30:00.000Z,937.44,938.1,937.14,937.6,123
2023-11-30T06:45:00.000Z,937.65,938.3,937.35,937.7,135
2023-11-30T07:00:00.000Z,937.84,938.84,936.84,937.64,164
2023-11-30T07:15:00.000Z,937.54,938.94,937.54,938.42,134
2023-11-30T07:30:00.000Z,938.32,938.32,934.84,934.84,244
2023-11-30T07:45:00.000Z,934.44,936.02,934.14,936.02,329
2023-11-30T08:00:00.000Z,935.94,936.02,934.22,935.02,250
2023-11-30T08:15:00.000Z,935.12,935.94,932.84,933.24,238
2023-11-30T08:30:00.000Z,933.14,933.44,929.18,930.43,319
2023-11-30T08:45:00.000Z,930.46,931.75,929.07,930.06,495
2023-11-30T09:00:00.000Z,930.03,930.84,928.61,929.56,463
2023-11-30T09:15:00.000Z,929.53,931.03,929.46,930.88,458
2023-11-30T09:30:00.000Z,930.93,931.34,930.14,930.87,365
2023-11-30T09:45:00.000Z,930.91,932.43,930.87,932.43,353
2023-11-30T10:00:00.000Z,932.39,933.61,932.06,932.06,411
2023-11-30T10:15:00.000Z,932.1,932.9,930.46,932.23,388
2023-11-30T10:30:00.000Z,932.22,937.73,931.99,937.05,450
2023-11-30T10:45:00.000Z,936.98,939.18,936.88,938.07,399
2023-11-30T11:00:00.000Z,938.12,938.12,935.35,936.94,426
2023-11-30T11:15:00.000Z,936.92,937.87,935.81,937.58,356
2023-11-30T11:30:00.000Z,937.56,938.01,936.66,937.67,336
2023-11-30T11:45:00.000Z,937.69,939.34,937.14,937.24,308
2023-11-30T12:00:00.000Z,937.24,939.54,937.24,939.14,207
2023-11-30T12:15:00.000Z,939.11,939.36,938.21,938.76,211
2023-11-30T12:30:00.000Z,938.66,940.14,938.66,940.14,286
2023-11-30T12:45:00.000Z,940.24,940.54,939.21,940.04,284
2023-11-30T13:00:00.000Z,939.94,942.14,939.94,940.66,452
2023-11-30T13:15:00.000Z,940.56,942.61,937.34,940.12,523
2023-11-30T13:30:00.000Z,940.42,941.55,935.76,939.71,1083
2023-11-30T13:45:00.000Z,939.84,941.66,939.36,940.71,718
2023-11-30T14:00:00.000Z,940.61,940.71,936.86,937.16,758
2023-11-30T14:15:00.000Z,937.21,937.36,934.34,934.84,742
2023-11-30T14:30:00.000Z,934.94,934.95,928.64,929.01,1070
2023-11-30T14:45:00.000Z,928.84,930.22,927,927.76,935
2023-11-30T15:00:00.000Z,927.66,929.64,926.03,928.74,614
2023-11-30T15:15:00.000Z,928.64,929.24,926.2,927.04,583
2023-11-30T15:30:00.000Z,927.24,929.64,927.14,928.01,543
2023-11-30T15:45:00.000Z,928.31,930.34,928.01,929.14,581
2023-11-30T16:00:00.000Z,929.24,930.41,927.04,927.91,536
2023-11-30T16:15:00.000Z,927.84,928.71,925.04,928.61,527
2023-11-30T16:30:00.000Z,928.71,929.41,927.24,928.41,458
2023-11-30T16:45:00.000Z,928.44,930.74,928.04,930.21,417
2023-11-30T17:00:00.000Z,930.14,930.2,928.5,929.95,405
2023-11-30T17:15:00.000Z,929.9,929.9,927.2,928,338
2023-11-30T17:30:00.000Z,928.1,929.6,926.54,929.3,312
2023-11-30T17:45:00.000Z,929.2,931.6,929.2,931.5,252
2023-11-30T18:00:00.000Z,931.7,933.4,930.84,931.84,318
2023-11-30T18:15:00.000Z,931.84,932.34,931.24,931.34,136
2023-11-30T18:30:00.000Z,931.34,931.44,929.94,930.04,129
2023-11-30T18:45:00.000Z,930.04,930.44,929.64,930.44,96
2023-11-30T19:00:00.000Z,930.44,930.94,929.94,930.84,202
2023-11-30T19:15:00.000Z,930.84,931.44,930.84,931.14,131
2023-11-30T19:30:00.000Z,931.14,931.94,931.04,931.64,102
2023-11-30T19:45:00.000Z,931.64,931.76,931.14,931.46,130
2023-11-30T20:00:00.000Z,931.55,931.84,931.36,931.41,90
2023-11-30T20:15:00.000Z,931.41,931.49,930.6,930.71,115
2023-11-30T20:30:00.000Z,930.79,932.06,930.79,932.02,118
2023-11-30T20:45:00.000Z,932.11,932.34,931.86,931.96,92
2023-11-30T21:00:00.000Z,931.96,932.45,931.86,932.45,83
2023-11-30T21:15:00.000Z,932.4,932.43,931.99,932.04,91
2023-11-30T21:30:00.000Z,931.86,932.16,928.82,928.83,88
2023-11-30T21:45:00.000Z,928.83,928.87,927.94,928.03,133
2023-11-30T23:00:00.000Z,926.02,930.22,926.02,929.7,194
2023-11-30T23:15:00.000Z,929.69,930.91,929.67,930.82,90
2023-11-30T23:30:00.000Z,930.82,932.57,930.76,931.94,202
2023-11-30T23:45:00.000Z,931.84,932.32,931.72,931.92,182
2023-12-01T00:00:00.000Z,931.92,932.69,931.72,932.24,203
2023-12-01T00:15:00.000Z,932.24,932.3,931.47,931.74,174
2023-12-01T00:30:00.000Z,931.74,933.13,931.64,932.18,255
2023-12-01T00:45:00.000Z,931.96,931.96,930.71,931.35,208
2023-12-01T01:00:00.000Z,931.37,932.44,930.12,930.17,478
2023-12-01T01:15:00.000Z,930.17,930.53,929.48,930.07,309
2023-12-01T01:30:00.000Z,930.17,930.88,929.36,930.07,319
2023-12-01T01:45:00.000Z,930.17,931.31,930.05,931.18,386
2023-12-01T02:00:00.000Z,931.15,931.98,930.81,930.86,153
2023-12-01T02:15:00.000Z,930.96,931.33,930.42,931.3,154
2023-12-01T02:30:00.000Z,931.33,931.9,930.86,931.04,140
2023-12-01T02:45:00.000Z,931.09,931.15,927.44,927.44,115
2023-12-01T03:00:00.000Z,927.44,929.08,927.44,929.08,200
2023-12-01T03:15:00.000Z,929.07,929.91,928.96,929.74,197
2023-12-01T03:30:00.000Z,929.65,930.04,928.33,928.38,149
2023-12-01T03:45:00.000Z,928.43,928.98,928.32,928.42,135
2023-12-01T04:00:00.000Z,928.33,928.79,928.09,928.51,93
2023-12-01T04:15:00.000Z,928.55,929.62,928.48,929.62,105
2023-12-01T04:30:00.000Z,929.61,930.59,929.61,930.21,93
2023-12-01T04:45:00.000Z,930.21,930.54,930.14,930.45,75
2023-12-01T05:00:00.000Z,930.55,930.87,928.98,929.06,163
2023-12-01T05:15:00.000Z,929.05,930,928.75,929.93,176
2023-12-01T05:30:00.000Z,929.88,930.98,929.19,930.45,228
2023-12-01T05:45:00.000Z,930.45,931.62,930.4,931.3,290
2023-12-01T06:00:00.000Z,931.3,931.31,930.24,930.48,253
2023-12-01T06:15:00.000Z,930.59,931.12,929.51,929.98,154
2023-12-01T06:30:00.000Z,930,930.24,929.51,929.99,172
2023-12-01T06:45:00.000Z,930.04,930.23,929.43,929.51,138
2023-12-01T07:00:00.000Z,929.43,930.25,929.03,929.03,256
2023-12-01T07:15:00.000Z,929.04,929.39,926.6,927.44,192
2023-12-01T07:30:00.000Z,927.44,928.84,927.17,928.84,171
2023-12-01T07:45:00.000Z,928.74,929.94,928.42,929.84,205
2023-12-01T08:00:00.000Z,929.84,933.03,929.82,933.03,326
2023-12-01T08:15:00.000Z,933.22,933.92,931.34,931.84,262
2023-12-01T08:30:00.000Z,931.82,932.74,931.27,931.49,219
2023-12-01T08:45:00.000Z,931.49,934.34,931.49,934.24,194
2023-12-01T09:00:00.000Z,934.24,935.99,933.51,935.44,252
2023-12-01T09:15:00.000Z,935.37,936.59,934.64,936.59,216
2023-12-01T09:30:00.000Z,937.06,938.84,937.06,937.64,287
2023-12-01T09:45:00.000Z,937.62,937.84,935.24,935.64,228
2023-12-01T10:00:00.000Z,935.64,936.64,935.42,935.92,157
2023-12-01T10:15:00.000Z,935.84,936.22,933.82,933.82,156
2023-12-01T10:30:00.000Z,933.74,934.22,930.71,931.44,256
2023-12-01T10:45:00.000Z,931.44,931.44,928.94,929.54,240
2023-12-01T11:00:00.000Z,929.44,930.43,928.23,929.32,287
2023-12-01T11:15:00.000Z,929.32,929.91,928.73,929.34,199
2023-12-01T11:30:00.000Z,929.39,929.73,928.69,929.3,162
2023-12-01T11:45:00.000Z,929.25,929.7,926.82,927.02,268
2023-12-01T12:00:00.000Z,927.01,930.06,927.01,928.85,333
2023-12-01T12:15:00.000Z,928.88,928.91,926.49,928.02,227
2023-12-01T12:30:00.000Z,928.04,928.42,926.39,926.48,245
2023-12-01T12:45:00.000Z,926.61,927.24,925.44,926.41,425
2023-12-01T13:00:00.000Z,926.36,930.67,924.61,930.21,481
2023-12-01T13:15:00.000Z,930.11,930.66,927.76,929.57,532
2023-12-01T13:30:00.000Z,929.51,930.79,927.71,928.76,526
2023-12-01T13:45:00.000Z,928.91,929.63,926.74,928.11,490
2023-12-01T14:00:00.000Z,928.06,929.41,924.04,924.14,513
2023-12-01T14:15:00.000Z,924.24,928.53,924.04,927.92,372
2023-12-01T14:30:00.000Z,927.87,931.16,926.24,930.64,691
2023-12-01T14:45:00.000Z,930.54,931.84,927.44,931.64,668
2023-12-01T15:00:00.000Z,931.98,934.44,929.24,929.86,1006
2023-12-01T15:15:00.000Z,929.96,933.14,928.54,930.26,928
2023-12-01T15:30:00.000Z,930.21,930.36,921.56,923.3,754
2023-12-01T15:45:00.000Z,923.26,926.24,923.01,924,652
2023-12-01T16:00:00.000Z,923.8,926.65,920.8,925.81,1376
2023-12-01T16:15:00.000Z,925.71,930.74,924.8,929.62,1275
2023-12-01T16:30:00.000Z,929.69,930.91,928.32,930.49,1209
2023-12-01T16:45:00.000Z,930.5,931.91,930.06,931.24,826
2023-12-01T17:00:00.000Z,931.31,932.57,930.72,932.57,548
2023-12-01T17:15:00.000Z,932.52,932.57,929.34,930.54,507
2023-12-01T17:30:00.000Z,930.44,932.04,929.84,931.64,423
2023-12-01T17:45:00.000Z,931.72,934.04,931.14,933.24,457
2023-12-01T18:00:00.000Z,933.04,934.07,931.74,932.97,405
2023-12-01T18:15:00.000Z,933.07,933.32,932.04,932.44,212
2023-12-01T18:30:00.000Z,932.54,935.02,932.52,934.07,264
2023-12-01T18:45:00.000Z,934.02,935.47,933.87,935.42,231
2023-12-01T19:00:00.000Z,935.34,935.74,934.14,934.74,145
2023-12-01T19:15:00.000Z,934.64,934.74,933.44,934.14,186
2023-12-01T19:30:00.000Z,934.04,934.04,932.78,933.44,134
2023-12-01T19:45:00.000Z,933.34,933.84,933.04,933.74,109
2023-12-01T20:00:00.000Z,933.64,935.14,933.54,935.04,85
2023-12-01T20:15:00.000Z,934.94,935.54,934.74,935.24,102
2023-12-01T20:30:00.000Z,935.14,935.54,935.06,935.26,83
2023-12-01T20:45:00.000Z,935.16,936.56,935.16,935.96,119
2023-12-01T21:00:00.000Z,935.76,936.76,935.76,936.36,94
2023-12-01T21:15:00.000Z,935.87,936.4,935.67,936.29,145
2023-12-01T21:30:00.000Z,936.28,936.61,935.54,936.33,210
2023-12-01T21:45:00.000Z,936.27,936.58,935.56,936.12,163
2023-12-03T23:00:00.000Z,935.6,939.57,935.11,938.26,661
2023-12-03T23:15:00.000Z,938.21,942.66,937.74,940.39,1203
2023-12-03T23:30:00.000Z,940.29,943.49,939.64,942.17,1251
2023-12-03T23:45:00.000Z,942.12,944.71,940.5,940.86,1041
2023-12-04T00:00:00.000Z,940.93,940.93,935.57,938.36,954
2023-12-04T00:15:00.000Z,938.35,939.18,936.74,937.78,606
2023-12-04T00:30:00.000Z,937.8,939.72,937.11,939.61,439
2023-12-04T00:45:00.000Z,939.52,941.03,938.33,939.25,680
2023-12-04T01:00:00.000Z,939.36,940.57,936.28,936.74,878
2023-12-04T01:15:00.000Z,936.64,938.74,936.64,937.64,331
2023-12-04T01:30:00.000Z,937.64,937.64,933.74,934.24,306
2023-12-04T01:45:00.000Z,934.04,936.34,934.04,935.34,255
2023-12-04T02:00:00.000Z,935.14,935.54,932.74,932.74,203
2023-12-04T02:15:00.000Z,932.74,933.84,931.94,933.84,107
2023-12-04T02:30:00.000Z,933.84,934.44,932.24,932.64,145
2023-12-04T02:45:00.000Z,932.44,933.94,931.94,933.34,116
2023-12-04T03:00:00.000Z,933.34,934.04,931.72,932.54,187
2023-12-04T03:15:00.000Z,932.56,933.44,932.04,933.14,121
2023-12-04T03:30:00.000Z,932.94,934.04,932.94,933.44,116
2023-12-04T03:45:00.000Z,933.44,934.04,932.94,933.04,83
2023-12-04T04:00:00.000Z,933.04,933.14,931.84,932.44,142
2023-12-04T04:15:00.000Z,932.44,933.72,932.24,933.68,149
2023-12-04T04:30:00.000Z,933.63,933.68,932.21,933.06,188
2023-12-04T04:45:00.000Z,933.05,933.74,932.95,933.57,206
2023-12-04T05:00:00.000Z,933.59,933.59,931.35,932.58,237
2023-12-04T05:15:00.000Z,932.52,933.11,931.69,932.45,239
2023-12-04T05:30:00.000Z,932.39,934.05,932.31,933.5,345
2023-12-04T05:45:00.000Z,933.41,933.94,932.64,932.64,253
2023-12-04T06:00:00.000Z,932.94,934.44,932.94,934.44,219
2023-12-04T06:15:00.000Z,934.54,935.34,933.52,933.77,211
2023-12-04T06:30:00.000Z,933.82,934.37,933.27,933.37,157
2023-12-04T06:45:00.000Z,933.42,933.42,930.57,930.72,261
2023-12-04T07:00:00.000Z,930.77,931.94,930.61,930.91,279
2023-12-04T07:15:00.000Z,931.01,931.11,928.46,928.87,301
2023-12-04T07:30:00.000Z,928.77,929.71,926.44,926.61,348
2023-12-04T07:45:00.000Z,926.54,928.74,925.74,926.31,416
2023-12-04T08:00:00.000Z,926.24,926.64,923.25,924.51,515
2023-12-04T08:15:00.000Z,924.54,925.71,923.41,924.44,350
2023-12-04T08:30:00.000Z,924.24,927.26,923.31,927.21,348
2023-12-04T08:45:00.000Z,927.11,927.61,926.14,927.14,308
2023-12-04T09:00:00.000Z,927.24,928.41,924.44,925.44,293
2023-12-04T09:15:00.000Z,925.34,927.26,925.24,927.26,265
2023-12-04T09:30:00.000Z,927.51,927.74,925.66,927.31,278
2023-12-04T09:45:00.000Z,927.21,929.61,927.11,928.34,213
2023-12-04T10:00:00.000Z,928.24,928.24,925.34,926.74,226
2023-12-04T10:15:00.000Z,926.54,926.84,924.77,924.87,318
2023-12-04T10:30:00.000Z,924.87,926.86,924.6,924.6,436
2023-12-04T10:45:00.000Z,924.63,926.25,924.33,926.25,455
2023-12-04T11:00:00.000Z,926.31,926.76,925.62,926.26,577
2023-12-04T11:15:00.000Z,926.29,929.4,926.29,929.4,394
2023-12-04T11:30:00.000Z,929.4,931.51,928.91,930.84,392
2023-12-04T11:45:00.000Z,930.78,933.59,930.78,932.59,389
2023-12-04T12:00:00.000Z,932.58,932.8,929.93,930.92,506
2023-12-04T12:15:00.000Z,930.93,932.36,930.43,930.43,534
2023-12-04T12:30:00.000Z,930.45,931.1,930.05,930.08,473
2023-12-04T12:45:00.000Z,930.11,933.04,930.08,931.47,470
2023-12-04T13:00:00.000Z,931.49,933.14,930.27,931.57,778
2023-12-04T13:15:00.000Z,931.58,934.66,931.31,933.13,1059
2023-12-04T13:30:00.000Z,933.17,938.85,932.94,937.93,1064
2023-12-04T13:45:00.000Z,937.99,938.73,932.79,933.05,1045
2023-12-04T14:00:00.000Z,933.26,933.35,926.59,927.19,1102
2023-12-04T14:15:00.000Z,927.19,927.74,924.76,925.16,1206
2023-12-04T14:30:00.000Z,925.23,928.48,924.11,926.9,1558
2023-12-04T14:45:00.000Z,926.9,929.94,924.25,924.27,1126
2023-12-04T15:00:00.000Z,924.59,927.85,924.21,924.21,1212
2023-12-04T15:15:00.000Z,924.2,924.66,915.11,916.52,1489
2023-12-04T15:30:00.000Z,916.57,917.56,913.11,915.83,1643
2023-12-04T15:45:00.000Z,915.65,917.48,915.27,915.63,1332
2023-12-04T16:00:00.000Z,915.57,918.59,914.77,916.31,1124
2023-12-04T16:15:00.000Z,916.33,917.9,915.92,917.26,945
2023-12-04T16:30:00.000Z,917.29,919.68,916.87,917.91,906
2023-12-04T16:45:00.000Z,917.9,921.5,917.9,919.98,831
2023-12-04T17:00:00.000Z,920.08,922.41,919.87,922.38,701
2023-12-04T17:15:00.000Z,922.37,922.37,920.78,921.2,636
2023-12-04T17:30:00.000Z,921.25,923.53,921.25,922.86,430
2023-12-04T17:45:00.000Z,922.96,923.98,922.22,923.5,507
2023-12-04T18:00:00.000Z,923.52,923.52,920.44,920.67,622
2023-12-04T18:15:00.000Z,920.64,921.19,920.37,920.82,591
2023-12-04T18:30:00.000Z,920.81,921.15,919.71,919.71,398
2023-12-04T18:45:00.000Z,919.81,920.52,919.65,919.97,312
2023-12-04T19:00:00.000Z,919.99,920.74,919.82,920.19,299
2023-12-04T19:15:00.000Z,920.17,920.48,919.7,919.98,226
2023-12-04T19:30:00.000Z,920.03,920.42,919.35,920.4,285
2023-12-04T19:45:00.000Z,920.41,921.23,920.29,921.05,230
2023-12-04T20:00:00.000Z,921.15,921.47,920.79,920.98,273
2023-12-04T20:15:00.000Z,921.07,921.19,920.29,920.66,250
2023-12-04T20:30:00.000Z,920.66,921.29,920.45,921.12,180
2023-12-04T20:45:00.000Z,921.12,921.18,920,920.17,326
2023-12-04T21:00:00.000Z,920.28,920.42,919.73,920.17,223
2023-12-04T21:15:00.000Z,920.16,920.54,919.97,920.26,148
2023-12-04T21:30:00.000Z,920.25,920.35,919.44,919.7,95
2023-12-04T21:45:00.000Z,919.75,920,919.18,919.9,101
2023-12-04T23:00:00.000Z,917.6,921.17,917.43,921.11,299
2023-12-04T23:15:00.000Z,921.06,921.06,920.02,920.38,137
2023-12-04T23:30:00.000Z,920.35,920.35,918.2,918.62,141
2023-12-04T23:45:00.000Z,919.13,922.68,918.55,920.95,227
2023-12-05T00:00:00.000Z,920.95,920.95,919.25,920.45,140
2023-12-05T00:15:00.000Z,920.45,921.98,920.26,921.06,94
2023-12-05T00:30:00.000Z,921.3,923.36,921.3,922.96,157
2023-12-05T00:45:00.000Z,922.96,923.06,920.56,921.11,113
2023-12-05T01:00:00.000Z,921.01,921.41,919.86,920.13,185
2023-12-05T01:15:00.000Z,920.25,920.26,918.92,919.27,212
2023-12-05T01:30:00.000Z,919.22,919.22,916.14,917.52,243
2023-12-05T01:45:00.000Z,917.59,918.92,916.79,917.07,124
2023-12-05T02:00:00.000Z,917.04,917.58,916.32,916.33,128
2023-12-05T02:15:00.000Z,916.34,917.84,916.33,916.69,110
2023-12-05T02:30:00.000Z,916.79,917.19,916.04,917.12,113
2023-12-05T02:45:00.000Z,917.04,917.82,915.94,915.97,86
2023-12-05T03:00:00.000Z,915.94,917.47,915.94,917.47,71
2023-12-05T03:15:00.000Z,917.57,918.84,917.49,918.48,80
2023-12-05T03:30:00.000Z,918.5,918.68,917.44,917.6,131
2023-12-05T03:45:00.000Z,917.69,918.46,917.67,918.07,87
2023-12-05T04:00:00.000Z,917.99,918.77,917.99,918.5,68
2023-12-05T04:15:00.000Z,918.54,918.55,917.27,917.91,73
2023-12-05T04:30:00.000Z,917.84,918.7,917.52,917.81,82
2023-12-05T04:45:00.000Z,917.91,917.91,916.51,916.99,83
2023-12-05T05:00:00.000Z,917.09,917.09,915.81,916.04,93
2023-12-05T05:15:00.000Z,915.95,916.4,915.45,916.25,87
2023-12-05T05:30:00.000Z,916.16,916.45,915.29,915.91,130
2023-12-05T05:45:00.000Z,916.05,916.35,915.31,915.58,118
2023-12-05T06:00:00.000Z,915.57,916.07,914.84,916.07,122
2023-12-05T06:15:00.000Z,916.09,916.44,913.92,913.92,102
2023-12-05T06:30:00.000Z,913.87,914.21,912.67,912.79,125
2023-12-05T06:45:00.000Z,912.67,914.54,912.5,914.29,134
2023-12-05T07:00:00.000Z,914.24,914.31,913.06,914.11,162
2023-12-05T07:15:00.000Z,914.09,914.31,912.71,913.64,183
2023-12-05T07:30:00.000Z,913.67,913.85,911.67,913.75,249
2023-12-05T07:45:00.000Z,913.73,914.29,912.87,913.07,180
2023-12-05T08:00:00.000Z,913.07,914.29,912.36,913.96,230
2023-12-05T08:15:00.000Z,914.01,915.6,913.21,913.42,195
2023-12-05T08:30:00.000Z,913.37,914.76,913.32,913.77,222
2023-12-05T08:45:00.000Z,913.43,914.93,913.08,914.89,435
2023-12-05T09:00:00.000Z,914.69,915.31,912.53,913.16,539
2023-12-05T09:15:00.000Z,913.16,917.88,913.11,917.6,455
2023-12-05T09:30:00.000Z,917.5,917.82,915.4,915.54,500
2023-12-05T09:45:00.000Z,915.52,917.22,915.51,916.2,511
2023-12-05T10:00:00.000Z,916.12,916.59,914.58,915.03,554
2023-12-05T10:15:00.000Z,914.78,915.35,913.35,913.94,603
2023-12-05T10:30:00.000Z,913.94,914.1,910.97,911.09,399
2023-12-05T10:45:00.000Z,911.12,911.12,908.8,909.55,177
2023-12-05T11:00:00.000Z,909.69,913.37,909.59,911.85,440
2023-12-05T11:15:00.000Z,911.85,911.85,908.36,908.53,465
2023-12-05T11:30:00.000Z,908.46,909.23,907.74,908.07,469
2023-12-05T11:45:00.000Z,908.06,908.14,906.32,906.79,161
2023-12-05T12:00:00.000Z,906.89,907.42,906.01,906.58,232
2023-12-05T12:15:00.000Z,906.56,908.5,906.36,907.13,386
2023-12-05T12:30:00.000Z,907.18,907.86,904.56,905.91,514
2023-12-05T12:45:00.000Z,905.91,906.68,905.16,906.23,527
2023-12-05T13:00:00.000Z,906.15,908.64,904.86,906.9,905
2023-12-05T13:15:00.000Z,906.9,909.28,903.22,909.14,651
2023-12-05T13:30:00.000Z,909.37,910.47,907.64,909.59,512
2023-12-05T13:45:00.000Z,909.62,910.01,906.38,907.97,957
2023-12-05T14:00:00.000Z,908.29,909.13,903.18,904.16,963
2023-12-05T14:15:00.000Z,904.16,905.11,900.83,901.27,761
2023-12-05T14:30:00.000Z,901.24,902.6,899.55,900.26,733
2023-12-05T14:45:00.000Z,899.67,900.36,898.05,899.32,1096
2023-12-05T15:00:00.000Z,899.33,905.43,899.32,900.71,1363
2023-12-05T15:15:00.000Z,900.77,901.58,897.7,899.44,1156
2023-12-05T15:30:00.000Z,899.52,900.11,897.31,898.28,1321
2023-12-05T15:45:00.000Z,898.28,899.4,896.55,899.18,1194
2023-12-05T16:00:00.000Z,899.34,900.85,897.57,897.84,1069
2023-12-05T16:15:00.000Z,897.84,902.2,897.45,902.09,949
2023-12-05T16:30:00.000Z,902.09,902.09,899.42,900.64,895
2023-12-05T16:45:00.000Z,900.47,900.87,899.14,900.38,873
2023-12-05T17:00:00.000Z,900.58,903.4,899.81,901.69,460
2023-12-05T17:15:00.000Z,901.87,903.59,901.57,902.84,205
2023-12-05T17:30:00.000Z,902.92,903.49,901.04,901.19,345
2023-12-05T17:45:00.000Z,901.27,904.18,901.27,904.05,437
2023-12-05T18:00:00.000Z,904.05,904.88,901.04,902.62,631
2023-12-05T18:15:00.000Z,902.69,903.79,902.67,903.22,316
2023-12-05T18:30:00.000Z,903.22,903.24,901.49,901.72,312
2023-12-05T18:45:00.000Z,901.72,902.59,901.64,902.44,284
2023-12-05T19:00:00.000Z,902.3,903.5,902.29,903.35,191
2023-12-05T19:15:00.000Z,903.24,903.51,902.31,902.43,110
2023-12-05T19:30:00.000Z,902.43,902.55,901.76,902.53,296
2023-12-05T19:45:00.000Z,902.54,903.71,902.53,902.82,209
2023-12-05T20:00:00.000Z,902.82,903.19,902.29,902.34,223
2023-12-05T20:15:00.000Z,902.24,902.89,902.02,902.02,78
2023-12-05T20:30:00.000Z,902.02,902.32,901.77,901.9,73
2023-12-05T20:45:00.000Z,901.82,902.13,901.61,901.61,75
2023-12-05T21:00:00.000Z,901.71,902.03,901.5,901.71,60
2023-12-05T21:15:00.000Z,901.69,901.89,901.16,901.56,82
2023-12-05T21:30:00.000Z,900.51,900.6,900.14,900.41,113
2023-12-05T21:45:00.000Z,902.03,902.03,900.26,901.49,117
2023-12-05T23:00:00.000Z,897.6,901.69,897.53,901.09,292
2023-12-05T23:15:00.000Z,901.31,901.37,901.13,901.29,107
2023-12-05T23:30:00.000Z,901.29,902.36,900.57,902.11,187
2023-12-05T23:45:00.000Z,902.13,903.58,902.13,903.31,276
2023-12-06T00:00:00.000Z,903.5,904.59,903.34,904.41,274
2023-12-06T00:15:00.000Z,904.38,904.95,903.69,903.71,239
2023-12-06T00:30:00.000Z,903.69,904.62,903.36,904.32,244
2023-12-06T00:45:00.000Z,904.27,905.46,903.73,905.3,268
2023-12-06T01:00:00.000Z,905.11,905.8,904.67,904.94,375
2023-12-06T01:15:00.000Z,904.92,904.96,902.95,903.01,281
2023-12-06T01:30:00.000Z,902.98,904.95,902.53,904.36,413
2023-12-06T01:45:00.000Z,904.39,906.34,904.27,904.89,364
2023-12-06T02:00:00.000Z,904.91,905.8,904.28,904.44,377
2023-12-06T02:15:00.000Z,904.42,904.58,902.62,902.63,276
2023-12-06T02:30:00.000Z,902.58,902.59,899.97,901.15,315
2023-12-06T02:45:00.000Z,901.17,902.25,899.47,902.12,318
2023-12-06T03:00:00.000Z,902.11,903.44,901.92,903.01,262
2023-12-06T03:15:00.000Z,903.01,904.37,902.76,904.17,364
2023-12-06T03:30:00.000Z,904.09,904.3,903.13,903.64,295
2023-12-06T03:45:00.000Z,903.37,905.19,903.31,904.37,311
2023-12-06T04:00:00.000Z,904.37,904.72,903.56,904.61,246
2023-12-06T04:15:00.000Z,904.62,904.79,903.34,903.79,224
2023-12-06T04:30:00.000Z,903.68,904,902.08,902.17,207
2023-12-06T04:45:00.000Z,902.15,903.9,902.15,903.68,225
2023-12-06T05:00:00.000Z,903.73,903.98,902.91,903.48,217
2023-12-06T05:15:00.000Z,903.63,905.55,903.48,905.51,248
2023-12-06T05:30:00.000Z,905.55,905.68,904.58,904.72,306
2023-12-06T05:45:00.000Z,904.69,905.67,904.31,905.59,313
2023-12-06T06:00:00.000Z,905.64,905.7,904.3,904.77,302
2023-12-06T06:15:00.000Z,904.75,905.4,904.08,904.08,241
2023-12-06T06:30:00.000Z,904.07,904.53,903.72,903.95,221
2023-12-06T06:45:00.000Z,903.94,904.54,903.45,904.44,271
2023-12-06T07:00:00.000Z,904.48,906.05,903.82,905.3,457
2023-12-06T07:15:00.000Z,905.25,905.67,904.46,905.03,366
2023-12-06T07:30:00.000Z,905.03,907.36,904.59,906.71,398
2023-12-06T07:45:00.000Z,906.59,908.65,906.51,907.09,337
2023-12-06T08:00:00.000Z,907.17,907.17,903.89,904.66,233
2023-12-06T08:15:00.000Z,904.66,906.01,904.34,905.07,530
2023-12-06T08:30:00.000Z,905.15,905.47,901.58,901.66,556
2023-12-06T08:45:00.000Z,901.63,902.76,901.57,902.43,486
2023-12-06T09:00:00.000Z,902.45,904.89,902.27,904.23,431
2023-12-06T09:15:00.000Z,904.23,904.23,901.3,901.64,418
2023-12-06T09:30:00.000Z,901.63,901.96,900.34,901.42,409
2023-12-06T09:45:00.000Z,901.46,902.9,901.46,902.66,342
2023-12-06T10:00:00.000Z,902.67,904.65,902.12,904.29,342
2023-12-06T10:15:00.000Z,904.24,904.86,903.43,903.67,261
2023-12-06T10:30:00.000Z,903.67,905.1,903.58,905.04,269
2023-12-06T10:45:00.000Z,905.05,907.02,905.05,906.59,376
2023-12-06T11:00:00.000Z,906.56,906.56,905.06,905.55,408
2023-12-06T11:15:00.000Z,905.59,906.45,904.2,904.99,389
2023-12-06T11:30:00.000Z,904.98,907.76,904.66,907.27,403
2023-12-06T11:45:00.000Z,907.13,908.77,906.85,907.96,393
2023-12-06T12:00:00.000Z,907.96,909.91,907.89,908.1,464
2023-12-06T12:15:00.000Z,908.09,908.61,907.16,908.51,364
2023-12-06T12:30:00.000Z,908.57,911.24,908.29,909.61,443
2023-12-06T12:45:00.000Z,909.39,911.84,909.14,911.07,464
2023-12-06T13:00:00.000Z,911.02,913.51,909.76,912,622
2023-12-06T13:15:00.000Z,910.81,914.19,908.83,909.56,811
2023-12-06T13:30:00.000Z,909.57,910.1,906.49,906.84,496
2023-12-06T13:45:00.000Z,906.82,909.14,905.07,905.17,593
2023-12-06T14:00:00.000Z,905.48,908.24,904.44,908.15,420
2023-12-06T14:15:00.000Z,908.21,911.12,907.09,909.89,496
2023-12-06T14:30:00.000Z,909.69,910.64,904.62,904.79,449
2023-12-06T14:45:00.000Z,904.73,908.02,902.75,905.26,1047
2023-12-06T15:00:00.000Z,905.37,907.36,903.15,907.36,1130
2023-12-06T15:15:00.000Z,907.36,908.66,904.98,905.22,399
2023-12-06T15:30:00.000Z,905.13,907.51,904.47,904.47,421
2023-12-06T15:45:00.000Z,904.51,905.45,901.73,901.86,540
2023-12-06T16:00:00.000Z,901.8,901.97,899.06,899.06,708
2023-12-06T16:15:00.000Z,899.06,899.52,895.63,896.35,673
2023-12-06T16:30:00.000Z,896.35,896.41,894,895.25,736
2023-12-06T16:45:00.000Z,895.26,896.77,894.66,895.27,690
2023-12-06T17:00:00.000Z,895.27,895.27,893.67,893.74,535
2023-12-06T17:15:00.000Z,893.74,894.48,892.79,892.79,514
2023-12-06T17:30:00.000Z,892.79,893.12,891.41,892.07,550
2023-12-06T17:45:00.000Z,892.07,893.42,890.97,892.62,484
2023-12-06T18:00:00.000Z,892.62,893.42,889.87,890.2,465
2023-12-06T18:15:00.000Z,890.3,892.72,889.5,892.27,419
2023-12-06T18:30:00.000Z,892.27,893.54,892.15,893.28,392
2023-12-06T18:45:00.000Z,893.28,894.55,893.19,894.14,362
2023-12-06T19:00:00.000Z,894.14,894.47,893.57,893.6,243
2023-12-06T19:15:00.000Z,893.6,893.65,892.61,892.77,275
2023-12-06T19:30:00.000Z,892.78,894.32,892.78,894.18,223
2023-12-06T19:45:00.000Z,894.18,894.43,893.86,894.28,326
2023-12-06T20:00:00.000Z,894.32,894.32,892.68,892.76,220
2023-12-06T20:15:00.000Z,892.82,892.98,892.09,892.29,209
2023-12-06T20:30:00.000Z,892.29,892.98,892.27,892.62,265
2023-12-06T20:45:00.000Z,892.62,892.84,892.27,892.56,304
2023-12-06T21:00:00.000Z,892.6,892.75,892.3,892.32,119
2023-12-06T21:15:00.000Z,892.32,892.4,891.55,892.13,143
2023-12-06T21:30:00.000Z,891.58,891.95,891.34,891.68,130
2023-12-06T21:45:00.000Z,891.71,891.71,890.97,890.97,127
2023-12-06T23:00:00.000Z,887.32,893.11,887.05,892.97,273
2023-12-06T23:15:00.000Z,892.87,893.26,892.77,893.07,128
2023-12-06T23:30:00.000Z,893.01,893.37,892.97,893.37,153
2023-12-06T23:45:00.000Z,893.37,894.47,893.27,893.97,213
2023-12-07T00:00:00.000Z,893.97,894.82,893.76,893.96,233
2023-12-07T00:15:00.000Z,893.96,894.96,893.82,894.96,187
2023-12-07T00:30:00.000Z,895.01,896.35,895,896.26,147
2023-12-07T00:45:00.000Z,896.26,896.4,894.41,894.5,220
2023-12-07T01:00:00.000Z,894.5,895.05,893.6,894.25,365
2023-12-07T01:15:00.000Z,894.25,894.25,892.11,892.12,316
2023-12-07T01:30:00.000Z,892.12,894.06,891.47,893.25,452
2023-12-07T01:45:00.000Z,893.22,893.54,890.65,890.66,473
2023-12-07T02:00:00.000Z,890.66,891.97,890.61,891.97,368
2023-12-07T02:15:00.000Z,891.97,892.64,891.75,891.96,321
2023-12-07T02:30:00.000Z,891.95,892.4,890.81,891.12,359
2023-12-07T02:45:00.000Z,891.13,891.38,890.51,891.38,347
2023-12-07T03:00:00.000Z,891.36,892.26,891.14,892.24,344
2023-12-07T03:15:00.000Z,892.24,893.19,892.07,893.04,318
2023-12-07T03:30:00.000Z,892.98,893.04,891.1,891.24,243
2023-12-07T03:45:00.000Z,891.31,891.51,890.57,891.26,300
2023-12-07T04:00:00.000Z,891.28,892.77,891.21,892.24,169
2023-12-07T04:15:00.000Z,892.2,893.46,892.17,893.39,175
2023-12-07T04:30:00.000Z,893.34,893.34,891.87,891.91,162
2023-12-07T04:45:00.000Z,891.91,892.6,890.85,890.85,228
2023-12-07T05:00:00.000Z,890.85,891.99,890.83,890.92,320
2023-12-07T05:15:00.000Z,890.98,891.52,890.62,890.72,211
2023-12-07T05:30:00.000Z,890.68,891.35,890.27,890.42,325
2023-12-07T05:45:00.000Z,890.49,890.96,890.1,890.13,298
2023-12-07T06:00:00.000Z,890.23,890.9,890.01,890.57,230
2023-12-07T06:15:00.000Z,890.59,892.4,890.43,892.21,231
2023-12-07T06:30:00.000Z,892.17,892.41,891.53,892.15,287
2023-12-07T06:45:00.000Z,892.06,893.02,891.85,892.86,241
2023-12-07T07:00:00.000Z,892.96,893.65,892.36,893.22,478
2023-12-07T07:15:00.000Z,893.13,894.48,892.83,893.96,422
2023-12-07T07:30:00.000Z,893.87,896.85,893.67,896.83,425
2023-12-07T07:45:00.000Z,896.83,897.65,896.18,896.6,383
2023-12-07T08:00:00.000Z,896.78,897.49,895.4,897.49,608
2023-12-07T08:15:00.000Z,897.49,897.97,895.8,897.53,479
2023-12-07T08:30:00.000Z,897.31,897.92,896.7,897.73,686
2023-12-07T08:45:00.000Z,897.7,897.8,896.35,897.02,526
2023-12-07T09:00:00.000Z,897.06,898.34,896.78,897.36,581
2023-12-07T09:15:00.000Z,897.34,898.69,896.65,897.02,426
2023-12-07T09:30:00.000Z,897.01,899.12,897.01,898.87,539
2023-12-07T09:45:00.000Z,898.87,900.92,898.85,900.92,373
2023-12-07T10:00:00.000Z,901.01,901.72,899.92,901.67,364
2023-12-07T10:15:00.000Z,901.76,901.81,899.85,900.03,249
2023-12-07T10:30:00.000Z,900.02,900.31,898.45,899.5,226
2023-12-07T10:45:00.000Z,899.7,899.8,897.48,898.6,288
2023-12-07T11:00:00.000Z,898.28,898.73,896.87,896.87,203
2023-12-07T11:15:00.000Z,896.97,897.63,895.79,896.03,120
2023-12-07T11:30:00.000Z,896.13,897.41,894.99,897.06,159
2023-12-07T11:45:00.000Z,896.97,897.47,896.07,896.39,132
2023-12-07T12:00:00.000Z,896.42,896.91,894.88,895.25,211
2023-12-07T12:15:00.000Z,895.31,896.01,895.21,895.72,214
2023-12-07T12:30:00.000Z,895.75,897.31,895.38,896.94,430
2023-12-07T12:45:00.000Z,896.94,898.23,896.73,898.13,203
2023-12-07T13:00:00.000Z,898.11,901.01,897.31,899.44,693
2023-12-07T13:15:00.000Z,899.56,901.25,898.87,900.63,614
2023-12-07T13:30:00.000Z,900.64,907.04,898.38,907.04,450
2023-12-07T13:45:00.000Z,906.94,910.88,905.01,909.82,924
2023-12-07T14:00:00.000Z,909.82,914.42,907.7,911.35,883
2023-12-07T14:15:00.000Z,911.36,915.57,910.39,914.71,778
2023-12-07T14:30:00.000Z,914.62,916.77,911.04,911.65,1176
2023-12-07T14:45:00.000Z,911.69,913.58,908.3,909.61,1237
2023-12-07T15:00:00.000Z,909.51,913.32,909.44,913.32,1258
2023-12-07T15:15:00.000Z,913.48,915.5,912.72,912.99,1096
2023-12-07T15:30:00.000Z,912.99,914.99,911.49,911.69,964
2023-12-07T15:45:00.000Z,911.64,914.6,910.97,913.66,949
2023-12-07T16:00:00.000Z,913.61,915.82,912.43,914.79,858
2023-12-07T16:15:00.000Z,914.79,914.79,912.08,912.21,733
2023-12-07T16:30:00.000Z,912.22,912.25,910.32,911.95,707
2023-12-07T16:45:00.000Z,912.07,912.78,911.42,912.62,637
2023-12-07T17:00:00.000Z,912.47,912.54,907.23,907.23,725
2023-12-07T17:15:00.000Z,907.26,910.14,907.17,909,686
2023-12-07T17:30:00.000Z,908.98,910.1,907.79,909.94,699
2023-12-07T17:45:00.000Z,909.95,912.72,909.7,910.37,1277
2023-12-07T18:00:00.000Z,910.37,913.18,910.08,912.43,682
2023-12-07T18:15:00.000Z,912.43,912.64,911.53,911.85,459
2023-12-07T18:30:00.000Z,911.85,913,911.58,912.5,401
2023-12-07T18:45:00.000Z,912.53,912.53,911.35,911.38,411
2023-12-07T19:00:00.000Z,911.38,911.38,910.61,910.88,268
2023-12-07T19:15:00.000Z,910.88,911.61,910.73,911.13,307
2023-12-07T19:30:00.000Z,911.13,911.3,910.54,910.59,369
2023-12-07T19:45:00.000Z,910.5,910.52,909.58,909.73,177
2023-12-07T20:00:00.000Z,909.73,910.42,909.63,910.34,196
2023-12-07T20:15:00.000Z,910.34,910.73,910.25,910.48,223
2023-12-07T20:30:00.000Z,910.48,910.89,910.38,910.6,227
2023-12-07T20:45:00.000Z,910.6,911.05,910.08,910.62,258
2023-12-07T21:00:00.000Z,910.62,910.9,910.01,910.61,190
2023-12-07T21:15:00.000Z,910.61,910.71,910.31,910.37,129
2023-12-07T21:30:00.000Z,907.88,908.04,907.34,908.04,86
2023-12-07T21:45:00.000Z,908.01,908.56,907.8,907.83,169
2023-12-07T23:00:00.000Z,906.03,910.05,905.98,909.67,263
2023-12-07T23:15:00.000Z,909.55,909.67,908.9,908.9,131
2023-12-07T23:30:00.000Z,908.81,909.06,908,908.17,235
2023-12-07T23:45:00.000Z,908.17,909.02,907.46,907.66,177
2023-12-08T00:00:00.000Z,907.66,908.31,906.74,907.96,162
2023-12-08T00:15:00.000Z,907.86,909.97,907.58,909.84,115
2023-12-08T00:30:00.000Z,910.04,912.16,909.89,911.98,119
2023-12-08T00:45:00.000Z,911.94,913.46,911.04,913.11,151
2023-12-08T01:00:00.000Z,913.1,914.76,912.67,913.37,401
2023-12-08T01:15:00.000Z,913.46,914.07,911.92,912.82,412
2023-12-08T01:30:00.000Z,912.82,916.07,912.58,915.28,439
2023-12-08T01:45:00.000Z,915.37,915.87,914.72,915.38,428
2023-12-08T02:00:00.000Z,915.38,915.97,914.26,915.12,380
2023-12-08T02:15:00.000Z,915.12,916.18,914.82,914.97,300
2023-12-08T02:30:00.000Z,914.97,915.27,913.5,914.05,223
2023-12-08T02:45:00.000Z,914.05,914.05,913.25,913.54,91
2023-12-08T03:00:00.000Z,913.55,914.15,913.04,913.95,74
2023-12-08T03:15:00.000Z,914,915.72,913.85,914.66,107
2023-12-08T03:30:00.000Z,914.62,914.67,913.36,914.37,145
2023-12-08T03:45:00.000Z,914.32,917.02,914.32,916.87,96
2023-12-08T04:00:00.000Z,916.82,916.82,915.43,916.78,143
2023-12-08T04:15:00.000Z,916.77,916.92,915.31,915.51,111
2023-12-08T04:30:00.000Z,915.46,915.98,914.96,914.97,201
2023-12-08T04:45:00.000Z,915.07,915.73,914.92,915.63,173
2023-12-08T05:00:00.000Z,915.73,915.73,914.77,915.13,277
2023-12-08T05:15:00.000Z,915.07,916.26,915.07,915.46,148
2023-12-08T05:30:00.000Z,915.46,917.07,914.67,916.88,250
2023-12-08T05:45:00.000Z,916.97,918.7,916.21,916.58,177
2023-12-08T06:00:00.000Z,916.61,917.9,916.61,916.86,178
2023-12-08T06:15:00.000Z,916.86,917.18,915.7,917.18,199
2023-12-08T06:30:00.000Z,917.11,917.47,916.27,916.52,177
2023-12-08T06:45:00.000Z,916.46,916.92,915.5,915.5,128
2023-12-08T07:00:00.000Z,915.6,915.74,914.35,915.26,220
2023-12-08T07:15:00.000Z,915.42,916.04,914.52,915.72,209
2023-12-08T07:30:00.000Z,915.87,916.75,914.85,916.75,181
2023-12-08T07:45:00.000Z,916.85,918.69,916.35,917.65,264
2023-12-08T08:00:00.000Z,917.39,917.39,914.71,916.11,470
2023-12-08T08:15:00.000Z,916.24,918,915.94,917.1,244
2023-12-08T08:30:00.000Z,917.16,919.19,916.9,918.01,259
2023-12-08T08:45:00.000Z,918.06,918.7,917.49,917.93,512
2023-12-08T09:00:00.000Z,917.96,920.67,917.88,919.95,574
2023-12-08T09:15:00.000Z,919.9,922.32,919.9,921.83,415
2023-12-08T09:30:00.000Z,921.73,921.73,919.67,920.72,463
2023-12-08T09:45:00.000Z,920.72,922.45,920.63,922.09,440
2023-12-08T10:00:00.000Z,922.08,924.69,922.08,924.69,209
2023-12-08T10:15:00.000Z,924.62,924.85,923.52,923.95,190
2023-12-08T10:30:00.000Z,923.9,925.5,923.65,924.67,191
2023-12-08T10:45:00.000Z,924.81,925.38,924.19,925.03,158
2023-12-08T11:00:00.000Z,925.09,925.49,923.03,924.92,185
2023-12-08T11:15:00.000Z,924.98,926.77,922.64,923.69,269
2023-12-08T11:30:00.000Z,923.52,925,923.48,924.23,122
2023-12-08T11:45:00.000Z,924.43,925.1,922.75,923.03,149
2023-12-08T12:00:00.000Z,923.24,924.59,922.07,924.26,272
2023-12-08T12:15:00.000Z,924.16,924.48,922.72,924.45,299
2023-12-08T12:30:00.000Z,924.59,925.34,924.22,924.57,439
2023-12-08T12:45:00.000Z,924.58,924.71,921.52,921.82,564
2023-12-08T13:00:00.000Z,921.86,924.11,919.66,922.97,692
2023-12-08T13:15:00.000Z,922.7,923.83,920.64,923.33,384
2023-12-08T13:30:00.000Z,923.01,923.01,916.14,919.38,962
2023-12-08T13:45:00.000Z,919.31,920.98,915.91,915.94,741
2023-12-08T14:00:00.000Z,916.42,918.09,912.19,912.87,468
2023-12-08T14:15:00.000Z,912.79,914.99,912.47,914.23,665
2023-12-08T14:30:00.000Z,914.02,917.29,913.56,916.54,1006
2023-12-08T14:45:00.000Z,916.56,919.2,915.26,917.22,1017
2023-12-08T15:00:00.000Z,918.51,923.22,916.28,923.02,1392
2023-12-08T15:15:00.000Z,922.99,924.57,922.62,923.17,451
2023-12-08T15:30:00.000Z,923.04,923.88,920.56,921.66,1122
2023-12-08T15:45:00.000Z,921.63,921.7,919.39,921.51,785
2023-12-08T16:00:00.000Z,921.53,921.53,917.54,918.54,631
2023-12-08T16:15:00.000Z,918.62,918.77,916.59,918.76,299
2023-12-08T16:30:00.000Z,918.83,919.69,917.84,918.46,249
2023-12-08T16:45:00.000Z,918.62,919.01,917.69,918.19,215
2023-12-08T17:00:00.000Z,918.13,918.76,914.48,915.49,257
2023-12-08T17:15:00.000Z,915.59,917.09,914.69,915.89,241
2023-12-08T17:30:00.000Z,915.84,917.3,915.39,916.55,490
2023-12-08T17:45:00.000Z,916.65,917.04,915.7,916.53,637
2023-12-08T18:00:00.000Z,916.53,919.01,916.38,919.01,640
2023-12-08T18:15:00.000Z,918.95,921.49,918.83,920.92,335
2023-12-08T18:30:00.000Z,920.94,921.29,919.31,920.07,114
2023-12-08T18:45:00.000Z,920.17,920.62,919.54,920.14,98
2023-12-08T19:00:00.000Z,920.09,920.62,919.49,920.62,74
2023-12-08T19:15:00.000Z,920.72,920.97,919.74,920.62,71
2023-12-08T19:30:00.000Z,920.59,920.77,919.74,919.92,73
2023-12-08T19:45:00.000Z,919.94,920.27,919.84,920.19,71
2023-12-08T20:00:00.000Z,920.27,920.89,919.92,920.57,67
2023-12-08T20:15:00.000Z,920.59,920.62,919.72,920.29,75
2023-12-08T20:30:00.000Z,920.34,920.44,919.46,919.54,64
2023-12-08T20:45:00.000Z,919.64,920.21,919.54,919.74,67
2023-12-08T21:00:00.000Z,919.84,920.31,918.91,919.04,63
2023-12-08T21:15:00.000Z,919.14,919.26,918.81,919.11,44
2023-12-08T21:30:00.000Z,917.73,918.04,917.21,917.21,134
2023-12-08T21:45:00.000Z,919.13,919.13,917.09,917.16,84
2023-12-10T23:00:00.000Z,917.24,921.09,916.29,920.22,281
2023-12-10T23:15:00.000Z,920.12,921.42,920.12,920.94,116
2023-12-10T23:30:00.000Z,920.71,920.97,920.19,920.74,119
2023-12-10T23:45:00.000Z,920.87,922.39,920.84,922.19,63
2023-12-11T00:00:00.000Z,922.09,922.27,920.87,921.92,122
2023-12-11T00:15:00.000Z,921.82,923.05,921.72,922.46,189
2023-12-11T00:30:00.000Z,922.41,923.14,921.69,922.79,205
2023-12-11T00:45:00.000Z,922.84,923.02,921.53,921.53,103
2023-12-11T01:00:00.000Z,921.52,921.53,918.96,920.14,197
2023-12-11T01:15:00.000Z,920.01,920.36,918.91,920.16,180
2023-12-11T01:30:00.000Z,920.26,921.85,918.89,920.69,274
2023-12-11T01:45:00.000Z,920.66,920.8,919.47,920.14,407
2023-12-11T02:00:00.000Z,920.07,920.1,918.62,918.68,428
2023-12-11T02:15:00.000Z,918.68,919.46,918.68,918.74,317
2023-12-11T02:30:00.000Z,918.71,919.03,917.17,918.94,433
2023-12-11T02:45:00.000Z,918.93,919.35,917.99,918.43,416
2023-12-11T03:00:00.000Z,918.41,919.43,917.82,917.82,429
2023-12-11T03:15:00.000Z,917.76,919.54,917.76,919.2,315
2023-12-11T03:30:00.000Z,919.18,920.04,918.71,919.6,277
2023-12-11T03:45:00.000Z,919.66,919.66,917.92,918.32,284
2023-12-11T04:00:00.000Z,918.29,918.53,917.56,918.03,282
2023-12-11T04:15:00.000Z,918.03,918.12,916.8,916.88,144
2023-12-11T04:30:00.000Z,916.83,917,915.97,916.28,67
2023-12-11T04:45:00.000Z,916.13,917.02,915.87,916.96,89
2023-12-11T05:00:00.000Z,916.74,917.73,916.63,917.63,131
2023-12-11T05:15:00.000Z,917.63,918.63,917.33,918.58,108
2023-12-11T05:30:00.000Z,918.53,918.97,917.95,918.58,178
2023-12-11T05:45:00.000Z,918.63,919.08,918.43,919.03,96
2023-12-11T06:00:00.000Z,919.13,920.38,918.98,919.98,113
2023-12-11T06:15:00.000Z,919.93,921.78,919.93,921.48,115
2023-12-11T06:30:00.000Z,921.48,921.82,920.23,920.25,92
2023-12-11T06:45:00.000Z,920.18,920.55,918.78,920.18,85
2023-12-11T07:00:00.000Z,920.18,920.91,919.61,920.77,118
2023-12-11T07:15:00.000Z,920.81,921.91,920.71,921.56,103
2023-12-11T07:30:00.000Z,921.56,921.91,919.76,920.16,151
2023-12-11T07:45:00.000Z,920.16,920.65,918.71,918.71,183
2023-12-11T08:00:00.000Z,918.77,922.6,918.77,921.74,193
2023-12-11T08:15:00.000Z,921.81,924.21,921.21,923.31,161
2023-12-11T08:30:00.000Z,923.37,924.72,921.94,921.98,172
2023-12-11T08:45:00.000Z,921.93,923.15,921.59,922.16,137
2023-12-11T09:00:00.000Z,922.13,922.43,918.93,919.04,214
2023-12-11T09:15:00.000Z,919,921.31,918.13,920.88,188
2023-12-11T09:30:00.000Z,920.73,921.32,919.34,919.58,228
2023-12-11T09:45:00.000Z,919.54,920.78,918.09,918.2,541
2023-12-11T10:00:00.000Z,918.21,919.61,918.01,919.57,400
2023-12-11T10:15:00.000Z,919.52,921.8,919.52,921.2,434
2023-12-11T10:30:00.000Z,921.34,924.54,921.03,923.7,263
2023-12-11T10:45:00.000Z,923.8,924.72,923.26,923.47,384
2023-12-11T11:00:00.000Z,923.51,925.04,922.73,923.65,177
2023-12-11T11:15:00.000Z,923.66,924.16,922.78,923.86,168
2023-12-11T11:30:00.000Z,923.87,925.31,922.51,922.51,290
2023-12-11T11:45:00.000Z,922.92,923.24,922.08,922.78,216
2023-12-11T12:00:00.000Z,922.84,923.8,922.11,923.51,609
2023-12-11T12:15:00.000Z,923.66,924.46,922.27,922.37,420
2023-12-11T12:30:00.000Z,922.34,924.7,921.73,923.88,424
2023-12-11T12:45:00.000Z,923.95,927.09,923.67,927.07,337
2023-12-11T13:00:00.000Z,927.07,927.91,922.78,925.43,370
2023-12-11T13:15:00.000Z,925.46,928.42,923.98,924.33,475
2023-12-11T13:30:00.000Z,924.27,924.42,920.68,922.73,638
2023-12-11T13:45:00.000Z,923.06,924.97,922.39,922.75,524
2023-12-11T14:00:00.000Z,922.99,924.9,921.09,923.11,858
2023-12-11T14:15:00.000Z,923.09,923.33,919.2,920.48,932
2023-12-11T14:30:00.000Z,920.57,920.73,914.7,915.35,627
2023-12-11T14:45:00.000Z,915.47,917.35,913.82,916.77,359
2023-12-11T15:00:00.000Z,916.72,919.02,915.76,918.65,331
2023-12-11T15:15:00.000Z,918.52,919.5,916.29,916.8,314
2023-12-11T15:30:00.000Z,916.9,920.67,915.9,920.12,387
2023-12-11T15:45:00.000Z,920.2,921.99,917.86,918.16,775
2023-12-11T16:00:00.000Z,918.14,920.09,917.15,917.33,835
2023-12-11T16:15:00.000Z,917.33,917.84,914.29,914.94,453
2023-12-11T16:30:00.000Z,914.92,915.17,912.82,914.27,209
2023-12-11T16:45:00.000Z,914.14,915.1,913.99,914.71,147
2023-12-11T17:00:00.000Z,914.68,915.95,914.68,915.03,126
2023-12-11T17:15:00.000Z,915,915,913.63,914.04,163
2023-12-11T17:30:00.000Z,914.01,914.83,913.2,914.46,307
2023-12-11T17:45:00.000Z,914.53,914.53,911.67,911.87,312
2023-12-11T18:00:00.000Z,911.97,915.29,911.84,915.24,252
2023-12-11T18:15:00.000Z,915.24,915.24,913.46,913.99,481
2023-12-11T18:30:00.000Z,913.99,914.44,913.85,914.02,374
2023-12-11T18:45:00.000Z,914.02,915.03,913.93,914.88,232
2023-12-11T19:00:00.000Z,914.88,915.41,914.61,914.62,252
2023-12-11T19:15:00.000Z,914.62,914.84,914.44,914.64,285
2023-12-11T19:30:00.000Z,914.64,914.81,913.88,914.16,245
2023-12-11T19:45:00.000Z,914.06,914.44,914.06,914.34,189
2023-12-11T20:00:00.000Z,914.36,914.56,913.94,914.11,67
2023-12-11T20:15:00.000Z,914.06,915.01,913.86,914.19,127
2023-12-11T20:30:00.000Z,914.26,914.26,913.14,913.23,259
2023-12-11T20:45:00.000Z,913.15,913.93,913,913.81,232
2023-12-11T21:00:00.000Z,913.81,913.81,913.23,913.25,64
2023-12-11T21:15:00.000Z,913.25,913.52,913.25,913.48,57
2023-12-11T21:30:00.000Z,911.59,911.67,911.39,911.41,89
2023-12-11T21:45:00.000Z,911.4,911.57,911.08,911.56,151
2023-12-11T23:00:00.000Z,910.16,913.6,909.74,913.47,168
2023-12-11T23:15:00.000Z,913.39,914.09,913.22,913.94,52
2023-12-11T23:30:00.000Z,913.96,914.67,913.76,914.22,68
2023-12-11T23:45:00.000Z,914.12,914.13,913.83,914.03,104
2023-12-12T00:00:00.000Z,914.01,914.03,913.6,913.84,51
2023-12-12T00:15:00.000Z,913.79,914.18,913.27,914.12,66
2023-12-12T00:30:00.000Z,914.1,914.48,913.73,914.28,106
2023-12-12T00:45:00.000Z,914.18,914.72,914.13,914.42,82
2023-12-12T01:00:00.000Z,914.34,914.74,913.75,913.88,132
2023-12-12T01:15:00.000Z,913.83,914.58,913.79,914.08,121
2023-12-12T01:30:00.000Z,914.03,914.33,913.62,913.72,98
2023-12-12T01:45:00.000Z,913.58,914.78,913.58,914.18,102
2023-12-12T02:00:00.000Z,914.13,914.55,913.47,913.93,140
2023-12-12T02:15:00.000Z,913.93,914.23,913.53,913.53,92
2023-12-12T02:30:00.000Z,913.53,913.58,912.4,912.64,82
2023-12-12T02:45:00.000Z,912.67,913.51,912.61,913.09,70
2023-12-12T03:00:00.000Z,913.04,914.84,913.04,914.69,124
2023-12-12T03:15:00.000Z,914.69,916.19,914.44,916.19,87
2023-12-12T03:30:00.000Z,916.09,916.69,915.69,916.49,91
2023-12-12T03:45:00.000Z,916.49,916.79,916.04,916.09,67
2023-12-12T04:00:00.000Z,916.04,916.04,915.54,915.69,54
2023-12-12T04:15:00.000Z,915.64,916.39,915.39,915.84,53
2023-12-12T04:30:00.000Z,915.94,916.69,915.79,916.69,65
2023-12-12T04:45:00.000Z,916.79,916.99,916.54,916.64,77
2023-12-12T05:00:00.000Z,916.69,917.48,916.49,917.48,60
2023-12-12T05:15:00.000Z,917.48,917.48,916.44,916.69,78
2023-12-12T05:30:00.000Z,916.55,918.09,916.44,917.74,99
2023-12-12T05:45:00.000Z,917.67,918.12,916.99,917.72,114
2023-12-12T06:00:00.000Z,917.62,919.02,917.46,918.49,100
2023-12-12T06:15:00.000Z,918.52,918.99,918.07,918.09,84
2023-12-12T06:30:00.000Z,918.04,918.04,917.52,917.59,66
2023-12-12T06:45:00.000Z,917.62,918.39,917.32,918.22,68
2023-12-12T07:00:00.000Z,918.13,918.68,917.55,918.18,101
2023-12-12T07:15:00.000Z,918.12,918.12,916.97,917.65,84
2023-12-12T07:30:00.000Z,917.63,917.94,916.78,916.81,103
2023-12-12T07:45:00.000Z,916.75,919.04,916.53,918.26,112
2023-12-12T08:00:00.000Z,918.06,919.11,915.96,919.01,179
2023-12-12T08:15:00.000Z,918.96,920.69,918.56,919.71,163
2023-12-12T08:30:00.000Z,919.56,919.81,918.06,918.56,195
2023-12-12T08:45:00.000Z,918.81,919.26,918.01,918.26,145
2023-12-12T09:00:00.000Z,918.31,919.86,917.46,919.86,142
2023-12-12T09:15:00.000Z,919.84,920.91,919.36,920.43,307
2023-12-12T09:30:00.000Z,920.43,921.92,920,921.59,159
2023-12-12T09:45:00.000Z,921.62,922.89,920.94,922.17,159
2023-12-12T10:00:00.000Z,922.32,924.47,922.23,922.75,136
2023-12-12T10:15:00.000Z,922.67,924.54,922.49,924.32,195
2023-12-12T10:30:00.000Z,924.23,925.44,923.55,924.82,152
2023-12-12T10:45:00.000Z,924.69,925.44,922.96,923.44,178
2023-12-12T11:00:00.000Z,923.44,925.53,923.37,925.31,269
2023-12-12T11:15:00.000Z,925.21,925.21,923.96,924.54,175
2023-12-12T11:30:00.000Z,924.52,925.19,923.81,924.57,153
2023-12-12T11:45:00.000Z,924.49,925.41,923.72,924.32,164
2023-12-12T12:00:00.000Z,924.34,924.65,923.79,924.59,135
2023-12-12T12:15:00.000Z,924.6,925.34,924.31,924.86,148
2023-12-12T12:30:00.000Z,924.92,926.26,924.81,926.03,182
2023-12-12T12:45:00.000Z,925.93,926.29,924.77,924.85,123
2023-12-12T13:00:00.000Z,924.75,926.22,920.61,923.5,413
2023-12-12T13:15:00.000Z,923.6,924.14,920.86,922.54,498
2023-12-12T13:30:00.000Z,922.72,926.7,919.96,921.27,1207
2023-12-12T13:45:00.000Z,921.5,923.44,919.88,920.63,515
2023-12-12T14:00:00.000Z,920.96,924.35,920.09,924.14,484
2023-12-12T14:15:00.000Z,924.27,924.37,917.87,918.33,799
2023-12-12T14:30:00.000Z,918.39,918.49,912.65,913.95,740
2023-12-12T14:45:00.000Z,913.95,913.95,910.2,910.75,775
2023-12-12T15:00:00.000Z,910.9,916.24,909.62,913.44,374
2023-12-12T15:15:00.000Z,913.54,916.07,912.97,915.12,306
2023-12-12T15:30:00.000Z,915.22,919.15,915.04,918.72,639
2023-12-12T15:45:00.000Z,918.74,921.75,918.59,920.02,1047
2023-12-12T16:00:00.000Z,920.02,922.68,919.38,922.68,989
2023-12-12T16:15:00.000Z,922.8,925.71,922.16,925.64,555
2023-12-12T16:30:00.000Z,925.64,927.64,924.44,927.19,868
2023-12-12T16:45:00.000Z,927.19,927.37,925.07,926.93,351
2023-12-12T17:00:00.000Z,927.03,927.21,923.73,925.37,700
2023-12-12T17:15:00.000Z,925.4,927.61,925,926.72,755
2023-12-12T17:30:00.000Z,926.79,927.24,925.75,925.92,711
2023-12-12T17:45:00.000Z,926.01,928.17,925.86,928.06,469
2023-12-12T18:00:00.000Z,928.07,929.98,927.89,929.02,973
2023-12-12T18:15:00.000Z,928.99,929.42,927.2,927.61,458
2023-12-12T18:30:00.000Z,927.57,929.45,927.26,929.42,413
2023-12-12T18:45:00.000Z,929.41,929.45,928.43,928.58,350
2023-12-12T19:00:00.000Z,928.57,929.28,928.51,928.51,241
2023-12-12T19:15:00.000Z,928.59,929.3,928.2,928.97,297
2023-12-12T19:30:00.000Z,929,929.95,928.87,929.79,337
2023-12-12T19:45:00.000Z,929.81,930.63,929.6,930.47,309
2023-12-12T20:00:00.000Z,930.5,930.71,930.1,930.59,239
2023-12-12T20:15:00.000Z,930.62,931.41,930.62,931.21,175
2023-12-12T20:30:00.000Z,931.2,931.3,930.34,930.68,74
2023-12-12T20:45:00.000Z,930.7,931.18,930.6,930.91,201
2023-12-12T21:00:00.000Z,930.74,931.79,930.46,931.79,128
2023-12-12T21:15:00.000Z,931.45,931.51,930.7,931.3,47
2023-12-12T21:30:00.000Z,931.13,931.23,930.38,930.7,111
2023-12-12T21:45:00.000Z,930.69,931.06,929.52,930.81,212
2023-12-12T23:00:00.000Z,929.44,932.5,929.44,932.39,277
2023-12-12T23:15:00.000Z,932.37,932.42,931.82,932.42,123
2023-12-12T23:30:00.000Z,932.42,933.28,932.14,932.87,166
2023-12-12T23:45:00.000Z,932.97,933.11,932.32,932.85,276
2023-12-13T00:00:00.000Z,932.54,932.54,931.36,931.37,222
2023-12-13T00:15:00.000Z,931.38,931.44,930.4,930.43,224
2023-12-13T00:30:00.000Z,930.42,930.93,929.41,930.27,183
2023-12-13T00:45:00.000Z,930.15,930.44,929.39,929.49,108
2023-12-13T01:00:00.000Z,929.58,929.82,929.19,929.5,211
2023-12-13T01:15:00.000Z,929.46,930.01,929.08,929.8,126
2023-12-13T01:30:00.000Z,929.81,930.8,929.81,930.31,242
2023-12-13T01:45:00.000Z,930.34,930.76,928.81,930.4,311
2023-12-13T02:00:00.000Z,930.4,930.91,929.99,930.74,285
2023-12-13T02:15:00.000Z,930.73,931.11,929.64,929.73,199
2023-12-13T02:30:00.000Z,929.71,930.05,929.23,929.9,201
2023-12-13T02:45:00.000Z,929.9,930.6,929.79,929.97,215
2023-12-13T03:00:00.000Z,929.96,930.13,928.92,930.12,250
2023-12-13T03:15:00.000Z,930.12,930.62,929.53,930.58,194
2023-12-13T03:30:00.000Z,930.6,930.7,929.84,930.2,171
2023-12-13T03:45:00.000Z,930.1,930.1,929.61,929.9,144
2023-12-13T04:00:00.000Z,929.88,929.98,928.46,929.62,156
2023-12-13T04:15:00.000Z,929.61,930.49,928.32,930.36,212
2023-12-13T04:30:00.000Z,930.39,930.81,929.99,930.11,182
2023-12-13T04:45:00.000Z,930.11,930.11,928.27,928.55,114
2023-12-13T05:00:00.000Z,928.51,929.88,928.51,929.86,127
2023-12-13T05:15:00.000Z,929.89,930.17,929.52,929.86,181
2023-12-13T05:30:00.000Z,929.85,930.8,929.75,930.42,315
2023-12-13T05:45:00.000Z,930.47,931.1,930.42,930.97,249
2023-12-13T06:00:00.000Z,930.84,930.89,929.89,930.2,333
2023-12-13T06:15:00.000Z,930.17,930.93,927.72,927.72,462
2023-12-13T06:30:00.000Z,927.75,928.4,926.79,927.68,368
2023-12-13T06:45:00.000Z,927.62,928.5,927.45,928.13,385
2023-12-13T07:00:00.000Z,928.13,928.42,927.06,928.07,503
2023-12-13T07:15:00.000Z,928.06,928.84,927.88,928.12,313
2023-12-13T07:30:00.000Z,928.07,928.84,927.35,927.87,521
2023-12-13T07:45:00.000Z,927.78,928.78,926.13,928.35,434
2023-12-13T08:00:00.000Z,928.35,931.52,928.28,930.85,673
2023-12-13T08:15:00.000Z,930.83,931.07,928.97,929.14,487
2023-12-13T08:30:00.000Z,929.21,930.67,928.86,930.41,432
2023-12-13T08:45:00.000Z,930.42,930.74,929.42,929.73,289
2023-12-13T09:00:00.000Z,929.72,929.72,927.48,927.83,157
2023-12-13T09:15:00.000Z,928.09,930.39,928.07,929.76,169
2023-12-13T09:30:00.000Z,929.66,930.15,928.69,929.38,325
2023-12-13T09:45:00.000Z,929.38,929.41,927.72,929.26,208
2023-12-13T10:00:00.000Z,929.29,929.39,927.98,928.09,97
2023-12-13T10:15:00.000Z,928.16,928.16,921.62,921.64,179
2023-12-13T10:30:00.000Z,921.54,922.52,919.22,920,244
2023-12-13T10:45:00.000Z,919.9,920.14,918.4,919.21,248
2023-12-13T11:00:00.000Z,919.11,919.19,917.87,917.9,391
2023-12-13T11:15:00.000Z,917.87,920.48,917.87,919.41,471
2023-12-13T11:30:00.000Z,919.38,919.74,917.09,918.66,300
2023-12-13T11:45:00.000Z,918.66,920.23,917.64,920.05,375
2023-12-13T12:00:00.000Z,919.94,919.95,918.96,919.27,328
2023-12-13T12:15:00.000Z,919.27,919.55,917.13,917.97,331
2023-12-13T12:30:00.000Z,917.97,918.24,916.87,917.68,379
2023-12-13T12:45:00.000Z,917.69,919.7,917.6,919.66,397
2023-12-13T13:00:00.000Z,919.66,920.71,918.67,919.5,610
2023-12-13T13:15:00.000Z,919.5,923.63,918.46,921.18,660
2023-12-13T13:30:00.000Z,921.19,924.77,921.19,922.37,481
2023-12-13T13:45:00.000Z,922.52,926.64,921.89,925.59,408
2023-12-13T14:00:00.000Z,925.44,926.24,923.44,924.63,446
2023-12-13T14:15:00.000Z,924.77,929.49,923.94,929.02,236
2023-12-13T14:30:00.000Z,928.79,930.96,927.25,928.5,628
2023-12-13T14:45:00.000Z,928.53,930.29,927.48,928.94,371
2023-12-13T15:00:00.000Z,928.86,930.59,925.2,925.69,379
2023-12-13T15:15:00.000Z,925.62,927.35,924.21,924.61,364
2023-12-13T15:30:00.000Z,924.56,925.04,921.32,923.95,403
2023-12-13T15:45:00.000Z,924.05,925.83,922.79,925.04,210
2023-12-13T16:00:00.000Z,925.19,925.84,920.69,921.26,259
2023-12-13T16:15:00.000Z,920.97,922.84,920.49,920.91,260
2023-12-13T16:30:00.000Z,921.07,921.3,918.2,918.82,379
2023-12-13T16:45:00.000Z,918.94,920.46,918.2,918.62,359
2023-12-13T17:00:00.000Z,918.66,920.51,918.33,920.46,580
2023-12-13T17:15:00.000Z,920.6,920.65,918.44,919.38,518
2023-12-13T17:30:00.000Z,919.44,920.3,917.98,918.84,493
2023-12-13T17:45:00.000Z,918.75,920.74,918.04,919.24,521
2023-12-13T18:00:00.000Z,919.33,919.53,918.18,919.2,465
2023-12-13T18:15:00.000Z,919,920.03,918.68,919.06,344
2023-12-13T18:30:00.000Z,919.06,919.81,918.65,919.05,164
2023-12-13T18:45:00.000Z,918.95,920,918.22,918.33,131
2023-12-13T19:00:00.000Z,918.35,929.18,918.35,928.64,904
2023-12-13T19:15:00.000Z,928.39,932,927.99,931.57,464
2023-12-13T19:30:00.000Z,931.6,935.57,929.93,934.78,1385
2023-12-13T19:45:00.000Z,934.91,935.56,933.32,934.68,669
2023-12-13T20:00:00.000Z,934.8,936.64,933.9,935.23,649
2023-12-13T20:15:00.000Z,935.36,936.88,934.64,934.81,397
2023-12-13T20:30:00.000Z,934.84,939.44,934.46,939.44,586
2023-12-13T20:45:00.000Z,939.39,939.66,936.87,938.78,458
2023-12-13T21:00:00.000Z,938.74,938.74,937.48,937.99,397
2023-12-13T21:15:00.000Z,937.79,937.94,937.09,937.46,141
2023-12-13T21:30:00.000Z,936.93,936.93,935.86,936.09,248
2023-12-13T21:45:00.000Z,935.96,936.75,934.79,936.68,296
2023-12-13T23:00:00.000Z,936.09,938.08,935.29,937.16,456
2023-12-13T23:15:00.000Z,937.16,937.91,936.65,937.69,281
2023-12-13T23:30:00.000Z,937.64,937.64,936.16,936.93,340
2023-12-13T23:45:00.000Z,936.87,938.91,936.79,938.28,499
2023-12-14T00:00:00.000Z,938.31,939.25,937.7,938.88,359
2023-12-14T00:15:00.000Z,938.93,940.14,938.51,939.54,348
2023-12-14T00:30:00.000Z,939.54,940.31,939.2,939.89,387
2023-12-14T00:45:00.000Z,939.87,942.24,939.75,941.49,346
2023-12-14T01:00:00.000Z,941.66,941.7,938.15,939.15,902
2023-12-14T01:15:00.000Z,938.89,939.5,937.34,938.43,631
2023-12-14T01:30:00.000Z,938.53,939.61,937.16,937.61,302
2023-12-14T01:45:00.000Z,937.73,938.25,936.49,938,254
2023-12-14T02:00:00.000Z,938.04,940.23,937.33,940.11,244
2023-12-14T02:15:00.000Z,940.14,940.29,938.78,939.37,194
2023-12-14T02:30:00.000Z,939.33,939.67,938.22,938.87,222
2023-12-14T02:45:00.000Z,938.82,940.72,938.38,940.38,171
2023-12-14T03:00:00.000Z,940.54,942.42,940.24,941.57,183
2023-12-14T03:15:00.000Z,941.64,941.64,939.94,940.52,124
2023-12-14T03:30:00.000Z,940.62,941.57,939.84,941.22,189
2023-12-14T03:45:00.000Z,941.35,941.37,939.44,940,140
2023-12-14T04:00:00.000Z,940.03,941.17,939.53,939.92,149
2023-12-14T04:15:00.000Z,939.84,940.65,938.75,938.75,112
2023-12-14T04:30:00.000Z,938.92,939.95,938.67,939.39,120
2023-12-14T04:45:00.000Z,939.28,939.69,938.36,938.78,105
2023-12-14T05:00:00.000Z,938.74,940.02,938.59,939.82,98
2023-12-14T05:15:00.000Z,939.85,940.27,939.41,939.91,99
2023-12-14T05:30:00.000Z,939.73,941.01,939.04,940.53,135
2023-12-14T05:45:00.000Z,940.58,941.62,940.3,941.18,117
2023-12-14T06:00:00.000Z,941.23,942.12,940.33,942.09,152
2023-12-14T06:15:00.000Z,942.05,942.09,940.96,941.38,99
2023-12-14T06:30:00.000Z,941.4,942.07,940.08,940.17,113
2023-12-14T06:45:00.000Z,940.15,940.45,939.47,940.14,130
2023-12-14T07:00:00.000Z,940.11,940.81,938.21,938.21,363
2023-12-14T07:15:00.000Z,938.24,939.14,937.95,938.57,591
2023-12-14T07:30:00.000Z,938.6,938.68,937.1,938.35,609
2023-12-14T07:45:00.000Z,938.41,939.82,937.72,939.12,565
2023-12-14T08:00:00.000Z,939.01,945.71,939.01,945.44,303
2023-12-14T08:15:00.000Z,945.5,946.78,943.82,946.11,365
2023-12-14T08:30:00.000Z,945.99,946.86,944.43,944.68,265
2023-12-14T08:45:00.000Z,944.56,945.01,943.34,943.57,150
2023-12-14T09:00:00.000Z,943.62,945.66,943.19,945.53,137
2023-12-14T09:15:00.000Z,945.51,945.85,943.57,944.56,150
2023-12-14T09:30:00.000Z,944.57,945.88,944.29,945.25,158
2023-12-14T09:45:00.000Z,945.37,945.94,944.23,944.62,201
2023-12-14T10:00:00.000Z,944.53,944.69,940.19,942.48,264
2023-12-14T10:15:00.000Z,942.59,943.87,942.59,943.86,157
2023-12-14T10:30:00.000Z,943.98,947.32,943.53,946.92,183
2023-12-14T10:45:00.000Z,946.92,947.28,945.19,946.48,216
2023-12-14T11:00:00.000Z,946.5,946.74,945.19,945.98,212
2023-12-14T11:15:00.000Z,946.03,946.41,944.76,945.37,227
2023-12-14T11:30:00.000Z,945.44,945.44,942.26,943.39,357
2023-12-14T11:45:00.000Z,943.39,943.7,941.73,941.91,443
2023-12-14T12:00:00.000Z,942.44,944.61,942.2,944.39,772
2023-12-14T12:15:00.000Z,944.45,944.79,942.07,942.07,643
2023-12-14T12:30:00.000Z,942.1,942.77,939.23,939.97,544
2023-12-14T12:45:00.000Z,939.94,942.74,939.54,940.63,703
2023-12-14T13:00:00.000Z,940.94,942.3,938.15,938.35,705
2023-12-14T13:15:00.000Z,938.48,940.97,935.88,937.57,702
2023-12-14T13:30:00.000Z,937.64,941.97,936.17,940.75,1029
2023-12-14T13:45:00.000Z,940.63,945.19,940.52,944.5,453
2023-12-14T14:00:00.000Z,944.58,946.34,941.3,942.81,718
2023-12-14T14:15:00.000Z,942.91,944.77,941.72,944.62,1077
2023-12-14T14:30:00.000Z,944.66,953.96,944.62,951.4,1784
2023-12-14T14:45:00.000Z,951.35,956.48,949.94,955.71,1114
2023-12-14T15:00:00.000Z,955.74,962.49,955.47,960.38,1268
2023-12-14T15:15:00.000Z,960.39,962.7,959.12,959.75,1645
2023-12-14T15:30:00.000Z,959.92,960.65,955.27,955.89,1326
2023-12-14T15:45:00.000Z,955.9,960.25,955.9,957.19,847
2023-12-14T16:00:00.000Z,957.02,959.73,955.91,959.51,1346
2023-12-14T16:15:00.000Z,959.46,961.1,958.94,959.91,1012
2023-12-14T16:30:00.000Z,959.95,960.36,957.71,959.23,907
2023-12-14T16:45:00.000Z,959.3,960.39,958.55,959.65,809
2023-12-14T17:00:00.000Z,959.75,961.35,957.8,960.82,880
2023-12-14T17:15:00.000Z,960.84,962.02,959.84,961.18,668
2023-12-14T17:30:00.000Z,961.17,965.48,961.17,964.75,381
2023-12-14T17:45:00.000Z,964.99,965.56,963.5,965.37,305
2023-12-14T18:00:00.000Z,965.3,965.7,961.64,962.65,308
2023-12-14T18:15:00.000Z,962.6,962.6,960.29,960.41,172
2023-12-14T18:30:00.000Z,960.48,961.48,959.14,960.07,153
2023-12-14T18:45:00.000Z,960.24,961.19,960.14,961.19,140
2023-12-14T19:00:00.000Z,961.29,961.59,960.44,961.39,110
2023-12-14T19:15:00.000Z,961.32,962.44,961.32,961.92,131
2023-12-14T19:30:00.000Z,961.89,962.7,961.61,961.74,120
2023-12-14T19:45:00.000Z,961.64,961.73,960.88,961.69,94
2023-12-14T20:00:00.000Z,961.49,961.69,961.03,961.46,75
2023-12-14T20:15:00.000Z,961.48,962.01,961.16,961.16,87
2023-12-14T20:30:00.000Z,961.14,961.62,960.84,960.96,85
2023-12-14T20:45:00.000Z,960.95,961.52,960.75,961.27,95
2023-12-14T21:00:00.000Z,961.38,961.42,960.28,960.38,77
2023-12-14T21:15:00.000Z,960.39,960.73,960.34,960.34,45
2023-12-14T21:30:00.000Z,955.44,955.61,955.35,955.37,161
2023-12-14T21:45:00.000Z,955.49,958.93,955.32,958.81,150
2023-12-14T23:00:00.000Z,958.39,960.66,956.78,960.49,377
2023-12-14T23:15:00.000Z,960.58,961.65,960.58,961.23,177
2023-12-14T23:30:00.000Z,961.14,961.19,958.87,959.05,147
2023-12-14T23:45:00.000Z,958.81,958.88,957.17,957.74,180
2023-12-15T00:00:00.000Z,957.79,960.05,957.43,959.55,150
2023-12-15T00:15:00.000Z,959.61,959.61,957.74,957.89,140
2023-12-15T00:30:00.000Z,957.94,958.74,957.49,957.85,138
2023-12-15T00:45:00.000Z,957.76,958.85,957.36,958.53,130
2023-12-15T01:00:00.000Z,958.63,959.21,957.98,958.34,149
2023-12-15T01:15:00.000Z,958.47,959.08,957.62,958.01,129
2023-12-15T01:30:00.000Z,958.26,958.63,957.55,958.09,146
2023-12-15T01:45:00.000Z,958.19,959.09,956.75,957.8,183
2023-12-15T02:00:00.000Z,957.81,959.73,957.74,959.15,189
2023-12-15T02:15:00.000Z,959.22,962.56,959.22,962.11,306
2023-12-15T02:30:00.000Z,962.13,963.43,961.82,962.82,419
2023-12-15T02:45:00.000Z,962.84,963.12,961.48,961.51,269
2023-12-15T03:00:00.000Z,961.51,962.59,961.11,961.99,264
2023-12-15T03:15:00.000Z,961.99,962.91,961.42,961.43,271
2023-12-15T03:30:00.000Z,961.43,961.87,958.7,959.78,276
2023-12-15T03:45:00.000Z,960.11,960.11,958.4,959.11,299
2023-12-15T04:00:00.000Z,958.89,959.06,957.75,958.47,274
2023-12-15T04:15:00.000Z,958.42,959.31,958.2,959.31,306
2023-12-15T04:30:00.000Z,959.28,960.39,958.88,959.83,311
2023-12-15T04:45:00.000Z,959.84,960.24,958.21,958.78,337
2023-12-15T05:00:00.000Z,958.82,959.24,956.68,957.31,378
2023-12-15T05:15:00.000Z,957.33,958.87,957.3,957.57,500
2023-12-15T05:30:00.000Z,957.7,957.83,956.62,956.8,438
2023-12-15T05:45:00.000Z,956.84,957.39,955.8,955.86,448
2023-12-15T06:00:00.000Z,955.81,956.8,954.94,956.09,387
2023-12-15T06:15:00.000Z,956.1,956.27,955.02,955.46,293
2023-12-15T06:30:00.000Z,955.51,957.45,955.47,956.29,285
2023-12-15T06:45:00.000Z,956.28,957.64,956.26,956.32,402
2023-12-15T07:00:00.000Z,956.36,958.91,956.28,958.82,536
2023-12-15T07:15:00.000Z,958.81,958.82,956.22,957.02,506
2023-12-15T07:30:00.000Z,957.01,958.34,956.4,958.04,549
2023-12-15T07:45:00.000Z,958.12,958.69,957.01,958.02,563
2023-12-15T08:00:00.000Z,958.04,961.05,957.93,960.79,258
2023-12-15T08:15:00.000Z,960.06,960.76,955.27,955.31,379
2023-12-15T08:30:00.000Z,955.32,958.69,954.34,957.7,354
2023-12-15T08:45:00.000Z,957.7,960.7,957.7,960.14,370
2023-12-15T09:00:00.000Z,960.03,965.09,960.03,964.69,272
2023-12-15T09:15:00.000Z,964.79,967.04,963.97,964.03,179
2023-12-15T09:30:00.000Z,964.19,964.19,960.87,962.84,419
2023-12-15T09:45:00.000Z,962.86,963.31,961.33,962.9,573
2023-12-15T10:00:00.000Z,962.91,963.87,958.64,959.34,472
2023-12-15T10:15:00.000Z,959.5,961.71,958.62,961.66,366
2023-12-15T10:30:00.000Z,961.66,962.66,961.33,961.81,365
2023-12-15T10:45:00.000Z,961.77,963.09,958.72,959.44,450
2023-12-15T11:00:00.000Z,959.44,961.17,959.23,960.9,505
2023-12-15T11:15:00.000Z,960.92,963.01,960.75,962.83,385
2023-12-15T11:30:00.000Z,962.86,963.04,961.67,962.01,486
2023-12-15T11:45:00.000Z,962.02,962.31,961.65,961.67,371
2023-12-15T12:00:00.000Z,961.82,964.13,961.78,963.11,635
2023-12-15T12:15:00.000Z,963.15,963.15,959.72,960.91,462
2023-12-15T12:30:00.000Z,960.89,961.8,959.08,959.18,445
2023-12-15T12:45:00.000Z,959.15,961,955.48,957.87,728
2023-12-15T13:00:00.000Z,957.92,959.34,956.74,959.07,502
2023-12-15T13:15:00.000Z,959.17,961.74,955.89,957.05,839
2023-12-15T13:30:00.000Z,958,960.04,944.29,945.51,1444
2023-12-15T13:45:00.000Z,945.74,949.34,944.44,947.94,1159
2023-12-15T14:00:00.000Z,947.95,948.39,942.69,942.84,1268
2023-12-15T14:15:00.000Z,942.51,944.98,941.12,942.17,1203
2023-12-15T14:30:00.000Z,942.15,944.5,938.52,941.88,1327
2023-12-15T14:45:00.000Z,943.22,943.79,939.47,939.63,1108
2023-12-15T15:00:00.000Z,940,943.39,939.45,942.6,1313
2023-12-15T15:15:00.000Z,942.54,946.4,942.35,945.43,1144
2023-12-15T15:30:00.000Z,945.46,948.11,943.65,943.7,1113
2023-12-15T15:45:00.000Z,943.63,944.35,941.29,943.16,1082
2023-12-15T16:00:00.000Z,942.94,946.65,942.41,946.6,1122
2023-12-15T16:15:00.000Z,946.58,949.62,946.34,948.47,829
2023-12-15T16:30:00.000Z,948.54,948.67,942.62,943.02,703
2023-12-15T16:45:00.000Z,942.99,943.57,941.6,942.29,726
2023-12-15T17:00:00.000Z,942.48,944.52,941.32,943.98,651
2023-12-15T17:15:00.000Z,943.95,944.63,943.37,944.59,531
2023-12-15T17:30:00.000Z,944.67,945.97,944.28,944.82,601
2023-12-15T17:45:00.000Z,944.89,947.24,944.29,946.69,692
2023-12-15T18:00:00.000Z,946.71,948.56,943.95,944.22,640
2023-12-15T18:15:00.000Z,944.21,944.21,942.27,943.49,995
2023-12-15T18:30:00.000Z,943.54,943.74,942.3,942.3,710
2023-12-15T18:45:00.000Z,942.33,943.31,941.85,942.3,563
2023-12-15T19:00:00.000Z,942.07,942.44,941.06,941.61,553
2023-12-15T19:15:00.000Z,941.62,942.5,940.49,940.85,520
2023-12-15T19:30:00.000Z,940.88,941.91,940.63,941.42,486
2023-12-15T19:45:00.000Z,941.44,942.47,941.44,942.46,521
2023-12-15T20:00:00.000Z,942.4,943.15,942.4,942.92,354
2023-12-15T20:15:00.000Z,942.9,944.68,942.62,944.61,311
2023-12-15T20:30:00.000Z,944.65,945.15,943.9,943.9,323
2023-12-15T20:45:00.000Z,944.01,944.58,942.96,942.96,327
2023-12-15T21:00:00.000Z,942.89,943.37,942.01,942.66,249
2023-12-15T21:15:00.000Z,942.71,942.8,942,942.6,51
2023-12-15T21:30:00.000Z,941.05,941.05,939.41,939.68,151
2023-12-15T21:45:00.000Z,939.63,939.66,939.09,939.14,203
2023-12-17T23:00:00.000Z,941.66,943.74,941.65,943.66,274
2023-12-17T23:15:00.000Z,943.59,943.86,940.45,940.85,329
2023-12-17T23:30:00.000Z,940.78,941.82,940.34,941,514
2023-12-17T23:45:00.000Z,940.89,942.5,940.27,940.27,388
2023-12-18T00:00:00.000Z,940.32,941.8,940.2,941.07,415
2023-12-18T00:15:00.000Z,941.07,943.83,941.06,943.75,344
2023-12-18T00:30:00.000Z,943.73,944.18,942.96,943.53,297
2023-12-18T00:45:00.000Z,943.48,943.88,941.93,943.83,311
2023-12-18T01:00:00.000Z,943.78,943.88,942.28,943.03,711
2023-12-18T01:15:00.000Z,943.03,943.73,942.38,943.28,605
2023-12-18T01:30:00.000Z,943.33,943.78,941.93,942.48,661
2023-12-18T01:45:00.000Z,942.48,942.48,940.63,941.18,406
2023-12-18T02:00:00.000Z,941.23,942.88,941.23,942.73,428
2023-12-18T02:15:00.000Z,942.78,943.08,941.83,941.98,344
2023-12-18T02:30:00.000Z,941.93,942.53,940.83,942.28,300
2023-12-18T02:45:00.000Z,942.28,943.33,942.28,943.18,271
2023-12-18T03:00:00.000Z,943.08,944.93,942.68,944.78,293
2023-12-18T03:15:00.000Z,944.68,946.43,944.33,946.03,274
2023-12-18T03:30:00.000Z,945.93,946.68,945.58,946.28,379
2023-12-18T03:45:00.000Z,946.18,946.48,945.78,946.18,370
2023-12-18T04:00:00.000Z,946.18,946.43,945.63,945.78,207
2023-12-18T04:15:00.000Z,945.73,946.38,945.48,945.83,214
2023-12-18T04:30:00.000Z,945.78,945.83,945.18,945.63,178
2023-12-18T04:45:00.000Z,945.58,946.23,945.58,946.03,139
2023-12-18T05:00:00.000Z,945.98,946.51,945.45,946.02,279
2023-12-18T05:15:00.000Z,946.01,947.8,945.92,947.4,309
2023-12-18T05:30:00.000Z,947.42,948.65,947.22,948.49,486
2023-12-18T05:45:00.000Z,948.51,949.16,947.65,948.4,364
2023-12-18T06:00:00.000Z,948.39,948.85,947.65,948.83,386
2023-12-18T06:15:00.000Z,948.84,948.93,947.77,948.51,255
2023-12-18T06:30:00.000Z,948.59,948.97,947.87,948.64,339
2023-12-18T06:45:00.000Z,948.63,948.64,947.12,947.27,202
2023-12-18T07:00:00.000Z,947.19,948.35,946.49,947.6,153
2023-12-18T07:15:00.000Z,947.7,948.39,947.24,947.66,101
2023-12-18T07:30:00.000Z,947.69,948.5,947.46,948.25,140
2023-12-18T07:45:00.000Z,948.2,948.21,947.3,948.11,123
2023-12-18T08:00:00.000Z,948.15,950.44,947.6,950.14,199
2023-12-18T08:15:00.000Z,950.16,951.8,950.04,951.35,176
2023-12-18T08:30:00.000Z,951.4,952.35,950.3,951.34,164
2023-12-18T08:45:00.000Z,951.31,953.12,951,953.12,126
2023-12-18T09:00:00.000Z,953.09,953.19,951.2,952.67,149
2023-12-18T09:15:00.000Z,952.39,953.87,951.42,952.84,182
2023-12-18T09:30:00.000Z,952.87,954.15,952.48,952.89,200
2023-12-18T09:45:00.000Z,952.82,952.82,949.22,949.32,369
2023-12-18T10:00:00.000Z,949.32,950.34,948.95,949.53,463
2023-12-18T10:15:00.000Z,949.46,950.22,948.21,948.35,570
2023-12-18T10:30:00.000Z,948.69,948.69,945.24,945.31,491
2023-12-18T10:45:00.000Z,945.21,945.67,943.84,944.65,421
2023-12-18T11:00:00.000Z,944.62,949.33,944.07,949.3,540
2023-12-18T11:15:00.000Z,949.26,952.7,949.25,951.09,305
2023-12-18T11:30:00.000Z,951,953.66,950.56,953.09,175
2023-12-18T11:45:00.000Z,953.08,953.69,951.46,951.63,169
2023-12-18T12:00:00.000Z,951.72,954.7,951.72,951.99,173
2023-12-18T12:15:00.000Z,952.08,952.74,949.93,950.55,135
2023-12-18T12:30:00.000Z,950.5,951.07,950.1,950.14,100
2023-12-18T12:45:00.000Z,950.09,952.14,948.84,951.19,148
2023-12-18T13:00:00.000Z,950.99,953.72,950.99,952.52,249
2023-12-18T13:15:00.000Z,952.72,955.65,951.59,955.65,724
2023-12-18T13:30:00.000Z,955.55,956.99,952.63,955.99,394
2023-12-18T13:45:00.000Z,956.09,958.35,955.99,957.51,363
2023-12-18T14:00:00.000Z,957.29,958.5,955.32,955.46,836
2023-12-18T14:15:00.000Z,955.45,957.71,955.06,956.77,902
2023-12-18T14:30:00.000Z,956.43,956.55,949.85,950.26,1548
2023-12-18T14:45:00.000Z,950,954.86,949.7,951.95,728
2023-12-18T15:00:00.000Z,952.06,953.07,947.09,947.86,623
2023-12-18T15:15:00.000Z,948.09,950.1,945.87,946.27,466
2023-12-18T15:30:00.000Z,946.27,949.61,945.22,948.54,857
2023-12-18T15:45:00.000Z,948.69,949.9,946.23,949.24,790
2023-12-18T16:00:00.000Z,949.29,949.34,945.96,947.86,326
2023-12-18T16:15:00.000Z,947.74,951.73,947.52,950.96,485
2023-12-18T16:30:00.000Z,950.95,952.09,950.6,951.62,668
2023-12-18T16:45:00.000Z,951.64,952.14,949.68,950,584
2023-12-18T17:00:00.000Z,950.17,951.66,950,950.77,675
2023-12-18T17:15:00.000Z,950.71,952.35,948.92,952.02,306
2023-12-18T17:30:00.000Z,952.25,953.91,952.01,953.15,158
2023-12-18T17:45:00.000Z,953.02,954.25,950.89,951.48,233
2023-12-18T18:00:00.000Z,951.42,951.47,948.47,948.47,232
2023-12-18T18:15:00.000Z,948.34,949.81,947.37,949.81,158
2023-12-18T18:30:00.000Z,949.74,949.94,947.61,947.7,99
2023-12-18T18:45:00.000Z,947.65,948.29,947.09,947.34,113
2023-12-18T19:00:00.000Z,947.26,947.84,947.05,947.58,77
2023-12-18T19:15:00.000Z,947.53,948.54,947.14,948.04,78
2023-12-18T19:30:00.000Z,947.95,948.88,947.69,948.38,90
2023-12-18T19:45:00.000Z,948.33,948.85,948.14,948.26,83
2023-12-18T20:00:00.000Z,948.3,948.3,947.6,948.2,75
2023-12-18T20:15:00.000Z,948.15,949.08,948.15,948.8,71
2023-12-18T20:30:00.000Z,948.73,948.76,947.4,947.53,66
2023-12-18T20:45:00.000Z,947.42,947.78,947.18,947.4,75
2023-12-18T21:00:00.000Z,947.46,948.4,947.46,948.27,46
2023-12-18T21:15:00.000Z,948.22,948.97,948.22,948.88,25
2023-12-18T21:30:00.000Z,946.64,946.71,945.79,946.52,39
2023-12-18T21:45:00.000Z,946.52,947.6,946.34,947.56,36
2023-12-18T23:00:00.000Z,945.67,949.9,945.67,949.16,230
2023-12-18T23:15:00.000Z,949.24,949.62,948.97,948.97,55
2023-12-18T23:30:00.000Z,948.97,950.21,948.87,950.07,242
2023-12-18T23:45:00.000Z,950.07,950.47,949.84,950.42,167
2023-12-19T00:00:00.000Z,950.42,950.99,950,950.13,193
2023-12-19T00:15:00.000Z,950.11,950.77,949.9,950.6,164
2023-12-19T00:30:00.000Z,950.7,952.32,950.55,952.32,249
2023-12-19T00:45:00.000Z,952.33,952.95,952.13,952.13,198
2023-12-19T01:00:00.000Z,952.09,953.17,951.91,952.84,225
2023-12-19T01:15:00.000Z,952.84,954.37,952.47,953.72,303
2023-12-19T01:30:00.000Z,953.75,953.75,951.59,952.64,202
2023-12-19T01:45:00.000Z,952.59,952.59,951.23,951.62,132
2023-12-19T02:00:00.000Z,951.63,952.37,950.71,950.74,157
2023-12-19T02:15:00.000Z,950.46,951.82,949.97,951.56,122
2023-12-19T02:30:00.000Z,951.53,952.31,951.01,951.19,193
2023-12-19T02:45:00.000Z,951.19,951.41,949.63,949.78,554
2023-12-19T03:00:00.000Z,949.78,950.25,949.26,950.06,539
2023-12-19T03:15:00.000Z,950.06,950.26,949.46,949.46,374
2023-12-19T03:30:00.000Z,949.4,949.52,946.88,946.92,644
2023-12-19T03:45:00.000Z,946.9,947.52,946.06,946.26,245
2023-12-19T04:00:00.000Z,946.45,946.69,945.39,945.53,303
2023-12-19T04:15:00.000Z,945.55,946.44,945.49,946.19,356
2023-12-19T04:30:00.000Z,946.13,946.65,945.29,945.88,294
2023-12-19T04:45:00.000Z,945.85,946.41,945.85,946.27,159
2023-12-19T05:00:00.000Z,946.27,946.86,946.05,946.15,196
2023-12-19T05:15:00.000Z,946.13,946.62,946.08,946.48,173
2023-12-19T05:30:00.000Z,946.56,946.93,945.76,946.15,233
2023-12-19T05:45:00.000Z,945.99,945.99,945.05,945.41,218
2023-12-19T06:00:00.000Z,945.3,946.4,944.91,945.19,187
2023-12-19T06:15:00.000Z,945.27,945.27,944.26,944.52,150
2023-12-19T06:30:00.000Z,944.54,946.4,943.38,945.68,349
2023-12-19T06:45:00.000Z,945.74,946.51,944.73,945.42,171
2023-12-19T07:00:00.000Z,945.42,945.44,942.73,944.08,223
2023-12-19T07:15:00.000Z,944.14,945.21,943.85,945.04,283
2023-12-19T07:30:00.000Z,944.91,946.38,944.11,944.42,254
2023-12-19T07:45:00.000Z,944.3,944.88,942.25,942.38,170
2023-12-19T08:00:00.000Z,942.52,944.38,942.33,943.83,159
2023-12-19T08:15:00.000Z,943.64,947.8,943.48,947.64,185
2023-12-19T08:30:00.000Z,947.66,949.75,947.37,947.61,275
2023-12-19T08:45:00.000Z,947.67,947.81,946.32,946.47,440
2023-12-19T09:00:00.000Z,946.5,947.24,945.85,946.04,257
2023-12-19T09:15:00.000Z,946.03,947.22,943.86,943.87,423
2023-12-19T09:30:00.000Z,943.86,945.08,942.92,943.86,491
2023-12-19T09:45:00.000Z,943.79,944.24,942.26,942.97,299
2023-12-19T10:00:00.000Z,942.96,943.19,941.58,941.92,457
2023-12-19T10:15:00.000Z,941.93,942.58,941.57,942.12,405
2023-12-19T10:30:00.000Z,942.15,942.84,940.37,940.72,309
2023-12-19T10:45:00.000Z,940.65,942.56,940.37,942.15,108
2023-12-19T11:00:00.000Z,942.04,943.83,941.99,942.63,134
2023-12-19T11:15:00.000Z,942.47,943.27,942.44,942.45,131
2023-12-19T11:30:00.000Z,942.41,942.64,940.96,941.56,195
2023-12-19T11:45:00.000Z,941.7,942.44,941.12,942.16,85
2023-12-19T12:00:00.000Z,942.26,945.27,942.02,945.04,124
2023-12-19T12:15:00.000Z,945.06,945.8,944.37,944.71,104
2023-12-19T12:30:00.000Z,944.53,944.53,942.79,943.3,179
2023-12-19T12:45:00.000Z,943.41,946.25,942.48,945.13,215
2023-12-19T13:00:00.000Z,945.1,946.7,944,945.79,268
2023-12-19T13:15:00.000Z,945.86,949.24,944.75,946.84,443
2023-12-19T13:30:00.000Z,946.77,949.8,946.01,949.42,652
2023-12-19T13:45:00.000Z,949.49,950.61,949.07,949.5,325
2023-12-19T14:00:00.000Z,949.39,950.88,946.94,949.88,274
2023-12-19T14:15:00.000Z,949.98,952.79,949.98,952.34,210
2023-12-19T14:30:00.000Z,952.04,956.34,950.16,955.84,418
2023-12-19T14:45:00.000Z,955.73,959.54,953.89,958.67,499
2023-12-19T15:00:00.000Z,958.76,958.96,955.18,957.37,546
2023-12-19T15:15:00.000Z,957.27,957.76,955.78,956.4,956
2023-12-19T15:30:00.000Z,956.27,956.38,952.63,953.62,1116
2023-12-19T15:45:00.000Z,953.37,957.79,953.24,957.79,268
2023-12-19T16:00:00.000Z,957.86,959.91,957.69,958.55,187
2023-12-19T16:15:00.000Z,958.53,960.92,958.39,960.58,211
2023-12-19T16:30:00.000Z,960.44,961.51,959.64,960.36,234
2023-12-19T16:45:00.000Z,960.34,961.49,959.94,961.21,164
2023-12-19T17:00:00.000Z,961.09,962.58,959.33,960.29,216
2023-12-19T17:15:00.000Z,960.28,961.07,958.93,960.86,172
2023-12-19T17:30:00.000Z,960.91,961.42,960.18,961.1,180
2023-12-19T17:45:00.000Z,961.15,961.15,959.21,959.72,239
2023-12-19T18:00:00.000Z,959.84,960.85,959.7,959.79,336
2023-12-19T18:15:00.000Z,959.79,960.36,959.31,959.8,398
2023-12-19T18:30:00.000Z,959.55,961.27,959.55,960.82,302
2023-12-19T18:45:00.000Z,960.69,960.8,959.62,960.12,274
2023-12-19T19:00:00.000Z,960.12,960.57,959.88,960.22,265
2023-12-19T19:15:00.000Z,960.25,960.38,958.81,958.98,204
2023-12-19T19:30:00.000Z,958.98,959.47,957.7,957.74,352
2023-12-19T19:45:00.000Z,957.74,958.66,957.4,957.58,302
2023-12-19T20:00:00.000Z,957.74,957.74,956.16,956.54,357
2023-12-19T20:15:00.000Z,956.53,956.93,956.07,956.79,184
2023-12-19T20:30:00.000Z,956.79,956.94,955.92,956.18,272
2023-12-19T20:45:00.000Z,956.18,957.03,956.18,956.69,213
2023-12-19T21:00:00.000Z,956.69,956.84,956.41,956.54,118
2023-12-19T21:15:00.000Z,956.56,956.57,955.94,956.23,78
2023-12-19T21:30:00.000Z,956.23,956.23,953.33,953.82,94
2023-12-19T21:45:00.000Z,953.84,954.22,953.64,953.95,143
2023-12-19T23:00:00.000Z,954.35,957.46,951.82,957.28,247
2023-12-19T23:15:00.000Z,957.29,958.28,957.06,957.39,142
2023-12-19T23:30:00.000Z,957.16,957.4,955.84,956.04,195
2023-12-19T23:45:00.000Z,955.99,956.41,955.31,955.4,215
2023-12-20T00:00:00.000Z,955.35,957.32,955.35,956.53,288
2023-12-20T00:15:00.000Z,956.51,956.84,955.76,956.53,180
2023-12-20T00:30:00.000Z,956.55,956.8,955.91,955.91,167
2023-12-20T00:45:00.000Z,956.06,956.39,954.22,954.62,299
2023-12-20T01:00:00.000Z,954.6,955.55,954.6,955.02,287
2023-12-20T01:15:00.000Z,955.07,956.16,954.64,955.52,348
2023-12-20T01:30:00.000Z,955.49,955.59,954.81,955.24,384
2023-12-20T01:45:00.000Z,955.24,955.96,955.2,955.46,364
2023-12-20T02:00:00.000Z,955.34,957.22,955.3,956.78,342
2023-12-20T02:15:00.000Z,956.84,959.14,956.74,959.09,454
2023-12-20T02:30:00.000Z,959.09,960.11,958.89,959.15,362
2023-12-20T02:45:00.000Z,959.14,960.98,959.08,960.98,320
2023-12-20T03:00:00.000Z,960.98,961.25,959.24,960.39,359
2023-12-20T03:15:00.000Z,960.54,961.13,960.15,960.84,265
2023-12-20T03:30:00.000Z,960.84,961.09,960.03,960.4,268
2023-12-20T03:45:00.000Z,960.4,960.97,960.15,960.39,272
2023-12-20T04:00:00.000Z,960.39,960.64,959.94,960.36,178
2023-12-20T04:15:00.000Z,960.36,961.05,959.94,960.81,222
2023-12-20T04:30:00.000Z,960.74,960.97,959.97,960.84,149
2023-12-20T04:45:00.000Z,960.84,961.13,960.16,960.28,194
2023-12-20T05:00:00.000Z,960.26,960.57,959.65,960.15,164
2023-12-20T05:15:00.000Z,960.25,960.84,959.6,959.93,150
2023-12-20T05:30:00.000Z,959.96,960.24,958.89,959.21,218
2023-12-20T05:45:00.000Z,959.24,959.83,959.06,959.66,341
2023-12-20T06:00:00.000Z,959.63,959.68,958.75,958.93,341
2023-12-20T06:15:00.000Z,959.24,959.66,958.86,959.66,161
2023-12-20T06:30:00.000Z,959.73,960.13,958.02,958.02,238
2023-12-20T06:45:00.000Z,958.22,958.26,956.72,958.23,312
2023-12-20T07:00:00.000Z,958.43,959.62,957.55,957.9,589
2023-12-20T07:15:00.000Z,957.87,959.18,957.22,957.4,485
2023-12-20T07:30:00.000Z,957.42,959.78,957.37,958.32,453
2023-12-20T07:45:00.000Z,958.32,959.77,958.2,958.88,366
2023-12-20T08:00:00.000Z,958.92,961.56,958.18,959.82,723
2023-12-20T08:15:00.000Z,959.75,963.34,959.63,963.15,536
2023-12-20T08:30:00.000Z,963.08,964.01,962.46,962.77,449
2023-12-20T08:45:00.000Z,962.77,962.9,960.29,961.7,427
2023-12-20T09:00:00.000Z,961.67,961.82,958.79,959.47,391
2023-12-20T09:15:00.000Z,959.47,959.67,956.74,956.89,402
2023-12-20T09:30:00.000Z,956.89,957.04,954.35,954.64,426
2023-12-20T09:45:00.000Z,954.69,954.89,953.01,953.42,417
2023-12-20T10:00:00.000Z,953.49,954.77,952.75,953,171
2023-12-20T10:15:00.000Z,953,953.69,951.55,952.15,191
2023-12-20T10:30:00.000Z,952.3,952.3,950.48,951.64,275
2023-12-20T10:45:00.000Z,951.59,951.64,949.45,949.96,349
2023-12-20T11:00:00.000Z,949.87,954.05,949.08,953.76,566
2023-12-20T11:15:00.000Z,953.67,954.03,952.16,953.31,401
2023-12-20T11:30:00.000Z,953.31,954.47,952.32,954.14,465
2023-12-20T11:45:00.000Z,954.13,957.3,953.97,956.32,449
2023-12-20T12:00:00.000Z,956.33,956.33,951.67,951.99,514
2023-12-20T12:15:00.000Z,952.01,953.59,951.93,952.81,353
2023-12-20T12:30:00.000Z,952.8,954.02,951.93,954,423
2023-12-20T12:45:00.000Z,954,955.05,952.99,953.86,738
2023-12-20T13:00:00.000Z,954.15,955.52,951.21,954.08,784
2023-12-20T13:15:00.000Z,954.07,957.57,953.25,957.33,677
2023-12-20T13:30:00.000Z,957.28,962.96,956.38,962.6,433
2023-12-20T13:45:00.000Z,962.48,966.68,962.48,965.95,970
2023-12-20T14:00:00.000Z,965.95,966.79,961.83,963.73,1013
2023-12-20T14:15:00.000Z,963.72,964.15,957.79,961.51,725
2023-12-20T14:30:00.000Z,961.71,964.12,959.96,962.14,704
2023-12-20T14:45:00.000Z,962.16,965.33,961.42,964.01,522
2023-12-20T15:00:00.000Z,963.99,964.11,960.56,962.04,1174
2023-12-20T15:15:00.000Z,962.05,964.15,960.86,962.71,1006
2023-12-20T15:30:00.000Z,962.73,964.43,961.58,963.56,849
2023-12-20T15:45:00.000Z,963.54,963.8,961.86,963.09,848
2023-12-20T16:00:00.000Z,963.11,964.47,961.73,964.3,829
2023-12-20T16:15:00.000Z,964.35,965.42,963.96,964.83,622
2023-12-20T16:30:00.000Z,964.88,965.23,964.01,964.2,618
2023-12-20T16:45:00.000Z,964.09,965.24,963.02,964.81,546
2023-12-20T17:00:00.000Z,964.78,966.13,964.37,965.85,513
2023-12-20T17:15:00.000Z,965.87,966.73,964.63,964.68,557
2023-12-20T17:30:00.000Z,964.56,966.55,964.56,966.53,479
2023-12-20T17:45:00.000Z,966.42,967.84,965.87,967.58,514
2023-12-20T18:00:00.000Z,967.52,970.8,967.02,969.82,744
2023-12-20T18:15:00.000Z,969.83,970.32,969.64,970.05,335
2023-12-20T18:30:00.000Z,970.03,970.58,969.29,970.04,366
2023-12-20T18:45:00.000Z,970.01,970.14,968.91,969.44,385
2023-12-20T19:00:00.000Z,969.41,969.53,968.18,969.34,346
2023-12-20T19:15:00.000Z,969.34,970.17,969.23,969.34,271
2023-12-20T19:30:00.000Z,969.31,969.82,967.79,967.91,387
2023-12-20T19:45:00.000Z,967.9,968.13,962.05,962.59,782
2023-12-20T20:00:00.000Z,962.59,962.98,960.89,961.98,715
2023-12-20T20:15:00.000Z,961.92,963.49,961.92,962.57,632
2023-12-20T20:30:00.000Z,962.67,963.14,959.96,962.18,349
2023-12-20T20:45:00.000Z,962.1,962.15,958.31,958.42,468
2023-12-20T21:00:00.000Z,958.41,960.94,958.16,960.11,147
2023-12-20T21:15:00.000Z,960.09,961.85,960.09,961.75,72
2023-12-20T21:30:00.000Z,958.73,958.77,957.64,957.84,238
2023-12-20T21:45:00.000Z,957.84,961.05,957.84,960.79,285
2023-12-20T23:00:00.000Z,959.73,964.05,959.59,963.59,326
2023-12-20T23:15:00.000Z,963.62,964.17,963.02,963.03,121
2023-12-20T23:30:00.000Z,962.86,963.01,961.99,963.01,200
2023-12-20T23:45:00.000Z,963.02,963.06,961.54,962.09,242
2023-12-21T00:00:00.000Z,962.09,963.36,961.81,963.21,263
2023-12-21T00:15:00.000Z,963.26,963.63,962.76,963.26,264
2023-12-21T00:30:00.000Z,963.26,964.34,963.12,964.23,247
2023-12-21T00:45:00.000Z,964.21,964.3,963.31,963.46,309
2023-12-21T01:00:00.000Z,963.61,963.95,963.19,963.64,497
2023-12-21T01:15:00.000Z,963.65,964.58,963.58,964.38,400
2023-12-21T01:30:00.000Z,964.45,966.08,964.44,965.66,593
2023-12-21T01:45:00.000Z,965.73,966.09,964.86,965.51,610
2023-12-21T02:00:00.000Z,965.47,967.01,965.39,966.06,540
2023-12-21T02:15:00.000Z,966.04,966.31,965.23,965.9,262
2023-12-21T02:30:00.000Z,965.92,968.24,965.71,967.7,344
2023-12-21T02:45:00.000Z,967.72,968.41,967.09,967.87,279
2023-12-21T03:00:00.000Z,967.81,968.72,967.58,967.77,263
2023-12-21T03:15:00.000Z,967.75,967.75,966.99,967.23,282
2023-12-21T03:30:00.000Z,967.23,968.83,967.22,968.59,328
2023-12-21T03:45:00.000Z,968.45,970.1,968.06,969.57,374
2023-12-21T04:00:00.000Z,969.66,969.96,968.77,969.02,251
2023-12-21T04:15:00.000Z,969.02,970.32,969.02,970.04,177
2023-12-21T04:30:00.000Z,970.04,970.25,969.71,970.07,132
2023-12-21T04:45:00.000Z,969.97,970.4,968.82,969.52,138
2023-12-21T05:00:00.000Z,969.47,970.48,968.64,970.13,104
2023-12-21T05:15:00.000Z,970.23,970.77,969.68,969.93,99
2023-12-21T05:30:00.000Z,969.83,970.18,969.32,969.67,92
2023-12-21T05:45:00.000Z,969.68,970.71,969.66,970.41,80
2023-12-21T06:00:00.000Z,970.51,970.51,969.19,969.35,90
2023-12-21T06:15:00.000Z,969.35,970.26,968.81,969.95,92
2023-12-21T06:30:00.000Z,970.07,970.48,969.7,970,80
2023-12-21T06:45:00.000Z,969.95,971.23,969.68,971.05,71
2023-12-21T07:00:00.000Z,971.1,971.27,968.82,969.17,135
2023-12-21T07:15:00.000Z,969.19,969.54,965.97,966.19,118
2023-12-21T07:30:00.000Z,966.27,970.22,965.89,968.36,151
2023-12-21T07:45:00.000Z,968.19,968.19,965.25,966.6,141
2023-12-21T08:00:00.000Z,966.79,968.05,964.66,965.37,193
2023-12-21T08:15:00.000Z,965.28,965.52,964.27,964.27,157
2023-12-21T08:30:00.000Z,964.2,966.69,963.22,965.88,187
2023-12-21T08:45:00.000Z,965.83,965.83,964.47,965.06,118
2023-12-21T09:00:00.000Z,965.03,965.69,962.89,962.93,151
2023-12-21T09:15:00.000Z,962.89,963.54,961.42,962.67,157
2023-12-21T09:30:00.000Z,962.84,964.17,962.64,963.45,162
2023-12-21T09:45:00.000Z,963.44,963.45,961.87,961.94,448
2023-12-21T10:00:00.000Z,961.94,962.07,959.02,961.14,578
2023-12-21T10:15:00.000Z,961.09,961.39,957.73,957.76,501
2023-12-21T10:30:00.000Z,957.87,959.16,956.25,956.81,491
2023-12-21T10:45:00.000Z,956.8,960.15,956.8,959.38,425
2023-12-21T11:00:00.000Z,959.4,960.96,958.33,960.34,445
2023-12-21T11:15:00.000Z,960.28,962.92,959.82,962.81,390
2023-12-21T11:30:00.000Z,962.77,963.86,962.1,963.01,624
2023-12-21T11:45:00.000Z,963.02,965.26,963.02,964.43,603
2023-12-21T12:00:00.000Z,964.4,966.33,963.36,966.15,379
2023-12-21T12:15:00.000Z,966.15,967.3,965.58,967.28,254
2023-12-21T12:30:00.000Z,967.17,968.53,966.67,967.16,134
2023-12-21T12:45:00.000Z,967.21,968.58,966.23,966.34,148
2023-12-21T13:00:00.000Z,965.73,968.37,962.62,964.28,214
2023-12-21T13:15:00.000Z,964.31,965.91,963.01,964.06,208
2023-12-21T13:30:00.000Z,963.9,968.17,961.59,963.67,1353
2023-12-21T13:45:00.000Z,963.57,964.27,960.12,960.28,1172
2023-12-21T14:00:00.000Z,960.28,960.61,957.17,958.5,1202
2023-12-21T14:15:00.000Z,958.52,958.77,954.71,957.84,806
2023-12-21T14:30:00.000Z,957.84,962.12,957.66,958.91,1430
2023-12-21T14:45:00.000Z,958.88,960.69,956.99,957.88,1406
2023-12-21T15:00:00.000Z,957.87,958.96,951.29,954.88,1511
2023-12-21T15:15:00.000Z,954.86,961.77,953.71,960.35,1187
2023-12-21T15:30:00.000Z,960.34,963.07,959.62,960.94,1206
2023-12-21T15:45:00.000Z,960.89,961.52,957.56,961.49,1044
2023-12-21T16:00:00.000Z,961.51,963,960.95,963,1065
2023-12-21T16:15:00.000Z,962.92,965.18,961.9,963.77,875
2023-12-21T16:30:00.000Z,963.76,964.94,962.14,964.13,853
2023-12-21T16:45:00.000Z,964.12,966.27,964.11,965.66,668
2023-12-21T17:00:00.000Z,965.67,966.48,964.55,965.8,822
2023-12-21T17:15:00.000Z,965.98,967.1,964.68,965.39,767
2023-12-21T17:30:00.000Z,965.55,966.87,964.96,965.06,735
2023-12-21T17:45:00.000Z,965.07,966.54,964.01,966.5,777
2023-12-21T18:00:00.000Z,966.51,967.47,964.16,964.34,834
2023-12-21T18:15:00.000Z,964.19,966.1,963.87,964.98,708
2023-12-21T18:30:00.000Z,965.03,965.28,963.55,963.65,546
2023-12-21T18:45:00.000Z,963.67,964.8,963.43,964.54,466
2023-12-21T19:00:00.000Z,964.55,965.36,964.49,965.04,394
2023-12-21T19:15:00.000Z,965,966.14,964.7,965.91,308
2023-12-21T19:30:00.000Z,965.92,967.15,965.79,966.68,379
2023-12-21T19:45:00.000Z,966.69,966.85,964.76,965.07,271
2023-12-21T20:00:00.000Z,965.04,965.72,964.85,965.37,319
2023-12-21T20:15:00.000Z,965.27,966.06,965.09,965.88,299
2023-12-21T20:30:00.000Z,965.97,966.04,965.31,965.36,306
2023-12-21T20:45:00.000Z,965.44,966.24,965.15,965.83,366
2023-12-21T21:00:00.000Z,965.77,966.03,965.14,965.47,196
2023-12-21T21:15:00.000Z,965.57,965.78,965.56,965.75,35
2023-12-21T21:30:00.000Z,960.94,961.79,960.7,961.57,182
2023-12-21T21:45:00.000Z,961.62,965.62,961.27,965.48,35
2023-12-21T23:00:00.000Z,964.33,967.1,964.33,966.27,474
2023-12-21T23:15:00.000Z,966.38,967.14,966.2,966.71,191
2023-12-21T23:30:00.000Z,966.7,968.03,966.65,967.34,249
2023-12-21T23:45:00.000Z,967.32,968.09,965.49,966.27,182
2023-12-22T00:00:00.000Z,966.39,968.52,966.39,967.91,344
2023-12-22T00:15:00.000Z,967.93,968.84,966.94,968.2,285
2023-12-22T00:30:00.000Z,968.29,968.4,966.88,967.32,281
2023-12-22T00:45:00.000Z,967.32,967.32,965.81,966.13,404
2023-12-22T01:00:00.000Z,966.14,966.19,964.87,965.46,552
2023-12-22T01:15:00.000Z,965.44,966.34,965.27,965.46,412
2023-12-22T01:30:00.000Z,965.57,967.32,965.34,966.02,521
2023-12-22T01:45:00.000Z,965.97,966.77,965.72,966.47,327
2023-12-22T02:00:00.000Z,966.47,967.17,966.24,966.82,352
2023-12-22T02:15:00.000Z,966.82,966.87,962.39,964.09,484
2023-12-22T02:30:00.000Z,963.89,968.33,963.89,966.44,543
2023-12-22T02:45:00.000Z,966.44,968.49,966.44,968.15,471
2023-12-22T03:00:00.000Z,968.15,968.64,967.85,968.53,340
2023-12-22T03:15:00.000Z,968.53,968.88,966.99,966.99,268
2023-12-22T03:30:00.000Z,966.93,967.68,965.27,965.51,348
2023-12-22T03:45:00.000Z,965.51,966.71,965.2,965.23,252
2023-12-22T04:00:00.000Z,965.22,966.59,965.22,965.76,193
2023-12-22T04:15:00.000Z,965.76,965.88,964.96,965.32,177
2023-12-22T04:30:00.000Z,965.21,966.12,965.11,965.23,215
2023-12-22T04:45:00.000Z,965.23,966.75,964.73,966.41,176
2023-12-22T05:00:00.000Z,966.42,966.58,964.8,966.38,444
2023-12-22T05:15:00.000Z,966.39,967.07,965.63,966.41,313
2023-12-22T05:30:00.000Z,966.42,966.7,965.26,965.57,291
2023-12-22T05:45:00.000Z,965.57,965.6,963.87,965.26,304
2023-12-22T06:00:00.000Z,965.3,965.76,964.44,965.04,260
2023-12-22T06:15:00.000Z,965.17,965.85,964.48,965.72,210
2023-12-22T06:30:00.000Z,965.5,965.56,964.57,965.06,150
2023-12-22T06:45:00.000Z,965.18,965.93,964.65,964.65,163
2023-12-22T07:00:00.000Z,964.65,966.3,964.55,965.98,356
2023-12-22T07:15:00.000Z,965.84,967.67,965.53,967.44,269
2023-12-22T07:30:00.000Z,967.41,968.21,967.32,968.11,364
2023-12-22T07:45:00.000Z,968.08,968.34,967.56,968.01,330
2023-12-22T08:00:00.000Z,968.07,969.49,967.89,968.86,469
2023-12-22T08:15:00.000Z,968.87,969.62,968.08,968.21,405
2023-12-22T08:30:00.000Z,968.21,969.28,967.93,968.11,416
2023-12-22T08:45:00.000Z,968.14,968.42,967.6,968.34,347
2023-12-22T09:00:00.000Z,968.42,970.77,968.22,970.08,525
2023-12-22T09:15:00.000Z,970.03,970.25,966.84,966.99,373
2023-12-22T09:30:00.000Z,967.21,968.87,966.98,968.87,338
2023-12-22T09:45:00.000Z,968.67,968.67,965.4,965.73,363
2023-12-22T10:00:00.000Z,965.78,967.05,965.74,966.58,270
2023-12-22T10:15:00.000Z,966.58,968.49,966.58,968.04,278
2023-12-22T10:30:00.000Z,968.03,972.65,967.83,972.46,481
2023-12-22T10:45:00.000Z,972.46,973.52,972.36,972.97,327
2023-12-22T11:00:00.000Z,972.97,973.19,970.66,971.1,334
2023-12-22T11:15:00.000Z,971.1,972.46,970.85,972.15,314
2023-12-22T11:30:00.000Z,972.16,972.5,970.16,972.25,588
2023-12-22T11:45:00.000Z,972.25,972.67,970.61,970.79,591
2023-12-22T12:00:00.000Z,970.8,972.17,969.26,972.13,677
2023-12-22T12:15:00.000Z,972.18,973.69,971.29,971.52,415
2023-12-22T12:30:00.000Z,971.74,974.56,969.47,974.37,626
2023-12-22T12:45:00.000Z,974.39,974.44,970.23,971.35,510
2023-12-22T13:00:00.000Z,971.36,973.54,969.5,973.5,653
2023-12-22T13:15:00.000Z,973.43,976.54,973.06,973.51,651
2023-12-22T13:30:00.000Z,973.16,976.82,970.18,976.17,1547
2023-12-22T13:45:00.000Z,976.17,978.5,973.88,978.3,1009
2023-12-22T14:00:00.000Z,978.31,979.85,977.05,979.23,980
2023-12-22T14:15:00.000Z,979.07,981.05,977.95,980.81,922
2023-12-22T14:30:00.000Z,980.72,983,979.26,982.44,1281
2023-12-22T14:45:00.000Z,982.44,982.44,973.02,974.74,1057
2023-12-22T15:00:00.000Z,974.62,977.24,972.78,974.93,1162
2023-12-22T15:15:00.000Z,974.82,977.72,973.94,975.73,955
2023-12-22T15:30:00.000Z,975.79,976.23,972.87,973.04,650
2023-12-22T15:45:00.000Z,972.96,973.41,971.46,973.18,654
2023-12-22T16:00:00.000Z,973.11,973.14,969.28,972.48,765
2023-12-22T16:15:00.000Z,972.47,976.37,972.15,975.88,658
2023-12-22T16:30:00.000Z,976.11,977.95,975.54,975.54,680
2023-12-22T16:45:00.000Z,975.59,976.89,972.69,976.51,887
2023-12-22T17:00:00.000Z,976.48,978.02,975.95,977.25,734
2023-12-22T17:15:00.000Z,977.21,978.4,976.17,976.27,611
2023-12-22T17:30:00.000Z,976.12,977.82,975.71,977.04,523
2023-12-22T17:45:00.000Z,976.94,978.27,976.22,977.21,574
2023-12-22T18:00:00.000Z,977.27,978.62,976.46,977.79,569
2023-12-22T18:15:00.000Z,977.75,977.87,976.41,976.45,449
2023-12-22T18:30:00.000Z,976.41,976.75,975.43,975.83,334
2023-12-22T18:45:00.000Z,975.8,976.34,975.07,976.17,317
2023-12-22T19:00:00.000Z,975.94,975.99,974.13,974.22,500
2023-12-22T19:15:00.000Z,974.18,974.91,972.12,972.38,611
2023-12-22T19:30:00.000Z,972.36,973.15,971.71,972.87,444
2023-12-22T19:45:00.000Z,972.86,973.34,972.61,972.99,301
2023-12-22T20:00:00.000Z,972.98,973.97,972.36,973.56,294
2023-12-22T20:15:00.000Z,973.57,973.97,973.36,973.61,327
2023-12-22T20:30:00.000Z,973.59,973.59,972.65,973.31,262
2023-12-22T20:45:00.000Z,973.31,973.89,972.56,973.53,330
2023-12-22T21:00:00.000Z,973.45,973.75,972.96,973.04,190
2023-12-22T21:15:00.000Z,973.28,973.73,973,973.42,111
2023-12-22T21:30:00.000Z,973.42,973.8,973.34,973.7,123
2023-12-22T21:45:00.000Z,973.72,974.38,973.7,974.19,233
2023-12-25T23:00:00.000Z,970.39,974.85,970.33,973.97,282
2023-12-25T23:15:00.000Z,973.92,975.98,973.74,975.47,341
2023-12-25T23:30:00.000Z,975.46,976.15,975.01,975.22,299
2023-12-25T23:45:00.000Z,975.37,975.54,974,974.23,177
2023-12-26T00:00:00.000Z,973.92,974.74,973.24,973.36,208
2023-12-26T00:15:00.000Z,973.31,973.55,972.7,973,188
2023-12-26T00:30:00.000Z,973,973.5,972.52,972.56,183
2023-12-26T00:45:00.000Z,972.53,973.16,972.39,972.67,141
2023-12-26T01:00:00.000Z,972.66,973.63,972.05,972.81,375
2023-12-26T01:15:00.000Z,972.8,973.53,972.67,973.02,168
2023-12-26T01:30:00.000Z,973.02,973.39,973.02,973.09,225
2023-12-26T01:45:00.000Z,973.11,974.92,973.08,974.91,267
2023-12-26T02:00:00.000Z,974.87,975.02,973.89,974.37,234
2023-12-26T02:15:00.000Z,974.48,974.48,973.84,973.98,197
2023-12-26T02:30:00.000Z,974.01,974.9,974.01,974.81,260
2023-12-26T02:45:00.000Z,974.81,976.47,974.5,976.05,397
2023-12-26T03:00:00.000Z,976.06,976.59,975.09,976.32,293
2023-12-26T03:15:00.000Z,976.31,976.85,975.52,975.94,162
2023-12-26T03:30:00.000Z,975.95,976.57,975.5,975.86,700
2023-12-26T03:45:00.000Z,975.7,976.04,975.51,975.6,236
2023-12-26T04:00:00.000Z,975.6,976.48,974.96,975.59,168
2023-12-26T04:15:00.000Z,975.59,976.28,975.26,975.81,251
2023-12-26T04:30:00.000Z,975.82,976.47,973.99,975.04,252
2023-12-26T04:45:00.000Z,975.04,975.36,974.07,975.3,133
2023-12-26T05:00:00.000Z,975.25,975.3,974.02,974.12,152
2023-12-26T05:15:00.000Z,974.12,974.18,973.2,973.51,148
2023-12-26T05:30:00.000Z,973.21,973.43,972.31,972.8,254
2023-12-26T05:45:00.000Z,972.79,973.29,972.06,973.14,264
2023-12-26T06:00:00.000Z,973.16,973.6,972.8,973.19,213
2023-12-26T06:15:00.000Z,973.18,973.84,972.25,972.42,218
2023-12-26T06:30:00.000Z,972.3,972.85,971.57,971.87,234
2023-12-26T06:45:00.000Z,971.99,972.01,970.49,970.52,182
2023-12-26T07:00:00.000Z,970.62,972.63,970.62,971.55,225
2023-12-26T07:15:00.000Z,971.51,972.31,970.55,970.62,259
2023-12-26T07:30:00.000Z,970.64,973.4,970.56,973.4,172
2023-12-26T07:45:00.000Z,973.4,973.55,971.37,971.37,108
2023-12-26T08:00:00.000Z,971.43,971.94,970.68,971.13,181
2023-12-26T08:15:00.000Z,971.08,972,971.08,971.19,154
2023-12-26T08:30:00.000Z,971.15,971.15,970.29,970.29,150
2023-12-26T08:45:00.000Z,970.24,971.48,969.82,970.51,215
2023-12-26T09:00:00.000Z,970.51,971.27,969.66,971.09,280
2023-12-26T09:15:00.000Z,971.03,971.73,970.64,971.65,130
2023-12-26T09:30:00.000Z,971.6,971.73,971.1,971.36,136
2023-12-26T09:45:00.000Z,971.35,971.83,970.41,970.71,210
2023-12-26T10:00:00.000Z,970.71,971.13,970.61,971.09,319
2023-12-26T10:15:00.000Z,971.1,972.16,971.09,971.79,119
2023-12-26T10:30:00.000Z,971.7,972.66,971.3,972.57,187
2023-12-26T10:45:00.000Z,972.63,974.03,972.56,973.54,397
2023-12-26T11:00:00.000Z,973.55,973.92,972.67,973.25,303
2023-12-26T11:15:00.000Z,973.35,973.45,972.95,973.15,228
2023-12-26T11:30:00.000Z,973.22,973.59,972.96,973.57,123
2023-12-26T11:45:00.000Z,973.58,973.64,973.05,973.38,122
2023-12-26T12:00:00.000Z,973.46,973.56,972.14,972.69,207
2023-12-26T12:15:00.000Z,972.71,973.46,972.48,973.3,178
2023-12-26T12:30:00.000Z,973.4,973.4,972.43,973.36,186
2023-12-26T12:45:00.000Z,973.36,974.84,973.15,974.79,221
2023-12-26T13:00:00.000Z,974.77,979.51,974.3,978.36,709
2023-12-26T13:15:00.000Z,978.36,982.17,977.97,981.57,786
2023-12-26T13:30:00.000Z,981.58,982.59,979.52,980.45,735
2023-12-26T13:45:00.000Z,980.5,981.45,978.04,978.04,415
2023-12-26T14:00:00.000Z,978.36,980.03,978.05,979.82,441
2023-12-26T14:15:00.000Z,979.71,980.67,978.45,978.97,503
2023-12-26T14:30:00.000Z,978.96,980.07,975.43,976.01,1012
2023-12-26T14:45:00.000Z,976.07,977.38,974.3,977.05,695
2023-12-26T15:00:00.000Z,977.1,979.76,975.77,979.59,498
2023-12-26T15:15:00.000Z,979.66,979.96,975.8,975.93,386
2023-12-26T15:30:00.000Z,976.33,979.14,975.73,978.31,495
2023-12-26T15:45:00.000Z,978.39,980.42,978.31,980.08,615
2023-12-26T16:00:00.000Z,980.03,981.03,979.1,980.74,508
2023-12-26T16:15:00.000Z,980.79,980.94,979.12,979.51,448
2023-12-26T16:30:00.000Z,979.55,979.94,978.26,978.87,377
2023-12-26T16:45:00.000Z,978.98,979.92,978.48,979.76,461
2023-12-26T17:00:00.000Z,980.09,982.14,979.17,981.94,370
2023-12-26T17:15:00.000Z,981.85,982.19,979.49,980.11,453
2023-12-26T17:30:00.000Z,980.1,980.47,978.1,978.38,305
2023-12-26T17:45:00.000Z,978.39,978.92,977.21,977.32,385
2023-12-26T18:00:00.000Z,977.28,978.29,975.81,977.52,504
2023-12-26T18:15:00.000Z,977.47,978.96,976.54,978.69,310
2023-12-26T18:30:00.000Z,978.71,979.38,977.41,977.98,297
2023-12-26T18:45:00.000Z,977.92,978.49,977.56,978.11,250
2023-12-26T19:00:00.000Z,978.11,979.53,978,978.81,217
2023-12-26T19:15:00.000Z,978.81,979.9,978.8,979.39,228
2023-12-26T19:30:00.000Z,979.38,980.07,978.99,979.08,258
2023-12-26T19:45:00.000Z,979.18,980.57,979.18,980.05,276
2023-12-26T20:00:00.000Z,980.05,980.44,979.57,979.65,308
2023-12-26T20:15:00.000Z,979.66,980.39,979.63,980.16,356
2023-12-26T20:30:00.000Z,980.19,981.05,979.69,980.79,287
2023-12-26T20:45:00.000Z,980.78,982.53,980.63,981.77,270
2023-12-26T21:00:00.000Z,981.69,981.69,980.07,980.17,171
2023-12-26T21:15:00.000Z,980.27,980.67,979.42,979.42,48
2023-12-26T21:30:00.000Z,977.42,977.57,976.91,977.14,162
2023-12-26T21:45:00.000Z,977.14,977.17,976.65,976.87,139
2023-12-26T23:00:00.000Z,977.33,981.85,976.5,980.96,373
2023-12-26T23:15:00.000Z,980.96,981.06,979.99,980.39,203
2023-12-26T23:30:00.000Z,980.38,981.43,980.28,981.05,367
2023-12-26T23:45:00.000Z,980.65,981.38,980.3,980.67,255
2023-12-27T00:00:00.000Z,980.72,981.5,979.87,980.18,278
2023-12-27T00:15:00.000Z,980.19,981.36,979.65,980.59,270
2023-12-27T00:30:00.000Z,980.7,980.81,980.02,980.17,321
2023-12-27T00:45:00.000Z,980.17,980.71,979.98,980.56,136
2023-12-27T01:00:00.000Z,980.66,981.11,980.11,980.43,319
2023-12-27T01:15:00.000Z,980.36,980.81,979.71,980.28,222
2023-12-27T01:30:00.000Z,980.28,981.27,980.07,980.89,253
2023-12-27T01:45:00.000Z,981,982.78,980.81,981.83,220
2023-12-27T02:00:00.000Z,981.84,982.38,981.45,981.45,257
2023-12-27T02:15:00.000Z,981.46,981.57,980.7,981.15,209
2023-12-27T02:30:00.000Z,981.14,981.61,980.46,981,331
2023-12-27T02:45:00.000Z,981.12,981.29,980.35,980.53,234
2023-12-27T03:00:00.000Z,980.53,980.57,978.9,979.44,210
2023-12-27T03:15:00.000Z,979.44,980.64,979.44,980.13,231
2023-12-27T03:30:00.000Z,980.13,980.32,978.43,979.29,212
2023-12-27T03:45:00.000Z,979.29,979.44,978.27,979.11,267
2023-12-27T04:00:00.000Z,979.11,980.01,979.1,979.63,123
2023-12-27T04:15:00.000Z,979.63,980.59,979.62,979.74,127
2023-12-27T04:30:00.000Z,979.71,979.77,979.19,979.24,77
2023-12-27T04:45:00.000Z,979.21,980.24,979.12,980.14,113
2023-12-27T05:00:00.000Z,980.16,980.16,978.95,979.27,188
2023-12-27T05:15:00.000Z,979.24,979.24,978.83,979.09,82
2023-12-27T05:30:00.000Z,978.84,979.57,978.15,978.24,138
2023-12-27T05:45:00.000Z,978.19,979.83,978.18,978.76,216
2023-12-27T06:00:00.000Z,978.69,980.14,978.69,980.07,257
2023-12-27T06:15:00.000Z,980.12,982.08,980.08,980.98,294
2023-12-27T06:30:00.000Z,980.99,980.99,979.97,980.12,126
2023-12-27T06:45:00.000Z,980.12,981.09,979.41,980.98,288
2023-12-27T07:00:00.000Z,980.97,981.7,978.68,978.92,278
2023-12-27T07:15:00.000Z,978.92,980.77,978.92,980.13,327
2023-12-27T07:30:00.000Z,980.02,980.02,976.41,976.56,371
2023-12-27T07:45:00.000Z,976.5,977,975.59,976.31,319
2023-12-27T08:00:00.000Z,976.66,978.65,976.23,977.62,615
2023-12-27T08:15:00.000Z,977.59,980,977.51,978.45,475
2023-12-27T08:30:00.000Z,978.6,980.77,978.45,980.72,311
2023-12-27T08:45:00.000Z,980.71,981.18,979.77,981.13,363
2023-12-27T09:00:00.000Z,981.1,981.63,979.63,981.05,444
2023-12-27T09:15:00.000Z,981.08,982.91,980.9,981.52,493
2023-12-27T09:30:00.000Z,981.51,982.25,980.49,980.71,300
2023-12-27T09:45:00.000Z,980.72,981.48,979.37,979.78,310
2023-12-27T10:00:00.000Z,979.77,980.92,977.31,977.78,323
2023-12-27T10:15:00.000Z,977.8,978.02,973.59,974.14,469
2023-12-27T10:30:00.000Z,974.1,974.29,971.46,972.1,487
2023-12-27T10:45:00.000Z,971.95,974.49,971.72,974.05,490
2023-12-27T11:00:00.000Z,974.04,974.98,972.75,973.7,379
2023-12-27T11:15:00.000Z,973.77,975.47,973.53,975.22,328
2023-12-27T11:30:00.000Z,975.12,975.68,974.56,974.97,217
2023-12-27T11:45:00.000Z,974.98,975.69,974.13,974.48,216
2023-12-27T12:00:00.000Z,974.47,974.57,973.47,974.11,276
2023-12-27T12:15:00.000Z,974.1,981.18,973.56,974.84,291
2023-12-27T12:30:00.000Z,974.87,977.85,974.87,975.18,305
2023-12-27T12:45:00.000Z,975.34,975.45,973.25,974.63,550
2023-12-27T13:00:00.000Z,974.67,976.94,973.26,975.63,567
2023-12-27T13:15:00.000Z,975.84,981.69,975.68,981.69,561
2023-12-27T13:30:00.000Z,981.54,981.89,975.94,977.84,315
2023-12-27T13:45:00.000Z,977.39,978.99,974.69,976.55,369
2023-12-27T14:00:00.000Z,976.65,977.45,974.06,974.15,351
2023-12-27T14:15:00.000Z,974.15,976.45,973.55,975.4,516
2023-12-27T14:30:00.000Z,975.4,979.02,975.4,978.89,1114
2023-12-27T14:45:00.000Z,978.89,984.64,978.62,981.04,1003
2023-12-27T15:00:00.000Z,981.05,987.01,980.87,985.79,1062
2023-12-27T15:15:00.000Z,985.89,987.85,984.01,987.6,936
2023-12-27T15:30:00.000Z,987.59,988.02,985.65,986.9,1225
2023-12-27T15:45:00.000Z,987.02,990.24,985.15,988.88,654
2023-12-27T16:00:00.000Z,988.89,990.81,988.39,990.71,698
2023-12-27T16:15:00.000Z,990.71,993.31,989.88,990.93,569
2023-12-27T16:30:00.000Z,991.01,992.4,989.74,990.39,754
2023-12-27T16:45:00.000Z,990.4,995.22,990.38,994.21,540
2023-12-27T17:00:00.000Z,994.11,994.84,991.99,992.59,347
2023-12-27T17:15:00.000Z,992.46,994.3,992.4,993.17,375
2023-12-27T17:30:00.000Z,993.17,994.39,992.68,993.7,693
2023-12-27T17:45:00.000Z,993.7,997.64,993.09,997.59,492
2023-12-27T18:00:00.000Z,997.59,998.33,995.55,995.91,477
2023-12-27T18:15:00.000Z,996.21,996.76,996.05,996.6,260
2023-12-27T18:30:00.000Z,996.55,996.66,995.83,996.04,324
2023-12-27T18:45:00.000Z,996.04,996.8,995.89,996.46,338
2023-12-27T19:00:00.000Z,996.09,996.76,995.3,996.34,190
2023-12-27T19:15:00.000Z,996.45,997.65,996.25,997.35,144
2023-12-27T19:30:00.000Z,997.44,998.75,996.98,998.29,193
2023-12-27T19:45:00.000Z,998.09,998.86,997.71,998.8,156
2023-12-27T20:00:00.000Z,998.71,998.71,997.05,997.14,194
2023-12-27T20:15:00.000Z,997.29,997.78,996.28,996.34,211
2023-12-27T20:30:00.000Z,996.44,997.93,996.44,996.95,149
2023-12-27T20:45:00.000Z,997.03,998.13,996.9,997.92,138
2023-12-27T21:00:00.000Z,997.5,997.99,997.27,997.89,68
2023-12-27T21:15:00.000Z,997.86,998.44,997.61,997.88,57
2023-12-27T21:30:00.000Z,997.45,997.49,996.99,996.99,51
2023-12-27T21:45:00.000Z,997.91,997.91,991.62,991.75,374
2023-12-27T23:00:00.000Z,991.53,998.4,991.37,997.36,71
2023-12-27T23:15:00.000Z,997.32,997.63,996.72,996.72,54
2023-12-27T23:30:00.000Z,996.76,996.94,996.16,996.27,79
2023-12-27T23:45:00.000Z,996.07,996.71,995.52,996.32,125
2023-12-28T00:00:00.000Z,996.42,997.28,995.7,996.07,120
2023-12-28T00:15:00.000Z,995.98,996.53,995.76,995.91,96
2023-12-28T00:30:00.000Z,996.08,997.11,996.08,996.82,76
2023-12-28T00:45:00.000Z,996.88,996.88,995.66,996.27,96
2023-12-28T01:00:00.000Z,996.38,997.61,996.01,996.49,169
2023-12-28T01:15:00.000Z,996.52,997.72,996.46,997.61,119
2023-12-28T01:30:00.000Z,997.59,1000.03,997.41,998.88,159
2023-12-28T01:45:00.000Z,998.84,1000.17,998.01,999.29,132
2023-12-28T02:00:00.000Z,999.41,1000.89,998.81,999.11,185
2023-12-28T02:15:00.000Z,999.12,1000.47,999.03,1000.09,131
2023-12-28T02:30:00.000Z,999.96,1000.64,998.94,999.25,251
2023-12-28T02:45:00.000Z,999.29,999.95,999.04,999.54,120
2023-12-28T03:00:00.000Z,999.6,1000.11,999.04,1000.11,110
2023-12-28T03:15:00.000Z,1000.12,1000.24,998.02,998.41,143
2023-12-28T03:30:00.000Z,998.57,999.35,998.57,999.17,112
2023-12-28T03:45:00.000Z,999.06,999.84,998.69,999.57,89
2023-12-28T04:00:00.000Z,999.48,999.74,998.99,999.17,80
2023-12-28T04:15:00.000Z,998.94,999.45,998.18,998.51,103
2023-12-28T04:30:00.000Z,998.38,999.16,998.36,998.91,127
2023-12-28T04:45:00.000Z,998.87,1000.03,998.42,998.45,91
2023-12-28T05:00:00.000Z,998.5,1000.18,998.5,999.87,163
2023-12-28T05:15:00.000Z,999.91,999.99,999.28,999.95,79
2023-12-28T05:30:00.000Z,999.91,1000.35,999.19,999.64,199
2023-12-28T05:45:00.000Z,999.64,999.66,998.77,999.61,106
2023-12-28T06:00:00.000Z,999.45,999.95,998.3,998.72,129
2023-12-28T06:15:00.000Z,998.75,999.19,995.84,996.3,164
2023-12-28T06:30:00.000Z,996.31,998.06,996.31,997.55,129
2023-12-28T06:45:00.000Z,997.53,998.86,997.48,998.06,82
2023-12-28T07:00:00.000Z,998.07,999.88,998.07,999.49,148
2023-12-28T07:15:00.000Z,999.47,999.75,998.99,999.53,125
2023-12-28T07:30:00.000Z,999.59,1002.22,999.59,1000.29,148
2023-12-28T07:45:00.000Z,1000.25,1000.7,997.7,1000.44,200
2023-12-28T08:00:00.000Z,1000.59,1005.19,1000.46,1001.53,216
2023-12-28T08:15:00.000Z,1001.18,1001.18,999.13,999.45,240
2023-12-28T08:30:00.000Z,999.32,999.33,997.29,998.74,218
2023-12-28T08:45:00.000Z,998.74,999.19,996.33,997.75,173
2023-12-28T09:00:00.000Z,997.7,998.55,988.53,988.93,248
2023-12-28T09:15:00.000Z,988.98,992.74,987.77,992.31,200
2023-12-28T09:30:00.000Z,992.16,992.66,987.83,991.38,229
2023-12-28T09:45:00.000Z,991.5,999.84,990.12,999.04,196
2023-12-28T10:00:00.000Z,999.04,999.84,995.59,996.04,169
2023-12-28T10:15:00.000Z,996.14,997.65,995.64,996.35,128
2023-12-28T10:30:00.000Z,996.01,997.45,993.77,994.18,180
2023-12-28T10:45:00.000Z,994.22,996.45,993.56,995.96,179
2023-12-28T11:00:00.000Z,996.01,998.91,996.01,998.04,164
2023-12-28T11:15:00.000Z,998.09,998.09,995.88,995.88,115
2023-12-28T11:30:00.000Z,995.9,996.21,994.79,996.11,125
2023-12-28T11:45:00.000Z,996.11,996.4,994.61,995.5,134
2023-12-28T12:00:00.000Z,995.54,997.24,994.79,995.52,167
2023-12-28T12:15:00.000Z,995.52,997.68,995.04,997.59,142
2023-12-28T12:30:00.000Z,997.68,999.58,997.54,998.77,138
2023-12-28T12:45:00.000Z,998.77,999.54,996.97,998.52,160
2023-12-28T13:00:00.000Z,998.57,1001.62,994.76,995.31,289
2023-12-28T13:15:00.000Z,995.26,998.03,989.22,997.83,442
2023-12-28T13:30:00.000Z,998.13,998.93,991.02,996.43,402
2023-12-28T13:45:00.000Z,996.54,1000.58,995.55,999.14,408
2023-12-28T14:00:00.000Z,999.24,1000.14,998.59,999.31,447
2023-12-28T14:15:00.000Z,999.35,1001.91,998.95,1000.34,292
2023-12-28T14:30:00.000Z,1000.24,1002.92,999.05,1001.91,376
2023-12-28T14:45:00.000Z,1001.91,1008.83,1001.69,1008.83,417
2023-12-28T15:00:00.000Z,1008.83,1011.37,1002.12,1009.72,462
2023-12-28T15:15:00.000Z,1009.67,1014.09,1008.82,1013.46,368
2023-12-28T15:30:00.000Z,1013.5,1013.5,1007.19,1007.19,307
2023-12-28T15:45:00.000Z,1007.22,1008.19,1003.72,1008.19,338
2023-12-28T16:00:00.000Z,1008.09,1008.99,1005.35,1005.75,350
2023-12-28T16:15:00.000Z,1005.76,1006.49,1004.14,1005.44,278
2023-12-28T16:30:00.000Z,1005.49,1007.39,1004.29,1005.28,219
2023-12-28T16:45:00.000Z,1005.26,1006.68,1004.49,1005.67,237
2023-12-28T17:00:00.000Z,1005.63,1007.81,1005.63,1007.38,242
2023-12-28T17:15:00.000Z,1007.58,1008.38,1007.14,1007.89,230
2023-12-28T17:30:00.000Z,1007.55,1008.86,1007.48,1008.28,212
2023-12-28T17:45:00.000Z,1008.35,1008.79,1006.74,1007.96,229
2023-12-28T18:00:00.000Z,1008,1008.24,1005.4,1005.98,328
2023-12-28T18:15:00.000Z,1005.98,1006.21,1005.21,1006.16,211
2023-12-28T18:30:00.000Z,1006.11,1006.15,1005.36,1005.93,145
2023-12-28T18:45:00.000Z,1005.98,1005.98,1004.8,1005.53,127
2023-12-28T19:00:00.000Z,1005.61,1006.03,1004.86,1004.96,99
2023-12-28T19:15:00.000Z,1004.98,1005.17,1003.93,1004.93,143
2023-12-28T19:30:00.000Z,1004.99,1005.12,1003.22,1004.27,143
2023-12-28T19:45:00.000Z,1004.2,1004.48,1003.74,1004.22,108
2023-12-28T20:00:00.000Z,1004.26,1004.82,1004.02,1004.25,112
2023-12-28T20:15:00.000Z,1004.23,1005.01,1004.23,1004.99,86
2023-12-28T20:30:00.000Z,1005,1005.7,1004.85,1005.21,93
2023-12-28T20:45:00.000Z,1005.22,1005.3,1004.34,1004.72,108
2023-12-28T21:00:00.000Z,1004.64,1005.74,1004.61,1005.6,86
2023-12-28T21:15:00.000Z,1005.6,1005.8,1005.37,1005.58,85
2023-12-28T21:30:00.000Z,1002.54,1002.74,1002.11,1002.49,54
2023-12-28T21:45:00.000Z,1002.66,1002.84,1002.02,1002.39,44
2023-12-28T23:00:00.000Z,1002.5,1005.49,1002.42,1004.19,97
2023-12-28T23:15:00.000Z,1004.19,1004.23,1003.54,1003.69,78
2023-12-28T23:30:00.000Z,1003.44,1003.44,1002.45,1003.09,113
2023-12-28T23:45:00.000Z,1003.04,1003.25,1002.74,1002.85,70
2023-12-29T00:00:00.000Z,1002.94,1003.84,1001.74,1001.94,130
2023-12-29T00:15:00.000Z,1001.94,1003.04,1001.24,1002.89,109
2023-12-29T00:30:00.000Z,1002.79,1002.79,1001.14,1001.14,84
2023-12-29T00:45:00.000Z,1001.14,1002.34,1001.14,1001.54,86
2023-12-29T01:00:00.000Z,1001.69,1001.84,1000.94,1001.69,144
2023-12-29T01:15:00.000Z,1001.74,1004.04,1001.59,1003.74,142
2023-12-29T01:30:00.000Z,1003.64,1006.09,1003.54,1006.04,108
2023-12-29T01:45:00.000Z,1005.94,1005.99,1004.84,1005.04,101
2023-12-29T02:00:00.000Z,1004.94,1005.69,1004.49,1004.84,109
2023-12-29T02:15:00.000Z,1004.84,1005.29,1001.59,1001.62,71
2023-12-29T02:30:00.000Z,1001.52,1001.52,1000.49,1000.92,96
2023-12-29T02:45:00.000Z,1000.94,1001.94,1000.94,1001.59,66
2023-12-29T03:00:00.000Z,1001.57,1003.22,1001.57,1002.52,68
2023-12-29T03:15:00.000Z,1002.54,1002.87,1001.54,1002.12,71
2023-12-29T03:30:00.000Z,1002.07,1002.77,1002.07,1002.52,55
2023-12-29T03:45:00.000Z,1002.54,1002.59,1000.69,1000.7,61
2023-12-29T04:00:00.000Z,1000.63,1001.84,1000.55,1000.95,62
2023-12-29T04:15:00.000Z,1001.05,1001.14,1000.15,1000.35,43
2023-12-29T04:30:00.000Z,1000.45,1001.02,999.73,999.87,59
2023-12-29T04:45:00.000Z,999.97,1003.12,999.86,1002.97,54
2023-12-29T05:00:00.000Z,1002.89,1002.97,1002.44,1002.57,65
2023-12-29T05:15:00.000Z,1002.57,1003.34,1002.57,1002.89,66
2023-12-29T05:30:00.000Z,1002.93,1003.38,1002.52,1002.83,100
2023-12-29T05:45:00.000Z,1002.88,1003.96,1002.29,1003.92,77
2023-12-29T06:00:00.000Z,1003.72,1005.59,1003.72,1004.87,96
2023-12-29T06:15:00.000Z,1005,1005.3,1003.88,1004.53,72
2023-12-29T06:30:00.000Z,1004.5,1004.7,1003.91,1004.14,63
2023-12-29T06:45:00.000Z,1004.24,1004.45,1003.94,1004.07,56
2023-12-29T07:00:00.000Z,1004.03,1004.43,1003.52,1003.99,78
2023-12-29T07:15:00.000Z,1003.93,1004.23,1001.59,1001.61,117
2023-12-29T07:30:00.000Z,1001.38,1002.78,1001.25,1001.53,165
2023-12-29T07:45:00.000Z,1001.54,1001.54,999.91,1000.02,128
2023-12-29T08:00:00.000Z,1000.3,1003.67,1000.26,1002.6,187
2023-12-29T08:15:00.000Z,1002.63,1003.55,1001.32,1003.21,144
2023-12-29T08:30:00.000Z,1003.32,1003.42,999.37,1000,184
2023-12-29T08:45:00.000Z,999.86,1000.12,996.8,996.8,199
2023-12-29T09:00:00.000Z,996.68,999.16,996.67,998.29,217
2023-12-29T09:15:00.000Z,998.39,998.47,996.07,997.31,241
2023-12-29T09:30:00.000Z,997.23,998.55,995.86,997.39,254
2023-12-29T09:45:00.000Z,997.5,998.18,995.98,996.67,262
2023-12-29T10:00:00.000Z,996.54,997.7,995.86,996.53,314
2023-12-29T10:15:00.000Z,996.2,996.29,993.52,993.94,296
2023-12-29T10:30:00.000Z,994.03,1001.54,993.36,1000.54,216
2023-12-29T10:45:00.000Z,1000.52,1002.44,999.77,1002.07,97
2023-12-29T11:00:00.000Z,1002.09,1004.24,1002.09,1004.14,114
2023-12-29T11:15:00.000Z,1004.04,1006.54,1004.04,1006.42,127
2023-12-29T11:30:00.000Z,1006.44,1007.87,1006.22,1006.47,112
2023-12-29T11:45:00.000Z,1006.49,1006.77,1000.53,1001.27,152
2023-12-29T12:00:00.000Z,1001.39,1001.59,998.65,1000.55,209
2023-12-29T12:15:00.000Z,1000.47,1001.39,999.32,1000.3,159
2023-12-29T12:30:00.000Z,1000.46,1001.23,999.31,1000.46,174
2023-12-29T12:45:00.000Z,1000.35,1002.03,1000.29,1001.86,146
2023-12-29T13:00:00.000Z,1002.05,1003.17,999.34,1000.17,257
2023-12-29T13:15:00.000Z,1000.12,1001.8,998.74,1000.72,243
2023-12-29T13:30:00.000Z,1000.62,1000.62,995.52,995.67,254
2023-12-29T13:45:00.000Z,995.52,996.93,993.69,995.93,335
2023-12-29T14:00:00.000Z,996.03,997.48,995.13,997.28,384
2023-12-29T14:15:00.000Z,997.03,999.03,995.58,998.88,276
2023-12-29T14:30:00.000Z,998.93,1000.18,998.03,998.73,435
2023-12-29T14:45:00.000Z,999.03,1001.28,998.83,1001.28,386
2023-12-29T15:00:00.000Z,1001.25,1002.99,1000.16,1001.83,294
2023-12-29T15:15:00.000Z,1001.9,1002.33,1000.51,1001.95,234
2023-12-29T15:30:00.000Z,1002.07,1003.82,1001.27,1001.72,241
2023-12-29T15:45:00.000Z,1001.87,1002.88,997.28,999.18,355
2023-12-29T16:00:00.000Z,999.11,999.48,995.77,995.93,281
2023-12-29T16:15:00.000Z,995.93,998.43,995.58,996.63,372
2023-12-29T16:30:00.000Z,996.63,997.58,996.23,996.83,299
2023-12-29T16:45:00.000Z,996.88,997.78,996.48,996.93,273
2023-12-29T17:00:00.000Z,996.88,997.08,993.53,993.88,315
2023-12-29T17:15:00.000Z,993.88,996.08,993.63,994.37,341
2023-12-29T17:30:00.000Z,994.38,995.38,993.23,994.43,328
2023-12-29T17:45:00.000Z,994.43,994.73,993.43,994.17,387
2023-12-29T18:00:00.000Z,994.17,994.17,989.83,992.53,623
2023-12-29T18:15:00.000Z,992.48,992.78,990.28,990.28,242
2023-12-29T18:30:00.000Z,990.33,992.53,990.28,992.53,177
2023-12-29T18:45:00.000Z,992.43,992.68,991.23,991.28,144
2023-12-29T19:00:00.000Z,991.33,991.53,990.68,990.98,117
2023-12-29T19:15:00.000Z,990.98,991.13,990.08,990.33,108
2023-12-29T19:30:00.000Z,990.33,990.88,990.08,990.48,114
2023-12-29T19:45:00.000Z,990.43,991.06,989.63,991.01,129
2023-12-29T20:00:00.000Z,991.01,991.51,990.61,990.91,129
2023-12-29T20:15:00.000Z,990.91,991.16,990.36,990.76,140
2023-12-29T20:30:00.000Z,990.81,990.81,989.66,989.81,136
2023-12-29T20:45:00.000Z,989.86,989.91,987.43,987.73,174
2023-12-29T21:00:00.000Z,987.88,987.93,986.14,986.39,102
2023-12-29T21:15:00.000Z,986.42,987.63,986.32,987.58,62
2023-12-29T21:30:00.000Z,985.35,985.95,983.15,983.46,64
2023-12-29T21:45:00.000Z,983.32,983.92,982.72,983.77,29
2024-01-01T23:00:00.000Z,986.46,991.69,986.43,990.88,438
2024-01-01T23:15:00.000Z,990.88,991.87,990.05,990.93,238
2024-01-01T23:30:00.000Z,990.8,991.63,990.23,990.51,230
2024-01-01T23:45:00.000Z,990.4,991.22,989.73,990.9,190
2024-01-02T00:00:00.000Z,990.89,993.44,990.73,993,256
2024-01-02T00:15:00.000Z,993.1,993.53,991.64,991.65,231
2024-01-02T00:30:00.000Z,991.62,993.33,989.88,990.59,209
2024-01-02T00:45:00.000Z,990.57,991.71,990.56,991.64,234
2024-01-02T01:00:00.000Z,991.52,994.07,990.93,991.66,761
2024-01-02T01:15:00.000Z,991.67,992.49,990.73,991.27,611
2024-01-02T01:30:00.000Z,991.17,991.37,987.71,988,597
2024-01-02T01:45:00.000Z,988.01,988.24,986.48,986.75,374
2024-01-02T02:00:00.000Z,986.73,987.22,984.85,985.43,365
2024-01-02T02:15:00.000Z,985.4,986.28,985.27,985.66,273
2024-01-02T02:30:00.000Z,985.79,985.97,984.57,985.49,517
2024-01-02T02:45:00.000Z,985.54,987.6,985.39,986.05,339
2024-01-02T03:00:00.000Z,986.04,988.85,985.7,988.37,366
2024-01-02T03:15:00.000Z,988.44,989.27,987.92,988.76,329
2024-01-02T03:30:00.000Z,988.7,989.59,988.7,988.9,216
2024-01-02T03:45:00.000Z,988.88,989.69,988,988.63,221
2024-01-02T04:00:00.000Z,988.73,989.28,988.1,989.2,194
2024-01-02T04:15:00.000Z,989.21,989.29,988.53,988.87,162
2024-01-02T04:30:00.000Z,988.86,989.43,988.84,989.12,165
2024-01-02T04:45:00.000Z,989.12,989.4,988.48,989.34,197
2024-01-02T05:00:00.000Z,989.36,990.92,989.24,990.44,263
2024-01-02T05:15:00.000Z,990.43,990.48,989.1,990.48,244
2024-01-02T05:30:00.000Z,990.51,990.51,988.55,988.83,366
2024-01-02T05:45:00.000Z,988.85,990.31,988.82,990.09,394
2024-01-02T06:00:00.000Z,990.13,990.49,988.77,989.28,149
2024-01-02T06:15:00.000Z,989.13,989.52,988.24,989.35,210
2024-01-02T06:30:00.000Z,989.36,989.76,988.16,988.69,412
2024-01-02T06:45:00.000Z,988.7,989.08,988.39,988.82,373
2024-01-02T07:00:00.000Z,988.78,990.56,988.44,990.14,463
2024-01-02T07:15:00.000Z,990.08,990.8,989.64,990.53,458
2024-01-02T07:30:00.000Z,990.55,991.86,989.55,990.02,388
2024-01-02T07:45:00.000Z,990.02,990.02,988.2,988.26,394
2024-01-02T08:00:00.000Z,988.25,989.8,987.86,989.78,667
2024-01-02T08:15:00.000Z,989.77,991.13,989.34,990.49,402
2024-01-02T08:30:00.000Z,990.52,994.27,990.47,993.15,202
2024-01-02T08:45:00.000Z,993.16,993.41,991.39,992.67,153
2024-01-02T09:00:00.000Z,992.69,994.57,992.47,994.49,379
2024-01-02T09:15:00.000Z,994.5,994.5,992.48,992.85,513
2024-01-02T09:30:00.000Z,992.9,994.43,992.63,993.43,520
2024-01-02T09:45:00.000Z,993.4,994.46,992.91,993.78,327
2024-01-02T10:00:00.000Z,993.83,994.52,992.14,992.38,508
2024-01-02T10:15:00.000Z,992.33,995.15,992.33,994.55,194
2024-01-02T10:30:00.000Z,994.63,998.96,994.63,998.55,423
2024-01-02T10:45:00.000Z,998.55,1001.37,998.55,1000.67,258
2024-01-02T11:00:00.000Z,1000.62,1001.29,997.26,997.26,389
2024-01-02T11:15:00.000Z,997.24,997.47,993.92,994.99,441
2024-01-02T11:30:00.000Z,994.74,995.12,991.22,992.39,237
2024-01-02T11:45:00.000Z,992.37,993.27,991.52,993.17,223
2024-01-02T12:00:00.000Z,993.22,993.7,990.55,993.09,230
2024-01-02T12:15:00.000Z,992.99,993.13,991.2,991.89,131
2024-01-02T12:30:00.000Z,991.69,992.53,989.76,990.41,171
2024-01-02T12:45:00.000Z,990.38,990.71,988.23,988.52,388
2024-01-02T13:00:00.000Z,988.5,989.64,981.69,983.18,1158
2024-01-02T13:15:00.000Z,983.03,990.76,980.67,988.95,1403
2024-01-02T13:30:00.000Z,989.27,992.15,984.86,988.88,1040
2024-01-02T13:45:00.000Z,988.84,989.12,984.41,985.8,1182
2024-01-02T14:00:00.000Z,985.81,990.72,985.07,987.59,1248
2024-01-02T14:15:00.000Z,987.7,988.49,984.29,986.97,618
2024-01-02T14:30:00.000Z,986.87,991.75,983.94,984.35,1239
2024-01-02T14:45:00.000Z,984.36,991.73,984.36,991.68,1243
2024-01-02T15:00:00.000Z,991.7,992.73,987.49,989.88,1354
2024-01-02T15:15:00.000Z,989.74,990.38,986.37,989.14,1031
2024-01-02T15:30:00.000Z,989.17,990.47,985.65,989.45,954
2024-01-02T15:45:00.000Z,989.55,990.15,986.94,987.24,820
2024-01-02T16:00:00.000Z,987.19,994.26,987.04,993.97,1475
2024-01-02T16:15:00.000Z,993.78,993.98,989.69,990.7,1152
2024-01-02T16:30:00.000Z,990.67,991.13,988.7,990.74,1079
2024-01-02T16:45:00.000Z,990.72,994.78,990.61,993.98,853
2024-01-02T17:00:00.000Z,994.08,994.53,990.56,990.56,872
2024-01-02T17:15:00.000Z,990.52,992.18,988.7,989.42,966
2024-01-02T17:30:00.000Z,989.42,991.19,988.42,988.9,983
2024-01-02T17:45:00.000Z,988.85,990.44,986.44,987.49,932
2024-01-02T18:00:00.000Z,987.64,988.74,985.84,987.04,738
2024-01-02T18:15:00.000Z,986.89,987.59,986.04,986.24,504
2024-01-02T18:30:00.000Z,986.24,987.09,985.34,985.74,391
2024-01-02T18:45:00.000Z,985.74,986.24,984.67,985.13,366
2024-01-02T19:00:00.000Z,985.13,985.58,984.43,985.08,424
2024-01-02T19:15:00.000Z,985.06,985.59,984.45,985.58,334
2024-01-02T19:30:00.000Z,985.59,985.89,984.48,984.66,325
2024-01-02T19:45:00.000Z,984.64,984.72,983.48,984.17,358
2024-01-02T20:00:00.000Z,984.27,984.67,983.68,983.95,261
2024-01-02T20:15:00.000Z,983.97,984.6,983.52,983.99,309
2024-01-02T20:30:00.000Z,984.04,984.68,983.61,983.75,306
2024-01-02T20:45:00.000Z,983.63,984.85,983.63,984.7,457
2024-01-02T21:00:00.000Z,984.7,985.16,984.7,984.85,184
2024-01-02T21:15:00.000Z,984.85,985.32,984.81,984.9,90
2024-01-02T21:30:00.000Z,983.18,983.49,982.71,983.05,141
2024-01-02T21:45:00.000Z,983.1,983.46,981.49,982.54,249
2024-01-02T23:00:00.000Z,978.76,986.55,978.64,986.55,318
2024-01-02T23:15:00.000Z,986.45,986.45,985.65,985.66,90
2024-01-02T23:30:00.000Z,985.41,986.15,985.06,986.03,180
2024-01-02T23:45:00.000Z,985.96,986.6,985.28,985.38,190
2024-01-03T00:00:00.000Z,985.48,986.44,985.34,985.79,81
2024-01-03T00:15:00.000Z,985.83,986.64,985.28,986.64,102
2024-01-03T00:30:00.000Z,986.69,987.48,986.43,986.53,226
2024-01-03T00:45:00.000Z,986.54,986.88,985.44,985.71,163
2024-01-03T01:00:00.000Z,985.74,986.69,985.03,986.54,387
2024-01-03T01:15:00.000Z,986.54,986.54,983.74,984.73,526
2024-01-03T01:30:00.000Z,984.83,986.87,984.73,985.48,274
2024-01-03T01:45:00.000Z,985.47,986.57,985.11,985.64,235
2024-01-03T02:00:00.000Z,985.6,986.57,985.29,985.48,127
2024-01-03T02:15:00.000Z,985.44,985.55,983.89,984.33,137
2024-01-03T02:30:00.000Z,984.12,985.92,983.5,985.7,97
2024-01-03T02:45:00.000Z,985.65,986.79,985.55,986.79,106
2024-01-03T03:00:00.000Z,986.73,988.13,986.34,986.78,127
2024-01-03T03:15:00.000Z,986.88,986.98,985.27,985.27,227
2024-01-03T03:30:00.000Z,985.28,986.19,985.28,986.09,211
2024-01-03T03:45:00.000Z,986.08,986.94,985.84,986.94,232
2024-01-03T04:00:00.000Z,986.93,987.43,986.45,986.46,233
2024-01-03T04:15:00.000Z,986.36,986.74,986.13,986.22,143
2024-01-03T04:30:00.000Z,986.2,986.8,985.86,985.87,145
2024-01-03T04:45:00.000Z,985.87,985.89,985.11,985.43,193
2024-01-03T05:00:00.000Z,985.41,985.9,985.07,985.35,286
2024-01-03T05:15:00.000Z,985.34,986.37,985.26,985.77,191
2024-01-03T05:30:00.000Z,985.8,987.3,985.22,985.23,266
2024-01-03T05:45:00.000Z,985.24,985.63,984.37,985.3,272
2024-01-03T06:00:00.000Z,985.31,987.27,984.35,986.49,280
2024-01-03T06:15:00.000Z,986.58,988.47,986.02,988.29,284
2024-01-03T06:30:00.000Z,988.16,988.47,987.24,988.4,253
2024-01-03T06:45:00.000Z,988.38,989.34,987.57,988.92,193
2024-01-03T07:00:00.000Z,988.97,989.09,986.12,986.12,119
2024-01-03T07:15:00.000Z,986.13,986.16,985.1,985.73,106
2024-01-03T07:30:00.000Z,985.68,986.06,985.4,985.83,341
2024-01-03T07:45:00.000Z,985.84,986.38,985.23,985.81,302
2024-01-03T08:00:00.000Z,985.88,987.47,985.27,987.46,127
2024-01-03T08:15:00.000Z,987.48,987.48,982.27,983.22,168
2024-01-03T08:30:00.000Z,983.27,984.62,982.42,984.29,133
2024-01-03T08:45:00.000Z,984.49,984.62,981.39,981.92,144
2024-01-03T09:00:00.000Z,981.85,982.59,979.49,980.23,265
2024-01-03T09:15:00.000Z,980.14,980.98,978.67,978.86,352
2024-01-03T09:30:00.000Z,979.12,979.29,976.45,976.72,442
2024-01-03T09:45:00.000Z,976.86,978.28,976.35,976.41,395
2024-01-03T10:00:00.000Z,976.39,976.77,975.51,975.8,309
2024-01-03T10:15:00.000Z,975.58,976.26,974.73,974.75,445
2024-01-03T10:30:00.000Z,974.76,976.25,974.48,976.17,425
2024-01-03T10:45:00.000Z,976.17,976.45,974.9,974.98,405
2024-01-03T11:00:00.000Z,975.09,975.4,974.21,974.98,385
2024-01-03T11:15:00.000Z,974.98,975.65,974.38,975.19,404
2024-01-03T11:30:00.000Z,975.07,975.07,970.92,972.38,405
2024-01-03T11:45:00.000Z,972.38,973.33,971.59,971.96,397
2024-01-03T12:00:00.000Z,972.04,974.29,971.14,974.24,724
2024-01-03T12:15:00.000Z,974.25,975.57,971.53,971.79,649
2024-01-03T12:30:00.000Z,971.66,973.42,971.23,973.28,596
2024-01-03T12:45:00.000Z,973.28,973.6,971.94,972.03,866
2024-01-03T13:00:00.000Z,971.87,972.8,969.73,970.31,1134
2024-01-03T13:15:00.000Z,970.29,976.29,970.29,976.12,1292
2024-01-03T13:30:00.000Z,976.22,977.29,971.65,971.65,824
2024-01-03T13:45:00.000Z,971.65,972.35,969.83,970.46,835
2024-01-03T14:00:00.000Z,970.42,971,968.75,969.41,1075
2024-01-03T14:15:00.000Z,969.35,974.93,969.35,974.16,931
2024-01-03T14:30:00.000Z,974.23,974.23,966.9,969.47,1432
2024-01-03T14:45:00.000Z,969.22,972.28,965.95,965.95,1530
2024-01-03T15:00:00.000Z,965.22,976.28,965.22,971.14,2327
2024-01-03T15:15:00.000Z,971.13,971.57,966.96,970.1,1685
2024-01-03T15:30:00.000Z,970.11,971.61,967.16,968.42,1757
2024-01-03T15:45:00.000Z,968.34,969.28,966.73,967.1,1431
2024-01-03T16:00:00.000Z,967.23,973.64,966.86,973.01,1529
2024-01-03T16:15:00.000Z,973.07,975.05,971.93,973.99,1211
2024-01-03T16:30:00.000Z,974,976.1,973.2,974.09,1270
2024-01-03T16:45:00.000Z,974.09,974.75,971.25,973.03,993
2024-01-03T17:00:00.000Z,973.09,974.63,972.27,973.68,1008
2024-01-03T17:15:00.000Z,973.7,975.14,973.16,975.02,847
2024-01-03T17:30:00.000Z,975.04,976.38,974.76,975.43,759
2024-01-03T17:45:00.000Z,975.43,976.33,974.34,975.87,838
2024-01-03T18:00:00.000Z,976.04,978.55,975.86,976.02,797
2024-01-03T18:15:00.000Z,976.03,976.57,975.39,975.66,459
2024-01-03T18:30:00.000Z,975.66,975.66,974.35,975.06,394
2024-01-03T18:45:00.000Z,975.06,975.86,973.12,973.5,331
2024-01-03T19:00:00.000Z,973.49,975.62,971.25,971.73,1409
2024-01-03T19:15:00.000Z,971.92,975.79,971.66,975.64,1132
2024-01-03T19:30:00.000Z,975.69,976.86,973.52,975.06,1030
2024-01-03T19:45:00.000Z,975.02,975.32,973.16,973.25,863
2024-01-03T20:00:00.000Z,973.28,974.08,972.78,973.04,663
2024-01-03T20:15:00.000Z,973.07,973.62,972.02,972.76,692
2024-01-03T20:30:00.000Z,972.81,973.84,972.5,973.35,490
2024-01-03T20:45:00.000Z,973.59,974.12,973,973.21,577
2024-01-03T21:00:00.000Z,973.28,973.63,972.91,973.36,245
2024-01-03T21:15:00.000Z,973.36,973.74,973.22,973.67,111
2024-01-03T21:30:00.000Z,973.68,973.79,973.15,973.5,172
2024-01-03T21:45:00.000Z,973.51,973.52,971.89,971.91,215
2024-01-03T23:00:00.000Z,970.43,975.04,970.43,974.49,426
2024-01-03T23:15:00.000Z,974.54,975.34,974.54,974.99,101
2024-01-03T23:30:00.000Z,975.02,975.43,974.67,975.03,159
2024-01-03T23:45:00.000Z,975.03,975.07,973.85,974.05,222
2024-01-04T00:00:00.000Z,974.05,974.41,972.29,972.72,190
2024-01-04T00:15:00.000Z,972.84,973.47,972.51,973.18,165
2024-01-04T00:30:00.000Z,973.19,973.19,972.22,972.29,210
2024-01-04T00:45:00.000Z,972.36,973.04,972.25,972.52,166
2024-01-04T01:00:00.000Z,972.62,973.55,971.91,972.62,466
2024-01-04T01:15:00.000Z,972.58,973.34,971.28,971.64,394
2024-01-04T01:30:00.000Z,971.68,971.87,969.79,971.36,473
2024-01-04T01:45:00.000Z,971.47,971.76,970.62,970.97,558
2024-01-04T02:00:00.000Z,971.11,971.28,970.56,971.01,380
2024-01-04T02:15:00.000Z,970.94,971.04,970.14,970.54,330
2024-01-04T02:30:00.000Z,970.53,970.55,968.51,969.55,275
2024-01-04T02:45:00.000Z,969.54,970.35,969.39,970.26,303
2024-01-04T03:00:00.000Z,970.37,970.92,970.02,970.25,306
2024-01-04T03:15:00.000Z,970.25,971.05,969.87,970.14,300
2024-01-04T03:30:00.000Z,970.2,970.51,969.2,969.22,378
2024-01-04T03:45:00.000Z,969.19,970.03,968.72,969.02,249
2024-01-04T04:00:00.000Z,969.01,969.27,968.19,969.17,296
2024-01-04T04:15:00.000Z,969.18,969.82,969.17,969.65,222
2024-01-04T04:30:00.000Z,969.64,969.97,969.59,969.87,137
2024-01-04T04:45:00.000Z,969.85,969.91,968.97,969.22,107
2024-01-04T05:00:00.000Z,969.08,969.08,967.94,968.09,69
2024-01-04T05:15:00.000Z,968.17,969.07,967.85,967.85,82
2024-01-04T05:30:00.000Z,967.86,968.3,966.92,968.11,351
2024-01-04T05:45:00.000Z,968.09,968.11,967.09,967.23,290
2024-01-04T06:00:00.000Z,967.18,967.92,964.84,966.21,538
2024-01-04T06:15:00.000Z,966.22,968.06,966.03,967.76,399
2024-01-04T06:30:00.000Z,967.76,968.58,967.35,967.73,317
2024-01-04T06:45:00.000Z,967.72,968.67,967.43,968.64,307
2024-01-04T07:00:00.000Z,968.55,970.27,968.35,969.06,543
2024-01-04T07:15:00.000Z,969.06,969.99,966.99,969.77,406
2024-01-04T07:30:00.000Z,969.85,971.14,969.14,971.14,255
2024-01-04T07:45:00.000Z,971.11,972.2,970.58,971.04,346
2024-01-04T08:00:00.000Z,971.27,973.65,971.27,972.52,655
2024-01-04T08:15:00.000Z,972.48,973.16,969.61,969.8,513
2024-01-04T08:30:00.000Z,969.75,970.1,967.6,967.8,589
2024-01-04T08:45:00.000Z,967.77,968.75,966.2,967.91,563
2024-01-04T09:00:00.000Z,967.8,969.47,967.05,968.12,476
2024-01-04T09:15:00.000Z,968.05,969.96,968.01,969.9,448
2024-01-04T09:30:00.000Z,969.89,972.69,968.38,971.9,577
2024-01-04T09:45:00.000Z,971.99,972.96,970.76,972.88,551
2024-01-04T10:00:00.000Z,972.85,975.56,972.31,975.26,609
2024-01-04T10:15:00.000Z,975.43,977.51,975,975.41,401
2024-01-04T10:30:00.000Z,975.41,977.1,974.67,975.82,247
2024-01-04T10:45:00.000Z,975.67,976.26,973.51,976.2,169
2024-01-04T11:00:00.000Z,976.23,977.18,975.68,976.98,168
2024-01-04T11:15:00.000Z,977.08,977.56,976.34,976.59,147
2024-01-04T11:30:00.000Z,976.59,976.85,973.57,973.77,353
2024-01-04T11:45:00.000Z,973.83,974.11,971.76,973.14,469
2024-01-04T12:00:00.000Z,973.11,974.58,972.15,974.2,455
2024-01-04T12:15:00.000Z,974.34,975.43,973.14,975.28,350
2024-01-04T12:30:00.000Z,975.38,976.58,974.26,976.54,320
2024-01-04T12:45:00.000Z,976.59,976.59,973.75,974.1,485
2024-01-04T13:00:00.000Z,974.13,974.26,970.33,971.11,501
2024-01-04T13:15:00.000Z,971.1,973.83,969.84,971.63,416
2024-01-04T13:30:00.000Z,970.96,972.43,966.94,967.49,624
2024-01-04T13:45:00.000Z,967.38,968.9,967.04,967.07,368
2024-01-04T14:00:00.000Z,966.97,967.29,964.1,964.84,989
2024-01-04T14:15:00.000Z,964.94,966.07,962.13,962.45,603
2024-01-04T14:30:00.000Z,962.45,964.12,961.29,961.6,768
2024-01-04T14:45:00.000Z,961.57,963.18,959.78,962.32,1229
2024-01-04T15:00:00.000Z,962.2,965.1,961.95,965.08,953
2024-01-04T15:15:00.000Z,965.06,965.44,960.84,963.96,776
2024-01-04T15:30:00.000Z,964.19,965.86,963.65,964.67,630
2024-01-04T15:45:00.000Z,964.67,965.44,963.16,963.92,831
2024-01-04T16:00:00.000Z,963.95,964.81,961.39,961.39,875
2024-01-04T16:15:00.000Z,961.4,961.7,959.37,960.85,963
2024-01-04T16:30:00.000Z,960.92,961.31,959.46,960.19,932
2024-01-04T16:45:00.000Z,960.2,960.76,958.52,958.61,781
2024-01-04T17:00:00.000Z,958.46,959.45,957.77,957.82,614
2024-01-04T17:15:00.000Z,957.97,958.21,957.1,957.31,734
2024-01-04T17:30:00.000Z,957.33,957.54,956.15,956.5,789
2024-01-04T17:45:00.000Z,956.56,957.85,956.07,956.97,877
2024-01-04T18:00:00.000Z,957,957.35,955.81,956.28,711
2024-01-04T18:15:00.000Z,956.26,957.73,955.07,956.98,474
2024-01-04T18:30:00.000Z,957.07,957.86,956.91,957.21,369
2024-01-04T18:45:00.000Z,957.22,957.41,956.27,956.86,294
2024-01-04T19:00:00.000Z,956.88,957.47,956.26,956.29,258
2024-01-04T19:15:00.000Z,956.31,956.64,955.13,955.62,372
2024-01-04T19:30:00.000Z,955.52,956.13,955.1,955.76,324
2024-01-04T19:45:00.000Z,955.74,957.09,955.32,956.43,353
2024-01-04T20:00:00.000Z,956.47,957.43,955.98,957.23,282
2024-01-04T20:15:00.000Z,957.22,957.23,956.35,956.91,270
2024-01-04T20:30:00.000Z,956.89,957.83,956.67,956.92,265
2024-01-04T20:45:00.000Z,956.93,957.36,956.46,956.47,310
2024-01-04T21:00:00.000Z,956.58,957.12,956.55,956.86,179
2024-01-04T21:15:00.000Z,956.76,957.57,956.76,957.4,131
2024-01-04T21:30:00.000Z,955.37,956.57,955.13,956.33,183
2024-01-04T21:45:00.000Z,956.29,956.52,954.72,955.14,174
2024-01-04T23:00:00.000Z,953.01,957.86,953.01,957.62,376
2024-01-04T23:15:00.000Z,957.62,958.03,957.31,957.38,186
2024-01-04T23:30:00.000Z,957.37,957.41,956.51,957.26,161
2024-01-04T23:45:00.000Z,957.26,958.25,957.16,957.87,201
2024-01-05T00:00:00.000Z,957.87,957.87,956.67,957.55,204
2024-01-05T00:15:00.000Z,957.53,957.8,956.52,956.52,185
2024-01-05T00:30:00.000Z,956.51,958.1,956.45,957.46,200
2024-01-05T00:45:00.000Z,957.46,957.71,956.17,956.36,179
2024-01-05T01:00:00.000Z,956.31,959.58,956.31,959.12,446
2024-01-05T01:15:00.000Z,959.07,959.36,957.36,957.91,509
2024-01-05T01:30:00.000Z,957.91,959.16,957.26,958.41,548
2024-01-05T01:45:00.000Z,958.41,958.96,957.41,957.65,327
2024-01-05T02:00:00.000Z,957.65,958.23,957.06,957.98,315
2024-01-05T02:15:00.000Z,957.88,958.86,957.47,958.32,220
2024-01-05T02:30:00.000Z,958.38,958.38,955.92,955.96,266
2024-01-05T02:45:00.000Z,955.81,956,953.95,954.52,98
2024-01-05T03:00:00.000Z,954.47,954.8,953.48,953.64,86
2024-01-05T03:15:00.000Z,953.54,954.09,953.44,953.68,94
2024-01-05T03:30:00.000Z,953.59,953.9,953.11,953.48,70
2024-01-05T03:45:00.000Z,953.56,953.56,952.6,952.97,55
2024-01-05T04:00:00.000Z,952.94,953.05,952.64,952.88,54
2024-01-05T04:15:00.000Z,952.85,954.22,952.69,953.99,86
2024-01-05T04:30:00.000Z,953.96,954.36,953.57,953.57,77
2024-01-05T04:45:00.000Z,953.52,953.98,953.29,953.33,78
2024-01-05T05:00:00.000Z,953.44,953.45,952.68,953.04,34
2024-01-05T05:15:00.000Z,953.08,953.8,952.8,952.97,82
2024-01-05T05:30:00.000Z,953.24,953.9,952.4,953.28,101
2024-01-05T05:45:00.000Z,953.25,953.3,952.05,952.64,87
2024-01-05T06:00:00.000Z,952.85,953.34,952.02,952.45,106
2024-01-05T06:15:00.000Z,952.42,953.08,951.4,951.95,241
2024-01-05T06:30:00.000Z,951.75,951.88,949.73,950.03,113
2024-01-05T06:45:00.000Z,950.05,951.63,949.7,951.48,110
2024-01-05T07:00:00.000Z,951.52,954.32,951.06,954.18,140
2024-01-05T07:15:00.000Z,954.08,954.32,952.43,952.46,128
2024-01-05T07:30:00.000Z,952.43,953,951.51,951.51,119
2024-01-05T07:45:00.000Z,951.41,951.9,950.35,950.35,115
2024-01-05T08:00:00.000Z,950.42,951.36,949.58,949.81,306
2024-01-05T08:15:00.000Z,949.85,950.57,948.03,948.44,257
2024-01-05T08:30:00.000Z,948.26,949.21,947.46,947.83,192
2024-01-05T08:45:00.000Z,947.79,950.8,947.47,950.58,250
2024-01-05T09:00:00.000Z,950.3,950.39,948.67,949.74,427
2024-01-05T09:15:00.000Z,949.69,952.85,949.59,952.08,409
2024-01-05T09:30:00.000Z,952.04,952.36,950.62,950.89,357
2024-01-05T09:45:00.000Z,951.01,952.17,950.25,950.39,166
2024-01-05T10:00:00.000Z,950.27,953.57,949.84,953.17,185
2024-01-05T10:15:00.000Z,953.06,953.22,951.09,952.78,167
2024-01-05T10:30:00.000Z,952.73,952.94,951.13,951.2,117
2024-01-05T10:45:00.000Z,951.21,951.21,948.21,950.35,169
2024-01-05T11:00:00.000Z,950.21,951.93,950.13,950.51,113
2024-01-05T11:15:00.000Z,950.49,951.14,948.59,948.59,120
2024-01-05T11:30:00.000Z,948.74,951.75,948.42,951.47,155
2024-01-05T11:45:00.000Z,951.42,953.06,951.1,951.65,175
2024-01-05T12:00:00.000Z,951.77,952.49,950.2,950.42,267
2024-01-05T12:15:00.000Z,950.74,952.31,950.25,950.96,249
2024-01-05T12:30:00.000Z,950.91,951.26,949.56,951.26,129
2024-01-05T12:45:00.000Z,951.22,951.93,950.56,951.37,138
2024-01-05T13:00:00.000Z,951.29,951.62,948.72,950.95,396
2024-01-05T13:15:00.000Z,951.03,953.11,946.83,946.83,516
2024-01-05T13:30:00.000Z,946.14,950.86,943.49,950.54,2496
2024-01-05T13:45:00.000Z,950.5,956.49,946.94,954.14,2289
2024-01-05T14:00:00.000Z,954.21,961.78,954.1,957.65,1658
2024-01-05T14:15:00.000Z,957.76,964.71,957.54,963.43,616
2024-01-05T14:30:00.000Z,963.22,964.5,957.28,960.28,1599
2024-01-05T14:45:00.000Z,960.25,964.37,960.02,961.47,792
2024-01-05T15:00:00.000Z,963.21,969.96,962.23,966.76,1877
2024-01-05T15:15:00.000Z,967.04,967.81,963.83,964.2,741
2024-01-05T15:30:00.000Z,964.15,966.31,963.05,964.56,1057
2024-01-05T15:45:00.000Z,964.35,967,962.69,965.94,824
2024-01-05T16:00:00.000Z,965.95,967.38,963.18,967.05,1093
2024-01-05T16:15:00.000Z,967.05,967.81,962.58,962.88,1236
2024-01-05T16:30:00.000Z,962.75,964.58,961.63,961.83,1048
2024-01-05T16:45:00.000Z,961.84,963.65,961.69,962.82,1031
2024-01-05T17:00:00.000Z,962.58,962.67,959.12,961.52,1171
2024-01-05T17:15:00.000Z,961.45,962.63,960.54,960.95,858
2024-01-05T17:30:00.000Z,961.03,963.13,960.12,962.91,1008
2024-01-05T17:45:00.000Z,962.92,963.82,961.72,961.96,913
2024-01-05T18:00:00.000Z,961.95,962.86,960.25,961.37,932
2024-01-05T18:15:00.000Z,961.42,963.06,960.27,962.88,763
2024-01-05T18:30:00.000Z,962.88,964.61,962.57,963.4,808
2024-01-05T18:45:00.000Z,963.41,964.47,963.33,964.26,601
2024-01-05T19:00:00.000Z,964.33,965.95,964.33,965.58,592
2024-01-05T19:15:00.000Z,965.61,965.95,964.35,964.36,688
2024-01-05T19:30:00.000Z,964.38,965.54,963.3,963.65,572
2024-01-05T19:45:00.000Z,963.66,963.66,961.58,962.19,592
2024-01-05T20:00:00.000Z,962.16,962.22,961.42,962.08,477
2024-01-05T20:15:00.000Z,961.99,962.56,961.54,962.15,394
2024-01-05T20:30:00.000Z,962.12,962.65,961.78,962.43,382
2024-01-05T20:45:00.000Z,962.45,964.16,962.28,963.84,438
2024-01-05T21:00:00.000Z,963.9,963.91,961.86,962.18,108
2024-01-05T21:15:00.000Z,962.19,962.19,960.85,961.22,154
2024-01-05T21:30:00.000Z,961.63,962.56,961.43,962.56,174
2024-01-05T21:45:00.000Z,962.54,962.67,961.84,961.89,157
2024-01-07T23:00:00.000Z,957.45,960.52,957.27,959.96,136
2024-01-07T23:15:00.000Z,959.89,963.36,959.8,962.44,177
2024-01-07T23:30:00.000Z,962.44,963.04,960.93,962.76,354
2024-01-07T23:45:00.000Z,962.78,963.31,962.26,962.84,257
2024-01-08T00:00:00.000Z,962.81,964.17,962.53,963.69,220
2024-01-08T00:15:00.000Z,963.65,964.89,963.65,964.89,146
2024-01-08T00:30:00.000Z,964.94,964.94,964.17,964.61,145
2024-01-08T00:45:00.000Z,964.58,965.58,964.17,965.54,147
2024-01-08T01:00:00.000Z,965.53,966.99,964.7,966.4,350
2024-01-08T01:15:00.000Z,966.39,967.9,965.89,967.28,295
2024-01-08T01:30:00.000Z,967.15,967.63,966.05,966.35,371
2024-01-08T01:45:00.000Z,966.3,966.8,964.3,964.54,341
2024-01-08T02:00:00.000Z,964.56,964.64,962.63,962.73,314
2024-01-08T02:15:00.000Z,962.74,963.08,961.91,962.06,112
2024-01-08T02:30:00.000Z,962.04,962.28,961.82,962.03,95
2024-01-08T02:45:00.000Z,961.86,962.71,960.28,960.28,122
2024-01-08T03:00:00.000Z,960.34,961.01,959.7,960.8,84
2024-01-08T03:15:00.000Z,960.89,961.28,960.11,960.24,86
2024-01-08T03:30:00.000Z,960.15,960.18,958.2,958.75,106
2024-01-08T03:45:00.000Z,958.94,959.46,956.65,957.41,121
2024-01-08T04:00:00.000Z,957.39,957.92,956.28,956.82,102
2024-01-08T04:15:00.000Z,956.79,958.07,956.79,957.37,87
2024-01-08T04:30:00.000Z,957.27,958.12,957.2,957.4,93
2024-01-08T04:45:00.000Z,957.36,957.51,956.52,956.59,47
2024-01-08T05:00:00.000Z,956.61,957.66,956.57,957.17,91
2024-01-08T05:15:00.000Z,957.1,958.82,957.1,957.94,186
2024-01-08T05:30:00.000Z,957.84,958.01,955.18,956.07,534
2024-01-08T05:45:00.000Z,956.09,957.69,955.51,957.69,230
2024-01-08T06:00:00.000Z,957.68,959.14,956.9,958.42,329
2024-01-08T06:15:00.000Z,958.32,958.9,958,958.47,190
2024-01-08T06:30:00.000Z,958.42,958.72,957.89,958.47,294
2024-01-08T06:45:00.000Z,958.5,959.33,958.42,959.01,173
2024-01-08T07:00:00.000Z,958.78,960.36,958.56,959.72,135
2024-01-08T07:15:00.000Z,959.67,960.12,957.85,959.84,206
2024-01-08T07:30:00.000Z,959.91,960.06,957.91,958.72,220
2024-01-08T07:45:00.000Z,958.74,960.42,958.29,958.41,304
2024-01-08T08:00:00.000Z,958.38,958.62,954.32,955.05,239
2024-01-08T08:15:00.000Z,955,955.75,954.37,955.19,167
2024-01-08T08:30:00.000Z,955.22,956.1,954.27,954.32,169
2024-01-08T08:45:00.000Z,954.44,956.18,954,954.66,135
2024-01-08T09:00:00.000Z,954.67,957.57,954.5,956.83,461
2024-01-08T09:15:00.000Z,956.76,956.76,953.92,953.92,526
2024-01-08T09:30:00.000Z,953.92,954.61,952.83,954.51,208
2024-01-08T09:45:00.000Z,954.5,955.86,954.5,955.75,206
2024-01-08T10:00:00.000Z,955.68,956.09,953.17,953.65,160
2024-01-08T10:15:00.000Z,953.62,954.93,953.5,953.7,276
2024-01-08T10:30:00.000Z,953.79,954.5,953.33,953.59,128
2024-01-08T10:45:00.000Z,953.53,954.01,952.65,953.1,170
2024-01-08T11:00:00.000Z,953.1,953.21,951.26,953.1,172
2024-01-08T11:15:00.000Z,953.12,953.46,951.22,952.36,344
2024-01-08T11:30:00.000Z,952.37,952.79,951.29,951.72,290
2024-01-08T11:45:00.000Z,951.66,951.92,950.5,951.18,139
2024-01-08T12:00:00.000Z,951.12,954.05,950.43,953.99,167
2024-01-08T12:15:00.000Z,954,955.13,953.04,955.07,235
2024-01-08T12:30:00.000Z,955.04,955.14,954.03,954.28,325
2024-01-08T12:45:00.000Z,954.3,957.93,954.3,957.73,253
2024-01-08T13:00:00.000Z,957.76,957.83,953.19,953.19,801
2024-01-08T13:15:00.000Z,953.16,955.99,950.64,951.61,683
2024-01-08T13:30:00.000Z,951.69,952.71,950.07,952.46,1008
2024-01-08T13:45:00.000Z,952.34,952.34,948.74,948.95,622
2024-01-08T14:00:00.000Z,948.94,952.47,947.55,951.55,765
2024-01-08T14:15:00.000Z,951.5,951.72,947.76,949.31,571
2024-01-08T14:30:00.000Z,949.37,949.66,946.73,948.63,1071
2024-01-08T14:45:00.000Z,948.88,952.93,947.87,952.4,1520
2024-01-08T15:00:00.000Z,952.4,956.16,950.53,954.99,1338
2024-01-08T15:15:00.000Z,955.11,960.08,954.99,959.48,988
2024-01-08T15:30:00.000Z,959.45,961.49,957.66,959.05,1479
2024-01-08T15:45:00.000Z,959.14,960.67,957.87,959.9,1342
2024-01-08T16:00:00.000Z,959.88,961.15,957.52,960.35,1164
2024-01-08T16:15:00.000Z,960.08,960.08,955.28,955.49,1178
2024-01-08T16:30:00.000Z,955.63,956.44,953.45,955.54,682
2024-01-08T16:45:00.000Z,955.43,955.5,953.26,954.54,722
2024-01-08T17:00:00.000Z,954.29,955.34,953.14,954.15,819
2024-01-08T17:15:00.000Z,954.26,954.95,951.12,951.67,474
2024-01-08T17:30:00.000Z,951.6,951.67,949.18,949.47,576
2024-01-08T17:45:00.000Z,949.46,949.81,948.76,949.33,748
2024-01-08T18:00:00.000Z,949.13,950,949.07,949.48,541
2024-01-08T18:15:00.000Z,949.5,949.58,946.98,947.27,468
2024-01-08T18:30:00.000Z,947.25,947.72,946.34,947.34,419
2024-01-08T18:45:00.000Z,947.35,947.71,946.57,946.83,317
2024-01-08T19:00:00.000Z,946.76,947.68,946.7,947.49,265
2024-01-08T19:15:00.000Z,947.48,947.51,946.73,947.1,239
2024-01-08T19:30:00.000Z,947.09,947.58,946.65,947.58,279
2024-01-08T19:45:00.000Z,947.52,948.24,947.41,948,212
2024-01-08T20:00:00.000Z,948.01,948.12,945.41,945.41,283
2024-01-08T20:15:00.000Z,945.47,946.33,945.45,945.99,219
2024-01-08T20:30:00.000Z,945.91,947.53,945.58,947.2,252
2024-01-08T20:45:00.000Z,947.16,947.93,946.57,947.57,369
2024-01-08T21:00:00.000Z,947.65,948.22,947.19,947.39,207
2024-01-08T21:15:00.000Z,947.39,947.82,947.32,947.44,149
2024-01-08T21:30:00.000Z,945.93,946.24,945.21,945.32,178
2024-01-08T21:45:00.000Z,945.37,945.45,944.36,944.65,170
2024-01-08T23:00:00.000Z,945.12,947.5,944.63,947.07,245
2024-01-08T23:15:00.000Z,947.06,947.8,946.88,947.71,110
2024-01-08T23:30:00.000Z,947.76,948.39,947.34,947.74,143
2024-01-08T23:45:00.000Z,947.61,952.02,947.61,951.47,370
2024-01-09T00:00:00.000Z,951.5,953.51,951.39,953.51,131
2024-01-09T00:15:00.000Z,953.49,954.11,952.81,954.06,93
2024-01-09T00:30:00.000Z,954.24,955.08,953.93,954.41,267
2024-01-09T00:45:00.000Z,954.3,954.62,953.23,953.23,243
2024-01-09T01:00:00.000Z,953.29,953.63,952.02,952.35,576
2024-01-09T01:15:00.000Z,952.34,952.6,950.93,952.6,465
2024-01-09T01:30:00.000Z,952.63,952.88,951.23,951.82,602
2024-01-09T01:45:00.000Z,951.88,952.85,951.2,952.81,461
2024-01-09T02:00:00.000Z,952.9,953.92,952.01,952.42,489
2024-01-09T02:15:00.000Z,952.39,953.9,951.98,952.27,351
2024-01-09T02:30:00.000Z,952.29,952.3,951.32,951.45,316
2024-01-09T02:45:00.000Z,951.49,951.64,950.76,951.41,337
2024-01-09T03:00:00.000Z,951.44,952.45,951.07,952,375
2024-01-09T03:15:00.000Z,951.97,953.15,951.94,952.58,259
2024-01-09T03:30:00.000Z,952.6,952.81,951.73,952.04,246
2024-01-09T03:45:00.000Z,952,952.12,951.05,951.32,234
2024-01-09T04:00:00.000Z,951.35,951.47,950.56,950.89,249
2024-01-09T04:15:00.000Z,950.84,950.92,950.03,950.05,221
2024-01-09T04:30:00.000Z,950.05,950.61,949.8,950.09,176
2024-01-09T04:45:00.000Z,949.99,951.22,949.74,951.01,80
2024-01-09T05:00:00.000Z,950.98,951.3,950.54,950.54,101
2024-01-09T05:15:00.000Z,950.62,950.9,949.25,949.62,211
2024-01-09T05:30:00.000Z,949.6,950.33,948.94,949.53,368
2024-01-09T05:45:00.000Z,949.55,950.15,949.4,949.75,318
2024-01-09T06:00:00.000Z,949.79,950.34,949.05,949.43,121
2024-01-09T06:15:00.000Z,949.34,950.24,949.01,949.99,109
2024-01-09T06:30:00.000Z,949.96,950.32,949.04,950.26,139
2024-01-09T06:45:00.000Z,950.15,950.58,949.13,950.47,135
2024-01-09T07:00:00.000Z,950.53,951.43,949.42,950.44,133
2024-01-09T07:15:00.000Z,950.49,951.07,950.21,950.33,112
2024-01-09T07:30:00.000Z,950.38,951.83,950,951.12,115
2024-01-09T07:45:00.000Z,951.17,951.72,950.36,951.26,263
2024-01-09T08:00:00.000Z,951.26,954.5,949.93,950.11,893
2024-01-09T08:15:00.000Z,950.06,950.06,947.49,947.68,505
2024-01-09T08:30:00.000Z,947.78,949,947.38,948.32,325
2024-01-09T08:45:00.000Z,948.13,949.4,947.65,948.88,216
2024-01-09T09:00:00.000Z,948.92,951.6,947.17,947.19,558
2024-01-09T09:15:00.000Z,947.13,948.84,946.73,948.25,449
2024-01-09T09:30:00.000Z,948.47,951.59,948.45,950.32,587
2024-01-09T09:45:00.000Z,950.29,951.13,949.41,949.65,485
2024-01-09T10:00:00.000Z,949.65,949.65,948.1,948.43,339
2024-01-09T10:15:00.000Z,948.6,950.66,948.22,950.27,134
2024-01-09T10:30:00.000Z,950.3,950.62,948.01,948.23,150
2024-01-09T10:45:00.000Z,948.08,948.9,946.9,947.83,120
2024-01-09T11:00:00.000Z,947.88,947.98,943.34,943.87,138
2024-01-09T11:15:00.000Z,944.17,945.57,943.83,945.37,157
2024-01-09T11:30:00.000Z,945.72,945.84,943.14,944.89,114
2024-01-09T11:45:00.000Z,944.88,946.23,944.5,945.82,130
2024-01-09T12:00:00.000Z,945.85,946.94,945.17,945.74,127
2024-01-09T12:15:00.000Z,945.73,946.08,943.85,943.85,200
2024-01-09T12:30:00.000Z,943.85,945.31,943.77,944.38,357
2024-01-09T12:45:00.000Z,944.38,946.04,944.16,945.58,467
2024-01-09T13:00:00.000Z,945.68,945.84,941.68,943.37,619
2024-01-09T13:15:00.000Z,943.31,943.73,939.62,939.97,577
2024-01-09T13:30:00.000Z,940.05,943.88,939.31,941.6,743
2024-01-09T13:45:00.000Z,941.72,942.41,940.58,941.37,909
2024-01-09T14:00:00.000Z,941.27,941.98,938.32,939.93,616
2024-01-09T14:15:00.000Z,939.87,945.44,939.85,945.11,624
2024-01-09T14:30:00.000Z,945.08,947.26,940.37,941.44,1667
2024-01-09T14:45:00.000Z,941.41,942.63,940.11,940.97,1481
2024-01-09T15:00:00.000Z,940.96,941.37,936.73,937.04,1186
2024-01-09T15:15:00.000Z,937.09,940.5,937,940.35,961
2024-01-09T15:30:00.000Z,940.38,940.71,938.46,938.75,1091
2024-01-09T15:45:00.000Z,938.53,938.82,936.49,936.93,761
2024-01-09T16:00:00.000Z,936.81,937.04,934.89,935.52,335
2024-01-09T16:15:00.000Z,935.5,938.74,934.95,936.94,773
2024-01-09T16:30:00.000Z,937.05,937.75,935.24,935.36,834
2024-01-09T16:45:00.000Z,935.36,936.83,935.14,935.5,560
2024-01-09T17:00:00.000Z,935.27,936.45,934.81,935.16,248
2024-01-09T17:15:00.000Z,935.29,937.05,934.83,937.05,186
2024-01-09T17:30:00.000Z,936.95,936.95,934.52,935.81,210
2024-01-09T17:45:00.000Z,935.86,936.67,933.96,934.91,232
2024-01-09T18:00:00.000Z,934.81,935.98,933.72,935.03,458
2024-01-09T18:15:00.000Z,934.98,935.22,933.71,935.03,212
2024-01-09T18:30:00.000Z,935.11,935.19,933.98,934.08,127
2024-01-09T18:45:00.000Z,934,935.11,933.91,935.08,134
2024-01-09T19:00:00.000Z,934.98,935.38,934.79,934.84,92
2024-01-09T19:15:00.000Z,934.79,935.08,933.74,933.93,104
2024-01-09T19:30:00.000Z,934.13,934.28,933.01,933.72,132
2024-01-09T19:45:00.000Z,933.69,934.78,933.68,934.72,138
2024-01-09T20:00:00.000Z,934.74,935.47,934.45,934.77,190
2024-01-09T20:15:00.000Z,934.75,935.23,934.55,934.71,128
2024-01-09T20:30:00.000Z,934.74,934.9,933.96,934.01,104
2024-01-09T20:45:00.000Z,934.04,934.04,932.89,933.15,106
2024-01-09T21:00:00.000Z,933.07,933.9,933,933.5,64
2024-01-09T21:15:00.000Z,933.54,933.89,933.35,933.39,50
2024-01-09T21:30:00.000Z,932.8,933.25,932.76,933,136
2024-01-09T21:45:00.000Z,933.01,933.37,931.82,931.93,153
2024-01-09T23:00:00.000Z,930.15,934.65,930.14,933.93,263
2024-01-09T23:15:00.000Z,933.95,934.74,933.62,934.08,134
2024-01-09T23:30:00.000Z,934.18,935.2,933.46,935.02,268
2024-01-09T23:45:00.000Z,935.08,936.32,934.3,935.98,287
2024-01-10T00:00:00.000Z,935.8,936.13,935.52,935.63,176
2024-01-10T00:15:00.000Z,935.73,936.03,934.68,934.84,147
2024-01-10T00:30:00.000Z,934.89,935.81,934.47,934.49,214
2024-01-10T00:45:00.000Z,934.53,935.83,934.42,935.42,239
2024-01-10T01:00:00.000Z,935.47,936.08,934.94,935.38,465
2024-01-10T01:15:00.000Z,935.38,936.78,935.18,935.73,474
2024-01-10T01:30:00.000Z,935.64,936.93,935.24,936.25,459
2024-01-10T01:45:00.000Z,936.25,937.09,935.45,937.09,489
2024-01-10T02:00:00.000Z,937.09,937.68,936.44,937.68,406
2024-01-10T02:15:00.000Z,937.68,938.48,936.89,936.89,435
2024-01-10T02:30:00.000Z,936.69,937.16,936.07,936.41,330
2024-01-10T02:45:00.000Z,936.41,937.19,935.89,936.44,373
2024-01-10T03:00:00.000Z,936.39,936.68,934.89,934.89,310
2024-01-10T03:15:00.000Z,934.89,936.04,934.84,935.38,335
2024-01-10T03:30:00.000Z,935.38,935.94,934.62,934.89,251
2024-01-10T03:45:00.000Z,934.89,935.58,934.79,935.39,352
2024-01-10T04:00:00.000Z,935.38,935.94,935.04,935.85,306
2024-01-10T04:15:00.000Z,935.85,936.54,935.64,936.28,189
2024-01-10T04:30:00.000Z,936.28,936.88,936.04,936.65,332
2024-01-10T04:45:00.000Z,936.6,937.08,935.84,935.85,201
2024-01-10T05:00:00.000Z,935.84,935.99,934.95,935.08,330
2024-01-10T05:15:00.000Z,935.08,935.49,934.63,934.93,331
2024-01-10T05:30:00.000Z,934.94,935.36,933,933.02,139
2024-01-10T05:45:00.000Z,933.06,933.16,931.97,932.75,179
2024-01-10T06:00:00.000Z,932.66,932.77,931.57,932.17,141
2024-01-10T06:15:00.000Z,932.26,933.19,931.89,933.08,103
2024-01-10T06:30:00.000Z,933.11,933.13,931.46,931.48,100
2024-01-10T06:45:00.000Z,931.43,931.8,930.34,930.74,109
2024-01-10T07:00:00.000Z,930.94,931.47,930.65,931.45,88
2024-01-10T07:15:00.000Z,931.42,932.94,931.05,932.78,206
2024-01-10T07:30:00.000Z,932.63,933.53,932.02,933.13,173
2024-01-10T07:45:00.000Z,933.23,934.36,932.62,932.62,134
2024-01-10T08:00:00.000Z,932.75,933.16,930.81,931.21,237
2024-01-10T08:15:00.000Z,931.39,935.13,931.06,934.95,198
2024-01-10T08:30:00.000Z,935.05,935.05,931.43,932.61,179
2024-01-10T08:45:00.000Z,932.66,934.9,932.66,934.71,199
2024-01-10T09:00:00.000Z,934.62,937.02,934.01,936.74,423
2024-01-10T09:15:00.000Z,936.82,939.05,936.33,938.61,496
2024-01-10T09:30:00.000Z,938.46,938.46,935.42,936.82,625
2024-01-10T09:45:00.000Z,936.82,939.41,936.75,938.98,446
2024-01-10T10:00:00.000Z,938.93,940.12,938.25,938.25,499
2024-01-10T10:15:00.000Z,938.25,938.59,936.82,937.47,274
2024-01-10T10:30:00.000Z,937.34,937.39,933.77,933.84,117
2024-01-10T10:45:00.000Z,933.99,934.69,931.51,931.87,133
2024-01-10T11:00:00.000Z,931.75,932.73,930.97,931.67,168
2024-01-10T11:15:00.000Z,931.69,931.73,930.3,930.72,120
2024-01-10T11:30:00.000Z,930.7,931.44,929.92,931.3,105
2024-01-10T11:45:00.000Z,931.28,931.7,930.55,931.24,85
2024-01-10T12:00:00.000Z,931.23,931.96,930.11,930.96,108
2024-01-10T12:15:00.000Z,930.93,932.18,930.43,931.86,117
2024-01-10T12:30:00.000Z,931.91,932.08,929.31,929.98,139
2024-01-10T12:45:00.000Z,929.88,929.93,928.09,928.77,144
2024-01-10T13:00:00.000Z,928.75,932.14,927.87,932.01,265
2024-01-10T13:15:00.000Z,932.02,933.35,930.68,931.08,374
2024-01-10T13:30:00.000Z,930.87,931.39,928.15,928.71,343
2024-01-10T13:45:00.000Z,928.51,929.29,927.54,927.6,237
2024-01-10T14:00:00.000Z,927.66,928.51,926.77,928.41,444
2024-01-10T14:15:00.000Z,928.39,928.58,925,925.34,612
2024-01-10T14:30:00.000Z,925.7,926.46,921.8,923.34,749
2024-01-10T14:45:00.000Z,923.4,923.4,918.95,922.04,775
2024-01-10T15:00:00.000Z,921.97,922.63,919.45,920.31,1248
2024-01-10T15:15:00.000Z,920.36,920.91,918.07,920.91,681
2024-01-10T15:30:00.000Z,920.7,925.2,920.22,924.85,893
2024-01-10T15:45:00.000Z,924.79,924.79,921.65,923.5,533
2024-01-10T16:00:00.000Z,923.6,923.65,920.37,920.37,282
2024-01-10T16:15:00.000Z,920.3,920.36,918.38,919.19,583
2024-01-10T16:30:00.000Z,919.17,920.27,918.44,920.05,736
2024-01-10T16:45:00.000Z,920,921.23,919.85,920.78,801
2024-01-10T17:00:00.000Z,920.68,921,919.69,920.91,777
2024-01-10T17:15:00.000Z,920.77,921.46,918.92,919.25,732
2024-01-10T17:30:00.000Z,919.34,919.87,918.67,919.81,689
2024-01-10T17:45:00.000Z,919.83,920.87,919.37,920.05,553
2024-01-10T18:00:00.000Z,920.04,921.66,919.45,920.05,773
2024-01-10T18:15:00.000Z,920.06,920.34,919.6,919.95,493
2024-01-10T18:30:00.000Z,919.95,920.35,919.63,919.76,358
2024-01-10T18:45:00.000Z,919.79,920.38,919.72,920.14,164
2024-01-10T19:00:00.000Z,920.07,920.51,919.45,920.26,198
2024-01-10T19:15:00.000Z,920.27,920.73,919.57,920.59,312
2024-01-10T19:30:00.000Z,920.63,920.96,920.04,920.72,268
2024-01-10T19:45:00.000Z,920.73,920.96,920.29,920.94,234
2024-01-10T20:00:00.000Z,920.95,921.86,920.43,920.82,215
2024-01-10T20:15:00.000Z,920.72,921.62,919.64,919.91,604
2024-01-10T20:30:00.000Z,919.91,920.97,919.79,920.83,398
2024-01-10T20:45:00.000Z,920.86,921.2,919.9,921.03,375
2024-01-10T21:00:00.000Z,921.05,921.06,920.32,920.34,143
2024-01-10T21:15:00.000Z,920.37,920.74,920.22,920.39,44
2024-01-10T21:30:00.000Z,920.14,920.14,918.79,919.08,235
2024-01-10T21:45:00.000Z,918.99,920.75,918.84,920.62,282
2024-01-10T23:00:00.000Z,918.41,920.47,918.41,920.47,167
2024-01-10T23:15:00.000Z,920.69,921.19,920.49,920.94,47
2024-01-10T23:30:00.000Z,920.97,921.02,919.94,920.47,69
2024-01-10T23:45:00.000Z,920.54,922.24,920.44,922.24,65
2024-01-11T00:00:00.000Z,922.29,922.42,921.77,921.97,53
2024-01-11T00:15:00.000Z,922.02,922.22,921.24,922.22,74
2024-01-11T00:30:00.000Z,922.19,922.39,921.69,922.14,56
2024-01-11T00:45:00.000Z,922.19,923.12,921.99,922.97,68
2024-01-11T01:00:00.000Z,922.94,923.99,922.84,923.19,96
2024-01-11T01:15:00.000Z,923.22,924.67,923.02,924.2,107
2024-01-11T01:30:00.000Z,924.03,924.2,923.42,924.06,89
2024-01-11T01:45:00.000Z,923.99,925.26,923.99,924.08,128
2024-01-11T02:00:00.000Z,924.12,924.77,922.95,924.6,111
2024-01-11T02:15:00.000Z,924.67,925.59,924.09,924.17,118
2024-01-11T02:30:00.000Z,924.14,924.44,921.97,922.36,184
2024-01-11T02:45:00.000Z,922.35,922.53,921.73,921.73,328
2024-01-11T03:00:00.000Z,921.78,922.03,921.32,921.94,196
2024-01-11T03:15:00.000Z,921.9,923.28,921.77,922.86,92
2024-01-11T03:30:00.000Z,922.75,923.47,922.62,923.27,94
2024-01-11T03:45:00.000Z,923.47,924.29,923,924.23,87
2024-01-11T04:00:00.000Z,924.2,925.16,924.12,924.62,77
2024-01-11T04:15:00.000Z,924.63,924.88,924.03,924.48,163
2024-01-11T04:30:00.000Z,924.44,924.44,923.62,924.16,152
2024-01-11T04:45:00.000Z,924.09,924.46,924.04,924.35,55
2024-01-11T05:00:00.000Z,924.24,926,924.05,925.9,117
2024-01-11T05:15:00.000Z,925.98,926.57,925.82,926.26,122
2024-01-11T05:30:00.000Z,926.25,926.53,925.5,926.03,244
2024-01-11T05:45:00.000Z,926.28,926.83,926.09,926.46,236
2024-01-11T06:00:00.000Z,926.5,926.52,925.19,925.9,286
2024-01-11T06:15:00.000Z,926.03,927.01,925.39,926.28,335
2024-01-11T06:30:00.000Z,926.26,926.8,925.63,925.87,410
2024-01-11T06:45:00.000Z,925.9,925.9,925.24,925.48,324
2024-01-11T07:00:00.000Z,925.68,926.62,925.29,926.07,351
2024-01-11T07:15:00.000Z,926.03,927.47,925.84,927.31,266
2024-01-11T07:30:00.000Z,927.27,927.4,925.83,926.52,350
2024-01-11T07:45:00.000Z,926.51,926.63,924.88,925.3,289
2024-01-11T08:00:00.000Z,925.24,925.26,922.71,924.45,486
2024-01-11T08:15:00.000Z,924.5,927.91,924.44,926.18,375
2024-01-11T08:30:00.000Z,926.6,926.83,925.16,926.45,284
2024-01-11T08:45:00.000Z,926.42,927.73,926.08,926.33,354
2024-01-11T09:00:00.000Z,926.28,926.43,924.93,926.18,358
2024-01-11T09:15:00.000Z,926.18,926.87,925.38,926.53,345
2024-01-11T09:30:00.000Z,926.47,926.47,925.06,925.71,366
2024-01-11T09:45:00.000Z,925.74,926.64,925.45,926.14,359
2024-01-11T10:00:00.000Z,926.16,926.16,924.27,925.47,364
2024-01-11T10:15:00.000Z,925.44,926.75,924.9,925.78,283
2024-01-11T10:30:00.000Z,925.84,926.06,924.71,925.3,305
2024-01-11T10:45:00.000Z,925.39,927.01,925.27,926.13,169
2024-01-11T11:00:00.000Z,926.25,926.43,925.29,926.1,255
2024-01-11T11:15:00.000Z,926.1,928.54,925.87,928.23,247
2024-01-11T11:30:00.000Z,928.15,928.2,926.65,927.5,303
2024-01-11T11:45:00.000Z,927.49,927.72,926.8,927.49,150
2024-01-11T12:00:00.000Z,927.55,927.86,926.25,926.39,352
2024-01-11T12:15:00.000Z,926.37,926.45,925.35,925.84,339
2024-01-11T12:30:00.000Z,925.85,927.68,925.71,927.51,315
2024-01-11T12:45:00.000Z,927.51,928.01,926.18,926.75,235
2024-01-11T13:00:00.000Z,926.87,930.89,926.87,927.89,299
2024-01-11T13:15:00.000Z,928.11,932.95,928.05,930.24,401
2024-01-11T13:30:00.000Z,930.42,930.62,923.18,925.21,1895
2024-01-11T13:45:00.000Z,925.17,928.36,921.85,922.32,1301
2024-01-11T14:00:00.000Z,922.41,923.16,920.73,922.21,1476
2024-01-11T14:15:00.000Z,922.18,925.23,922.01,923.93,1478
2024-01-11T14:30:00.000Z,923.97,927.21,922.44,922.44,1797
2024-01-11T14:45:00.000Z,922.38,923.7,919.24,921.73,1856
2024-01-11T15:00:00.000Z,921.81,921.82,916.62,916.81,1260
2024-01-11T15:15:00.000Z,916.88,921.87,916.2,920.59,679
2024-01-11T15:30:00.000Z,920.62,922.42,919.02,920.6,1593
2024-01-11T15:45:00.000Z,920.62,920.76,916.74,916.74,984
2024-01-11T16:00:00.000Z,916.71,916.81,914.2,914.35,309
2024-01-11T16:15:00.000Z,914.3,915.62,913.63,914.58,886
2024-01-11T16:30:00.000Z,914.53,914.55,911.35,911.72,1062
2024-01-11T16:45:00.000Z,911.74,914.42,911.74,912.57,661
2024-01-11T17:00:00.000Z,912.42,913.54,911.39,912.36,250
2024-01-11T17:15:00.000Z,912.31,912.82,911.01,911.38,253
2024-01-11T17:30:00.000Z,911.26,911.96,910.56,911.91,189
2024-01-11T17:45:00.000Z,911.92,913.19,911.44,911.94,425
2024-01-11T18:00:00.000Z,912.02,913.48,911.62,913.42,1022
2024-01-11T18:15:00.000Z,913.42,913.77,912.79,913.03,584
2024-01-11T18:30:00.000Z,913.09,913.27,911.93,912.05,525
2024-01-11T18:45:00.000Z,912.06,913.44,911.55,913.41,512
2024-01-11T19:00:00.000Z,913.44,915.54,913.44,915.54,520
2024-01-11T19:15:00.000Z,915.53,917.11,914.84,916.95,572
2024-01-11T19:30:00.000Z,916.98,917.67,916.44,917.17,607
2024-01-11T19:45:00.000Z,917.17,918.84,917.17,918.5,534
2024-01-11T20:00:00.000Z,918.53,918.65,916.67,917.49,160
2024-01-11T20:15:00.000Z,917.32,918.33,916.55,917.86,196
2024-01-11T20:30:00.000Z,917.73,918.33,917.73,918.24,138
2024-01-11T20:45:00.000Z,918.24,918.35,917.13,917.35,219
2024-01-11T21:00:00.000Z,917.37,917.92,917.32,917.77,98
2024-01-11T21:15:00.000Z,917.79,918.18,917.68,917.92,108
2024-01-11T21:30:00.000Z,918.1,918.2,917.5,917.6,156
2024-01-11T21:45:00.000Z,917.6,917.6,916.39,916.78,160
2024-01-11T23:00:00.000Z,914.54,919.03,914.51,918.95,393
2024-01-11T23:15:00.000Z,918.87,920.15,918.87,919.4,88
2024-01-11T23:30:00.000Z,919.39,920.29,918.94,920.15,96
2024-01-11T23:45:00.000Z,920.18,921.29,920.17,921.29,100
2024-01-12T00:00:00.000Z,921.39,921.74,919.74,919.76,240
2024-01-12T00:15:00.000Z,919.74,920.2,919.52,919.74,226
2024-01-12T00:30:00.000Z,919.75,920,919.09,919.49,226
2024-01-12T00:45:00.000Z,919.62,920.14,919.41,919.52,302
2024-01-12T01:00:00.000Z,919.55,920.73,918.93,920.34,597
2024-01-12T01:15:00.000Z,920.44,920.44,919.33,920.3,456
2024-01-12T01:30:00.000Z,920.18,921.75,919.75,921.24,726
2024-01-12T01:45:00.000Z,921.25,921.6,920.6,921.28,561
2024-01-12T02:00:00.000Z,921.3,922.27,920.54,921.29,511
2024-01-12T02:15:00.000Z,921.34,921.48,920.2,921.27,345
2024-01-12T02:30:00.000Z,921.29,921.41,920.26,921.17,370
2024-01-12T02:45:00.000Z,921.19,921.68,920.76,920.76,312
2024-01-12T03:00:00.000Z,920.76,922,920.53,921.82,364
2024-01-12T03:15:00.000Z,921.83,921.93,921.24,921.75,345
2024-01-12T03:30:00.000Z,921.66,921.73,920.64,921.52,387
2024-01-12T03:45:00.000Z,921.5,921.52,920.91,921.06,267
2024-01-12T04:00:00.000Z,921.05,921.06,919.85,919.85,281
2024-01-12T04:15:00.000Z,919.85,920.34,919.67,920.15,222
2024-01-12T04:30:00.000Z,920.13,920.71,919.68,920.64,192
2024-01-12T04:45:00.000Z,920.62,921.43,920.62,921.43,172
2024-01-12T05:00:00.000Z,921.45,921.71,920.86,921.1,347
2024-01-12T05:15:00.000Z,921.09,921.14,920.28,920.39,241
2024-01-12T05:30:00.000Z,920.38,920.7,918.73,918.82,279
2024-01-12T05:45:00.000Z,918.79,919.54,918.26,919.29,320
2024-01-12T06:00:00.000Z,919.29,920.93,919.26,920.88,339
2024-01-12T06:15:00.000Z,920.97,921,919.51,919.64,252
2024-01-12T06:30:00.000Z,919.65,920.14,919.27,919.72,250
2024-01-12T06:45:00.000Z,919.73,921.07,919.41,919.6,341
2024-01-12T07:00:00.000Z,919.64,920.19,918.37,919.63,487
2024-01-12T07:15:00.000Z,919.67,920.49,919.23,920.14,396
2024-01-12T07:30:00.000Z,920.22,920.92,917.98,918.61,518
2024-01-12T07:45:00.000Z,918.69,921.52,918.1,920.4,462
2024-01-12T08:00:00.000Z,920.35,924.42,919.54,924.2,758
2024-01-12T08:15:00.000Z,924.17,924.96,923.13,923.52,640
2024-01-12T08:30:00.000Z,923.47,923.97,919.96,920.31,691
2024-01-12T08:45:00.000Z,920.31,923.34,919.51,922.29,548
2024-01-12T09:00:00.000Z,922.31,923.33,921.23,922.98,531
2024-01-12T09:15:00.000Z,922.93,923.54,922.73,923.3,457
2024-01-12T09:30:00.000Z,923.3,923.42,921.45,923.34,547
2024-01-12T09:45:00.000Z,923.42,925.99,922.17,924.44,356
2024-01-12T10:00:00.000Z,924.49,926.77,924.17,925.83,160
2024-01-12T10:15:00.000Z,925.7,929.73,925.5,928.77,263
2024-01-12T10:30:00.000Z,928.79,929.03,924.82,925.63,183
2024-01-12T10:45:00.000Z,925.66,928.61,925.25,928.6,160
2024-01-12T11:00:00.000Z,928.61,928.93,926.51,926.51,295
2024-01-12T11:15:00.000Z,926.48,928.3,925.2,926.69,160
2024-01-12T11:30:00.000Z,926.34,927.09,924.64,925.07,147
2024-01-12T11:45:00.000Z,924.99,925.04,922.84,923.74,151
2024-01-12T12:00:00.000Z,923.97,925.82,923.57,924.94,179
2024-01-12T12:15:00.000Z,924.84,927.04,923.89,925.97,135
2024-01-12T12:30:00.000Z,926.29,927.14,924.84,925.02,121
2024-01-12T12:45:00.000Z,924.89,925.32,923.64,923.69,134
2024-01-12T13:00:00.000Z,923.79,923.82,921.49,921.94,271
2024-01-12T13:15:00.000Z,922.17,923.99,921.02,921.83,247
2024-01-12T13:30:00.000Z,921.84,929.7,921.84,928.78,1029
2024-01-12T13:45:00.000Z,928.85,930.2,926.61,930.19,475
2024-01-12T14:00:00.000Z,930.51,931.14,927.09,928.36,555
2024-01-12T14:15:00.000Z,928.26,935.09,927.75,934.97,334
2024-01-12T14:30:00.000Z,934.82,937.6,934.69,937.57,591
2024-01-12T14:45:00.000Z,937.45,937.9,933.16,933.42,1214
2024-01-12T15:00:00.000Z,933.88,934.38,930.76,932.26,1766
2024-01-12T15:15:00.000Z,932.25,933.15,926.76,927.84,1613
2024-01-12T15:30:00.000Z,927.87,929.03,924.01,925.25,1232
2024-01-12T15:45:00.000Z,925.26,925.77,922.87,924.72,1234
2024-01-12T16:00:00.000Z,924.68,924.73,921.82,922.48,1127
2024-01-12T16:15:00.000Z,922.46,923.26,921.39,922,864
2024-01-12T16:30:00.000Z,922.01,922.11,917.98,918.21,1014
2024-01-12T16:45:00.000Z,918.18,918.47,916.41,916.65,1037
2024-01-12T17:00:00.000Z,916.43,916.92,913.47,915.92,986
2024-01-12T17:15:00.000Z,915.98,917.03,914.26,914.78,992
2024-01-12T17:30:00.000Z,914.81,914.9,913.01,914.17,976
2024-01-12T17:45:00.000Z,914.14,915.91,912.51,914.21,777
2024-01-12T18:00:00.000Z,914.17,914.6,912.88,913.44,850
2024-01-12T18:15:00.000Z,913.41,914.71,913.2,913.26,626
2024-01-12T18:30:00.000Z,913.31,913.39,911.44,912.28,535
2024-01-12T18:45:00.000Z,912.28,912.85,911.95,912.52,424
2024-01-12T19:00:00.000Z,912.48,913.09,912.14,913.09,306
2024-01-12T19:15:00.000Z,913.08,913.21,911.94,911.99,352
2024-01-12T19:30:00.000Z,912,912.21,911.2,911.28,366
2024-01-12T19:45:00.000Z,911.29,911.61,909.37,910.01,427
2024-01-12T20:00:00.000Z,909.96,910.27,909.08,909.36,288
2024-01-12T20:15:00.000Z,909.3,909.3,907.76,908.18,309
2024-01-12T20:30:00.000Z,908.18,908.43,907.55,907.75,221
2024-01-12T20:45:00.000Z,907.8,907.9,907,907.55,252
2024-01-12T21:00:00.000Z,907.55,908,906.95,906.99,189
2024-01-12T21:15:00.000Z,907.05,908.75,907.05,908.75,144
2024-01-12T21:30:00.000Z,908.75,909.45,908.75,909.4,153
2024-01-12T21:45:00.000Z,909.5,909.68,908.88,908.99,169
2024-01-14T23:00:00.000Z,907.42,909.68,905.97,909.53,526
2024-01-14T23:15:00.000Z,909.53,910.02,909.3,909.43,204
2024-01-14T23:30:00.000Z,909.44,910.53,909.41,910.15,340
2024-01-14T23:45:00.000Z,910.12,911.73,909.49,910.63,465
2024-01-15T00:00:00.000Z,910.73,911.78,909.7,911.78,362
2024-01-15T00:15:00.000Z,911.78,912.03,911.08,911.68,269
2024-01-15T00:30:00.000Z,911.68,912.38,911.23,911.88,321
2024-01-15T00:45:00.000Z,911.93,912.68,910.93,912.28,334
2024-01-15T01:00:00.000Z,912.18,914.33,911.93,912.88,459
2024-01-15T01:15:00.000Z,912.98,914.03,912.64,913.23,518
2024-01-15T01:30:00.000Z,913.13,914.18,912.78,913.98,483
2024-01-15T01:45:00.000Z,913.88,914.93,913.38,914.78,413
2024-01-15T02:00:00.000Z,914.83,915.96,914.68,915.56,491
2024-01-15T02:15:00.000Z,915.57,917.57,915.41,917.14,513
2024-01-15T02:30:00.000Z,917.14,917.48,916.25,916.57,479
2024-01-15T02:45:00.000Z,916.58,917.27,916.17,916.6,528
2024-01-15T03:00:00.000Z,916.6,916.61,915.17,915.17,330
2024-01-15T03:15:00.000Z,915.17,915.91,915.08,915.55,312
2024-01-15T03:30:00.000Z,915.6,916.18,915.18,916,302
2024-01-15T03:45:00.000Z,916.03,917.65,915.53,917.56,364
2024-01-15T04:00:00.000Z,917.61,917.61,915.71,916.52,312
2024-01-15T04:15:00.000Z,916.52,917.15,916.13,916.18,390
2024-01-15T04:30:00.000Z,916.18,916.95,915.73,916.38,299
2024-01-15T04:45:00.000Z,916.27,916.93,915.73,915.98,221
2024-01-15T05:00:00.000Z,916.06,916.13,914.32,915.93,329
2024-01-15T05:15:00.000Z,915.9,916.12,915.39,915.86,287
2024-01-15T05:30:00.000Z,915.87,915.88,915.2,915.57,268
2024-01-15T05:45:00.000Z,915.59,915.91,914.85,915.47,280
2024-01-15T06:00:00.000Z,915.53,915.92,914.65,915.82,297
2024-01-15T06:15:00.000Z,915.84,916.46,915.38,915.9,264
2024-01-15T06:30:00.000Z,915.95,916.19,915.29,915.75,233
2024-01-15T06:45:00.000Z,915.75,915.92,915.41,915.78,245
2024-01-15T07:00:00.000Z,915.72,916.11,915.05,915.62,333
2024-01-15T07:15:00.000Z,915.62,915.99,914.72,915.74,350
2024-01-15T07:30:00.000Z,915.71,916.08,913.91,914.72,454
2024-01-15T07:45:00.000Z,914.67,915.24,914,914.65,312
2024-01-15T08:00:00.000Z,914.61,916.3,914.11,916.08,469
2024-01-15T08:15:00.000Z,916.09,918.7,915.28,918.57,414
2024-01-15T08:30:00.000Z,918.57,918.57,916.04,917.39,551
2024-01-15T08:45:00.000Z,917.37,919.82,916.82,917.2,442
2024-01-15T09:00:00.000Z,917.08,918.99,916.04,918.96,450
2024-01-15T09:15:00.000Z,919.03,919.62,917.76,918.19,204
2024-01-15T09:30:00.000Z,918.16,918.6,915.88,916.01,211
2024-01-15T09:45:00.000Z,915.93,916.64,914.71,915.79,255
2024-01-15T10:00:00.000Z,915.78,915.95,914.49,914.62,503
2024-01-15T10:15:00.000Z,914.64,915.35,914.05,914.74,261
2024-01-15T10:30:00.000Z,914.76,915.85,914.19,915,115
2024-01-15T10:45:00.000Z,914.98,915.94,914.22,915.94,129
2024-01-15T11:00:00.000Z,916.01,916.88,915.6,916.43,135
2024-01-15T11:15:00.000Z,916.4,917.88,915.99,917.87,152
2024-01-15T11:30:00.000Z,917.85,918.24,916.53,917.87,347
2024-01-15T11:45:00.000Z,917.88,917.88,916.4,916.57,203
2024-01-15T12:00:00.000Z,916.52,916.8,915.63,915.84,405
2024-01-15T12:15:00.000Z,915.85,916.55,915.46,916.1,308
2024-01-15T12:30:00.000Z,916.13,916.14,914.48,914.49,430
2024-01-15T12:45:00.000Z,914.43,916.49,914.33,915.64,366
2024-01-15T13:00:00.000Z,915.66,915.96,912.32,913.49,512
2024-01-15T13:15:00.000Z,913.38,915.04,913.04,914.41,447
2024-01-15T13:30:00.000Z,914.27,915.25,912.73,914.12,522
2024-01-15T13:45:00.000Z,914.09,914.71,913.05,913.46,359
2024-01-15T14:00:00.000Z,913.44,915.65,912.74,914.94,289
2024-01-15T14:15:00.000Z,914.91,915.39,912.72,913.03,252
2024-01-15T14:30:00.000Z,913.14,914.06,911.66,913.58,612
2024-01-15T14:45:00.000Z,913.43,915.47,911.74,914.55,464
2024-01-15T15:00:00.000Z,914.55,916.68,913.97,916.04,582
2024-01-15T15:15:00.000Z,916.06,917,912.47,913.48,464
2024-01-15T15:30:00.000Z,913.4,913.4,912.36,912.69,404
2024-01-15T15:45:00.000Z,912.66,914.43,912.63,913.97,453
2024-01-15T16:00:00.000Z,913.96,914.37,913.37,913.63,391
2024-01-15T16:15:00.000Z,913.65,915.47,913.64,914.64,347
2024-01-15T16:30:00.000Z,914.6,914.67,912.31,912.41,392
2024-01-15T16:45:00.000Z,912.48,912.65,911.55,912.15,314
2024-01-15T17:00:00.000Z,912.12,913.83,912.05,913.32,304
2024-01-15T17:15:00.000Z,913.32,914.54,913.3,914.33,243
2024-01-15T17:30:00.000Z,914.28,916.21,914.1,915.35,228
2024-01-15T17:45:00.000Z,915.33,915.52,913.67,914.69,287
2024-01-15T18:00:00.000Z,914.76,915.36,914.43,915.35,142
2024-01-15T18:15:00.000Z,915.31,915.31,913.72,913.72,63
2024-01-15T18:30:00.000Z,913.57,914.75,913.57,914.49,94
2024-01-15T18:45:00.000Z,914.49,915.49,914.47,915.09,88
2024-01-15T19:00:00.000Z,914.99,914.99,914.46,914.52,57
2024-01-15T19:15:00.000Z,914.54,915.67,914.41,915.45,94
2024-01-15T20:30:00.000Z,914.05,914.05,914.05,914.05,1
2024-01-15T21:45:00.000Z,914.09,914.09,914.09,914.09,1
2024-01-15T23:00:00.000Z,913.41,915.55,912.71,915.49,206
2024-01-15T23:15:00.000Z,915.77,916.16,915.42,915.82,73
2024-01-15T23:30:00.000Z,915.72,915.85,914.19,914.36,126
2024-01-15T23:45:00.000Z,914.08,915.34,913.73,914.84,228
2024-01-16T00:00:00.000Z,915.03,915.36,914.06,915.16,151
2024-01-16T00:15:00.000Z,915.04,915.88,914.16,914.16,91
2024-01-16T00:30:00.000Z,914.41,914.73,913.4,913.47,139
2024-01-16T00:45:00.000Z,913.41,914.32,912.86,912.92,115
2024-01-16T01:00:00.000Z,913.02,913.11,911.76,912.72,317
2024-01-16T01:15:00.000Z,912.7,914.15,911.9,914.1,356
2024-01-16T01:30:00.000Z,914.39,915.7,914.21,915.14,429
2024-01-16T01:45:00.000Z,915.14,916.19,914.7,915.21,353
2024-01-16T02:00:00.000Z,915.1,915.49,914.2,914.9,442
2024-01-16T02:15:00.000Z,914.9,914.9,913.21,913.45,412
2024-01-16T02:30:00.000Z,913.55,913.88,912.98,913.28,207
2024-01-16T02:45:00.000Z,913.35,913.43,912.49,912.74,272
2024-01-16T03:00:00.000Z,912.69,913.97,912.69,913.69,270
2024-01-16T03:15:00.000Z,913.69,913.84,912.03,912.23,133
2024-01-16T03:30:00.000Z,912.09,912.23,911.5,912.03,223
2024-01-16T03:45:00.000Z,912.08,912.91,912.03,912.24,134
2024-01-16T04:00:00.000Z,912.24,912.82,912.09,912.73,114
2024-01-16T04:15:00.000Z,912.74,912.93,912.54,912.93,94
2024-01-16T04:30:00.000Z,912.93,913.11,912.52,912.79,119
2024-01-16T04:45:00.000Z,912.75,913.03,912.33,912.44,93
2024-01-16T05:00:00.000Z,912.53,912.7,911.75,911.76,401
2024-01-16T05:15:00.000Z,911.77,912.33,911.51,912.09,179
2024-01-16T05:30:00.000Z,911.99,911.99,909.8,910.05,320
2024-01-16T05:45:00.000Z,910.05,910.75,909.79,910.72,343
2024-01-16T06:00:00.000Z,910.75,911.72,910.41,911.63,378
2024-01-16T06:15:00.000Z,911.62,911.74,910.31,910.7,266
2024-01-16T06:30:00.000Z,910.66,911.14,909.5,909.6,321
2024-01-16T06:45:00.000Z,909.5,910.49,909.21,910.36,346
2024-01-16T07:00:00.000Z,910.26,910.88,908.6,909.04,421
2024-01-16T07:15:00.000Z,909,910.63,908.42,910.61,307
2024-01-16T07:30:00.000Z,910.69,913.67,910.69,912.9,434
2024-01-16T07:45:00.000Z,912.84,913.21,910.84,911.12,140
2024-01-16T08:00:00.000Z,910.85,910.97,906.91,907.12,371
2024-01-16T08:15:00.000Z,907.16,911.28,907.04,908.63,295
2024-01-16T08:30:00.000Z,908.58,908.7,905.85,906.74,631
2024-01-16T08:45:00.000Z,906.99,907.59,906.07,906.56,770
2024-01-16T09:00:00.000Z,906.66,907.81,904.78,905.69,759
2024-01-16T09:15:00.000Z,905.59,905.92,904.6,904.89,657
2024-01-16T09:30:00.000Z,904.82,905.61,903.96,904.66,645
2024-01-16T09:45:00.000Z,904.67,905.78,904.39,905.13,653
2024-01-16T10:00:00.000Z,905.15,908.06,904.32,908.06,545
2024-01-16T10:15:00.000Z,908.04,909.18,906.9,907.97,504
2024-01-16T10:30:00.000Z,907.87,907.87,906.29,906.53,461
2024-01-16T10:45:00.000Z,906.53,907.99,906.06,906.88,517
2024-01-16T11:00:00.000Z,906.89,907.65,906.16,907.62,463
2024-01-16T11:15:00.000Z,907.53,908.78,907.3,907.33,368
2024-01-16T11:30:00.000Z,907.32,907.57,906.21,906.36,320
2024-01-16T11:45:00.000Z,906.37,908.14,905.66,907.54,302
2024-01-16T12:00:00.000Z,908.03,908.03,904.27,904.66,509
2024-01-16T12:15:00.000Z,904.46,906.3,904.21,905.96,415
2024-01-16T12:30:00.000Z,906,906.87,904.08,904.87,291
2024-01-16T12:45:00.000Z,904.82,904.82,902.78,903.16,214
2024-01-16T13:00:00.000Z,903.13,903.13,899.85,900.5,790
2024-01-16T13:15:00.000Z,900.47,904.42,900.15,903.96,937
2024-01-16T13:30:00.000Z,904.85,907.64,902.5,904.82,1667
2024-01-16T13:45:00.000Z,904.82,905.09,900.26,900.77,1309
2024-01-16T14:00:00.000Z,900.66,906.88,900.42,906.06,899
2024-01-16T14:15:00.000Z,905.96,906.15,904.3,905.05,372
2024-01-16T14:30:00.000Z,904.84,904.98,900.89,900.89,619
2024-01-16T14:45:00.000Z,900.91,903.79,900.63,903.38,598
2024-01-16T15:00:00.000Z,903.37,905.04,901.91,904.24,1305
2024-01-16T15:15:00.000Z,904.24,906.35,903.65,905.35,1042
2024-01-16T15:30:00.000Z,905.28,905.48,902.15,904.41,1046
2024-01-16T15:45:00.000Z,904.45,906.61,903.21,906.54,857
2024-01-16T16:00:00.000Z,906.51,906.61,898.69,899.06,1995
2024-01-16T16:15:00.000Z,899.15,904.9,898.11,903.95,995
2024-01-16T16:30:00.000Z,903.65,904.18,900.43,901.05,330
2024-01-16T16:45:00.000Z,900.98,903.88,900.98,901.9,227
2024-01-16T17:00:00.000Z,901.79,901.79,898.19,898.47,273
2024-01-16T17:15:00.000Z,898.37,899.74,897.48,897.64,228
2024-01-16T17:30:00.000Z,897.59,897.77,896.61,896.67,623
2024-01-16T17:45:00.000Z,896.66,898.93,895.9,897.79,533
2024-01-16T18:00:00.000Z,897.69,898.94,897.6,898.78,707
2024-01-16T18:15:00.000Z,898.78,899.24,898,899.09,588
2024-01-16T18:30:00.000Z,899.11,900.04,898.44,898.47,430
2024-01-16T18:45:00.000Z,898.49,898.58,897.61,898.17,427
2024-01-16T19:00:00.000Z,898.17,898.97,898.06,898.69,534
2024-01-16T19:15:00.000Z,898.53,899.64,898.53,899.45,354
2024-01-16T19:30:00.000Z,899.48,899.48,898.06,898.92,392
2024-01-16T19:45:00.000Z,898.96,900.11,898.66,899.97,348
2024-01-16T20:00:00.000Z,899.98,900.15,899.27,899.99,331
2024-01-16T20:15:00.000Z,900,900,899.19,899.28,325
2024-01-16T20:30:00.000Z,899.3,899.82,899.12,899.41,289
2024-01-16T20:45:00.000Z,899.42,899.51,898.76,898.99,285
2024-01-16T21:00:00.000Z,899.06,899.06,898.04,898.07,208
2024-01-16T21:15:00.000Z,898.07,898.28,897.89,898.18,87
2024-01-16T21:30:00.000Z,898.06,898.06,897.59,897.59,163
2024-01-16T21:45:00.000Z,897.59,899.19,896.87,898.07,215
2024-01-16T23:00:00.000Z,895.93,899.16,895.93,898.68,320
2024-01-16T23:15:00.000Z,898.7,898.73,897.68,897.73,185
2024-01-16T23:30:00.000Z,897.74,899.26,897.74,898.73,193
2024-01-16T23:45:00.000Z,898.72,900.9,898.72,900.5,171
2024-01-17T00:00:00.000Z,900.56,900.68,898.48,898.52,161
2024-01-17T00:15:00.000Z,898.53,899.33,898.53,898.89,172
2024-01-17T00:30:00.000Z,898.87,899.77,898.58,899.04,266
2024-01-17T00:45:00.000Z,899.02,899.54,898.5,898.83,234
2024-01-17T01:00:00.000Z,898.85,898.93,897.55,898.64,445
2024-01-17T01:15:00.000Z,898.61,899.75,898.61,898.89,437
2024-01-17T01:30:00.000Z,898.9,899.43,897.2,897.5,496
2024-01-17T01:45:00.000Z,897.45,898.27,897.05,898.14,529
2024-01-17T02:00:00.000Z,898.21,899.5,897.63,898.55,526
2024-01-17T02:15:00.000Z,898.54,898.82,897.45,898.29,356
2024-01-17T02:30:00.000Z,898.28,898.28,896.6,896.92,437
2024-01-17T02:45:00.000Z,896.94,897.05,896.35,896.42,399
2024-01-17T03:00:00.000Z,896.35,896.9,896.15,896.63,216
2024-01-17T03:15:00.000Z,896.65,896.77,895.8,896.02,231
2024-01-17T03:30:00.000Z,896.01,896.35,894.4,894.83,236
2024-01-17T03:45:00.000Z,894.98,895.66,894.48,894.81,218
2024-01-17T04:00:00.000Z,894.82,896.57,894.82,896.08,217
2024-01-17T04:15:00.000Z,896.09,896.63,896.04,896.38,246
2024-01-17T04:30:00.000Z,896.36,896.44,895.46,895.81,186
2024-01-17T04:45:00.000Z,895.81,896.48,895.65,896.37,250
2024-01-17T05:00:00.000Z,896.4,896.5,893.9,894.86,310
2024-01-17T05:15:00.000Z,894.81,894.81,893.79,894.42,355
2024-01-17T05:30:00.000Z,894.4,895.71,894.16,894.45,413
2024-01-17T05:45:00.000Z,894.41,895.76,893.95,895.67,293
2024-01-17T06:00:00.000Z,895.65,895.78,893.31,893.79,425
2024-01-17T06:15:00.000Z,893.69,895.24,893.56,895.12,371
2024-01-17T06:30:00.000Z,895.13,895.59,894.19,894.19,325
2024-01-17T06:45:00.000Z,894.18,894.47,893.69,894.01,387
2024-01-17T07:00:00.000Z,894.16,894.53,892.45,893.88,488
2024-01-17T07:15:00.000Z,893.91,894.33,892.82,892.84,249
2024-01-17T07:30:00.000Z,892.72,894.7,891.7,893.9,269
2024-01-17T07:45:00.000Z,893.86,895.3,893.86,894.29,298
2024-01-17T08:00:00.000Z,894.2,894.2,891.78,892.74,740
2024-01-17T08:15:00.000Z,892.74,893.75,892.43,892.96,642
2024-01-17T08:30:00.000Z,892.96,893.64,891.65,891.68,504
2024-01-17T08:45:00.000Z,891.7,891.74,890.56,890.58,394
2024-01-17T09:00:00.000Z,890.5,891.3,889.11,890.24,388
2024-01-17T09:15:00.000Z,890.12,892.19,890.1,891.92,160
2024-01-17T09:30:00.000Z,891.81,892.61,891.34,891.74,193
2024-01-17T09:45:00.000Z,891.73,893.24,891.21,893.04,454
2024-01-17T10:00:00.000Z,893.01,893.99,891.61,893.7,315
2024-01-17T10:15:00.000Z,893.55,897.15,893.26,896.75,181
2024-01-17T10:30:00.000Z,896.7,898.06,895.96,896.27,180
2024-01-17T10:45:00.000Z,896.36,896.91,895.25,895.49,194
2024-01-17T11:00:00.000Z,895.62,895.75,893.26,894.06,165
2024-01-17T11:15:00.000Z,894.01,894.86,893.31,894.26,132
2024-01-17T11:30:00.000Z,894.36,895.31,892.71,892.71,142
2024-01-17T11:45:00.000Z,892.86,893.16,891.56,891.91,143
2024-01-17T12:00:00.000Z,892.03,894.13,890.98,894.13,225
2024-01-17T12:15:00.000Z,894.18,896.58,894.18,894.58,226
2024-01-17T12:30:00.000Z,894.68,894.98,892.43,893.13,159
2024-01-17T12:45:00.000Z,892.93,893.83,892.53,892.53,168
2024-01-17T13:00:00.000Z,892.73,894.73,891.88,893.98,418
2024-01-17T13:15:00.000Z,893.99,894.43,891.1,892.16,645
2024-01-17T13:30:00.000Z,891.91,895.63,889.46,893.25,790
2024-01-17T13:45:00.000Z,893.27,896.48,892.99,894.78,448
