time,open,high,low,close,volume
2023-08-14T13:00:00.000Z,5791.6846,5823.0674,5784.853,5816.6152,414578
2023-08-14T14:00:00.000Z,5816.6152,5831.3013,5814.3936,5820.6406,194924
2023-08-15T01:00:00.000Z,5812.8286,5839.2939,5811.9312,5833.8496,341934
2023-08-15T02:00:00.000Z,5833.8496,5833.9058,5797.2437,5800.9414,199486
2023-08-15T03:00:00.000Z,5800.9414,5815.7715,5800.9414,5808.5522,88502
2023-08-15T05:00:00.000Z,5803.311,5814.2734,5793.1191,5809.8135,131735
2023-08-15T06:00:00.000Z,5809.8135,5836.814,5805.3408,5821.624,308764
2023-08-15T13:00:00.000Z,5800.7104,5836.3027,5799.6465,5812.0757,382581
2023-08-15T14:00:00.000Z,5812.0757,5820.7241,5777.7603,5816.3921,401152
2023-08-16T01:00:00.000Z,5817.6162,5820.8521,5800.0093,5800.3013,231511
2023-08-16T02:00:00.000Z,5800.3013,5821.498,5800.0132,5820.0156,152528
2023-08-16T03:00:00.000Z,5820.0156,5833.9712,5810.3833,5812.9541,122504
2023-08-16T05:00:00.000Z,5811.3618,5811.3618,5769.3799,5794.2095,342351
2023-08-16T06:00:00.000Z,5794.2095,5796.5918,5775.3086,5777.4307,207438
2023-08-16T13:00:00.000Z,5781.5874,5799.8154,5766.792,5786.7119,362443
2023-08-16T14:00:00.000Z,5786.7119,5791.3936,5773.9854,5786.0293,234675
2023-08-17T01:00:00.000Z,5754.1133,5754.1133,5721.4766,5740.2925,488389
2023-08-17T02:00:00.000Z,5740.2925,5764.8057,5735.3872,5755.7261,202564
2023-08-17T03:00:00.000Z,5755.7261,5780.3115,5753.7651,5776.8447,125379
2023-08-17T05:00:00.000Z,5773.8315,5773.8315,5756.9053,5764.2832,118624
2023-08-17T06:00:00.000Z,5764.2832,5782.8491,5752.8281,5773.9966,270504
2023-08-17T13:00:00.000Z,5786.3872,5824.4253,5786.3115,5796.6465,473418
2023-08-17T14:00:00.000Z,5796.6465,5830.502,5791.3521,5823.2432,230942
2023-08-18T01:00:00.000Z,5811.2417,5875.7007,5801.416,5875.4214,483133
2023-08-18T02:00:00.000Z,5875.4214,5891.229,5860.1099,5888.7012,232189
2023-08-18T03:00:00.000Z,5888.7012,5894.7231,5873.9746,5889.5586,137210
2023-08-18T05:00:00.000Z,5881.8086,5895.7412,5875.3066,5892.7695,133360
2023-08-18T06:00:00.000Z,5892.7695,5892.7695,5871.9844,5879.563,220799
2023-08-18T13:00:00.000Z,5864.2026,5907.6392,5860.1255,5890.1177,413479
2023-08-18T14:00:00.000Z,5890.1177,5892.0903,5866.1348,5866.7173,201750
2023-08-21T01:00:00.000Z,5890.8437,5991.7231,5879.2095,5990.8511,547639
2023-08-21T02:00:00.000Z,5990.8511,6031.0596,5981.0337,6014.6831,418298
2023-08-21T03:00:00.000Z,6014.6831,6018.271,5979.3208,6001.1348,138808
2023-08-21T05:00:00.000Z,5996.2422,6011.5933,5993.8999,6009.1577,133321
2023-08-21T06:00:00.000Z,6009.1577,6020.3149,5996.0386,6010.7905,229515
2023-08-21T13:00:00.000Z,6024.0063,6030.2349,5996.4536,6004.8784,356099
2023-08-21T14:00:00.000Z,6004.8784,6017.0459,5986.2163,6003.4712,205472
2023-08-22T01:00:00.000Z,5999.4761,6023.9917,5985.5615,6007.0151,319830
2023-08-22T02:00:00.000Z,6007.0151,6044.4136,6000.541,6010.4102,263511
2023-08-22T03:00:00.000Z,6010.4102,6023.2129,6006.4668,6017.8584,108989
2023-08-22T05:00:00.000Z,6014.4854,6022.5503,5999.4824,6019.6001,132684
2023-08-22T06:00:00.000Z,6019.6001,6054.9062,6016.6953,6027.4644,264293
2023-08-22T13:00:00.000Z,6037.5215,6108.9805,6025.7051,6100.4805,646524
2023-08-22T14:00:00.000Z,6100.4805,6103.3164,6038.2979,6059.1128,336717
2023-08-23T01:00:00.000Z,6056.0913,6088.8149,6043.3828,6079.4644,273565
2023-08-23T02:00:00.000Z,6079.4644,6092.3667,6066.0991,6079.9961,144794
2023-08-23T03:00:00.000Z,6079.9961,6084.4004,6061.3232,6066.5151,74897
2023-08-23T05:00:00.000Z,6062.5127,6077.3613,6051.52,6074.8921,121220
2023-08-23T06:00:00.000Z,6074.8921,6078.0791,6002.7769,6003.291,288274
2023-08-23T13:00:00.000Z,5979.3936,6013.3491,5972.1855,5993.0342,469062
2023-08-23T14:00:00.000Z,5993.0342,6031.3486,5990.1821,6026.4312,305699
2023-08-24T01:00:00.000Z,6018.9341,6029.1025,5994.2065,6004.397,259428
2023-08-24T02:00:00.000Z,6004.397,6044.1064,6002.9146,6004.8975,223811
2023-08-24T03:00:00.000Z,6004.8975,6027.8452,5989.7993,6026.0288,128480
2023-08-24T05:00:00.000Z,6031.3833,6040.8599,6027.4795,6031.0444,125440
2023-08-24T06:00:00.000Z,6031.0444,6034.8242,5988.6675,5996.7666,238762
2023-08-24T13:00:00.000Z,5991.478,6033.9321,5986.5332,6020.4155,474378
2023-08-24T14:00:00.000Z,6020.4155,6025.9312,5996.8154,6020.228,212531
2023-08-25T01:00:00.000Z,6024.1187,6062.2456,6017.7187,6054.5439,355739
2023-08-25T02:00:00.000Z,6054.5439,6081.8862,6037.1543,6059.4819,198923
2023-08-25T03:00:00.000Z,6059.4819,6067.5889,6050.4263,6059.7808,70971
2023-08-25T05:00:00.000Z,6063.8794,6093.7788,6044.2275,6075.5396,176046
2023-08-25T06:00:00.000Z,6075.5396,6086.3716,6046.397,6079.8032,259277
2023-08-25T13:00:00.000Z,6099.4893,6100.7466,6044.2808,6046.3374,423908
2023-08-25T14:00:00.000Z,6046.3374,6062.3599,6007.5874,6028.9404,380841
2023-08-28T01:00:00.000Z,6039.9072,6068.2949,5957.7773,5970.1953,592962
2023-08-28T02:00:00.000Z,5970.1953,6010.6069,5964.231,5993.9824,228281
2023-08-28T03:00:00.000Z,5993.9824,6001.3384,5980.3813,5990.8628,88878
2023-08-28T05:00:00.000Z,5993.1772,6004.853,5977.7529,5982.0083,144356
2023-08-28T06:00:00.000Z,5982.0083,6033.8062,5980.8452,6022.4492,306940
2023-08-28T13:00:00.000Z,6014.9116,6053.5591,6005.6587,6042.6729,403944
2023-08-28T14:00:00.000Z,6042.6729,6054.7187,6021.5757,6047.7383,231164
2023-08-29T01:00:00.000Z,6036.2891,6037.6216,5982.0806,5987.6289,324888
2023-08-29T02:00:00.000Z,5987.6289,6025.2524,5987.5542,6021.8794,180513
2023-08-29T03:00:00.000Z,6021.8794,6039.8174,6011.9067,6032.9214,153561
2023-08-29T05:00:00.000Z,6031.8477,6040.5303,6021.2876,6023.6855,107116
2023-08-29T06:00:00.000Z,6023.6855,6035.062,5972.3994,5976.1118,331886
2023-08-29T13:00:00.000Z,6001.1348,6025.8916,5990.2173,6000.8135,425232
2023-08-29T14:00:00.000Z,6000.8135,6020.8872,5982.9985,6009.9712,273474
2023-08-30T01:00:00.000Z,6030.5952,6134.7866,6030.5952,6128.9326,874352
2023-08-30T02:00:00.000Z,6128.9326,6143.0166,6093.875,6107.6611,400787
2023-08-30T03:00:00.000Z,6107.6611,6129.7427,6104.9004,6122.7339,97137
2023-08-30T05:00:00.000Z,6122.7339,6130.812,6116.7959,6127.3765,77392
2023-08-30T06:00:00.000Z,6127.3765,6153.0879,6115.1035,6148.957,296822
2023-08-30T13:00:00.000Z,6142.479,6150.2251,6125.3472,6145.1807,340635
2023-08-30T14:00:00.000Z,6145.1807,6163.2734,6129.2397,6144.5059,282477
2023-08-31T01:00:00.000Z,6149.8813,6151.3477,6120.8574,6135.7573,246271
2023-08-31T02:00:00.000Z,6135.7573,6143.4121,6124.1699,6130.9272,139188
2023-08-31T03:00:00.000Z,6130.9272,6143.1841,6114.3032,6119.9141,140549
2023-08-31T05:00:00.000Z,6120.5771,6139.1313,6120.5771,6135.187,90006
2023-08-31T06:00:00.000Z,6135.187,6136.1504,6101.5728,6125.4526,284627
2023-08-31T13:00:00.000Z,6153.2891,6161.7998,6120.0571,6131.2139,336527
2023-08-31T14:00:00.000Z,6131.2139,6174.2319,6122.1465,6147.5596,256270
2023-09-01T01:00:00.000Z,6166.1768,6187.126,6138.0776,6151.4102,392763
2023-09-01T02:00:00.000Z,6151.4102,6189.2271,6140.4687,6153.6265,293951
2023-09-01T03:00:00.000Z,6153.6265,6166.061,6145.8633,6156.9575,91336
2023-09-01T05:00:00.000Z,6156.9575,6179.7119,6150.4365,6166.0332,167965
2023-09-01T06:00:00.000Z,6166.0332,6180.8564,6156.5049,6171.1846,243419
2023-09-01T13:00:00.000Z,6191.5347,6203.1685,6126.0879,6164.8496,588282
2023-09-01T14:00:00.000Z,6164.8496,6182.0635,6148.3252,6176.1924,279219
2023-09-04T01:00:00.000Z,6187.77,6187.77,6059.5342,6099.1143,843544
2023-09-04T02:00:00.000Z,6099.1143,6143.2588,6092.1299,6131.6182,252563
2023-09-04T03:00:00.000Z,6131.6182,6131.6182,6107.0669,6116.9199,99289
2023-09-04T05:00:00.000Z,6115.396,6126.5161,6094.7515,6096.915,135967
2023-09-04T06:00:00.000Z,6096.915,6105.6406,6068.7671,6077.187,325400
2023-09-04T13:00:00.000Z,6077.8877,6083.6084,6052.2329,6073.752,383195
2023-09-04T14:00:00.000Z,6073.752,6089.3853,6040.4722,6083.1523,281633
2023-09-05T01:00:00.000Z,6083.1523,6095.4316,6065.2773,6068.6289,273610
2023-09-05T02:00:00.000Z,6068.6289,6084.377,6059.3101,6081.8027,138780
2023-09-05T03:00:00.000Z,6081.8027,6090.4854,6067.6377,6084.0366,129717
2023-09-05T05:00:00.000Z,6084.4897,6101.8774,6078.9028,6081.2637,156496
2023-09-05T06:00:00.000Z,6081.2637,6088.9292,6060.4844,6062.6406,279612
2023-09-05T13:00:00.000Z,6064.1709,6210.2324,6050.2261,6198.8159,1012327
2023-09-05T14:00:00.000Z,6198.8159,6206.2437,6154.9712,6164.999,419360
2023-09-06T01:00:00.000Z,6166.1724,6192.2388,6147.4629,6171.0176,284480
2023-09-06T02:00:00.000Z,6171.0176,6185.4819,6164.6182,6168.3828,142114
2023-09-06T03:00:00.000Z,6168.3828,6175.3486,6141.3926,6151.8501,122994
2023-09-06T05:00:00.000Z,6154.9814,6169.7822,6150.9175,6158.7666,96464
2023-09-06T06:00:00.000Z,6158.7666,6167.1904,6136.3569,6155.4463,232386
2023-09-06T13:00:00.000Z,6161.4663,6197.9609,6157.3975,6192.4985,402466
2023-09-06T14:00:00.000Z,6192.4985,6192.4985,6149.9209,6157.8037,257415
2023-09-07T01:00:00.000Z,6187.3823,6189.937,6140.7212,6161.4526,318541
2023-09-07T02:00:00.000Z,6161.4526,6161.6479,6085.0107,6087.4985,453007
2023-09-07T03:00:00.000Z,6087.4985,6090.7788,6061.4961,6066.9502,266749
2023-09-07T05:00:00.000Z,6065.2729,6075.1948,6056.7363,6066.5884,161659
2023-09-07T06:00:00.000Z,6066.5884,6091.6216,6063.9561,6088.1885,245768
2023-09-07T13:00:00.000Z,6085.1177,6092.5205,6053.0898,6062.8813,367838
2023-09-07T14:00:00.000Z,6062.8813,6077.896,6045.7261,6063.2534,255804
2023-09-08T01:00:00.000Z,6044.709,6058.229,6022.0303,6029.2783,292585
2023-09-08T02:00:00.000Z,6029.2783,6032.3345,6000.979,6003.9497,291357
2023-09-08T03:00:00.000Z,6003.9497,6009.8003,5987.1074,6001.4287,172429
2023-09-08T05:00:00.000Z,6004.9614,6016.4658,5998.2129,6008.0688,105370
2023-09-08T06:00:00.000Z,6008.0688,6035.043,6006.9102,6031.0449,219016
2023-09-08T13:00:00.000Z,6070.3926,6087.2764,6048.6621,6066.9297,447414
2023-09-08T14:00:00.000Z,6066.9297,6137.1108,6065.5088,6127.2588,355736
2023-09-11T01:00:00.000Z,6112.2124,6143.7241,6080.5303,6125.6807,559564
2023-09-11T02:00:00.000Z,6125.6807,6134.0835,6101.7832,6118.6875,150910
2023-09-11T03:00:00.000Z,6118.6875,6124.5933,6110.9526,6118.0361,59683
2023-09-11T05:00:00.000Z,6125.4604,6129.7212,6107.0474,6111.7866,106913
2023-09-11T06:00:00.000Z,6111.7866,6128.0815,6098.5293,6121.8804,225725
2023-09-11T13:00:00.000Z,6128.6436,6169.7666,6128.6436,6151.3213,426556
2023-09-11T14:00:00.000Z,6151.3213,6164.0249,6139.9683,6148.3911,197131
2023-09-12T01:00:00.000Z,6147.9878,6169.8833,6140.4561,6167.9092,204549
2023-09-12T02:00:00.000Z,6167.9092,6288.8774,6159.6865,6279.6875,716864
2023-09-12T03:00:00.000Z,6279.6875,6311.6025,6275.77,6301.8916,323246
2023-09-12T05:00:00.000Z,6301.9302,6308.0181,6279.7744,6298.9541,203485
2023-09-12T06:00:00.000Z,6298.9541,6327.6455,6295.8477,6317.6431,439285
2023-09-12T13:00:00.000Z,6332.7661,6341.7832,6307.0659,6313.1992,453266
2023-09-12T14:00:00.000Z,6313.1992,6322.4927,6295.6553,6310.4785,257800
2023-09-13T01:00:00.000Z,6310.6182,6329.3462,6297.3042,6306.0034,254845
2023-09-13T02:00:00.000Z,6306.0034,6307.1943,6264.8599,6277.9131,284464
2023-09-13T03:00:00.000Z,6277.9131,6285.9604,6258.5288,6273.1841,106083
2023-09-13T05:00:00.000Z,6282.8701,6291.9736,6260.873,6275.3374,140986
2023-09-13T06:00:00.000Z,6275.3374,6290.2163,6250.4111,6287.8633,290078
2023-09-13T13:00:00.000Z,6298.2808,6365.2754,6282.3511,6316.9453,626036
2023-09-13T14:00:00.000Z,6316.9453,6357.1758,6314.8457,6338.7388,322925
2023-09-14T01:00:00.000Z,6333.7524,6383.7192,6322.8716,6360.9233,388712
2023-09-14T02:00:00.000Z,6360.9233,6376.7871,6331.6182,6337.3594,224376
2023-09-14T03:00:00.000Z,6337.3594,6355.7998,6332.3525,6341.8027,97781
2023-09-14T05:00:00.000Z,6349.5205,6360.4194,6340.9443,6344.6128,109229
2023-09-14T06:00:00.000Z,6344.6128,6391.8872,6342.9795,6359.5029,334552
2023-09-14T13:00:00.000Z,6413.2026,6498.5366,6382.5112,6495.2744,684063
2023-09-14T14:00:00.000Z,6495.2744,6499.7808,6461.2778,6462.4668,379314
2023-09-15T01:00:00.000Z,6479.9766,6516.6016,6396.5107,6420.938,700580
2023-09-15T02:00:00.000Z,6420.938,6450.7627,6414.874,6424.7373,227863
2023-09-15T03:00:00.000Z,6424.7373,6426.7104,6395.1763,6416.9609,199325
2023-09-15T05:00:00.000Z,6415.7744,6415.7744,6370.2993,6390.5493,257233
2023-09-15T06:00:00.000Z,6390.5493,6406.8022,6382.9438,6390.8726,229767
2023-09-15T13:00:00.000Z,6387.7324,6387.8892,6299.2285,6323.9795,683472
2023-09-15T14:00:00.000Z,6323.9795,6357.5684,6317.7202,6340.0977,247181
2023-09-18T01:00:00.000Z,6349.1953,6373.7183,6320.2856,6369.5674,311576
2023-09-18T02:00:00.000Z,6369.5674,6379.6216,6314.6821,6322.0796,219432
2023-09-18T03:00:00.000Z,6322.0796,6333.9214,6301.0547,6306.3423,233627
2023-09-18T05:00:00.000Z,6312.4663,6336.1191,6311.1533,6318.4067,101729
2023-09-18T06:00:00.000Z,6318.4067,6345.8662,6300.0654,6323.623,273965
2023-09-18T13:00:00.000Z,6334.9824,6360.9351,6285.2935,6308.7817,417442
2023-09-18T14:00:00.000Z,6308.7817,6347.0532,6302.0356,6335.2622,319122
2023-09-19T01:00:00.000Z,6337.9565,6385.9136,6333.4717,6355.2402,413632
2023-09-19T02:00:00.000Z,6355.2402,6362.4414,6323.2441,6329.5063,194106
2023-09-19T03:00:00.000Z,6329.5063,6366.0405,6329.4844,6345.915,132579
2023-09-19T05:00:00.000Z,6345.3125,6353.7827,6326.7812,6339.7422,113963
2023-09-19T06:00:00.000Z,6339.7422,6349.5449,6315.666,6326.2344,255333
2023-09-19T13:00:00.000Z,6343.7988,6416.0137,6335.1904,6369.0732,722063
2023-09-19T14:00:00.000Z,6369.0732,6407.0864,6359.8799,6388.2031,299871
2023-09-20T01:00:00.000Z,6358.4717,6358.4717,6298.3896,6312.8223,491044
2023-09-20T02:00:00.000Z,6312.8223,6331.5669,6263.436,6269.7368,344772
2023-09-20T03:00:00.000Z,6269.7368,6296.061,6267.8169,6293.4888,117722
2023-09-20T05:00:00.000Z,6293.4888,6306.2744,6282.022,6287.0034,148422
2023-09-20T06:00:00.000Z,6287.0034,6306.4575,6278.3403,6299.0386,185294
2023-09-20T13:00:00.000Z,6302.667,6316.2939,6272.459,6310.6006,356709
2023-09-20T14:00:00.000Z,6310.6006,6330.2031,6304.5884,6309.4629,174761
2023-09-21T01:00:00.000Z,6275.0034,6285.5811,6238.0195,6262.1963,401278
2023-09-21T02:00:00.000Z,6262.1963,6269.0571,6244.5078,6250.3774,130932
2023-09-21T03:00:00.000Z,6250.3774,6255.4019,6215.2158,6225.894,137808
2023-09-21T05:00:00.000Z,6223.6484,6237.4658,6217.7109,6228.7256,95381
2023-09-21T06:00:00.000Z,6228.7256,6242.5288,6208.7651,6214.0981,242936
2023-09-21T13:00:00.000Z,6246.2124,6277.585,6236.501,6256.3994,402827
2023-09-21T14:00:00.000Z,6256.3994,6257.1514,6228.6621,6235.1831,200897
2023-09-22T01:00:00.000Z,6228.3872,6248.7358,6215.4727,6226.1768,211475
2023-09-22T02:00:00.000Z,6226.1768,6261.521,6224.5747,6259.0361,153059
2023-09-22T03:00:00.000Z,6259.0361,6264.978,6241.6216,6259.1836,67728
2023-09-22T05:00:00.000Z,6259.6616,6270.2021,6253.4463,6263.373,73968
2023-09-22T06:00:00.000Z,6263.373,6289.5156,6251.5474,6256.8862,203776
2023-09-22T13:00:00.000Z,6258.7085,6297.6904,6257.8213,6286.4946,328351
2023-09-22T14:00:00.000Z,6286.4946,6288.9365,6226.2051,6226.7446,242535
2023-09-25T01:00:00.000Z,6226.2051,6237.7539,6188.6118,6190.2031,376965
2023-09-25T02:00:00.000Z,6190.2031,6193.0825,6168.6245,6184.4873,232682
2023-09-25T03:00:00.000Z,6184.4873,6216.3442,6182.5845,6216.3442,152759
2023-09-25T05:00:00.000Z,6221.7954,6236.728,6213.9795,6219.1455,157653
2023-09-25T06:00:00.000Z,6219.1455,6230.9614,6211.4438,6222.2163,168574
2023-09-25T13:00:00.000Z,6218.4087,6218.4087,6185.5894,6186.1055,272650
2023-09-25T14:00:00.000Z,6186.1055,6197.3281,6157.8203,6162.3867,240955
2023-09-26T01:00:00.000Z,6172.0562,6186.1904,6155.4517,6163.292,242455
2023-09-26T02:00:00.000Z,6163.292,6164.5015,6129.9751,6138.4062,231976
2023-09-26T03:00:00.000Z,6138.4062,6144.3545,6117.2705,6125.4077,117679
2023-09-26T05:00:00.000Z,6123.2236,6132.0405,6115.6167,6128.7793,104606
2023-09-26T06:00:00.000Z,6128.7793,6130.8906,6105.1143,6117.3174,215132
2023-09-26T13:00:00.000Z,6128.2241,6131.2417,6101.9619,6122.6333,292976
2023-09-26T14:00:00.000Z,6122.6333,6135.2031,6106.2783,6127.4497,173671
2023-09-27T01:00:00.000Z,6138.2554,6173.5225,6138.002,6164.9312,303433
2023-09-27T02:00:00.000Z,6164.9312,6179.1753,6151.7334,6159.1274,144576
2023-09-27T03:00:00.000Z,6159.1274,6161.4746,6147.832,6156.0283,62480
2023-09-27T05:00:00.000Z,6156.0283,6165.9204,6148.4565,6165.4697,79910
2023-09-27T06:00:00.000Z,6165.4697,6172.7085,6145.9995,6147.2246,152609
2023-09-27T13:00:00.000Z,6170.6235,6174.1763,6153.6362,6164.5439,241148
2023-09-27T14:00:00.000Z,6164.5439,6164.9126,6148.5312,6161.0913,174649
2023-09-28T01:00:00.000Z,6197.9521,6289.4043,6197.9521,6283.2729,481368
2023-09-28T02:00:00.000Z,6283.2729,6297.1045,6274.4297,6274.5854,155013
2023-09-28T03:00:00.000Z,6274.5854,6278.0562,6240.6973,6251.9175,100931
2023-09-28T05:00:00.000Z,6250.6475,6253.9209,6230.9302,6233.6772,85029
2023-09-28T06:00:00.000Z,6233.6772,6236.4102,6176.2573,6193.8813,249169
2023-10-09T01:00:00.000Z,6075.8872,6075.8872,5959.3179,5967.8042,675113
2023-10-09T02:00:00.000Z,5967.8042,5968.1548,5943.6562,5945.2075,195544
2023-10-09T03:00:00.000Z,5945.2075,5959.9282,5942.2124,5955.7495,88222
2023-10-09T05:00:00.000Z,5949.959,5977.0767,5948.5728,5951.1904,144433
2023-10-09T06:00:00.000Z,5951.1904,5952.7354,5931.5591,5940.5317,250852
2023-10-09T13:00:00.000Z,5955.3721,5964.3516,5937.0815,5937.0894,335852
2023-10-09T14:00:00.000Z,5937.0894,5947.2319,5928.4185,5938.6382,227918
2023-10-10T01:00:00.000Z,5936.2559,5957.082,5913.4634,5917.1562,370816
2023-10-10T02:00:00.000Z,5917.1562,5930.6182,5910.7837,5914.9136,168082
2023-10-10T03:00:00.000Z,5914.9136,5916.4976,5891.9795,5898.2725,190022
2023-10-10T05:00:00.000Z,5898.082,5913.8843,5888.8232,5891.8765,148899
2023-10-10T06:00:00.000Z,5891.8765,5902.29,5878.2031,5884.3765,259477
2023-10-10T13:00:00.000Z,5884.7944,5890.1592,5858.0005,5859.5825,309464
2023-10-10T14:00:00.000Z,5859.5825,5870.749,5848.5771,5849.8286,180077
2023-10-11T01:00:00.000Z,5866.5303,5888.8071,5861.4595,5866.4854,324870
2023-10-11T02:00:00.000Z,5866.4854,5889.5015,5864.7266,5878.6245,183059
2023-10-11T03:00:00.000Z,5878.6245,5881.3252,5845.4937,5858.3574,155952
2023-10-11T05:00:00.000Z,5862.1699,5868.6069,5849.0557,5856.3086,128627
2023-10-11T06:00:00.000Z,5856.3086,5880.2749,5845.6738,5867.7329,207052
2023-10-11T13:00:00.000Z,5847.2202,5861.897,5832.9121,5848.9546,273989
2023-10-11T14:00:00.000Z,5848.9546,5851.7705,5810.04,5813.6436,213988
2023-10-12T01:00:00.000Z,5808.7329,5816.4912,5787.3271,5798.5879,328919
2023-10-12T02:00:00.000Z,5798.5879,5807.7759,5753.2256,5756.4268,269484
2023-10-12T03:00:00.000Z,5756.4268,5775.0444,5748.833,5772.6445,164790
2023-10-12T05:00:00.000Z,5772.6445,5777.8779,5748.917,5752.5923,105625
2023-10-12T06:00:00.000Z,5752.5923,5795.0195,5750.5249,5791.9038,296471
2023-10-12T13:00:00.000Z,5818.6426,5826.4229,5763.8018,5765.7681,510721
2023-10-12T14:00:00.000Z,5765.7681,5771.2876,5750.0098,5757.1025,226841
2023-10-13T01:00:00.000Z,5736.6499,5779.4624,5725.4692,5773.2295,259632
2023-10-13T02:00:00.000Z,5773.2295,5811.8149,5765.9653,5799.8843,192210
2023-10-13T03:00:00.000Z,5799.8843,5800.9419,5768.3711,5774.1079,109347
2023-10-13T05:00:00.000Z,5775.6484,5783.0356,5769.4849,5778.7759,73092
2023-10-13T06:00:00.000Z,5778.7759,5794.1265,5771.6978,5779.022,150400
2023-10-13T13:00:00.000Z,5834.3765,5846.373,5788.9277,5792.8677,415363
2023-10-13T14:00:00.000Z,5792.8677,5805.0698,5782.0503,5784.6406,150614
2023-10-16T01:00:00.000Z,5820.1328,5845.6313,5793.5112,5838.3682,343131
2023-10-16T02:00:00.000Z,5838.3682,5864.7549,5834.937,5859.7642,181787
2023-10-16T03:00:00.000Z,5859.7642,5859.7642,5827.3354,5836.7656,97912
2023-10-16T05:00:00.000Z,5840.1309,5844.5557,5813.7148,5822.625,99731
2023-10-16T06:00:00.000Z,5822.625,5841.8989,5817.4272,5832.3604,154847
2023-10-16T13:00:00.000Z,5840.1328,5849.4282,5786.5249,5792.019,405176
2023-10-16T14:00:00.000Z,5792.019,5797.373,5763.0571,5763.0571,239216
2023-10-17T01:00:00.000Z,5767.8989,5822.0103,5755.0479,5812.1533,354868
2023-10-17T02:00:00.000Z,5812.1533,5817.1138,5785.3501,5798.0532,141418
2023-10-17T03:00:00.000Z,5798.0532,5819.23,5798.0532,5814.1201,73186
2023-10-17T05:00:00.000Z,5815.2632,5815.2632,5794.7388,5809.5996,82098
2023-10-17T06:00:00.000Z,5809.5996,5818.6201,5795.3203,5800.646,145125
2023-10-17T13:00:00.000Z,5807.2231,5831.7124,5786.9077,5818.2305,320677
2023-10-17T14:00:00.000Z,5818.2305,5840.4854,5812.1738,5820.6475,190410
2023-10-18T01:00:00.000Z,5851.7021,5860.5439,5817.5698,5827.9243,287941
2023-10-18T02:00:00.000Z,5827.9243,5850.5952,5812.1055,5823.3804,151516
2023-10-18T03:00:00.000Z,5823.3804,5827.2427,5809.7866,5812.2383,65650
2023-10-18T05:00:00.000Z,5811.3394,5826.6797,5804.4692,5810.9751,85277
2023-10-18T06:00:00.000Z,5810.9751,5821.2437,5793.2554,5800.5742,176097
2023-10-18T13:00:00.000Z,5796.5679,5797.2764,5756.0581,5769.4629,398316
2023-10-18T14:00:00.000Z,5769.4629,5780.9824,5748.7969,5760.0308,238034
2023-10-19T01:00:00.000Z,5752.8213,5785.8335,5734.4951,5767.0044,272493
2023-10-19T02:00:00.000Z,5767.0044,5809.3506,5758.002,5801.7085,197962
2023-10-19T03:00:00.000Z,5801.7085,5824.4512,5798.3379,5805.9951,127085
2023-10-19T05:00:00.000Z,5814.4541,5820.9595,5767.4233,5771.9736,145312
2023-10-19T06:00:00.000Z,5771.9736,5803.8613,5769.4678,5777.5825,187271
2023-10-19T13:00:00.000Z,5773.3677,5793.2158,5767.0229,5774.0391,258344
2023-10-19T14:00:00.000Z,5774.0391,5777.3726,5729.2007,5734.3286,247801
2023-10-20T01:00:00.000Z,5786.8408,5844.2974,5766.2759,5832.1143,572035
2023-10-20T02:00:00.000Z,5832.1143,5837.9517,5814.4443,5821.7793,128218
2023-10-20T03:00:00.000Z,5821.7793,5821.7793,5795.7104,5803.98,110516
2023-10-20T05:00:00.000Z,5803.98,5811.2993,5790.6216,5807.3115,82224
2023-10-20T06:00:00.000Z,5807.3115,5811.8892,5763.168,5772.7271,247481
2023-10-20T13:00:00.000Z,5778.5234,5780.7954,5701.1411,5734.3218,584760
2023-10-20T14:00:00.000Z,5734.3218,5747.6167,5712.2671,5738.6738,234826
2023-10-23T01:00:00.000Z,5706.1177,5714.4937,5655.2695,5663.8252,506121
2023-10-23T02:00:00.000Z,5663.8252,5691.0513,5663.0229,5678.9399,157946
2023-10-23T03:00:00.000Z,5678.9399,5695.5869,5677.8076,5687.353,69698
2023-10-23T05:00:00.000Z,5677.9561,5686.8809,5673.333,5680.8999,84103
2023-10-23T06:00:00.000Z,5680.8999,5706.6021,5679.4082,5696.0864,235189
2023-10-23T13:00:00.000Z,5704.3809,5722.479,5693.1187,5700.6069,302629
2023-10-23T14:00:00.000Z,5700.6069,5715.0859,5700.6069,5712.2627,125289
2023-10-24T01:00:00.000Z,5684.8618,5743.5303,5677.5874,5720.6865,473027
2023-10-24T02:00:00.000Z,5720.6865,5748.9619,5710.8921,5732.9375,181805
2023-10-24T03:00:00.000Z,5732.9375,5734.9165,5719.9883,5722.1973,60264
2023-10-24T05:00:00.000Z,5718.644,5719.959,5703.6123,5711.4966,100048
2023-10-24T06:00:00.000Z,5711.4966,5792.2773,5709.8657,5787.2046,332916
2023-10-24T13:00:00.000Z,5782.3599,5789.1152,5750.7153,5767.103,324613
2023-10-24T14:00:00.000Z,5767.103,5786.2852,5765.5859,5771.8857,192548
2023-10-25T01:00:00.000Z,5768.3931,5779.2847,5739.5552,5760.9775,298630
2023-10-25T02:00:00.000Z,5760.9775,5805.8354,5733.9038,5803.8584,357694
2023-10-25T03:00:00.000Z,5803.8584,5893.4351,5799.2256,5860.9438,590954
2023-10-25T05:00:00.000Z,5858.0205,5858.0205,5814.0859,5824.5503,295206
2023-10-25T06:00:00.000Z,5824.5503,5837.8481,5795.6641,5803.9116,336723
2023-10-25T13:00:00.000Z,5812.3081,5830.7881,5807.832,5816.7515,301998
2023-10-25T14:00:00.000Z,5816.7515,5847.2954,5808.8281,5834.3906,328864
2023-10-26T01:00:00.000Z,5879.0396,5882.1226,5830.3989,5834.2681,277826
2023-10-26T02:00:00.000Z,5834.2681,5837.7344,5819.3452,5820.8403,121526
2023-10-26T03:00:00.000Z,5820.8403,5829.4824,5813.6533,5829.1562,72874
2023-10-26T05:00:00.000Z,5828.0024,5844.5664,5825.6123,5828.3525,93319
2023-10-26T06:00:00.000Z,5828.3525,5845.4019,5822.8574,5835.7056,179001
2023-10-26T13:00:00.000Z,5803.0527,5830.7266,5799.2729,5823.6743,296142
2023-10-26T14:00:00.000Z,5823.6743,5825.1509,5800.208,5811.2993,247135
2023-10-27T01:00:00.000Z,5805.8306,5805.8306,5754.6172,5781.6919,488357
2023-10-27T02:00:00.000Z,5781.6919,5795.7432,5772.7061,5791.8076,117160
2023-10-27T03:00:00.000Z,5791.8076,5805.1318,5785.999,5800.2324,89776
2023-10-27T05:00:00.000Z,5805.2114,5835.5015,5805.2114,5833.2031,206539
2023-10-27T06:00:00.000Z,5833.2031,5870.5371,5827.7988,5835.4023,358442
2023-10-27T13:00:00.000Z,5835.3838,5855.5996,5817.3052,5824.7739,341639
2023-10-27T14:00:00.000Z,5824.7739,5840.0664,5817.2578,5835.8223,165978
2023-10-30T01:00:00.000Z,5855.6182,5890.0195,5826.5732,5888.5811,400089
2023-10-30T02:00:00.000Z,5888.5811,5893.7026,5871.6382,5890.0581,134638
2023-10-30T03:00:00.000Z,5890.0581,5902.0098,5873.582,5893.3945,130081
2023-10-30T05:00:00.000Z,5893.0098,5903.4956,5880.3662,5886.499,116051
2023-10-30T06:00:00.000Z,5886.499,5901.9614,5878.8857,5899.5469,173544
2023-10-30T13:00:00.000Z,5890.0781,5933.6372,5884.0474,5904.6616,411120
2023-10-30T14:00:00.000Z,5904.6616,5908.1689,5852.2104,5855.3062,244238
2023-10-31T01:00:00.000Z,5850.8071,5882.3618,5846.3789,5872.4238,252101
2023-10-31T02:00:00.000Z,5872.4238,5898.7847,5863.2778,5867.3799,190127
2023-10-31T03:00:00.000Z,5867.3799,5874.9028,5822.4141,5858.6855,206914
2023-10-31T05:00:00.000Z,5866.4551,5888.4028,5864.8667,5885.0249,135173
2023-10-31T06:00:00.000Z,5885.0249,5922.6855,5879.9873,5910.3052,287213
2023-10-31T13:00:00.000Z,5910.3228,5922.1431,5886.4629,5916.6958,349053
2023-10-31T14:00:00.000Z,5916.6958,5931.1621,5902.9453,5918.4927,274284
2023-11-01T01:00:00.000Z,5884.1587,5926.9961,5873.479,5898.4673,363587
2023-11-01T02:00:00.000Z,5898.4673,5899.1157,5859.2334,5876.0498,253116
2023-11-01T03:00:00.000Z,5876.0498,5892.9385,5867.6323,5871.0054,103748
2023-11-01T05:00:00.000Z,5871.0054,5889.0308,5868.2241,5885.8726,92013
2023-11-01T06:00:00.000Z,5885.8726,5906.0366,5865.5967,5884.2559,301469
2023-11-01T13:00:00.000Z,5912.9355,5920.4106,5889.0659,5891.2187,320208
2023-11-01T14:00:00.000Z,5891.2187,5894.3726,5853.0142,5857.8872,275190
2023-11-02T01:00:00.000Z,5822.772,5866.9766,5816.1128,5851.6709,380340
2023-11-02T02:00:00.000Z,5851.6709,5856.6963,5835.8745,5843.0723,148306
2023-11-02T03:00:00.000Z,5843.0723,5862.5015,5839.7734,5851.8228,98931
2023-11-02T05:00:00.000Z,5849.2861,5856.4775,5836.0859,5837.9556,105640
2023-11-02T06:00:00.000Z,5837.9556,5858.4204,5820.6089,5857.231,272201
2023-11-02T13:00:00.000Z,5857.4741,5882.6099,5845.3633,5879.5488,359236
2023-11-02T14:00:00.000Z,5879.5488,5892.2871,5873.6294,5889.0239,197551
2023-11-03T01:00:00.000Z,5907.2207,5917.5269,5888.9233,5906.1592,336532
2023-11-03T02:00:00.000Z,5906.1592,5956.8735,5896.834,5945.729,341626
2023-11-03T03:00:00.000Z,5945.729,5948.6895,5920.9165,5931.7393,178298
2023-11-03T05:00:00.000Z,5935.5181,5945.0957,5929.7339,5938.3521,90871
2023-11-03T06:00:00.000Z,5938.3521,5947.8423,5915.355,5926.9258,231630
2023-11-03T13:00:00.000Z,5938.1689,5947.292,5916.8882,5941.9136,353778
2023-11-03T14:00:00.000Z,5941.9136,5943.874,5914.562,5916.1577,189634
2023-11-06T01:00:00.000Z,5916.1577,5917.2637,5833.3086,5836.4482,584745
2023-11-06T02:00:00.000Z,5836.4482,5854.2749,5835.6094,5846.2666,179121
2023-11-06T03:00:00.000Z,5846.2666,5855.1138,5840.4458,5841.9712,88647
2023-11-06T05:00:00.000Z,5843.0269,5863.7095,5833.3247,5851.1411,122863
2023-11-06T06:00:00.000Z,5851.1411,5873.6719,5849.2002,5863.7051,210943
2023-11-06T13:00:00.000Z,5871.355,5889.0732,5865.479,5885.2412,260666
2023-11-06T14:00:00.000Z,5885.2412,5904.5986,5881.3169,5897.2539,209468
2023-11-07T01:00:00.000Z,5879.5625,5890.3931,5853.2954,5867.8804,372745
2023-11-07T02:00:00.000Z,5867.8804,5893.4243,5858.2798,5892.9976,161618
2023-11-07T03:00:00.000Z,5892.9976,5910.8687,5870.5264,5876.502,161852
2023-11-07T05:00:00.000Z,5875.4419,5897.1187,5872.4399,5894.1353,105624
2023-11-07T06:00:00.000Z,5894.1353,5896.6177,5796.8398,5820.5059,527484
2023-11-07T13:00:00.000Z,5806.8218,5821.7266,5787.1191,5819.769,403886
2023-11-07T14:00:00.000Z,5819.769,5824.8267,5805.1514,5806.6123,168230
2023-11-08T01:00:00.000Z,5769.9238,5778.6914,5729.7563,5751.5176,555091
2023-11-08T02:00:00.000Z,5751.5176,5786.9834,5748.0937,5784.6265,189925
2023-11-08T03:00:00.000Z,5784.6265,5805.5244,5780.6699,5801.1475,132985
2023-11-08T05:00:00.000Z,5791.916,5805.6138,5782.6348,5791.9346,117366
2023-11-08T06:00:00.000Z,5791.9346,5822.5044,5790.8311,5820.6348,234142
2023-11-08T13:00:00.000Z,5792.5713,5889.5791,5788.5654,5885.6777,631867
2023-11-08T14:00:00.000Z,5885.6777,5890.7646,5867.356,5883.4766,291679
2023-11-09T01:00:00.000Z,5867.0391,5890.3804,5860.8437,5874.7002,334694
2023-11-09T02:00:00.000Z,5874.7002,5882.4595,5831.8647,5832.8911,266190
2023-11-09T03:00:00.000Z,5832.8911,5836.2197,5785.4731,5796.624,300984
2023-11-09T05:00:00.000Z,5791.3887,5792.2222,5747.1631,5756.4717,342594
2023-11-09T06:00:00.000Z,5756.4717,5804.4473,5752.0449,5800.0146,422406
2023-11-09T13:00:00.000Z,5799.8096,5856.1274,5795.5742,5842.6587,501971
2023-11-09T14:00:00.000Z,5842.6587,5855.6045,5823.2114,5838.2627,205333
2023-11-10T01:00:00.000Z,5823.3896,5877.6084,5820.7266,5847.4004,414051
2023-11-10T02:00:00.000Z,5847.4004,5847.7598,5803.1519,5806.9512,295204
2023-11-10T03:00:00.000Z,5806.9512,5830.0796,5805.6416,5826.8286,119084
2023-11-10T05:00:00.000Z,5826.8594,5848.5903,5819.5762,5834.0186,112863
2023-11-10T06:00:00.000Z,5834.0186,5834.9604,5805.8936,5828.4097,270601
2023-11-10T13:00:00.000Z,5830.7231,5855.4409,5827.5469,5853.5439,280553
2023-11-10T14:00:00.000Z,5853.5439,5859.0601,5828.0928,5840.9517,180136
2023-11-13T01:00:00.000Z,5835.2793,5840.3931,5760.5723,5796.3564,754697
2023-11-13T02:00:00.000Z,5796.3564,5803.1006,5781.3003,5785.021,144886
2023-11-13T03:00:00.000Z,5785.021,5803.6538,5779.3672,5781.7563,83735
2023-11-13T05:00:00.000Z,5783.2437,5792.8213,5774.896,5786.6309,97991
2023-11-13T06:00:00.000Z,5786.6309,5816.9536,5771.1118,5801.8252,325280
2023-11-13T13:00:00.000Z,5812.0845,5820.4312,5794.9697,5802.4277,257804
2023-11-13T14:00:00.000Z,5802.4277,5836.9019,5802.4277,5836.437,227097
2023-11-14T01:00:00.000Z,5839.3423,5912.6421,5839.3423,5866.5312,664243
2023-11-14T02:00:00.000Z,5866.5312,5876.374,5855.7881,5862.9951,160278
2023-11-14T03:00:00.000Z,5862.9951,5864.4038,5841.2085,5850.1172,103492
2023-11-14T05:00:00.000Z,5851.0669,5863.2246,5845.8145,5847.7129,102039
2023-11-14T06:00:00.000Z,5847.7129,5869.8853,5846.7637,5869.4634,179272
2023-11-14T13:00:00.000Z,5861.0073,5885.8579,5850.8252,5883.8398,374056
2023-11-14T14:00:00.000Z,5883.8398,5888.8813,5868.2808,5879.9702,239460
2023-11-15T01:00:00.000Z,5856.6206,5883.2334,5846.8613,5865.9365,352549
2023-11-15T02:00:00.000Z,5865.9365,5906.4136,5858.1792,5892.7485,264353
2023-11-15T03:00:00.000Z,5892.7485,5907.7554,5887.2021,5896.7603,183446
2023-11-15T05:00:00.000Z,5898.6577,5911.042,5883.0186,5901.1592,158754
2023-11-15T06:00:00.000Z,5901.1592,5926.876,5892.3193,5922.9258,363760
2023-11-15T13:00:00.000Z,5914.3086,5939.0659,5893.6074,5901.4707,385794
2023-11-15T14:00:00.000Z,5901.4707,5908.6519,5886.625,5895.4687,153857
2023-11-16T01:00:00.000Z,5881.5059,5912.1973,5868.5303,5907.2681,396180
2023-11-16T02:00:00.000Z,5907.2681,5914.5449,5895.1011,5906.8359,166210
2023-11-16T03:00:00.000Z,5906.8359,5933.2354,5906.3779,5912.9316,142588
2023-11-16T05:00:00.000Z,5911.9663,5943.1245,5908.5581,5926.8657,156078
2023-11-16T06:00:00.000Z,5926.8657,6037.1206,5926.377,6037.1206,839066
2023-11-16T13:00:00.000Z,6036.2627,6093.9697,6036.2627,6066.1167,672933
2023-11-16T14:00:00.000Z,6066.1167,6069.0181,6001.3306,6011.0972,430809
2023-11-17T01:00:00.000Z,5996.0679,6017.8354,5964.0581,6002.4834,633613
2023-11-17T02:00:00.000Z,6002.4834,6029.4937,5998.6421,6026.019,297027
2023-11-17T03:00:00.000Z,6026.019,6065.8159,6025.5552,6064.7993,231003
2023-11-17T05:00:00.000Z,6061.4634,6071.7739,6053.2207,6064.9263,266662
2023-11-17T06:00:00.000Z,6064.9263,6070.3955,5992.6846,6018.1162,584439
2023-11-17T13:00:00.000Z,6040.5664,6071.252,6026.0391,6032.8896,615900
2023-11-17T14:00:00.000Z,6032.8896,6074.7456,6012.1289,6037.4517,435319
2023-11-20T01:00:00.000Z,6072.1641,6079.0425,6003.3901,6017.2949,635590
2023-11-20T02:00:00.000Z,6017.2949,6039.8296,6002.772,6036.8442,223852
2023-11-20T03:00:00.000Z,6036.8442,6067.1562,6033.0601,6047.998,269152
2023-11-20T05:00:00.000Z,6047.998,6060.3252,6038.9385,6055.9683,152714
2023-11-20T06:00:00.000Z,6055.9683,6066.6997,6015.7915,6025.9834,340940
2023-11-20T13:00:00.000Z,6038.2603,6053.1597,5977.9111,5991.6855,696345
2023-11-20T14:00:00.000Z,5991.6855,5994.6685,5927.0063,5930.8115,706963
2023-11-21T01:00:00.000Z,5931.8164,5971.3052,5931.1772,5952.061,382895
2023-11-21T02:00:00.000Z,5952.061,5957.311,5905.4502,5918.7485,323175
2023-11-21T03:00:00.000Z,5918.7485,5921.1182,5886.6558,5889.5342,247382
2023-11-21T05:00:00.000Z,5888.5518,5894.3491,5842.7432,5860.835,396097
2023-11-21T06:00:00.000Z,5860.835,5860.835,5823.4492,5825.3091,477870
2023-11-21T13:00:00.000Z,5834.9668,5847.1787,5814.7041,5829.9458,446931
2023-11-21T14:00:00.000Z,5829.9458,5837.3291,5797.3188,5821.8433,295200
2023-11-22T01:00:00.000Z,5826.6377,5850.1709,5818.0869,5834.9512,441893
2023-11-22T02:00:00.000Z,5834.9512,5846.1216,5819.2251,5824.0439,152867
2023-11-22T03:00:00.000Z,5824.0439,5837.2896,5814.6909,5820.4629,129338
2023-11-22T05:00:00.000Z,5820.9268,5826.3945,5793.0288,5802.3472,188954
2023-11-22T06:00:00.000Z,5802.3472,5819.0767,5785.6787,5787.1553,329953
2023-11-22T13:00:00.000Z,5763.7754,5798.2573,5754.459,5767.4385,580069
2023-11-22T14:00:00.000Z,5767.4385,5775.668,5747.73,5767.5469,252258
2023-11-23T01:00:00.000Z,5811.8755,5815.3149,5761.5845,5769.6187,337192
2023-11-23T02:00:00.000Z,5769.6187,5789.4624,5765.502,5770.7856,170628
2023-11-23T03:00:00.000Z,5770.7856,5772.1846,5749.0649,5760.1777,128351
2023-11-23T05:00:00.000Z,5764.9692,5780.1689,5760.2217,5774.7964,125139
2023-11-23T06:00:00.000Z,5774.7964,5786.3989,5765.9966,5780.2187,189972
2023-11-23T13:00:00.000Z,5779.4663,5791.8809,5750.8647,5767.2227,382124
2023-11-23T14:00:00.000Z,5767.2227,5775.9053,5755.4941,5769.7222,220108
2023-11-24T01:00:00.000Z,5782.1006,5790.7075,5769.8501,5786.5308,208857
2023-11-24T02:00:00.000Z,5786.5308,5803.4526,5781.7017,5782.6826,169011
2023-11-24T03:00:00.000Z,5782.6826,5783.5869,5768.0435,5779.103,81085
2023-11-24T05:00:00.000Z,5773.8413,5778.5322,5768.918,5776.6987,62644
2023-11-24T06:00:00.000Z,5776.6987,5790.8652,5759.5034,5775.6753,270877
2023-11-24T13:00:00.000Z,5777.4053,5778.3208,5718.6797,5731.4219,481545
2023-11-24T14:00:00.000Z,5731.4219,5753.542,5730.8477,5748.0908,148159
2023-11-27T01:00:00.000Z,5730.8315,5771.8682,5729.6899,5737.3701,348031
2023-11-27T02:00:00.000Z,5737.3701,5743.6797,5711.3784,5713.7295,171797
2023-11-27T03:00:00.000Z,5713.7295,5716.4668,5676.2871,5686.8013,252117
2023-11-27T05:00:00.000Z,5685.9131,5712.4258,5685.4429,5694.5986,109646
2023-11-27T06:00:00.000Z,5694.5986,5701.8384,5676.917,5688.0889,155982
2023-11-27T13:00:00.000Z,5684.3589,5699.8442,5672.4106,5687.1685,289099
2023-11-27T14:00:00.000Z,5687.1685,5708.1182,5685.2729,5707.5894,139354
2023-11-28T01:00:00.000Z,5705.8872,5717.6011,5695.1201,5706.8706,192872
2023-11-28T02:00:00.000Z,5706.8706,5722.3086,5682.2646,5685.2593,201732
2023-11-28T03:00:00.000Z,5685.2593,5690.3022,5678.3667,5689.8052,89206
2023-11-28T05:00:00.000Z,5685.0254,5698.937,5672.6758,5686.9683,186073
2023-11-28T06:00:00.000Z,5686.9683,5693.3574,5649.4185,5650.3354,287717
2023-11-28T13:00:00.000Z,5671.895,5680.8472,5662.002,5677.6138,294220
2023-11-28T14:00:00.000Z,5677.6138,5685.4004,5670.0332,5671.4819,131878
2023-11-29T01:00:00.000Z,5692.8667,5700.9375,5669.2144,5672.8442,277177
2023-11-29T02:00:00.000Z,5672.8442,5681.4639,5621.9873,5641.4736,352844
2023-11-29T03:00:00.000Z,5641.4736,5643.9995,5616.6855,5632.7725,190300
2023-11-29T05:00:00.000Z,5632.7725,5634.188,5619.8901,5622.2646,96876
2023-11-29T06:00:00.000Z,5622.2646,5632.3965,5607.7266,5628.5596,238030
2023-11-29T13:00:00.000Z,5653.0293,5670.2886,5638.6704,5656.3657,315448
2023-11-29T14:00:00.000Z,5656.3657,5666.6465,5651.8428,5655.3403,120222
2023-11-30T01:00:00.000Z,5674.8662,5680.311,5647.7593,5648.3569,363340
2023-11-30T02:00:00.000Z,5648.3569,5705.6338,5648.3184,5697.0254,251497
2023-11-30T03:00:00.000Z,5697.0254,5705.606,5686.4707,5694.3145,104118
2023-11-30T05:00:00.000Z,5701.5249,5751.0083,5695.0815,5748.4692,315239
2023-11-30T06:00:00.000Z,5748.4692,5778.7451,5738.8169,5770.2026,341477
2023-11-30T13:00:00.000Z,5770.4824,5798.0098,5762.7036,5797.3892,368778
2023-11-30T14:00:00.000Z,5797.3892,5798.5059,5763.417,5772.6621,244758
2023-12-01T01:00:00.000Z,5704.6377,5738.0493,5682.9722,5697.939,483175
2023-12-01T02:00:00.000Z,5697.939,5702.3774,5650.8159,5671.6978,231600
2023-12-01T03:00:00.000Z,5671.6978,5673.6455,5653.0493,5667.1733,88518
2023-12-01T05:00:00.000Z,5672.2422,5686.6187,5667.1626,5677.8813,123040
2023-12-01T06:00:00.000Z,5677.8813,5689.3237,5671.353,5677.1885,172066
2023-12-01T13:00:00.000Z,5679.5386,5722.3218,5679.5386,5713.9541,293758
2023-12-01T14:00:00.000Z,5713.9541,5751.04,5709.0571,5743.9126,225500
2023-12-04T01:00:00.000Z,5714.5835,5745.1094,5680.1499,5693.7422,498565
2023-12-04T02:00:00.000Z,5693.7422,5704.1411,5681.4097,5700.9624,126440
2023-12-04T03:00:00.000Z,5700.9624,5704.062,5683.7954,5689.5508,64449
2023-12-04T05:00:00.000Z,5689.5508,5690.8872,5666.748,5669.3594,117011
2023-12-04T06:00:00.000Z,5669.3594,5677.7676,5652.6421,5663.6743,197404
2023-12-04T13:00:00.000Z,5666.6479,5692.2881,5664.2876,5672.7354,265229
2023-12-04T14:00:00.000Z,5672.7354,5682.9746,5652.7368,5666.1714,160447
2023-12-05T01:00:00.000Z,5668.5508,5679.231,5635.2412,5656.4731,326482
2023-12-05T02:00:00.000Z,5656.4731,5657.145,5631.0903,5639.4492,142476
2023-12-05T03:00:00.000Z,5639.4492,5660.7915,5639.4492,5658.375,69990
2023-12-05T05:00:00.000Z,5660.7622,5686.9858,5655.043,5680.5947,135026
2023-12-05T06:00:00.000Z,5680.5947,5685.1523,5656.1714,5676.3811,172340
2023-12-05T13:00:00.000Z,5679.4709,5679.4709,5600.5897,5618.6045,576135
2023-12-05T14:00:00.000Z,5618.6045,5714.6285,5615.972,5701.3657,391653
2023-12-06T01:00:00.000Z,5664.7787,5702.4868,5657.6118,5693.8976,318689
2023-12-06T02:00:00.000Z,5693.8976,5722.4638,5693.268,5702.1894,177728
2023-12-06T03:00:00.000Z,5702.1894,5715.2985,5698.7281,5701.1296,65765
2023-12-06T05:00:00.000Z,5702.9318,5706.8318,5682.442,5696.0376,100932
2023-12-06T06:00:00.000Z,5696.0376,5717.7172,5692.743,5713.1153,176964
2023-12-06T13:00:00.000Z,5701.0087,5716.9483,5685.4318,5686.1348,350878
2023-12-06T14:00:00.000Z,5686.1348,5688.9178,5669.3314,5681.6951,200806
2023-12-07T01:00:00.000Z,5665.3794,5665.3794,5607.9881,5637.6349,505046
2023-12-07T02:00:00.000Z,5637.6349,5692.4952,5635.5035,5683.4482,234421
2023-12-07T03:00:00.000Z,5683.4482,5694.2932,5671.0945,5671.5089,90544
2023-12-07T05:00:00.000Z,5673.4787,5689.2195,5672.2119,5686.153,86147
2023-12-07T06:00:00.000Z,5686.153,5686.7214,5651.3667,5679.5338,255740
2023-12-07T13:00:00.000Z,5677.4539,5747.6551,5671.4635,5735.4076,517678
2023-12-07T14:00:00.000Z,5735.4076,5751.5961,5716.8372,5722.4081,237296
2023-12-08T01:00:00.000Z,5730.5464,5762.7922,5705.1376,5750.9377,353185
2023-12-08T02:00:00.000Z,5750.9377,5768.6244,5729.8799,5742.2094,163899
2023-12-08T03:00:00.000Z,5742.2094,5749.7769,5733.0612,5744.7872,67800
2023-12-08T05:00:00.000Z,5743.5188,5753.41,5737.3288,5747.5554,93781
2023-12-08T06:00:00.000Z,5747.5554,5751.8926,5724.88,5735.5622,198783
2023-12-08T13:00:00.000Z,5735.9578,5763.4896,5730.8995,5749.9166,342950
2023-12-08T14:00:00.000Z,5749.9166,5750.8899,5720.614,5727.3921,189247
2023-12-11T01:00:00.000Z,5739.7944,5751.664,5692.4284,5718.8161,439307
2023-12-11T02:00:00.000Z,5718.8161,5722.7861,5704.8304,5706.7688,126833
2023-12-11T03:00:00.000Z,5706.7688,5719.3146,5700.5455,5716.9215,77518
2023-12-11T05:00:00.000Z,5722.2679,5753.9407,5722.2679,5752.0038,156388
2023-12-11T06:00:00.000Z,5752.0038,5761.7706,5716.9974,5724.786,250390
2023-12-11T13:00:00.000Z,5717.1607,5738.9864,5702.9602,5706.9297,287522
2023-12-11T14:00:00.000Z,5706.9297,5716.5858,5688.5567,5704.9844,215169
2023-12-12T01:00:00.000Z,5711.0004,5746.7984,5710.8319,5738.1057,297345
2023-12-12T02:00:00.000Z,5738.1057,5792.5321,5733.8478,5763.8654,414534
2023-12-12T03:00:00.000Z,5763.8654,5767.986,5742.0286,5751.8332,146181
2023-12-12T05:00:00.000Z,5757.3639,5760.4969,5742.6561,5742.6561,84492
2023-12-12T06:00:00.000Z,5742.6561,5749.6134,5720.8161,5741.4727,243741
2023-12-12T13:00:00.000Z,5724.3218,5729.8917,5679.6886,5687.1476,488442
2023-12-12T14:00:00.000Z,5687.1476,5689.5461,5656.5556,5664.8474,355873
2023-12-13T01:00:00.000Z,5656.9416,5661.3413,5622.5253,5630.6978,442231
2023-12-13T02:00:00.000Z,5630.6978,5646.7273,5620.1518,5627.6247,241910
2023-12-13T03:00:00.000Z,5627.6247,5631.0273,5599.6553,5610.7081,247258
2023-12-13T05:00:00.000Z,5610.339,5620.2209,5579.8451,5584.1563,286190
2023-12-13T06:00:00.000Z,5584.1563,5598.9967,5575.8868,5581.8753,284051
2023-12-13T13:00:00.000Z,5592.9163,5605.3559,5570.6639,5601.1335,398256
2023-12-13T14:00:00.000Z,5601.1335,5601.1335,5574.9348,5587.8139,185704
2023-12-14T01:00:00.000Z,5607.5391,5634.9498,5602.1468,5613.3505,379266
2023-12-14T02:00:00.000Z,5613.3505,5615.6726,5574.4448,5592.7908,226447
2023-12-14T03:00:00.000Z,5592.7908,5605.0669,5582.6279,5589.7216,87266
2023-12-14T05:00:00.000Z,5589.7216,5590.4606,5578.6148,5582.95,60380
2023-12-14T06:00:00.000Z,5582.95,5590.2742,5550.3257,5553.2331,355100
2023-12-14T13:00:00.000Z,5582.1096,5622.6257,5571.2469,5616.4892,447810
2023-12-14T14:00:00.000Z,5616.4892,5643.5048,5607.7943,5636.2776,284486
2023-12-15T01:00:00.000Z,5629.5692,5685.7176,5629.5692,5662.6668,492980
2023-12-15T02:00:00.000Z,5662.6668,5681.1739,5661.7456,5677.559,136608
2023-12-15T03:00:00.000Z,5677.559,5698.8354,5674.2276,5691.9597,111813
2023-12-15T05:00:00.000Z,5682.1968,5689.0488,5659.0433,5668.7608,153536
2023-12-15T06:00:00.000Z,5668.7608,5672.5157,5654.3035,5663.2381,213998
2023-12-15T13:00:00.000Z,5675.2365,5690.3084,5648.8836,5663.3178,389535
2023-12-15T14:00:00.000Z,5663.3178,5672.9559,5646.0094,5665.8239,160682
2023-12-18T01:00:00.000Z,5681.4355,5689.3593,5639.685,5662.0145,278677
2023-12-18T02:00:00.000Z,5662.0145,5677.2997,5654.1076,5657.7461,148245
2023-12-18T03:00:00.000Z,5657.7461,5667.0735,5651.9897,5663.9439,57486
2023-12-18T05:00:00.000Z,5666,5672,5661,5667,53257
2023-12-18T06:00:00.000Z,5667,5723,5658,5711,367087
2023-12-18T13:00:00.000Z,5714,5746,5712,5737,334351
2023-12-18T14:00:00.000Z,5737,5749,5732,5746,136562
2023-12-19T01:00:00.000Z,5715,5743,5715,5720,192595
2023-12-19T02:00:00.000Z,5720,5725,5708,5714,105836
2023-12-19T03:00:00.000Z,5714,5728,5714,5722,53423
2023-12-19T05:00:00.000Z,5724,5733,5712,5714,85897
2023-12-19T06:00:00.000Z,5714,5723,5708,5716,148965
2023-12-19T13:00:00.000Z,5720,5753,5720,5739,310287
2023-12-19T14:00:00.000Z,5739,5758,5736,5752,181118
2023-12-20T01:00:00.000Z,5757,5787,5754,5785,277957
2023-12-20T02:00:00.000Z,5785,5811,5774,5803,146853
2023-12-20T03:00:00.000Z,5803,5818,5792,5806,209605
2023-12-20T05:00:00.000Z,5808,5828,5800,5825,133271
2023-12-20T06:00:00.000Z,5825,5843,5817,5834,300155
2023-12-20T13:00:00.000Z,5849,5864,5827,5834,339746
2023-12-20T14:00:00.000Z,5834,5853,5829,5846,137609
2023-12-21T01:00:00.000Z,5814,5833,5805,5824,281368
2023-12-21T02:00:00.000Z,5824,5860,5818,5859,177146
2023-12-21T03:00:00.000Z,5859,5859,5839,5853,94724
2023-12-21T05:00:00.000Z,5854,5881,5851,5879,165352
2023-12-21T06:00:00.000Z,5879,5902,5870,5888,249227
2023-12-21T13:00:00.000Z,5870,5887,5856,5872,307020
2023-12-21T14:00:00.000Z,5872,5876,5852,5869,152238
2023-12-22T01:00:00.000Z,5875,5923,5869,5916,337654
2023-12-22T02:00:00.000Z,5916,5940,5909,5933,240783
2023-12-22T03:00:00.000Z,5933,5941,5916,5935,98152
2023-12-22T05:00:00.000Z,5931,5931,5903,5913,117915
2023-12-22T06:00:00.000Z,5913,5924,5903,5906,181393
2023-12-22T13:00:00.000Z,5915,5922,5891,5898,286005
2023-12-22T14:00:00.000Z,5898,5903,5887,5900,110606
2023-12-25T01:00:00.000Z,5877,5891,5847,5881,367721
2023-12-25T02:00:00.000Z,5881,5888,5864,5871,125551
2023-12-25T03:00:00.000Z,5871,5874,5852,5865,78865
2023-12-25T05:00:00.000Z,5865,5889,5864,5872,82637
2023-12-25T06:00:00.000Z,5872,5893,5870,5886,142376
2023-12-25T13:00:00.000Z,5885,5888,5865,5882,201221
2023-12-25T14:00:00.000Z,5882,5889,5869,5886,81923
2023-12-26T01:00:00.000Z,5881,5913,5879,5901,249376
2023-12-26T02:00:00.000Z,5901,5912,5887,5895,90650
2023-12-26T03:00:00.000Z,5895,5900,5880,5893,91634
2023-12-26T05:00:00.000Z,5897,5904,5886,5899,76012
2023-12-26T06:00:00.000Z,5899,5905,5860,5876,203883
2023-12-26T13:00:00.000Z,5877,5947,5877,5937,454871
2023-12-26T14:00:00.000Z,5937,5947,5897,5916,244746
2023-12-27T01:00:00.000Z,5914,5936,5904,5929,219957
2023-12-27T02:00:00.000Z,5929,5954,5928,5946,186727
2023-12-27T03:00:00.000Z,5946,5951,5935,5942,49521
2023-12-27T05:00:00.000Z,5942,5948,5924,5947,88051
2023-12-27T06:00:00.000Z,5947,5960,5942,5952,183943
2023-12-27T13:00:00.000Z,5953,5956,5911,5917,289760
2023-12-27T14:00:00.000Z,5917,5936,5911,5927,165068
2023-12-28T01:00:00.000Z,5916,5962,5909,5956,290177
2023-12-28T02:00:00.000Z,5956,5981,5937,5942,231482
2023-12-28T03:00:00.000Z,5942,5954,5939,5943,56836
2023-12-28T05:00:00.000Z,5944,5964,5943,5956,74825
2023-12-28T06:00:00.000Z,5956,5981,5928,5971,291747
2023-12-28T13:00:00.000Z,5960,5963,5920,5937,372879
2023-12-28T14:00:00.000Z,5937,5949,5928,5940,116605
2023-12-29T01:00:00.000Z,5911,5915,5876,5899,365891
2023-12-29T02:00:00.000Z,5899,5905,5882,5889,150432
2023-12-29T03:00:00.000Z,5889,5910,5889,5905,93218
2023-12-29T05:00:00.000Z,5910,5928,5902,5912,131996
2023-12-29T06:00:00.000Z,5912,5921,5895,5919,173836
2024-01-02T01:00:00.000Z,5928,6028,5925,5956,479690
2024-01-02T02:00:00.000Z,5956,5967,5944,5962,144394
2024-01-02T03:00:00.000Z,5962,5967,5936,5938,102914
2024-01-02T05:00:00.000Z,5938,5941,5918,5940,107451
2024-01-02T06:00:00.000Z,5940,5945,5924,5928,143313
2024-01-02T13:00:00.000Z,5925,5967,5922,5953,308852
2024-01-02T14:00:00.000Z,5953,5954,5888,5898,283182
2024-01-03T01:00:00.000Z,5879,5891,5846,5875,288267
2024-01-03T02:00:00.000Z,5875,5880,5858,5863,75081
2024-01-03T03:00:00.000Z,5863,5867,5840,5848,94950
2024-01-03T05:00:00.000Z,5846,5853,5838,5847,66137
2024-01-03T06:00:00.000Z,5847,5867,5840,5865,133458
2024-01-03T13:00:00.000Z,5874,5902,5866,5867,200026
2024-01-03T14:00:00.000Z,5867,5887,5866,5885,108986
2024-01-04T01:00:00.000Z,5903,5948,5892,5947,264117
2024-01-04T02:00:00.000Z,5947,5948,5890,5897,149848
2024-01-04T03:00:00.000Z,5897,5901,5869,5874,96071
2024-01-04T05:00:00.000Z,5881,5892,5874,5891,70609
2024-01-04T06:00:00.000Z,5891,5912,5884,5884,170870
2024-01-04T13:00:00.000Z,5889,5909,5879,5902,176725
2024-01-04T14:00:00.000Z,5902,5902,5854,5871,158898
2024-01-05T01:00:00.000Z,5860,5875,5828,5852,187061
2024-01-05T02:00:00.000Z,5852,5865,5846,5863,87097
2024-01-05T03:00:00.000Z,5863,5867,5846,5853,44833
2024-01-05T05:00:00.000Z,5855,5873,5848,5873,57227
2024-01-05T06:00:00.000Z,5873,5913,5872,5887,231166
2024-01-05T13:00:00.000Z,5882,5911,5861,5904,258484
2024-01-05T14:00:00.000Z,5904,5938,5903,5930,234626
2024-01-08T01:00:00.000Z,5927,5927,5822,5825,419041
2024-01-08T02:00:00.000Z,5825,5825,5763,5770,308336
2024-01-08T03:00:00.000Z,5770,5792,5761,5788,115215
2024-01-08T05:00:00.000Z,5786,5788,5765,5770,71939
2024-01-08T06:00:00.000Z,5770,5786,5755,5764,201804
2024-01-08T13:00:00.000Z,5752,5760,5729,5732,229405
2024-01-08T14:00:00.000Z,5732,5734,5715,5724,149451
2024-01-09T01:00:00.000Z,5735,5745,5709,5720,205147
2024-01-09T02:00:00.000Z,5720,5737,5715,5724,84540
2024-01-09T03:00:00.000Z,5724,5747,5722,5734,76685
2024-01-09T05:00:00.000Z,5724,5724,5703,5706,116111
2024-01-09T06:00:00.000Z,5706,5716,5695,5702,175536
2024-01-09T13:00:00.000Z,5739,5747,5722,5726,256472
2024-01-09T14:00:00.000Z,5726,5741,5723,5725,92780
2024-01-10T01:00:00.000Z,5727,5763,5723,5748,226885
2024-01-10T02:00:00.000Z,5748,5762,5734,5740,101423
2024-01-10T03:00:00.000Z,5740,5745,5725,5730,63911
2024-01-10T05:00:00.000Z,5732,5743,5724,5729,69273
2024-01-10T06:00:00.000Z,5729,5735,5716,5731,169737
2024-01-10T13:00:00.000Z,5734,5753,5704,5743,217869
2024-01-10T14:00:00.000Z,5743,5745,5728,5735,85427
2024-01-11T01:00:00.000Z,5703,5730,5685,5704,294120
2024-01-11T02:00:00.000Z,5704,5713,5679,5686,125558
2024-01-11T03:00:00.000Z,5686,5725,5683,5717,108247
2024-01-11T05:00:00.000Z,5721,5736,5721,5724,84470
2024-01-11T06:00:00.000Z,5724,5727,5714,5723,121395
2024-01-11T13:00:00.000Z,5742,5755,5730,5736,237720
2024-01-11T14:00:00.000Z,5736,5748,5725,5730,98739
2024-01-12T01:00:00.000Z,5737,5803,5734,5797,345355
2024-01-12T02:00:00.000Z,5797,5800,5773,5783,120234
2024-01-12T03:00:00.000Z,5783,5787,5762,5766,57621
2024-01-12T05:00:00.000Z,5762,5773,5760,5767,42304
2024-01-12T06:00:00.000Z,5767,5775,5754,5766,108751
2024-01-12T13:00:00.000Z,5788,5806,5774,5782,300762
2024-01-12T14:00:00.000Z,5782,5794,5771,5786,123915
2024-01-15T01:00:00.000Z,5757,5769,5733,5759,264631
2024-01-15T02:00:00.000Z,5759,5789,5757,5779,129284
2024-01-15T03:00:00.000Z,5779,5781,5770,5774,46634
2024-01-15T05:00:00.000Z,5773,5777,5763,5768,48595
2024-01-15T06:00:00.000Z,5768,5772,5749,5751,119611
2024-01-15T13:00:00.000Z,5738,5782,5727,5777,214242
2024-01-15T14:00:00.000Z,5777,5794,5773,5780,114485
2024-01-16T01:00:00.000Z,5793,5827,5783,5822,229791
2024-01-16T02:00:00.000Z,5822,5830,5806,5812,101715
2024-01-16T03:00:00.000Z,5812,5821,5802,5813,58347
2024-01-16T05:00:00.000Z,5816,5823,5811,5811,43917
2024-01-16T06:00:00.000Z,5811,5816,5792,5814,149060
2024-01-16T13:00:00.000Z,5825,5835,5812,5817,192092
2024-01-16T14:00:00.000Z,5817,5827,5804,5807,78682
2024-01-17T01:00:00.000Z,5804,5815,5787,5804,184499
2024-01-17T02:00:00.000Z,5804,5820,5796,5800,108083
2024-01-17T03:00:00.000Z,5800,5823,5796,5815,67936
2024-01-17T05:00:00.000Z,5812,5815,5802,5807,50592
2024-01-17T06:00:00.000Z,5807,5811,5792,5801,135941
2024-01-17T13:00:00.000Z,5789,5829,5776,5813,348282
2024-01-17T14:00:00.000Z,5813,5830,5802,5816,183492
2024-01-18T01:00:00.000Z,5842,5856,5816,5828,369319
2024-01-18T02:00:00.000Z,5828,5829,5797,5806,146347
2024-01-18T03:00:00.000Z,5806,5826,5804,5824,54040
2024-01-18T05:00:00.000Z,5824,5843,5823,5842,90992
2024-01-18T06:00:00.000Z,5842,5859,5828,5828,230703
2024-01-18T13:00:00.000Z,5828,5842,5820,5840,195861
2024-01-18T14:00:00.000Z,5840,5844,5821,5826,86671
2024-01-19T01:00:00.000Z,5843,5866,5842,5861,253190
2024-01-19T02:00:00.000Z,5861,5867,5850,5861,82711
2024-01-19T03:00:00.000Z,5861,5872,5860,5870,47679
2024-01-19T05:00:00.000Z,5870,5877,5857,5877,63067
2024-01-19T06:00:00.000Z,5877,5887,5866,5882,193693
2024-01-19T13:00:00.000Z,5874,5893,5865,5888,155836
2024-01-19T14:00:00.000Z,5888,5895,5874,5889,85433
2024-01-22T01:00:00.000Z,5867,5904,5858,5902,230954
2024-01-22T02:00:00.000Z,5902,5922,5899,5918,110243
2024-01-22T03:00:00.000Z,5918,5932,5917,5923,71311
2024-01-22T05:00:00.000Z,5912,5924,5904,5922,65763
2024-01-22T06:00:00.000Z,5922,5926,5899,5913,157557
2024-01-22T13:00:00.000Z,5915,5915,5887,5899,189282
2024-01-22T14:00:00.000Z,5899,5914,5895,5908,84678
2024-01-23T01:00:00.000Z,5914,5938,5910,5932,175888
2024-01-23T02:00:00.000Z,5932,5941,5915,5916,86385
2024-01-23T03:00:00.000Z,5916,5928,5916,5926,30700
2024-01-23T05:00:00.000Z,5929,5949,5929,5946,70001
2024-01-23T06:00:00.000Z,5946,5971,5944,5966,174236
2024-01-23T13:00:00.000Z,5957,5975,5954,5963,220181
2024-01-23T14:00:00.000Z,5963,5965,5950,5960,116796
2024-01-24T01:00:00.000Z,5958,5981,5948,5973,146084
2024-01-24T02:00:00.000Z,5973,5986,5967,5984,86770
2024-01-24T03:00:00.000Z,5984,5994,5980,5987,79297
2024-01-24T05:00:00.000Z,5984,5999,5982,5994,97208
2024-01-24T06:00:00.000Z,5994,6023,5990,6012,207137
2024-01-24T13:00:00.000Z,6034,6070,6010,6022,596972
2024-01-24T14:00:00.000Z,6022,6025,5992,6005,196504
2024-01-25T01:00:00.000Z,6011,6024,6000,6008,142053
2024-01-25T02:00:00.000Z,6008,6024,6006,6010,75783
2024-01-25T03:00:00.000Z,6010,6017,6006,6014,51321
2024-01-25T05:00:00.000Z,6017,6019,5999,6012,84478
2024-01-25T06:00:00.000Z,6012,6038,5998,6000,189849
2024-01-25T13:00:00.000Z,5995,6035,5995,6035,227543
2024-01-25T14:00:00.000Z,6035,6043,6019,6035,116473
2024-01-26T01:00:00.000Z,6044,6076,6017,6024,270662
2024-01-26T02:00:00.000Z,6024,6043,6021,6038,82401
2024-01-26T03:00:00.000Z,6038,6051,6038,6040,56516
2024-01-26T05:00:00.000Z,6035,6055,6032,6048,70511
2024-01-26T06:00:00.000Z,6048,6049,6012,6027,178308
2024-01-26T13:00:00.000Z,6020,6029,6001,6006,213880
2024-01-26T14:00:00.000Z,6006,6018,5983,6010,172856
2024-01-29T01:00:00.000Z,6033,6047,6024,6038,239650
2024-01-29T02:00:00.000Z,6038,6042,6020,6027,91515
2024-01-29T03:00:00.000Z,6027,6035,6017,6033,44235
2024-01-29T05:00:00.000Z,6033,6033,6011,6014,54837
2024-01-29T06:00:00.000Z,6014,6020,6001,6015,123241
2024-01-29T13:00:00.000Z,6013,6013,5971,5981,242657
2024-01-29T14:00:00.000Z,5981,5991,5969,5981,100362
2024-01-30T01:00:00.000Z,5981,5998,5977,5994,145029
2024-01-30T02:00:00.000Z,5994,6007,5989,6001,78909
2024-01-30T03:00:00.000Z,6001,6006,5991,5993,46991
2024-01-30T05:00:00.000Z,5994,6019,5991,6004,98332
2024-01-30T06:00:00.000Z,6004,6006,5986,6002,123976
2024-01-30T13:00:00.000Z,5997,6009,5936,5949,367799
2024-01-30T14:00:00.000Z,5949,5973,5945,5967,116799
2024-01-31T01:00:00.000Z,5980,5990,5937,5946,168627
2024-01-31T02:00:00.000Z,5946,5969,5935,5961,105627
2024-01-31T03:00:00.000Z,5961,5969,5958,5965,38067
2024-01-31T05:00:00.000Z,5965,5974,5958,5971,62274
2024-01-31T06:00:00.000Z,5971,5976,5953,5957,123381
2024-01-31T13:00:00.000Z,5948,5955,5936,5947,149316
2024-01-31T14:00:00.000Z,5947,5964,5945,5948,89973
2024-02-01T01:00:00.000Z,5933,5936,5902,5914,271127
2024-02-01T02:00:00.000Z,5914,5927,5906,5908,93074
2024-02-01T03:00:00.000Z,5908,5909,5886,5896,95568
2024-02-01T05:00:00.000Z,5889,5896,5861,5864,203769
2024-02-01T06:00:00.000Z,5864,5880,5861,5867,157531
2024-02-01T13:00:00.000Z,5868,5891,5857,5881,184344
2024-02-01T14:00:00.000Z,5881,5887,5867,5882,83109
2024-02-02T01:00:00.000Z,5850,5867,5840,5846,207422
2024-02-02T02:00:00.000Z,5846,5846,5831,5836,105035
2024-02-02T03:00:00.000Z,5836,5838,5826,5830,36052
2024-02-02T05:00:00.000Z,5826,5831,5815,5830,82871
2024-02-02T06:00:00.000Z,5830,5848,5819,5837,158379
2024-02-02T13:00:00.000Z,5835,5836,5815,5820,131380
2024-02-02T14:00:00.000Z,5820,5826,5814,5822,76911
2024-02-05T01:00:00.000Z,5824,5848,5822,5839,148436
2024-02-05T02:00:00.000Z,5839,5849,5827,5838,72186
2024-02-05T03:00:00.000Z,5838,5855,5836,5845,45506
2024-02-05T05:00:00.000Z,5852,5860,5846,5849,45366
2024-02-05T06:00:00.000Z,5849,5852,5839,5843,66836
2024-02-05T13:00:00.000Z,5836,5842,5825,5840,123311
2024-02-05T14:00:00.000Z,5840,5842,5829,5832,68208
2024-02-06T01:00:00.000Z,5849,5851,5831,5837,104438
2024-02-06T02:00:00.000Z,5837,5849,5835,5844,60557
2024-02-06T03:00:00.000Z,5844,5854,5841,5848,36204
2024-02-06T05:00:00.000Z,5856,5884,5852,5861,119599
2024-02-06T06:00:00.000Z,5861,5875,5858,5872,92304
2024-02-06T13:00:00.000Z,5879,5886,5868,5878,126668
2024-02-06T14:00:00.000Z,5878,5906,5871,5888,122224
2024-02-07T01:00:00.000Z,5888,5897,5881,5895,112566
2024-02-07T02:00:00.000Z,5895,5906,5875,5879,81090
2024-02-07T03:00:00.000Z,5879,5888,5873,5888,38395
2024-02-07T05:00:00.000Z,5885,5892,5881,5890,37499
2024-02-07T06:00:00.000Z,5890,5896,5881,5889,77642
2024-02-07T13:00:00.000Z,5900,5910,5891,5902,112216
2024-02-07T14:00:00.000Z,5902,5910,5890,5890,64391
2024-02-08T01:00:00.000Z,5893,5914,5888,5908,90715
2024-02-08T02:00:00.000Z,5908,5928,5902,5924,70413
2024-02-08T03:00:00.000Z,5924,5934,5923,5924,27449
2024-02-08T05:00:00.000Z,5923,5926,5916,5920,27112
2024-02-08T06:00:00.000Z,5920,5923,5896,5900,96533
2024-02-19T01:00:00.000Z,5958,6004,5952,5985,294639
2024-02-19T02:00:00.000Z,5985,5991,5956,5979,146718
2024-02-19T03:00:00.000Z,5979,5988,5978,5983,39993
2024-02-19T05:00:00.000Z,5980,5984,5967,5974,52272
2024-02-19T06:00:00.000Z,5974,5979,5963,5963,67275
2024-02-19T13:00:00.000Z,5965,5972,5948,5951,172331
2024-02-19T14:00:00.000Z,5951,5954,5941,5951,73089
2024-02-20T01:00:00.000Z,5946,5953,5931,5939,134003
2024-02-20T02:00:00.000Z,5939,5942,5931,5937,61581
2024-02-20T03:00:00.000Z,5937,5939,5925,5938,61506
2024-02-20T05:00:00.000Z,5938,5941,5912,5920,113561
2024-02-20T06:00:00.000Z,5920,5924,5880,5903,206262
2024-02-20T13:00:00.000Z,5887,5898,5873,5898,172682
2024-02-20T14:00:00.000Z,5898,5911,5894,5897,79029
2024-02-21T01:00:00.000Z,5887,5899,5880,5889,117065
2024-02-21T02:00:00.000Z,5889,5911,5881,5906,96477
2024-02-21T03:00:00.000Z,5906,5925,5906,5912,85885
2024-02-21T05:00:00.000Z,5912,5937,5912,5927,81227
2024-02-21T06:00:00.000Z,5927,5929,5899,5902,106504
2024-02-21T13:00:00.000Z,5898,5910,5889,5906,124127
2024-02-21T14:00:00.000Z,5906,5950,5906,5936,148192
2024-02-22T01:00:00.000Z,5945,5959,5931,5955,173184
2024-02-22T02:00:00.000Z,5955,5956,5928,5939,98914
2024-02-22T03:00:00.000Z,5939,5954,5937,5949,41106
2024-02-22T05:00:00.000Z,5949,5954,5943,5945,47717
2024-02-22T06:00:00.000Z,5945,5958,5941,5949,115941
2024-02-22T13:00:00.000Z,5945,5972,5939,5940,228240
2024-02-22T14:00:00.000Z,5940,5959,5936,5956,69764
2024-02-23T01:00:00.000Z,5959,5963,5945,5952,90350
2024-02-23T02:00:00.000Z,5952,5956,5937,5941,54504
2024-02-23T03:00:00.000Z,5941,5943,5913,5919,104636
2024-02-23T05:00:00.000Z,5918,5921,5894,5903,135565
2024-02-23T06:00:00.000Z,5903,5911,5897,5909,131557
2024-02-23T13:00:00.000Z,5899,5917,5889,5917,151196
2024-02-23T14:00:00.000Z,5917,5920,5900,5909,78856
2024-02-26T01:00:00.000Z,5897,5902,5864,5866,222656
2024-02-26T02:00:00.000Z,5866,5871,5850,5852,135843
2024-02-26T03:00:00.000Z,5852,5860,5848,5854,53647
2024-02-26T05:00:00.000Z,5856,5856,5847,5852,48567
2024-02-26T06:00:00.000Z,5852,5856,5846,5854,107169
2024-02-26T13:00:00.000Z,5857,5863,5847,5852,117538
2024-02-26T14:00:00.000Z,5852,5868,5851,5859,59642
2024-02-27T01:00:00.000Z,5870,5884,5869,5875,140075
2024-02-27T02:00:00.000Z,5875,5890,5871,5880,61112
2024-02-27T03:00:00.000Z,5880,5898,5878,5894,54768
2024-02-27T05:00:00.000Z,5896,5936,5887,5925,164037
2024-02-27T06:00:00.000Z,5925,5941,5925,5930,198710
2024-02-27T13:00:00.000Z,5933,5947,5932,5937,177129
2024-02-27T14:00:00.000Z,5937,5952,5937,5952,81091
2024-02-28T01:00:00.000Z,5954,5972,5944,5970,164511
2024-02-28T02:00:00.000Z,5970,5980,5954,5960,158710
2024-02-28T03:00:00.000Z,5960,5962,5950,5956,44547
2024-02-28T05:00:00.000Z,5954,5958,5952,5956,37809
2024-02-28T06:00:00.000Z,5956,5958,5918,5928,193622
2024-02-28T13:00:00.000Z,5922,5946,5917,5944,154120
2024-02-28T14:00:00.000Z,5944,5949,5937,5937,72880
2024-02-29T01:00:00.000Z,5917,5935,5897,5919,208478
2024-02-29T02:00:00.000Z,5919,5927,5915,5920,63391
2024-02-29T03:00:00.000Z,5920,5924,5911,5911,48775
2024-02-29T05:00:00.000Z,5914,5920,5907,5918,46222
2024-02-29T06:00:00.000Z,5918,5939,5913,5929,116467
2024-02-29T13:00:00.000Z,5928,5930,5890,5904,253374
2024-02-29T14:00:00.000Z,5904,5906,5885,5894,133655
2024-03-01T01:00:00.000Z,5894,5899,5880,5884,127984
2024-03-01T02:00:00.000Z,5884,5899,5882,5896,64851
2024-03-01T03:00:00.000Z,5896,5908,5895,5899,41066
2024-03-01T05:00:00.000Z,5899,5909,5898,5900,38767
2024-03-01T06:00:00.000Z,5900,5906,5886,5898,96330
2024-03-01T13:00:00.000Z,5917,5942,5905,5940,226859
2024-03-01T14:00:00.000Z,5940,5942,5919,5931,97601
2024-03-04T01:00:00.000Z,5937,5967,5931,5953,262209
2024-03-04T02:00:00.000Z,5953,5955,5913,5920,191655
2024-03-04T03:00:00.000Z,5920,5921,5905,5912,88324
2024-03-04T05:00:00.000Z,5911,5911,5887,5893,133574
2024-03-04T06:00:00.000Z,5893,5907,5893,5902,115595
2024-03-04T13:00:00.000Z,5900,5900,5862,5871,304578
2024-03-04T14:00:00.000Z,5871,5882,5867,5877,130195
2024-03-05T01:00:00.000Z,5861,5868,5829,5837,297870
2024-03-05T02:00:00.000Z,5837,5837,5819,5829,132024
2024-03-05T03:00:00.000Z,5829,5831,5816,5820,63242
2024-03-05T05:00:00.000Z,5820,5828,5817,5820,57552
2024-03-05T06:00:00.000Z,5820,5825,5799,5810,231868
2024-03-05T13:00:00.000Z,5809,5828,5799,5819,285371
2024-03-05T14:00:00.000Z,5819,5831,5812,5814,113663
2024-03-06T01:00:00.000Z,5809,5821,5805,5808,114442
2024-03-06T02:00:00.000Z,5808,5832,5806,5826,84506
2024-03-06T03:00:00.000Z,5826,5834,5815,5829,50484
2024-03-06T05:00:00.000Z,5830,5845,5828,5839,78995
2024-03-06T06:00:00.000Z,5839,5871,5839,5853,208493
2024-03-06T13:00:00.000Z,5853,5858,5843,5848,139774
2024-03-06T14:00:00.000Z,5848,5855,5828,5831,124856
2024-03-07T01:00:00.000Z,5826,5840,5820,5823,117388
2024-03-07T02:00:00.000Z,5823,5835,5820,5828,66989
2024-03-07T03:00:00.000Z,5828,5830,5815,5828,64454
2024-03-07T05:00:00.000Z,5826,5841,5826,5834,52576
2024-03-07T06:00:00.000Z,5834,5840,5810,5824,125586
2024-03-07T13:00:00.000Z,5814,5816,5789,5795,272411
2024-03-07T14:00:00.000Z,5795,5800,5783,5796,121460
2024-03-08T01:00:00.000Z,5809,5827,5807,5813,188863
2024-03-08T02:00:00.000Z,5813,5813,5799,5803,81861
2024-03-08T03:00:00.000Z,5803,5813,5801,5807,39668
2024-03-08T05:00:00.000Z,5809,5823,5808,5813,62573
2024-03-08T06:00:00.000Z,5813,5831,5812,5825,132700
2024-03-08T13:00:00.000Z,5806,5832,5802,5821,191430
2024-03-08T14:00:00.000Z,5821,5824,5809,5809,96193
