time,open,high,low,close,volume
2023-08-15T01:00:00.000Z,10215.9692,10250.6771,10175.9038,10220.6213,36137
2023-08-15T02:00:00.000Z,10220.6213,10227.4107,10187.2059,10199.2212,15945
2023-08-15T03:00:00.000Z,10199.2212,10223.924,10191.2014,10221.0458,6003
2023-08-15T05:00:00.000Z,10221.0458,10232.8975,10189.2236,10231.6759,11227
2023-08-15T06:00:00.000Z,10231.6759,10237.7484,10186.3533,10198.3719,22760
2023-08-16T01:00:00.000Z,10179.0436,10181.1479,10116.9522,10123.9527,34298
2023-08-16T02:00:00.000Z,10123.9527,10167.6703,10090.7705,10148.6225,31161
2023-08-16T03:00:00.000Z,10148.6225,10158.1696,10138.1041,10140.8922,5770
2023-08-16T05:00:00.000Z,10139.8493,10164.3893,10131.5523,10154.0053,7220
2023-08-16T06:00:00.000Z,10154.0053,10157.8457,10116.2898,10127.0348,14998
2023-08-17T01:00:00.000Z,10124.3489,10166.0117,10112.9298,10133.9239,28715
2023-08-17T02:00:00.000Z,10133.9239,10156.4853,10129.563,10143.7498,7119
2023-08-17T03:00:00.000Z,10143.7498,10151.381,10138.0859,10147.5385,4299
2023-08-17T05:00:00.000Z,10147.5385,10152.9973,10103.6556,10138.8797,11604
2023-08-17T06:00:00.000Z,10138.8797,10345.0142,10129.6872,10342.8891,105805
2023-08-18T01:00:00.000Z,10341.4077,10355.67,10304.8757,10325.963,31323
2023-08-18T02:00:00.000Z,10325.963,10378.2521,10324.9105,10361.0899,29425
2023-08-18T03:00:00.000Z,10361.0899,10376.1437,10344.0523,10363.2259,8522
2023-08-18T05:00:00.000Z,10365.8975,10366.8763,10340.9479,10353.5334,8228
2023-08-18T06:00:00.000Z,10353.5334,10363.4082,10329.895,10349.4022,19879
2023-08-21T01:00:00.000Z,10368.5657,10380.2127,10324.7788,10356.3548,31308
2023-08-21T02:00:00.000Z,10356.3548,10361.4216,10334.2533,10347.9565,15360
2023-08-21T03:00:00.000Z,10347.9565,10382.2582,10341.6678,10382.2582,10326
2023-08-21T05:00:00.000Z,10382.2582,10415.453,10361.415,10376.0481,24381
2023-08-21T06:00:00.000Z,10376.0481,10389.0137,10353.2259,10376.7739,17995
2023-08-22T01:00:00.000Z,10360.6028,10395.4245,10336.1825,10361.8997,28390
2023-08-22T02:00:00.000Z,10361.8997,10388.2966,10361.8997,10384.9175,10210
2023-08-22T03:00:00.000Z,10384.9175,10396.7083,10366.5405,10376.2223,7454
2023-08-22T05:00:00.000Z,10377.2767,10378.3311,10302.7706,10342.4156,24458
2023-08-22T06:00:00.000Z,10342.4156,10379.5135,10340.3068,10376.8266,19933
2023-08-23T01:00:00.000Z,10353.3388,10393.0553,10340.3415,10383.5842,27975
2023-08-23T02:00:00.000Z,10383.5842,10385.179,10368.0039,10372.7329,9173
2023-08-23T03:00:00.000Z,10372.7329,10395.5242,10369.5657,10378.3275,9649
2023-08-23T05:00:00.000Z,10378.3275,10408.3359,10360.0388,10376.4548,18092
2023-08-23T06:00:00.000Z,10376.4548,10407.1566,10357.9,10364.5368,24477
2023-08-24T01:00:00.000Z,10386.3044,10507.6346,10386.3044,10475.527,58539
2023-08-24T02:00:00.000Z,10475.527,10593.7825,10475.527,10536.147,56881
2023-08-24T03:00:00.000Z,10536.147,10544.1023,10512.6864,10521.8217,14563
2023-08-24T05:00:00.000Z,10523.9907,10526.3964,10466.1132,10497.8102,15626
2023-08-24T06:00:00.000Z,10497.8102,10568.7299,10495.7077,10542.6597,30061
2023-08-25T01:00:00.000Z,10576.7067,10581.5919,10537.6053,10559.208,36338
2023-08-25T02:00:00.000Z,10559.208,10631.6225,10546.6592,10619.0023,30400
2023-08-25T03:00:00.000Z,10619.0023,10627.6896,10594.9362,10601.9154,13246
2023-08-25T05:00:00.000Z,10601.8505,10602.9235,10550.9189,10584.0622,13852
2023-08-25T06:00:00.000Z,10584.0622,10596.4867,10545.2422,10567.0904,18238
2023-08-28T01:00:00.000Z,10594.3077,10631.2206,10528.9039,10575.1078,38189
2023-08-28T02:00:00.000Z,10575.1078,10583.4319,10503.9079,10508.1745,17970
2023-08-28T03:00:00.000Z,10508.1745,10544.5186,10508.1745,10537.6155,11436
2023-08-28T05:00:00.000Z,10537.6155,10548.3016,10483.2268,10519.2113,15376
2023-08-28T06:00:00.000Z,10519.2113,10525.4754,10483.0696,10525.4754,16018
2023-08-29T01:00:00.000Z,10519.302,10560.1268,10492.9285,10531.6475,33671
2023-08-29T02:00:00.000Z,10531.6475,10549.8787,10516.6954,10548.7663,11174
2023-08-29T03:00:00.000Z,10548.7663,10556.7577,10517.5117,10525.4184,8441
2023-08-29T05:00:00.000Z,10527.3451,10529.6785,10428.5353,10466.0906,32656
2023-08-29T06:00:00.000Z,10466.0906,10495.6805,10435.1284,10449.2833,22183
2023-08-30T01:00:00.000Z,10470.7527,10497.0673,10414.8835,10429.227,49741
2023-08-30T02:00:00.000Z,10429.227,10430.0546,10367.8509,10377.688,34997
2023-08-30T03:00:00.000Z,10377.688,10412.9638,10377.688,10412.3483,8866
2023-08-30T05:00:00.000Z,10410.6448,10415.7377,10395.3091,10410.7993,8092
2023-08-30T06:00:00.000Z,10410.7993,10411.0558,10281.2724,10313.2935,55193
2023-08-31T01:00:00.000Z,10288.4352,10372.0636,10275.5528,10317.2646,64853
2023-08-31T02:00:00.000Z,10317.2646,10333.2882,10305.895,10323.3991,13430
2023-08-31T03:00:00.000Z,10323.3991,10323.3991,10303.5794,10310.8112,6647
2023-08-31T05:00:00.000Z,10310.8112,10328.8722,10272.4463,10295.3512,22174
2023-08-31T06:00:00.000Z,10295.3512,10321.9685,10245.2524,10310.9416,64036
2023-09-01T01:00:00.000Z,10310.9432,10355.3656,10301.3178,10333.9751,42555
2023-09-01T02:00:00.000Z,10333.9751,10380.2455,10333.9751,10369.2673,29525
2023-09-01T03:00:00.000Z,10369.2673,10371.7421,10342.3139,10357.7296,10528
2023-09-01T05:00:00.000Z,10356.6815,10373.7226,10346.1347,10358.649,9588
2023-09-01T06:00:00.000Z,10358.649,10363.7788,10312.313,10343.7661,24590
2023-09-04T01:00:00.000Z,10363.8574,10376.9834,10254.3765,10254.8114,47779
2023-09-04T02:00:00.000Z,10254.8114,10334.2611,10218.5838,10305.8212,31737
2023-09-04T03:00:00.000Z,10305.8212,10321.0512,10279.5778,10317.5949,13478
2023-09-04T05:00:00.000Z,10317.3299,10331.6528,10285.8841,10286.9444,7982
2023-09-04T06:00:00.000Z,10286.9444,10362.1117,10279.3247,10287.3718,29902
2023-09-05T01:00:00.000Z,10294.3964,10302.7719,10225.8843,10256.022,39232
2023-09-05T02:00:00.000Z,10256.022,10308.3724,10249.7487,10291.8426,21310
2023-09-05T03:00:00.000Z,10291.8426,10298.1648,10275.4628,10279.3565,4997
2023-09-05T05:00:00.000Z,10279.3565,10298.7393,10266.2922,10287.4965,9349
2023-09-05T06:00:00.000Z,10287.4965,10292.8249,10257.4253,10271.9742,20797
2023-09-06T01:00:00.000Z,10271.8465,10368.0992,10271.8465,10326.9103,56932
2023-09-06T02:00:00.000Z,10326.9103,10372.9967,10316.8217,10334.4159,23657
2023-09-06T03:00:00.000Z,10334.4159,10336.9835,10306.0107,10309.7235,10019
2023-09-06T05:00:00.000Z,10308.8707,10315.4886,10267.0215,10293.906,16401
2023-09-06T06:00:00.000Z,10293.906,10307.102,10268.5136,10284.0965,24716
2023-09-07T01:00:00.000Z,10246.7536,10250.3994,10153.5026,10185.2919,80863
2023-09-07T02:00:00.000Z,10185.2919,10200.1462,10169.0959,10178.6917,17448
2023-09-07T03:00:00.000Z,10178.6917,10193.753,10157.0499,10157.0499,10153
2023-09-07T05:00:00.000Z,10155.681,10230.193,10142.887,10223.8231,24173
2023-09-07T06:00:00.000Z,10223.8231,10251.3993,10215.2648,10249.8742,27048
2023-09-08T01:00:00.000Z,10203.9791,10225.0552,10164.5875,10167.7402,41414
2023-09-08T02:00:00.000Z,10167.7402,10188.0662,10126.6822,10145.26,19529
2023-09-08T03:00:00.000Z,10145.26,10161.2636,10140.4254,10155.7516,5228
2023-09-08T05:00:00.000Z,10155.7516,10158.8641,10067.9523,10128.8886,44936
2023-09-08T06:00:00.000Z,10128.8886,10155.8682,10102.1239,10123.9407,26669
2023-09-11T01:00:00.000Z,10141.1538,10182.5513,10123.4131,10128.5316,35345
2023-09-11T02:00:00.000Z,10128.5316,10164.5117,10128.5316,10150.4023,13996
2023-09-11T03:00:00.000Z,10150.4023,10151.6501,10118.9649,10126.7784,12286
2023-09-11T05:00:00.000Z,10126.4981,10126.4981,10099.5742,10103.0652,15835
2023-09-11T06:00:00.000Z,10103.0652,10106.6578,10062.2401,10086.7507,36367
2023-09-12T01:00:00.000Z,10098.6569,10115.917,10020.2781,10065.3472,45589
2023-09-12T02:00:00.000Z,10065.3472,10096.7461,10061.6285,10078.9264,18691
2023-09-12T03:00:00.000Z,10078.9264,10094.0094,10071.4345,10091.7741,6326
2023-09-12T05:00:00.000Z,10092.7475,10093.0323,10068.9361,10071.8181,9691
2023-09-12T06:00:00.000Z,10071.8181,10080.6836,10034.4554,10053.2383,22802
2023-09-13T01:00:00.000Z,10073.7758,10130.5739,10060.6315,10090.8303,48752
2023-09-13T02:00:00.000Z,10090.8303,10090.8303,10022.7021,10042.9976,20794
2023-09-13T03:00:00.000Z,10042.9976,10054.7739,10020.1195,10024.2296,12255
2023-09-13T05:00:00.000Z,10024.2296,10032.7094,9989.1636,10004.0441,27058
2023-09-13T06:00:00.000Z,10004.0441,10006.7825,9959.7952,9962.1141,31497
2023-09-14T01:00:00.000Z,9979.1146,10037.8479,9966.2265,10036.8871,46474
2023-09-14T02:00:00.000Z,10036.8871,10037.8543,9990.7542,9992.983,16095
2023-09-14T03:00:00.000Z,9992.983,10010.7593,9986.5349,10008.9846,6653
2023-09-14T05:00:00.000Z,10010.8572,10029.6255,10002.8742,10003.463,9153
2023-09-14T06:00:00.000Z,10003.463,10022.191,10001.442,10011.397,21347
2023-09-15T01:00:00.000Z,10139.4217,10191.9074,10090.0044,10098.9047,69127
2023-09-15T02:00:00.000Z,10098.9047,10117.523,10041.3724,10045.8188,23451
2023-09-15T03:00:00.000Z,10045.8188,10067.2122,10040.9575,10065.5794,7444
2023-09-15T05:00:00.000Z,10063.8018,10066.6654,10030.7385,10041.1447,15960
2023-09-15T06:00:00.000Z,10041.1447,10076.9638,10026.8192,10056.9542,23337
2023-09-18T01:00:00.000Z,10055.8601,10077.6901,9999.9877,10037.8292,44714
2023-09-18T02:00:00.000Z,10037.8292,10044.3858,10025.1364,10037.5038,11260
2023-09-18T03:00:00.000Z,10037.5038,10079.1711,10036.5217,10069.617,14267
2023-09-18T05:00:00.000Z,10069.617,10133.9923,10068.9317,10110.9951,32289
2023-09-18T06:00:00.000Z,10110.9951,10124.9489,10108.4333,10120.8501,16273
2023-09-19T01:00:00.000Z,10098.1789,10191.373,10074.0034,10128.4005,57288
2023-09-19T02:00:00.000Z,10128.4005,10177.8781,10125.447,10130.1873,21716
2023-09-19T03:00:00.000Z,10130.1873,10142.9114,10108.3473,10140.1609,13025
2023-09-19T05:00:00.000Z,10141.8443,10166.9286,10135.9039,10153.1833,8819
2023-09-19T06:00:00.000Z,10153.1833,10172.4483,10140.9368,10168.0639,19394
2023-09-20T01:00:00.000Z,10164.5492,10164.5492,10090.1004,10095.7234,30181
2023-09-20T02:00:00.000Z,10095.7234,10118.4551,10077.6018,10111.2152,16630
2023-09-20T03:00:00.000Z,10111.2152,10133.6137,10096.9855,10133.6137,6588
2023-09-20T05:00:00.000Z,10132.7131,10143.1126,10110.2757,10112.5588,6772
2023-09-20T06:00:00.000Z,10112.5588,10128.1622,10092.614,10128.1622,19219
2023-09-21T01:00:00.000Z,10101.3614,10115.6396,10057.4393,10093.7112,27428
2023-09-21T02:00:00.000Z,10093.7112,10141.2779,10090.3853,10127.961,16759
2023-09-21T03:00:00.000Z,10127.961,10128.8608,10112.0773,10122.2906,5837
2023-09-21T05:00:00.000Z,10122.4573,10132.4834,10065.009,10077.8424,18920
2023-09-21T06:00:00.000Z,10077.8424,10087.8425,10008.491,10041.815,49373
2023-09-22T01:00:00.000Z,10012.506,10014.072,9889.1062,9897.8784,65433
2023-09-22T02:00:00.000Z,9897.8784,9949.4446,9892.0757,9929.8215,31471
2023-09-22T03:00:00.000Z,9929.8215,9939.2873,9914.9724,9936.9326,8206
2023-09-22T05:00:00.000Z,9930.0764,9930.0764,9858.5425,9915.5412,40040
2023-09-22T06:00:00.000Z,9915.5412,9916.0823,9878.9288,9890.6072,41360
2023-09-25T01:00:00.000Z,9845.4041,9869.2389,9753.2977,9763.1835,62618
2023-09-25T02:00:00.000Z,9763.1835,9788.842,9762.4166,9775.2665,17750
2023-09-25T03:00:00.000Z,9775.2665,9778.965,9742.4197,9752.1956,12594
2023-09-25T05:00:00.000Z,9752.1956,9752.1956,9706.8448,9713.8092,25175
2023-09-25T06:00:00.000Z,9713.8092,9719.588,9691.1795,9704.3735,31336
2023-09-26T01:00:00.000Z,9689.0561,9768.2475,9674.4723,9754.5572,60329
2023-09-26T02:00:00.000Z,9754.5572,9759.8329,9720.9644,9734.8795,23574
2023-09-26T03:00:00.000Z,9734.8795,9760.5619,9732.5956,9742.673,10726
2023-09-26T05:00:00.000Z,9743.5423,9843.5729,9743.5423,9792.7851,46586
2023-09-26T06:00:00.000Z,9792.7851,9825.5115,9715.5613,9732.879,53798
2023-09-27T01:00:00.000Z,9701.2579,9745.1336,9698.1363,9732.6592,38078
2023-09-27T02:00:00.000Z,9732.6592,9745.9279,9703.718,9713.2961,17688
2023-09-27T03:00:00.000Z,9713.2961,9719.7046,9705.3347,9715.955,6162
2023-09-27T05:00:00.000Z,9716.4829,9722.5397,9698.0109,9698.8265,9227
2023-09-27T06:00:00.000Z,9698.8265,9771.1276,9686.4019,9748.8846,47595
2023-09-28T01:00:00.000Z,9763.0298,9784.6427,9670.3709,9691.5024,55986
2023-09-28T02:00:00.000Z,9691.5024,9701.4761,9665.5791,9692.511,22362
2023-09-28T03:00:00.000Z,9692.511,9698.2394,9675.1495,9687.1641,12503
2023-09-28T05:00:00.000Z,9685.6413,9703.5115,9672.2622,9673.9878,14445
2023-09-28T06:00:00.000Z,9673.9878,9713.4116,9640.9865,9703.3144,50875
2023-10-09T01:00:00.000Z,9658.0506,9687.3926,9604.2988,9627.743,39475
2023-10-09T02:00:00.000Z,9627.743,9669.2363,9616.8097,9639.8252,22825
2023-10-09T03:00:00.000Z,9639.8252,9640.651,9618.7112,9630.3475,5451
2023-10-09T05:00:00.000Z,9629.0687,9630.73,9609.4729,9618.2851,7025
2023-10-09T06:00:00.000Z,9618.2851,9624.9173,9603.7407,9608.8522,15319
2023-10-10T01:00:00.000Z,9557.4872,9572.5395,9516.8565,9538.7157,45833
2023-10-10T02:00:00.000Z,9538.7157,9567.6721,9538.7157,9550.8302,13502
2023-10-10T03:00:00.000Z,9550.8302,9551.7802,9535.7417,9541.4127,6831
2023-10-10T05:00:00.000Z,9543.8044,9579.9423,9539.7687,9547.0788,20170
2023-10-10T06:00:00.000Z,9547.0788,9571.0145,9520.9029,9538.6262,35591
2023-10-11T01:00:00.000Z,9530.0515,9596.2922,9516.0683,9560.336,45033
2023-10-11T02:00:00.000Z,9560.336,9568.5116,9550.3561,9561.5774,9593
2023-10-11T03:00:00.000Z,9561.5774,9565.716,9546.4985,9555.2509,7953
2023-10-11T05:00:00.000Z,9556.4098,9562.9994,9541.8424,9547.6306,11553
2023-10-11T06:00:00.000Z,9547.6306,9570.728,9537.5783,9556.6294,28732
2023-10-12T01:00:00.000Z,9509.2524,9545.9134,9477.9868,9524.334,36609
2023-10-12T02:00:00.000Z,9524.334,9528.3919,9500.4017,9508.1434,12551
2023-10-12T03:00:00.000Z,9508.1434,9536.029,9505.8088,9521.1692,8787
2023-10-12T05:00:00.000Z,9519.7091,9532.4273,9512.221,9518.0555,5793
2023-10-12T06:00:00.000Z,9518.0555,9518.9473,9490.3139,9503.8187,23756
2023-10-13T01:00:00.000Z,9495.7911,9499.8057,9451.4092,9456.9119,40652
2023-10-13T02:00:00.000Z,9456.9119,9461.5009,9409.134,9439.1995,35640
2023-10-13T03:00:00.000Z,9439.1995,9440.5035,9422.2089,9423.5443,9562
2023-10-13T05:00:00.000Z,9423.5443,9445.2477,9419.3996,9435.4611,8447
2023-10-13T06:00:00.000Z,9435.4611,9441.5899,9421.5168,9427.0231,21939
2023-10-16T01:00:00.000Z,9380.3869,9395.5513,9329.8649,9377.5284,55678
2023-10-16T02:00:00.000Z,9377.5284,9381.1504,9360.8976,9363.9333,11835
2023-10-16T03:00:00.000Z,9363.9333,9386.0081,9361.3453,9374.9557,14219
2023-10-16T05:00:00.000Z,9375.3222,9401.3706,9358.2333,9366.7092,21722
2023-10-16T06:00:00.000Z,9366.7092,9391.3686,9352.4271,9390.2074,38536
2023-10-17T01:00:00.000Z,9372.8363,9403.3885,9365.0175,9380.9477,29593
2023-10-17T02:00:00.000Z,9380.9477,9420.4276,9375.9572,9389.2367,24161
2023-10-17T03:00:00.000Z,9389.2367,9401.9901,9384.7665,9396.2291,10841
2023-10-17T05:00:00.000Z,9393.7309,9399.6198,9379.7403,9388.3843,11279
2023-10-17T06:00:00.000Z,9388.3843,9432.4997,9383.7965,9406.6552,26183
2023-10-18T01:00:00.000Z,9416.6916,9432.5677,9377.5265,9394.1257,41497
2023-10-18T02:00:00.000Z,9394.1257,9406.7045,9383.6866,9404.0236,10342
2023-10-18T03:00:00.000Z,9404.0236,9421.1162,9368.9716,9378.8501,15383
2023-10-18T05:00:00.000Z,9379.4228,9379.4228,9343.4775,9360.2085,15878
2023-10-18T06:00:00.000Z,9360.2085,9381.4199,9356.9189,9377.4314,19113
2023-10-19T01:00:00.000Z,9349.7637,9438.1107,9321.5462,9414.8228,48084
2023-10-19T02:00:00.000Z,9414.8228,9419.74,9357.9068,9371.7914,18751
2023-10-19T03:00:00.000Z,9371.7914,9375.1285,9359.7792,9361.8376,6036
2023-10-19T05:00:00.000Z,9362.1686,9366.7302,9351.6968,9358.1894,6630
2023-10-19T06:00:00.000Z,9358.1894,9376.1524,9348.2943,9369.3169,19405
2023-10-20T01:00:00.000Z,9369.3252,9392.1626,9354.9072,9362.8715,31305
2023-10-20T02:00:00.000Z,9362.8715,9381.9484,9358.666,9381.9484,11146
2023-10-20T03:00:00.000Z,9381.9484,9385.6747,9361.4527,9372.372,5683
2023-10-20T05:00:00.000Z,9374.1739,9381.7054,9367.9345,9374.6532,5666
2023-10-20T06:00:00.000Z,9374.6532,9379.4177,9285.3839,9286.8317,66112
2023-10-23T01:00:00.000Z,9257.8721,9293.5349,9244.7969,9279.8296,34658
2023-10-23T02:00:00.000Z,9279.8296,9291.5817,9260.7256,9264.8786,10964
2023-10-23T03:00:00.000Z,9264.8786,9280.4591,9264.8786,9267.4035,4443
2023-10-23T05:00:00.000Z,9266.435,9266.435,9234.4451,9247.4802,14421
2023-10-23T06:00:00.000Z,9247.4802,9272.8775,9237.58,9262.1779,18820
2023-10-24T01:00:00.000Z,9257.874,9270.3216,9207.9636,9230.9386,29298
2023-10-24T02:00:00.000Z,9230.9386,9253.0336,9225.1183,9230.3451,9440
2023-10-24T03:00:00.000Z,9230.3451,9237.599,9209.5174,9212.1201,7203
2023-10-24T05:00:00.000Z,9212.1201,9213.1665,9139.051,9146.3097,28993
2023-10-24T06:00:00.000Z,9146.3097,9161.4187,9121.3917,9136.9238,30831
2023-10-25T01:00:00.000Z,9140.6348,9186.4139,9138.4654,9172.8952,36092
2023-10-25T02:00:00.000Z,9172.8952,9174.4877,9150.0842,9156.1848,9205
2023-10-25T03:00:00.000Z,9156.1848,9159.7144,9127.781,9136.3841,11126
2023-10-25T05:00:00.000Z,9136.5514,9149.677,9123.7199,9148.5257,7011
2023-10-25T06:00:00.000Z,9148.5257,9156.5067,9127.8698,9141.2597,17269
2023-10-26T01:00:00.000Z,9134.8875,9171.6619,9127.9089,9139.7274,27205
2023-10-26T02:00:00.000Z,9139.7274,9161.5692,9138.5303,9145.7326,12155
2023-10-26T03:00:00.000Z,9145.7326,9158.4743,9145.1397,9154.5929,7198
2023-10-26T05:00:00.000Z,9156.2605,9175.4093,9151.6545,9170.7191,13933
2023-10-26T06:00:00.000Z,9170.7191,9193.2681,9155.0713,9180.4565,25955
2023-10-27T01:00:00.000Z,9184.1279,9209.4615,9157.2288,9201.5316,34626
2023-10-27T02:00:00.000Z,9201.5316,9214.8888,9195.6737,9199.7905,14647
2023-10-27T03:00:00.000Z,9199.7905,9207.2003,9185.378,9206.2647,7971
2023-10-27T05:00:00.000Z,9204.2405,9225.1526,9196.6922,9208.0357,12880
2023-10-27T06:00:00.000Z,9208.0357,9212.913,9191.7686,9192.2951,16648
2023-10-30T01:00:00.000Z,9142.5372,9142.5372,9018.7791,9105.766,56969
2023-10-30T02:00:00.000Z,9105.766,9147.0296,9100.4587,9138.387,29910
2023-10-30T03:00:00.000Z,9138.387,9145.1255,9115.2146,9121.1825,10321
2023-10-30T05:00:00.000Z,9120.9747,9120.9747,9074.9153,9090.4976,17367
2023-10-30T06:00:00.000Z,9090.4976,9105.9758,9082.7075,9101.0997,19314
2023-10-31T01:00:00.000Z,9061.8273,9080.116,8973.118,8985.4245,69602
2023-10-31T02:00:00.000Z,8985.4245,9002.4498,8969.8037,8994.7125,17076
2023-10-31T03:00:00.000Z,8994.7125,9006.375,8987.7491,8999.0373,7115
2023-10-31T05:00:00.000Z,9000.0677,9007.538,8985.7278,8997.1799,12954
2023-10-31T06:00:00.000Z,8997.1799,9028.2503,8993.3422,9015.9032,29127
2023-11-01T01:00:00.000Z,8994.0091,9072.3771,8980.2746,9035.1543,45433
2023-11-01T02:00:00.000Z,9035.1543,9038.6226,9013.8294,9023.2788,13475
2023-11-01T03:00:00.000Z,9023.2788,9035.0669,9003.2825,9016.0966,6238
2023-11-01T05:00:00.000Z,9015.0513,9026.7255,9008.2964,9021.1791,6273
2023-11-01T06:00:00.000Z,9021.1791,9049.9486,9020.6259,9041.1961,20722
2023-11-02T01:00:00.000Z,9018.6924,9071.2524,9015.4091,9061.7821,29092
2023-11-02T02:00:00.000Z,9061.7821,9064.1972,9045.9381,9064.1972,8266
2023-11-02T03:00:00.000Z,9064.1972,9092.3056,9054.3659,9074.5707,16248
2023-11-02T05:00:00.000Z,9075.6097,9085.3934,9069.511,9079.7603,6247
2023-11-02T06:00:00.000Z,9079.7603,9081.4666,9053.7714,9073.458,15207
2023-11-03T01:00:00.000Z,9085.4679,9100.8522,9065.9228,9088.6065,32201
2023-11-03T02:00:00.000Z,9088.6065,9102.0938,9067.8713,9093.8329,18844
2023-11-03T03:00:00.000Z,9093.8329,9096.5792,9081.5443,9090.7165,7404
2023-11-03T05:00:00.000Z,9093.1907,9105.1509,9064.7226,9077.0155,13606
2023-11-03T06:00:00.000Z,9077.0155,9095.525,9075.3013,9088.9757,18041
2023-11-06T01:00:00.000Z,9117.6839,9200.6461,9099.0062,9173.5031,70877
2023-11-06T02:00:00.000Z,9173.5031,9192.9142,9170.1307,9178.0814,14409
2023-11-06T03:00:00.000Z,9178.0814,9188.7071,9175.4919,9186.7545,5247
2023-11-06T05:00:00.000Z,9186.7545,9228.7563,9180.2757,9206.189,23576
2023-11-06T06:00:00.000Z,9206.189,9262.4863,9205.2493,9216.1848,44341
2023-11-07T01:00:00.000Z,9208.1103,9208.1103,9146.485,9158.3018,40147
2023-11-07T02:00:00.000Z,9158.3018,9188.795,9157.2928,9188.795,9572
2023-11-07T03:00:00.000Z,9188.795,9191.7235,9161.0925,9161.1403,8151
2023-11-07T05:00:00.000Z,9166.6597,9182.9578,9152.3451,9179.7071,10084
2023-11-07T06:00:00.000Z,9179.7071,9198.7376,9132.0638,9165.1533,31950
2023-11-08T01:00:00.000Z,9147.9819,9219.289,9144.2063,9192.4016,37660
2023-11-08T02:00:00.000Z,9192.4016,9209.5031,9178.7672,9189.7309,18490
2023-11-08T03:00:00.000Z,9189.7309,9201.81,9182.3738,9183.1197,7323
2023-11-08T05:00:00.000Z,9183.1197,9192.8284,9168.2974,9174.7391,11834
2023-11-08T06:00:00.000Z,9174.7391,9192.7283,9173.4673,9179.0391,17476
2023-11-09T01:00:00.000Z,9172.6805,9229.9263,9159.9449,9221.3699,42460
2023-11-09T02:00:00.000Z,9221.3699,9221.3699,9148.704,9171.1489,29800
2023-11-09T03:00:00.000Z,9171.1489,9179.528,9079.0525,9118.7754,27987
2023-11-09T05:00:00.000Z,9117.0091,9125.9118,9096.0806,9106.0001,17453
2023-11-09T06:00:00.000Z,9106.0001,9113.8591,9053.9382,9089.6832,40092
2023-11-10T01:00:00.000Z,9067.3096,9112.4446,9065.3304,9099.7458,34445
2023-11-10T02:00:00.000Z,9099.7458,9099.7458,9056.3265,9059.4449,19367
2023-11-10T03:00:00.000Z,9059.4449,9082.9634,9042.9759,9067.4516,18908
2023-11-10T05:00:00.000Z,9064.8992,9084.6985,9064.635,9066.3491,8894
2023-11-10T06:00:00.000Z,9066.3491,9087.692,9053.778,9084.4671,24382
2023-11-13T01:00:00.000Z,9040.2496,9046.922,8919.7632,8943.7611,78266
2023-11-13T02:00:00.000Z,8943.7611,8943.7611,8906.5867,8917.0798,23831
2023-11-13T03:00:00.000Z,8917.0798,8924.9966,8902.58,8912.6002,14210
2023-11-13T05:00:00.000Z,8911.8409,8928.3033,8907.8912,8911.4828,11237
2023-11-13T06:00:00.000Z,8911.4828,8919.1273,8887.6857,8888.0683,33735
2023-11-14T01:00:00.000Z,8901.1791,8965.616,8900.4947,8941.2999,53972
2023-11-14T02:00:00.000Z,8941.2999,8947.5151,8928.0342,8943.1322,11545
2023-11-14T03:00:00.000Z,8943.1322,8946.7851,8926.1628,8926.3264,5649
2023-11-14T05:00:00.000Z,8927.0565,8936.5123,8903.545,8931.4661,12124
2023-11-14T06:00:00.000Z,8931.4661,8939.7656,8917.2049,8938.6529,16831
2023-11-15T01:00:00.000Z,8954.6807,8985.0052,8945.7862,8962.61,45575
2023-11-15T02:00:00.000Z,8962.61,8971.9532,8954.8004,8962.7961,11805
2023-11-15T03:00:00.000Z,8962.7961,8970.4525,8954.5705,8955.5957,7823
2023-11-15T05:00:00.000Z,8955.5957,8959.4438,8916.4504,8928.9307,19658
2023-11-15T06:00:00.000Z,8928.9307,8954.6485,8915.5541,8945.5133,25937
2023-11-16T01:00:00.000Z,8956.1613,8977.0463,8945.3213,8967.8445,28921
2023-11-16T02:00:00.000Z,8967.8445,8988.1029,8957.7989,8983.0545,19623
2023-11-16T03:00:00.000Z,8983.0545,8985.0779,8957.8176,8970.9713,14977
2023-11-16T05:00:00.000Z,8980.542,9051.4906,8980.542,9043.6551,52869
2023-11-16T06:00:00.000Z,9043.6551,9083.3442,9023.595,9048.5756,70731
2023-11-17T01:00:00.000Z,9063.6508,9077.9891,8968.9275,9006.2031,63764
2023-11-17T02:00:00.000Z,9006.2031,9037.2834,9000.2739,9027.1166,19018
2023-11-17T03:00:00.000Z,9027.1166,9035.0439,9017.2224,9026.1129,7881
2023-11-17T05:00:00.000Z,9023.0449,9049.2532,9022.9539,9033.4074,14101
2023-11-17T06:00:00.000Z,9033.4074,9036.5821,9010.7008,9034.5058,25370
2023-11-20T01:00:00.000Z,9024.5828,9080.6166,8983.2906,9063.3829,64125
2023-11-20T02:00:00.000Z,9063.3829,9072.8504,9047.7393,9070.0717,16756
2023-11-20T03:00:00.000Z,9070.0717,9089.4591,9065.0901,9069.5985,21648
2023-11-20T05:00:00.000Z,9069.5985,9076.7248,9053.5676,9059.4326,8826
2023-11-20T06:00:00.000Z,9059.4326,9079.0248,9034.0618,9034.2835,25374
2023-11-21T01:00:00.000Z,9036.1242,9037.1661,8978.7183,8994.767,62716
2023-11-21T02:00:00.000Z,8994.767,9021.0218,8992.8993,9010.8122,16163
2023-11-21T03:00:00.000Z,9010.8122,9014.6573,8982.4057,8996.4044,11726
2023-11-21T05:00:00.000Z,8996.7303,9009.3696,8989.9485,8992.4258,9853
2023-11-21T06:00:00.000Z,8992.4258,9002.6861,8948.8863,8990.1144,47972
2023-11-22T01:00:00.000Z,9006.7127,9082.7906,9004.2138,9041.6736,54957
2023-11-22T02:00:00.000Z,9041.6736,9052.714,9026.2291,9030.381,16117
2023-11-22T03:00:00.000Z,9030.381,9048.3375,9027.6844,9030.0889,8869
2023-11-22T05:00:00.000Z,9030.0889,9042.0263,8962.9765,8970.3981,37471
2023-11-22T06:00:00.000Z,8970.3981,9010.2341,8939.4566,8999.393,46323
2023-11-23T01:00:00.000Z,9000.0699,9010.1117,8960.9722,8968.8833,31722
2023-11-23T02:00:00.000Z,8968.8833,8991.4192,8968.7504,8980.6301,11302
2023-11-23T03:00:00.000Z,8980.6301,8995.6092,8965.1047,8993.6957,9304
2023-11-23T05:00:00.000Z,8994.8722,9000.1145,8980.0978,8985.8334,9387
2023-11-23T06:00:00.000Z,8985.8334,9012.5281,8968.0808,8974.0293,20994
2023-11-24T01:00:00.000Z,8961.7683,8977.1945,8843.4326,8856.1433,96758
2023-11-24T02:00:00.000Z,8856.1433,8860.5498,8775.4734,8788.3363,64832
2023-11-24T03:00:00.000Z,8788.3363,8800.6408,8773.6929,8774.564,24661
2023-11-24T05:00:00.000Z,8774.564,8779.4044,8740.0405,8755.9516,37722
2023-11-24T06:00:00.000Z,8755.9516,8765.5485,8734.5123,8737.5168,46249
2023-11-27T01:00:00.000Z,8835.7689,8856.9737,8789.1198,8802.969,81105
2023-11-27T02:00:00.000Z,8802.969,8817.8181,8768.961,8782.6059,20095
2023-11-27T03:00:00.000Z,8782.6059,8793.0777,8775.762,8791.0156,10039
2023-11-27T05:00:00.000Z,8788.021,8806.5921,8786.4025,8791.9022,17880
2023-11-27T06:00:00.000Z,8791.9022,8809.427,8763.2459,8798.8407,30936
2023-11-28T01:00:00.000Z,8770.2448,8825.6992,8756.7539,8797.4602,59567
2023-11-28T02:00:00.000Z,8797.4602,8812.5008,8785.7355,8794.2826,25426
2023-11-28T03:00:00.000Z,8794.2826,8805.8441,8782.5289,8794.1063,9928
2023-11-28T05:00:00.000Z,8794.1063,8803.0278,8782.8014,8797.2154,13101
2023-11-28T06:00:00.000Z,8797.2154,8808.3724,8783.619,8807.7116,26529
2023-11-29T01:00:00.000Z,8800.7924,8830.1079,8759.578,8771.6522,70496
2023-11-29T02:00:00.000Z,8771.6522,8781.3258,8702.2729,8710.3653,47016
2023-11-29T03:00:00.000Z,8710.3653,8728.1146,8708.6488,8723.5291,16539
2023-11-29T05:00:00.000Z,8721.7304,8742.2379,8712.2605,8726.1449,16188
2023-11-29T06:00:00.000Z,8726.1449,8744.9716,8717.8051,8732.2252,30848
2023-11-30T01:00:00.000Z,8748.3205,8844.2603,8739.1582,8829.1671,71486
2023-11-30T02:00:00.000Z,8829.1671,8834.6864,8804.8828,8813.7086,28581
2023-11-30T03:00:00.000Z,8813.7086,8827.3295,8806.4427,8825.9155,18141
2023-11-30T05:00:00.000Z,8825.9155,8846.9081,8821.1943,8825.7781,25693
2023-11-30T06:00:00.000Z,8825.7781,8842.8203,8814.0836,8822.2685,28606
2023-12-01T01:00:00.000Z,8801.715,8832.1403,8791.4489,8809.7687,47018
2023-12-01T02:00:00.000Z,8809.7687,8811.5954,8748.4039,8774.3391,26253
2023-12-01T03:00:00.000Z,8774.3391,8785.4189,8767.7686,8784.0875,5114
2023-12-01T05:00:00.000Z,8781.7653,8790.867,8759.1553,8768.1012,9600
2023-12-01T06:00:00.000Z,8768.1012,8851.1156,8768.1012,8828.3671,39746
2023-12-04T01:00:00.000Z,8878.8375,8926.0386,8876.7389,8892.2076,67227
2023-12-04T02:00:00.000Z,8892.2076,8900.8387,8857.7872,8883.4469,30152
2023-12-04T03:00:00.000Z,8883.4469,8894.975,8872.584,8887.4118,10796
2023-12-04T05:00:00.000Z,8885.5962,8904.0478,8884.7275,8884.9995,11749
2023-12-04T06:00:00.000Z,8884.9995,8909.2708,8880.8639,8896.3276,23961
2023-12-05T01:00:00.000Z,8897.2152,8904.9172,8845.7808,8852.3995,47124
2023-12-05T02:00:00.000Z,8852.3995,8859.8912,8817.5684,8840.7731,24043
2023-12-05T03:00:00.000Z,8840.7731,8865.6417,8839.8269,8864.9359,8336
2023-12-05T05:00:00.000Z,8867.3881,8906.8388,8867.3881,8894.6231,22364
2023-12-05T06:00:00.000Z,8894.6231,8958.3353,8894.6231,8916.782,56255
2023-12-06T01:00:00.000Z,8926.2579,9018.3465,8889.9564,8908.8891,62318
2023-12-06T02:00:00.000Z,8908.8891,9003.6015,8904.3031,8991.0115,47300
2023-12-06T03:00:00.000Z,8991.0115,9011.3067,8979.0881,8979.7654,24316
2023-12-06T05:00:00.000Z,8981.0683,9011.5099,8981.0683,9006.8188,15925
2023-12-06T06:00:00.000Z,9006.8188,9008.851,8976.0311,8988.9647,31444
2023-12-07T01:00:00.000Z,8973.9579,9040.8911,8951.3588,9030.5951,60085
2023-12-07T02:00:00.000Z,9030.5951,9034.5548,8978.4913,9003.5657,29065
2023-12-07T03:00:00.000Z,9003.5657,9007.1094,8986.3398,8993.6381,7363
2023-12-07T05:00:00.000Z,8993.2399,9018.7011,8990.4976,8992.817,10517
2023-12-07T06:00:00.000Z,8992.817,9024.5383,8990.0994,9016.399,18294
2023-12-08T01:00:00.000Z,9010.8024,9089.2646,9005.7496,9083.7549,60331
2023-12-08T02:00:00.000Z,9083.7549,9099.0188,9056.8917,9056.8917,22338
2023-12-08T03:00:00.000Z,9056.8917,9062.2528,9031.8307,9052.8393,18592
2023-12-08T05:00:00.000Z,9051.0766,9051.0766,8987.1609,9009.7545,34160
2023-12-08T06:00:00.000Z,9009.7545,9013.2798,8932.0642,8976.2105,65046
