time,open,high,low,close,volume
2022-06-23T17:30:00.000Z,135.75,135.85,135.05,135.1,49
2022-06-24T13:30:00.000Z,136,136.2,135.35,135.35,281
2022-06-24T17:30:00.000Z,135.45,135.6,135.325,135.6,59
2022-06-27T13:30:00.000Z,134.1,134.275,132.35,133.5,16786
2022-06-27T17:30:00.000Z,133.475,133.725,133.3,133.3,4300
2022-06-28T13:30:00.000Z,133.275,134.15,132.825,133.025,13795
2022-06-28T17:30:00.000Z,133.025,133.025,132.6,132.675,3693
2022-06-29T13:30:00.000Z,132.6,133.375,132.175,132.45,14548
2022-06-29T17:30:00.000Z,132.45,132.475,132.1,132.125,2907
2022-06-30T13:30:00.000Z,132.45,133.075,131.7,132.325,15790
2022-06-30T17:30:00.000Z,132.325,132.95,132.25,132.8,3392
2022-07-01T13:30:00.000Z,132.7,135.65,132.7,134.575,23688
2022-07-01T17:30:00.000Z,134.6,134.85,134.5,134.6,3356
2022-07-05T13:30:00.000Z,134.65,135.075,133.15,133.15,15083
2022-07-05T17:30:00.000Z,133.125,133.225,132.675,133.125,3834
2022-07-06T13:30:00.000Z,133.8,134.975,133.05,134.55,13301
2022-07-06T17:30:00.000Z,134.575,134.65,134.4,134.55,2171
2022-07-07T13:30:00.000Z,135,135.725,134.1,134.875,11639
2022-07-07T17:30:00.000Z,134.875,134.925,134.475,134.75,2734
2022-07-08T13:30:00.000Z,134.725,135.15,133.8,134.225,10951
2022-07-08T17:30:00.000Z,134.25,134.3,133.85,133.925,3016
2022-07-11T13:30:00.000Z,133.325,136.225,132.875,136.15,19499
2022-07-11T17:30:00.000Z,136.15,136.425,135.875,136.3,5789
2022-07-12T13:30:00.000Z,136.4,136.975,135.375,136.925,14597
2022-07-12T17:30:00.000Z,136.95,137,136.525,136.9,4633
2022-07-13T13:30:00.000Z,136.325,137.4,135.95,136.975,11286
2022-07-13T17:30:00.000Z,136.975,137.15,136.75,137.025,4846
2022-07-14T13:30:00.000Z,136.5,136.525,135.2,135.5,11012
2022-07-14T17:30:00.000Z,135.475,135.625,135.25,135.4,4095
2022-07-15T13:30:00.000Z,135.375,135.375,134.65,134.725,6774
2022-07-15T17:30:00.000Z,134.75,135.025,134.675,134.95,1771
2022-07-18T13:30:00.000Z,135.15,136.8,134.7,135.7,7512
2022-07-18T17:30:00.000Z,135.675,135.775,135.475,135.5,1102
2022-07-19T13:30:00.000Z,135.9,136.325,135.25,135.875,4843
2022-07-19T17:30:00.000Z,135.875,136.05,135.65,135.7,1343
2022-07-20T13:30:00.000Z,135.725,136.3,135.5,135.85,7731
2022-07-20T17:30:00.000Z,135.85,135.975,135.7,135.825,1354
2022-07-21T13:30:00.000Z,135.875,136.125,135.325,135.8,5300
2022-07-21T17:30:00.000Z,135.775,135.925,135.625,135.725,1075
2022-07-22T13:30:00.000Z,135.625,137.4,135.6,137.3,6257
2022-07-22T17:30:00.000Z,137.35,137.575,137.125,137.15,2189
2022-07-25T13:30:00.000Z,136.525,138.075,136.45,137.8,5428
2022-07-25T17:30:00.000Z,137.85,137.85,137.325,137.7,955
2022-07-26T13:30:00.000Z,137.475,137.65,136.725,137.1,4068
2022-07-26T17:30:00.000Z,137.125,137.2,136.8,136.95,1359
2022-07-27T13:30:00.000Z,137.1,137.25,136.425,136.675,3106
2022-07-27T17:30:00.000Z,136.7,136.925,136.625,136.925,680
2022-07-28T13:30:00.000Z,136.9,137.15,136,136.425,4471
2022-07-28T17:30:00.000Z,136.45,136.475,136.125,136.2,790
2022-07-29T13:30:00.000Z,136.25,136.8,135.95,136.7,3025
2022-07-29T17:30:00.000Z,136.75,136.85,136.175,136.3,1602
2022-08-01T13:30:00.000Z,136.3,137,136.275,136.95,3653
2022-08-01T17:30:00.000Z,136.95,136.95,136.625,136.825,1480
2022-08-02T13:30:00.000Z,136.975,136.975,136.4,136.55,2469
2022-08-02T17:30:00.000Z,136.55,136.725,136.45,136.6,859
2022-08-03T13:30:00.000Z,137,138.3,136.925,137.9,6441
2022-08-03T17:30:00.000Z,137.9,138.075,137.825,137.85,1362
2022-08-04T13:30:00.000Z,137.9,138.05,137.475,137.825,3745
2022-08-04T17:30:00.000Z,137.8,137.85,137.625,137.7,878
2022-08-05T13:30:00.000Z,137.725,138.425,137.5,137.85,4069
2022-08-05T17:30:00.000Z,137.85,137.975,137.75,137.95,1722
2022-08-08T13:30:00.000Z,137.925,138.775,137.875,138.4,2932
2022-08-08T17:30:00.000Z,138.4,138.45,138.15,138.325,587
2022-08-09T13:30:00.000Z,138.3,138.3,137.925,138,1585
2022-08-09T17:30:00.000Z,138.025,138.15,137.9,138.125,358
2022-08-10T13:30:00.000Z,138.475,139.175,138.125,139.175,2245
2022-08-10T17:30:00.000Z,139.175,139.375,139.15,139.375,678
2022-08-11T13:30:00.000Z,139.625,140.6,139.275,140.3,3043
2022-08-11T17:30:00.000Z,140.3,140.65,140.275,140.45,255
2022-08-12T13:30:00.000Z,140.5,140.775,140.1,140.15,1316
2022-08-12T17:30:00.000Z,140.15,140.3,140.1,140.3,130
2022-08-15T13:30:00.000Z,140.3,140.8,139.775,139.9,1285
2022-08-15T17:30:00.000Z,139.9,139.925,139.7,139.8,408
2022-08-16T13:30:00.000Z,139.85,141.725,139.825,141.35,979
2022-08-16T17:30:00.000Z,141.225,141.35,141.2,141.275,110
2022-08-17T13:30:00.000Z,141.7,142,141.15,141.85,1414
2022-08-17T17:30:00.000Z,141.85,141.95,141.725,141.75,134
2022-08-18T13:30:00.000Z,141.775,142,141.2,141.375,1308
2022-08-18T17:30:00.000Z,141.375,141.425,141.2,141.2,116
2022-08-19T13:30:00.000Z,141.475,141.8,141.325,141.5,394
2022-08-19T17:30:00.000Z,141.575,141.7,141.475,141.475,58
2022-08-22T13:30:00.000Z,141.1,141.85,141,141.45,749
2022-08-22T17:30:00.000Z,141.45,141.475,141.2,141.35,57
2022-08-23T13:30:00.000Z,141.1,142,141,141.675,655
2022-08-23T17:30:00.000Z,141.65,141.775,141.575,141.575,179
2022-08-24T13:30:00.000Z,141.625,141.625,141.2,141.475,288
2022-08-24T17:30:00.000Z,141.45,141.45,141.275,141.275,125
2022-08-25T13:30:00.000Z,141.325,141.6,140.975,141.3,211
2022-08-25T17:30:00.000Z,141.275,141.35,141,141.175,35
2022-08-26T13:30:00.000Z,143.75,144.4,143,143.175,13802
2022-08-26T17:30:00.000Z,143.175,143.25,143,143.05,2633
2022-08-29T13:30:00.000Z,143,143.425,142.65,142.975,12204
2022-08-29T17:30:00.000Z,142.95,143.1,142.875,142.9,2083
2022-08-30T13:30:00.000Z,143.3,144.375,142.775,144,15711
2022-08-30T17:30:00.000Z,144,144,143.7,143.825,2345
2022-08-31T13:30:00.000Z,143.75,143.875,142.275,142.5,17431
2022-08-31T17:30:00.000Z,142.5,142.7,142.45,142.625,3295
2022-09-01T13:30:00.000Z,142.75,143.725,142.4,142.7,16764
2022-09-01T17:30:00.000Z,142.7,142.925,142.625,142.9,3142
2022-09-02T13:30:00.000Z,143.35,144.65,142.8,144.475,16041
2022-09-02T17:30:00.000Z,144.5,144.75,144.425,144.725,3082
2022-09-06T13:30:00.000Z,144.65,145.4,144.55,145.025,14889
2022-09-06T17:30:00.000Z,145.025,145.125,144.925,145.075,2456
2022-09-07T13:30:00.000Z,145.1,145.5,144.425,144.5,11387
2022-09-07T17:30:00.000Z,144.5,144.55,144.15,144.225,2979
2022-09-08T13:30:00.000Z,144.325,144.5,143.775,144.45,10427
2022-09-08T17:30:00.000Z,144.475,144.7,144.275,144.4,4875
2022-09-09T13:30:00.000Z,144.4,145.875,144.25,145.675,14367
2022-09-09T17:30:00.000Z,145.675,145.85,145.55,145.825,5113
2022-09-12T13:30:00.000Z,145.75,146.1,145.45,145.85,13876
2022-09-12T17:30:00.000Z,145.825,145.9,145.7,145.8,2976
2022-09-13T13:30:00.000Z,145.6,145.7,144.575,144.6,15163
2022-09-13T17:30:00.000Z,144.575,145.05,144.525,144.825,4378
2022-09-14T13:30:00.000Z,145.025,145.125,144.325,144.375,10285
2022-09-14T17:30:00.000Z,144.375,144.5,144.275,144.4,3308
2022-09-15T13:30:00.000Z,144.625,145.925,144.5,145.75,12387
2022-09-15T17:30:00.000Z,145.75,145.85,145.55,145.575,1984
2022-09-16T13:30:00.000Z,145.5,145.65,145.1,145.55,6252
2022-09-16T17:30:00.000Z,145.525,145.6,145.275,145.575,1481
2022-09-19T13:30:00.000Z,145.725,146.275,145.55,145.775,5757
2022-09-19T17:30:00.000Z,145.775,145.825,145.7,145.725,1038
2022-09-20T13:30:00.000Z,145.85,146.775,145.8,146.4,7142
2022-09-20T17:30:00.000Z,146.375,146.55,146.175,146.275,1755
2022-09-21T13:30:00.000Z,146.225,146.475,145.75,145.85,5145
2022-09-21T17:30:00.000Z,145.85,146.05,145.75,145.9,1532
2022-09-22T13:30:00.000Z,145.925,145.95,144.9,144.975,7111
2022-09-22T17:30:00.000Z,144.95,145,144.8,144.95,2642
2022-09-23T13:30:00.000Z,144.85,144.925,144.125,144.325,5466
2022-09-23T17:30:00.000Z,144.325,144.4,144.1,144.4,1329
2022-09-26T13:30:00.000Z,144.475,145.35,142.9,143.125,7837
2022-09-26T17:30:00.000Z,143.125,143.725,143.125,143.625,1290
2022-09-27T13:30:00.000Z,144.225,144.325,143.15,143.8,6851
2022-09-27T17:30:00.000Z,143.8,143.85,143.525,143.6,934
2022-09-28T13:30:00.000Z,144.15,144.2,142.925,143.125,6703
2022-09-28T17:30:00.000Z,143.125,143.3,143,143.3,1462
2022-09-29T13:30:00.000Z,143.35,144.2,142.725,144.025,5978
2022-09-29T17:30:00.000Z,144.05,144.35,143.875,144.225,1326
2022-09-30T13:30:00.000Z,144.125,144.5,143.45,143.825,4042
2022-09-30T17:30:00.000Z,143.85,143.9,143.225,143.4,2966
2022-10-03T13:30:00.000Z,143.75,144.9,143.725,144.75,3405
2022-10-03T17:30:00.000Z,144.725,144.8,144.15,144.4,2020
2022-10-04T13:30:00.000Z,144.475,144.75,144.15,144.3,2780
2022-10-04T17:30:00.000Z,144.35,144.35,144.15,144.25,812
2022-10-05T13:30:00.000Z,144.35,145.175,144.025,144.775,3411
2022-10-05T17:30:00.000Z,144.75,144.775,144.475,144.625,643
2022-10-06T13:30:00.000Z,145.1,145.35,144.575,145.125,4214
2022-10-06T17:30:00.000Z,145.125,145.375,145.125,145.25,1039
2022-10-07T13:30:00.000Z,145.375,145.55,145.125,145.3,3487
2022-10-07T17:30:00.000Z,145.3,145.375,145.175,145.175,1227
2022-10-10T13:30:00.000Z,145.45,145.725,144.15,144.8,3180
2022-10-10T17:30:00.000Z,144.75,145.15,144.55,145.15,668
2022-10-11T13:30:00.000Z,145.275,145.85,144.95,145.825,1638
2022-10-11T17:30:00.000Z,145.85,146.075,145.725,145.85,446
2022-10-12T13:30:00.000Z,145.825,146.225,145.5,145.95,856
2022-10-12T17:30:00.000Z,145.975,146.25,145.95,146.2,520
2022-10-13T13:30:00.000Z,146.15,146.975,145.825,146.525,1826
2022-10-13T17:30:00.000Z,146.7,146.8,146.425,146.675,259
2022-10-14T13:30:00.000Z,146.8,147,145.95,146.85,1500
2022-10-14T17:30:00.000Z,146.85,147.175,146.75,147.15,224
2022-10-17T13:30:00.000Z,146.95,147.9,146.95,147.85,1276
2022-10-17T17:30:00.000Z,147.775,147.975,147.775,147.975,152
2022-10-18T13:30:00.000Z,147.75,148.275,147.75,148.25,1610
2022-10-18T17:30:00.000Z,148.25,148.5,148.225,148.5,252
2022-10-19T13:30:00.000Z,148.625,149.225,148.5,149.125,1633
2022-10-19T17:30:00.000Z,149.15,149.4,149.15,149.15,407
2022-10-20T13:30:00.000Z,149.5,149.725,149.2,149.65,1103
2022-10-20T17:30:00.000Z,149.75,149.825,149.65,149.825,139
2022-10-21T13:30:00.000Z,149.7,150.1,149.575,150.1,590
2022-10-21T17:30:00.000Z,150.1,150.5,150.05,150.3,218
2022-10-24T13:30:00.000Z,150.25,151.525,150.25,151.525,676
2022-10-24T17:30:00.000Z,151.6,151.725,151.55,151.725,208
2022-10-25T13:30:00.000Z,151.5,151.8,151.45,151.6,414
2022-10-25T17:30:00.000Z,151.675,151.7,151.6,151.675,57
2022-10-26T13:30:00.000Z,153.3,153.6,152.825,153.375,10717
2022-10-26T17:30:00.000Z,153.4,153.675,153.325,153.65,2037
2022-10-27T13:30:00.000Z,153.575,153.85,152.9,153.4,11439
2022-10-27T17:30:00.000Z,153.4,153.5,153.3,153.45,1867
2022-10-28T13:30:00.000Z,153.35,153.55,152.9,153.1,9611
2022-10-28T17:30:00.000Z,153.1,153.15,152.925,152.925,2080
2022-10-31T13:30:00.000Z,152.75,152.775,151.8,152.375,15086
2022-10-31T17:30:00.000Z,152.375,152.575,152.3,152.55,4456
2022-11-01T13:30:00.000Z,152.6,152.675,152,152.1,12651
2022-11-01T17:30:00.000Z,152.1,152.15,151.9,151.95,2748
2022-11-02T13:30:00.000Z,152,152.5,151.2,151.475,14447
2022-11-02T17:30:00.000Z,151.5,151.575,151.375,151.55,2284
2022-11-03T13:30:00.000Z,151.275,152.075,150.975,151.775,10202
2022-11-03T17:30:00.000Z,151.8,152.225,151.625,151.9,2609
2022-11-04T13:30:00.000Z,152.15,152.5,151.55,151.825,8175
2022-11-04T17:30:00.000Z,151.825,151.85,151.55,151.7,2110
2022-11-07T14:30:00.000Z,151.55,152.975,151.35,152.925,11624
2022-11-07T18:30:00.000Z,152.95,153.25,152.875,153.025,4667
2022-11-08T14:30:00.000Z,153.15,153.2,152.6,152.975,7306
2022-11-08T18:30:00.000Z,153,153.25,152.9,152.95,3906
2022-11-09T14:30:00.000Z,152.75,152.9,151.575,151.625,12139
2022-11-09T18:30:00.000Z,151.65,151.675,151.525,151.6,3691
2022-11-10T14:30:00.000Z,151.9,153.05,151.5,153,11806
2022-11-10T18:30:00.000Z,152.975,153.425,152.85,152.875,3759
2022-11-11T14:30:00.000Z,152.775,153.1,151.275,151.4,11032
2022-11-11T18:30:00.000Z,151.425,151.825,151.4,151.825,2831
2022-11-14T14:30:00.000Z,151.625,152.375,151.25,151.475,7815
2022-11-14T18:30:00.000Z,151.45,151.8,151.4,151.6,1513
2022-11-15T14:30:00.000Z,151.675,152.025,151.025,151.525,6655
2022-11-15T18:30:00.000Z,151.5,151.525,151.05,151.225,2568
2022-11-16T14:30:00.000Z,151.375,152.2,151.1,152.025,5651
2022-11-16T18:30:00.000Z,152.025,152.025,151.7,151.875,1169
2022-11-17T14:30:00.000Z,151.775,152.8,151.65,152.725,3775
2022-11-17T18:30:00.000Z,152.725,152.825,152.625,152.65,1285
2022-11-18T14:30:00.000Z,152.65,153.3,152.5,153.275,4098
2022-11-18T18:30:00.000Z,153.275,153.3,152.925,152.925,1492
2022-11-21T14:30:00.000Z,153.35,153.9,153.1,153.45,5314
2022-11-21T18:30:00.000Z,153.4,153.6,153.4,153.5,1361
2022-11-22T14:30:00.000Z,153.425,153.9,153.2,153.625,3860
2022-11-22T18:30:00.000Z,153.65,153.9,153.575,153.775,1070
2022-11-23T14:30:00.000Z,153.8,154.725,153.55,153.7,7172
2022-11-23T18:30:00.000Z,153.7,153.875,153.225,153.325,2036
2022-11-25T14:30:00.000Z,153.625,153.725,153.025,153.1,2915
2022-11-28T14:30:00.000Z,153.175,153.35,152.3,152.575,3415
2022-11-28T18:30:00.000Z,152.575,152.7,152.45,152.525,867
2022-11-29T14:30:00.000Z,152.775,152.975,152.4,152.85,2465
2022-11-29T18:30:00.000Z,152.8,152.85,152.6,152.675,582
2022-11-30T14:30:00.000Z,152.5,153.5,152.25,153.325,5473
2022-11-30T18:30:00.000Z,153.3,153.3,152.925,153.05,1350
2022-12-01T14:30:00.000Z,153.175,153.45,152.4,153.15,3062
2022-12-01T18:30:00.000Z,153.175,153.2,152.85,152.925,1122
2022-12-02T14:30:00.000Z,153,153.575,152.9,153.475,3793
2022-12-02T18:30:00.000Z,153.45,153.5,153.25,153.25,1134
2022-12-05T14:30:00.000Z,153.2,153.55,153,153.4,4549
2022-12-05T18:30:00.000Z,153.4,153.425,153.2,153.225,1562
2022-12-06T14:30:00.000Z,152.95,152.95,151.375,151.5,3148
2022-12-06T18:30:00.000Z,151.625,151.65,151.425,151.55,476
2022-12-07T14:30:00.000Z,151.7,152.1,151.225,152.1,2294
2022-12-07T18:30:00.000Z,152.025,152.15,151.85,152.025,207
2022-12-08T14:30:00.000Z,152.25,152.55,152,152.525,1920
2022-12-08T18:30:00.000Z,152.5,152.55,152.325,152.45,106
2022-12-09T14:30:00.000Z,152.525,154.1,152.525,154,1795
2022-12-09T18:30:00.000Z,154.075,154.15,153.525,153.625,381
2022-12-12T14:30:00.000Z,153.9,154.4,153.45,154.4,1056
2022-12-12T18:30:00.000Z,154.4,154.475,154.35,154.4,165
2022-12-13T14:30:00.000Z,154.55,155.15,154.55,154.875,1371
2022-12-13T18:30:00.000Z,154.925,155,154.85,154.9,80
2022-12-14T14:30:00.000Z,155.075,155.25,154.6,154.6,1176
2022-12-14T18:30:00.000Z,154.6,154.625,154.5,154.525,374
2022-12-15T14:30:00.000Z,154.35,154.725,153.925,154.3,1692
2022-12-15T18:30:00.000Z,154.275,154.3,154.025,154.025,177
2022-12-16T14:30:00.000Z,154.225,155.125,154.15,154.95,709
2022-12-16T18:30:00.000Z,154.975,155.05,154.85,154.95,83
2022-12-19T14:30:00.000Z,155.2,155.4,155.15,155.25,667
2022-12-19T18:30:00.000Z,155.275,155.4,155.15,155.175,194
2022-12-20T14:30:00.000Z,155,155.4,154.8,155.125,589
2022-12-20T18:30:00.000Z,155.25,155.25,154.95,154.975,64
2022-12-21T14:30:00.000Z,155.05,156.35,154.975,156.25,1009
2022-12-21T18:30:00.000Z,156.25,156.3,155.975,156.05,179
2022-12-22T14:30:00.000Z,156.125,156.15,155.825,155.925,347
2022-12-22T18:30:00.000Z,155.95,155.975,155.875,155.875,80
2022-12-23T14:30:00.000Z,156.45,156.95,155.75,156.9,633
2022-12-23T18:30:00.000Z,156.925,157.175,156.325,156.4,221
2022-12-27T14:30:00.000Z,157.45,158.425,157.2,157.85,14235
2022-12-27T18:30:00.000Z,157.85,157.925,157.75,157.75,1786
2022-12-28T14:30:00.000Z,157.675,158.25,157.5,157.85,10345
2022-12-28T18:30:00.000Z,157.85,157.9,157.7,157.725,2192
2022-12-29T14:30:00.000Z,157.875,159.175,157.675,158.85,15059
2022-12-29T18:30:00.000Z,158.825,158.975,158.625,158.625,3366
2022-12-30T14:30:00.000Z,158.725,158.925,157.875,157.975,11805
2022-12-30T18:30:00.000Z,157.95,158,157.775,157.925,3795
2023-01-03T14:30:00.000Z,158.15,158.15,156.65,156.925,17275
2023-01-03T18:30:00.000Z,156.95,157.05,156.825,157.025,2627
2023-01-04T14:30:00.000Z,157.025,157.85,156.925,157.35,11628
2023-01-04T18:30:00.000Z,157.35,157.45,157.25,157.275,2050
2023-01-05T14:30:00.000Z,157.175,157.6,156.775,157.1,11305
2023-01-05T18:30:00.000Z,157.1,157.4,157.075,157.275,2285
2023-01-06T14:30:00.000Z,157.35,157.475,156.675,156.775,11159
2023-01-06T18:30:00.000Z,156.775,156.85,156.6,156.775,4413
2023-01-09T14:30:00.000Z,156.7,158.175,156.525,157.55,19168
2023-01-09T18:30:00.000Z,157.575,157.825,157.475,157.8,4552
2023-01-10T14:30:00.000Z,157.6,158.825,157.55,157.875,16829
2023-01-10T18:30:00.000Z,157.875,157.975,157.725,157.85,3979
2023-01-11T14:30:00.000Z,157.85,157.95,157.05,157.8,14573
2023-01-11T18:30:00.000Z,157.8,157.9,157.575,157.875,4621
2023-01-12T14:30:00.000Z,157.8,158,156.95,157.15,11535
2023-01-12T18:30:00.000Z,157.175,157.725,157.175,157.575,3072
2023-01-13T14:30:00.000Z,157.675,157.7,156.9,157.575,12079
2023-01-13T18:30:00.000Z,157.575,158.15,157.575,157.85,4220
2023-01-17T14:30:00.000Z,157.65,157.65,156.325,157.075,16884
2023-01-17T18:30:00.000Z,157.025,157.15,156.825,157.025,2036
2023-01-18T14:30:00.000Z,157.175,157.575,156.725,156.85,6583
2023-01-18T18:30:00.000Z,156.875,156.925,156.75,156.75,1410
2023-01-19T14:30:00.000Z,156.725,156.725,155.375,155.925,12169
2023-01-19T18:30:00.000Z,155.95,156.175,155.8,155.8,1588
2023-01-20T14:30:00.000Z,155.95,156.6,155.7,156.4,3636
2023-01-20T18:30:00.000Z,156.425,156.8,156.375,156.6,1757
2023-01-23T14:30:00.000Z,156.6,157.55,156.2,157.5,5244
2023-01-23T18:30:00.000Z,157.5,157.6,157.325,157.475,1873
2023-01-24T14:30:00.000Z,157.225,157.575,157,157.225,3684
2023-01-24T18:30:00.000Z,157.2,157.975,157.2,157.85,2841
2023-01-25T14:30:00.000Z,157.65,157.85,157.15,157.625,5169
2023-01-25T18:30:00.000Z,157.625,157.675,157.475,157.475,1585
2023-01-26T14:30:00.000Z,157.35,157.6,156.8,157.075,6443
2023-01-26T18:30:00.000Z,157.075,157.1,156.675,156.725,1484
2023-01-27T14:30:00.000Z,156.725,157,156.5,156.725,4313
2023-01-27T18:30:00.000Z,156.725,156.85,156.625,156.85,1101
2023-01-30T14:30:00.000Z,157.05,158.725,157.05,158.6,9221
2023-01-30T18:30:00.000Z,158.625,158.875,158.5,158.85,1469
2023-01-31T14:30:00.000Z,158.575,159.075,158.55,158.85,5401
2023-01-31T18:30:00.000Z,158.85,158.95,158.725,158.8,1002
2023-02-01T14:30:00.000Z,159.075,159.15,158.35,158.55,6835
2023-02-01T18:30:00.000Z,158.575,158.625,158.35,158.45,1136
2023-02-02T14:30:00.000Z,158.55,159.85,158.55,159.725,4688
2023-02-02T18:30:00.000Z,159.75,159.9,159.575,159.9,1730
2023-02-03T14:30:00.000Z,159.75,160.1,159.5,160.1,3434
2023-02-03T18:30:00.000Z,160.1,160.475,159.85,160.475,2859
2023-02-06T14:30:00.000Z,160.5,161,160.25,160.75,4162
2023-02-06T18:30:00.000Z,160.725,160.85,160.675,160.8,1178
2023-02-07T14:30:00.000Z,160.925,161.2,160.575,160.725,2279
2023-02-07T18:30:00.000Z,160.7,160.7,160.475,160.525,467
2023-02-08T14:30:00.000Z,160.75,161.5,160.3,160.875,1538
2023-02-08T18:30:00.000Z,160.9,160.975,160.8,160.875,294
2023-02-09T14:30:00.000Z,160.875,161.425,160.65,160.85,1627
2023-02-09T18:30:00.000Z,160.85,160.925,160.725,160.875,346
2023-02-10T14:30:00.000Z,160.925,161.275,160.7,161.125,2777
2023-02-10T18:30:00.000Z,161.15,161.325,161.075,161.225,449
2023-02-13T14:30:00.000Z,161.825,162.25,161.7,162.15,2254
2023-02-13T18:30:00.000Z,162.175,162.275,162.125,162.25,131
2023-02-14T14:30:00.000Z,162.075,162.35,161.6,162.2,1504
2023-02-14T18:30:00.000Z,162.15,162.275,162.025,162.2,219
2023-02-15T14:30:00.000Z,162.3,162.6,161.9,162.5,1793
2023-02-15T18:30:00.000Z,162.575,162.8,162.5,162.625,381
2023-02-16T14:30:00.000Z,162.625,162.8,162.25,162.625,1008
2023-02-16T18:30:00.000Z,162.625,162.825,162.625,162.825,325
2023-02-17T14:30:00.000Z,162.85,164.075,162.525,163.45,2118
2023-02-17T18:30:00.000Z,163.475,163.6,163.4,163.4,289
2023-02-21T14:30:00.000Z,163.7,164.95,163.525,164.9,1743
2023-02-21T18:30:00.000Z,164.9,164.975,164.5,164.75,356
2023-02-22T14:30:00.000Z,164.8,164.975,164.275,164.9,573
2023-02-22T18:30:00.000Z,164.825,165.05,164.825,165.05,104
2023-02-23T14:30:00.000Z,165.4,166.1,165.075,165.425,17157
2023-02-23T18:30:00.000Z,165.45,165.5,165.2,165.425,2716
2023-02-24T14:30:00.000Z,165.65,166.4,164.375,165.125,20745
2023-02-24T18:30:00.000Z,165.15,165.5,165.025,165.5,3770
2023-02-27T14:30:00.000Z,165.425,165.95,165,165.1,11920
2023-02-27T18:30:00.000Z,165.1,165.1,164.775,164.9,3333
2023-02-28T14:30:00.000Z,165.2,165.725,164.65,165.475,12531
2023-02-28T18:30:00.000Z,165.475,165.625,165.35,165.45,3130
2023-03-01T14:30:00.000Z,165.325,166.1,164.5,165.325,17667
2023-03-01T18:30:00.000Z,165.325,165.375,165.05,165.125,2377
2023-03-02T14:30:00.000Z,165.125,165.15,164.1,164.125,10910
2023-03-02T18:30:00.000Z,164.125,164.2,163.85,164.175,3890
2023-03-03T14:30:00.000Z,164.125,165.85,164.075,165.35,15905
2023-03-03T18:30:00.000Z,165.325,165.55,165.2,165.525,3261
2023-03-06T14:30:00.000Z,165.45,166.675,165.075,166.125,13887
2023-03-06T18:30:00.000Z,166.125,166.275,165.9,166.225,3720
2023-03-07T14:30:00.000Z,166.1,166.55,165.475,166,10168
2023-03-07T18:30:00.000Z,166,166.075,165.8,165.825,3386
2023-03-08T14:30:00.000Z,165.9,165.925,164.775,165.475,15857
2023-03-08T18:30:00.000Z,165.475,165.525,165.375,165.45,3266
2023-03-09T14:30:00.000Z,165.4,165.675,164.5,164.575,11253
2023-03-09T18:30:00.000Z,164.575,164.95,164.525,164.75,4829
2023-03-10T14:30:00.000Z,164.8,165.25,164.25,164.35,12283
2023-03-10T18:30:00.000Z,164.35,164.475,164.225,164.35,3883
2023-03-13T13:30:00.000Z,163.65,164,162.525,163.75,24246
2023-03-13T17:30:00.000Z,163.75,163.775,163.275,163.725,4042
2023-03-14T13:30:00.000Z,163.8,163.9,162.875,162.975,12487
2023-03-14T17:30:00.000Z,162.975,163.45,162.925,163.375,3254
2023-03-15T13:30:00.000Z,162.775,162.9,161.325,161.325,18175
2023-03-15T17:30:00.000Z,161.35,161.725,161.1,161.525,4600
2023-03-16T13:30:00.000Z,161.8,162.8,161.425,162.5,13622
2023-03-16T17:30:00.000Z,162.475,162.525,162.2,162.4,2465
2023-03-17T13:30:00.000Z,162.425,162.475,161.55,162.2,9215
2023-03-17T17:30:00.000Z,162.225,162.65,162.2,162.475,2358
2023-03-20T13:30:00.000Z,163.1,163.1,162.025,162.025,5474
2023-03-20T17:30:00.000Z,162,162.325,161.925,162.1,1727
2023-03-21T13:30:00.000Z,162.275,162.875,161.7,162.35,6984
2023-03-21T17:30:00.000Z,162.375,162.5,162.35,162.4,1209
2023-03-22T13:30:00.000Z,162.45,162.65,160.625,162.425,9982
2023-03-22T17:30:00.000Z,162.425,162.55,162.225,162.3,1234
2023-03-23T13:30:00.000Z,162.475,162.5,161.825,162.225,3641
2023-03-23T17:30:00.000Z,162.225,162.275,162.075,162.1,906
2023-03-24T13:30:00.000Z,162.05,163.3,161.75,163.05,5018
2023-03-24T17:30:00.000Z,163.05,163.15,162.95,163.125,1029
2023-03-27T13:30:00.000Z,163.3,164.7,163.25,164.575,6041
2023-03-27T17:30:00.000Z,164.55,164.95,164.55,164.8,1650
2023-03-28T13:30:00.000Z,164.8,165,164.55,164.975,3046
2023-03-28T17:30:00.000Z,164.975,165.025,164.85,164.85,784
2023-03-29T13:30:00.000Z,165.05,165.675,164.925,165.675,3291
2023-03-29T17:30:00.000Z,165.7,165.875,165.575,165.725,1131
2023-03-30T13:30:00.000Z,165.75,167.325,165.75,167.175,7594
2023-03-30T17:30:00.000Z,167.175,167.65,167.1,167.475,1852
2023-03-31T13:30:00.000Z,167.825,168.275,167.55,168.275,4070
2023-03-31T17:30:00.000Z,168.25,168.525,168.075,168.175,1748
2023-04-03T13:30:00.000Z,168.4,169.425,167.725,168.3,5567
2023-04-03T17:30:00.000Z,168.275,168.3,168.025,168.2,781
2023-04-04T13:30:00.000Z,168.3,168.7,167.825,167.875,4028
2023-04-04T17:30:00.000Z,167.85,167.95,167.45,167.95,1808
2023-04-05T13:30:00.000Z,167.75,168.775,167.525,168.475,4768
2023-04-05T17:30:00.000Z,168.475,168.525,168.275,168.45,1014
2023-04-06T13:30:00.000Z,170.4,170.975,169.925,170.8,8988
2023-04-06T17:30:00.000Z,170.85,171.425,170.675,171.425,2376
2023-04-10T13:30:00.000Z,171.6,171.6,170.875,171.5,3004
2023-04-10T17:30:00.000Z,171.45,171.775,171.25,171.375,869
2023-04-11T13:30:00.000Z,171.825,172.45,171.45,172.25,2167
2023-04-11T17:30:00.000Z,172.25,172.475,172.2,172.35,449
2023-04-12T13:30:00.000Z,172.325,174,172.3,174,2231
2023-04-12T17:30:00.000Z,174.025,174.325,173.95,174.325,629
2023-04-13T13:30:00.000Z,175.775,177.7,175.5,176,4171
2023-04-13T17:30:00.000Z,176.025,176.15,175.175,175.6,480
2023-04-14T13:30:00.000Z,175.175,175.45,174.675,174.925,1373
2023-04-14T17:30:00.000Z,174.9,175.125,174.7,174.75,149
2023-04-17T13:30:00.000Z,174.85,175.75,174.7,175.7,808
2023-04-17T17:30:00.000Z,175.675,175.925,175.525,175.85,194
2023-04-18T13:30:00.000Z,175.9,176.1,175.275,175.825,1105
2023-04-18T17:30:00.000Z,175.85,176.625,175.775,176.55,612
2023-04-19T13:30:00.000Z,176.675,177,174.6,175.2,2137
2023-04-19T17:30:00.000Z,175.275,175.6,175.275,175.55,319
2023-04-20T13:30:00.000Z,175.425,175.425,173.525,174.775,1614
2023-04-20T17:30:00.000Z,174.775,174.875,173.85,173.85,160
2023-04-21T13:30:00.000Z,174.125,174.275,172.7,173.05,1072
2023-04-21T17:30:00.000Z,173.1,174.875,173.1,174.05,328
2023-04-24T13:30:00.000Z,173.3,174.4,173.3,174.35,592
2023-04-24T17:30:00.000Z,174.35,174.45,174.1,174.45,66
2023-04-25T13:30:00.000Z,164.55,164.55,163.675,163.95,9891
2023-04-25T17:30:00.000Z,163.95,164.075,163.875,164.05,2575
2023-04-26T13:30:00.000Z,163.775,164.8,163.425,164.175,13014
2023-04-26T17:30:00.000Z,164.175,164.6,164.15,164.575,3520
2023-04-27T13:30:00.000Z,164.725,165.1,163.875,165,11298
2023-04-27T17:30:00.000Z,164.975,165.375,164.95,165.35,3869
2023-04-28T13:30:00.000Z,165.1,165.55,164.925,165.45,8834
2023-04-28T17:30:00.000Z,165.45,165.575,165.25,165.45,2687
2023-05-01T13:30:00.000Z,165.2,165.775,164.475,164.95,12206
2023-05-01T17:30:00.000Z,164.95,165.1,164.725,164.775,2872
2023-05-02T13:30:00.000Z,164.8,164.8,162.55,163,19229
2023-05-02T17:30:00.000Z,162.975,163.075,162.825,162.85,3947
2023-05-03T13:30:00.000Z,162.8,162.8,161.2,161.9,21889
2023-05-03T17:30:00.000Z,161.9,162.025,161.6,161.825,5182
2023-05-04T13:30:00.000Z,161.725,162.35,161.35,161.825,12721
2023-05-04T17:30:00.000Z,161.825,161.875,161.5,161.525,2963
2023-05-05T13:30:00.000Z,162.1,163.125,161.825,162.175,15376
2023-05-05T17:30:00.000Z,162.175,162.2,161.8,161.975,4387
2023-05-08T13:30:00.000Z,161.925,162.825,161.775,162.225,9745
2023-05-08T17:30:00.000Z,162.225,162.575,162.2,162.575,2684
2023-05-09T13:30:00.000Z,162.6,163.625,161.875,163.45,17315
2023-05-09T17:30:00.000Z,163.45,164.15,163.3,163.775,4862
2023-05-10T13:30:00.000Z,163.725,164.55,163.175,163.175,13418
2023-05-10T17:30:00.000Z,163.2,163.275,162.675,163.025,4929
2023-05-11T13:30:00.000Z,162.975,163.45,162.3,163.25,10936
2023-05-11T17:30:00.000Z,163.25,163.275,162.85,163.15,3211
2023-05-12T13:30:00.000Z,163.15,164.625,162.9,164.375,12299
2023-05-12T17:30:00.000Z,164.375,164.5,164.225,164.4,2716
2023-05-15T13:30:00.000Z,164.625,164.725,163.575,164.275,7728
2023-05-15T17:30:00.000Z,164.275,164.4,164.15,164.175,2277
2023-05-16T13:30:00.000Z,164.325,164.55,163.675,163.8,5561
2023-05-16T17:30:00.000Z,163.8,164,163.65,163.9,1033
2023-05-17T13:30:00.000Z,164.075,164.85,162.925,164.325,9357
2023-05-17T17:30:00.000Z,164.325,164.925,164.325,164.875,1609
2023-05-18T13:30:00.000Z,164.875,165.625,164.325,165.6,6347
2023-05-18T17:30:00.000Z,165.575,165.725,165.45,165.525,2455
2023-05-19T13:30:00.000Z,165.525,166.225,164.825,165.9,6420
2023-05-19T17:30:00.000Z,165.85,165.925,165.675,165.9,1081
2023-05-22T13:30:00.000Z,165.65,165.65,164.5,165.025,4617
2023-05-22T17:30:00.000Z,165.025,165.325,165,165.05,1170
2023-05-23T13:30:00.000Z,165.65,165.825,164.4,164.55,4141
2023-05-23T17:30:00.000Z,164.55,164.6,164.125,164.2,1296
2023-05-24T13:30:00.000Z,164.275,166.5,163.65,166,9654
2023-05-24T17:30:00.000Z,165.975,166.275,165.95,166.2,1814
2023-05-25T13:30:00.000Z,166.6,166.975,166,166.975,3745
2023-05-25T17:30:00.000Z,166.975,167.45,166.975,167.375,1752
2023-05-26T13:30:00.000Z,167.475,168.4,167.1,167.775,4844
2023-05-26T17:30:00.000Z,167.75,167.825,167.25,167.275,878
2023-05-30T13:30:00.000Z,167.7,168.9,167.5,168.5,5191
2023-05-30T17:30:00.000Z,168.525,169,168.525,168.625,1348
2023-05-31T13:30:00.000Z,168.65,169.2,168.025,169.175,5368
2023-05-31T17:30:00.000Z,169.2,169.275,169.025,169.25,993
2023-06-01T13:30:00.000Z,169.35,174.85,169,174.15,14286
2023-06-01T17:30:00.000Z,174.175,175,174.1,174.925,1548
2023-06-02T13:30:00.000Z,175.025,176.875,175,176.4,8932
2023-06-02T17:30:00.000Z,176.425,176.8,176.05,176.6,1075
2023-06-05T13:30:00.000Z,177.5,178.175,176.525,177.275,3135
2023-06-05T17:30:00.000Z,177.2,177.35,177,177.15,150
2023-06-06T13:30:00.000Z,177.75,180.25,177.025,179.7,4369
2023-06-06T17:30:00.000Z,179.725,180,179.65,179.925,311
2023-06-07T13:30:00.000Z,181,182.875,177.625,178.725,5463
2023-06-07T17:30:00.000Z,178.975,179.425,178.3,179.275,555
2023-06-08T13:30:00.000Z,179.675,180.325,178.725,180.125,2339
2023-06-08T17:30:00.000Z,180.05,180.1,178.5,178.7,493
2023-06-09T13:30:00.000Z,179.175,180.175,177.275,178.2,2986
2023-06-09T17:30:00.000Z,178.2,178.95,178,178.6,453
2023-06-12T13:30:00.000Z,178.8,179.15,178.15,179,1131
2023-06-12T17:30:00.000Z,179,179.2,178.85,178.85,132
2023-06-13T13:30:00.000Z,179.075,179.175,178.5,178.9,776
2023-06-13T17:30:00.000Z,179.025,179.6,178.925,179.575,230
2023-06-14T13:30:00.000Z,179.55,179.6,177.25,177.3,1512
2023-06-14T17:30:00.000Z,177.575,177.875,177.25,177.25,270
2023-06-15T13:30:00.000Z,177.45,178.175,176.3,177.775,807
2023-06-15T17:30:00.000Z,177.725,178.15,177.4,177.4,145
2023-06-16T13:30:00.000Z,177.575,178.55,177,177.875,880
2023-06-16T17:30:00.000Z,178,178.9,178,178.6,294
2023-06-20T13:30:00.000Z,178.65,178.65,177.25,178.25,983
2023-06-20T17:30:00.000Z,178.075,178.1,176.625,176.85,243
2023-06-21T13:30:00.000Z,177.2,177.575,176.25,177,1245
2023-06-21T17:30:00.000Z,177.125,177.35,177.075,177.35,74
2023-06-22T13:30:00.000Z,177.75,177.9,176.75,177.475,863
2023-06-22T17:30:00.000Z,177.5,177.9,177.45,177.85,256
2023-06-23T13:30:00.000Z,177.875,178.225,177.3,177.35,855
2023-06-23T17:30:00.000Z,177.35,177.55,177.15,177.3,83
2023-06-26T13:30:00.000Z,177.3,177.975,177.025,177.975,401
2023-06-26T17:30:00.000Z,177.9,177.975,177.625,177.975,65
2023-06-27T13:30:00.000Z,171.45,172.275,170.825,172.175,11068
2023-06-27T17:30:00.000Z,172.175,172.625,172.1,172.6,3462
2023-06-28T13:30:00.000Z,172.4,174.55,172.3,173.825,15129
2023-06-28T17:30:00.000Z,173.825,174.175,173.525,173.825,4062
2023-06-29T13:30:00.000Z,173.5,174.25,172.875,174.2,12900
2023-06-29T17:30:00.000Z,174.2,174.725,174.075,174.525,4011
2023-06-30T13:30:00.000Z,174.5,176.8,173.75,176.4,16318
2023-06-30T17:30:00.000Z,176.375,177.25,176.35,176.925,6077
2023-07-03T13:30:00.000Z,176.875,177.35,176.1,176.8,10995
2023-07-03T17:30:00.000Z,176.775,177.1,176.675,176.675,2192
2023-07-05T13:30:00.000Z,176.5,176.975,175.4,175.775,12001
2023-07-05T17:30:00.000Z,175.775,175.775,174.775,174.775,4675
2023-07-06T13:30:00.000Z,174.45,174.95,173.425,174.4,16731
2023-07-06T17:30:00.000Z,174.375,175.075,174.225,174.625,3172
2023-07-07T13:30:00.000Z,174.725,177.175,174.3,176.9,16349
2023-07-07T17:30:00.000Z,176.925,177.2,176.8,176.95,3535
2023-07-10T13:30:00.000Z,176.975,178,176.15,176.95,16566
2023-07-10T17:30:00.000Z,176.95,177.4,176.95,177.15,3462
2023-07-11T13:30:00.000Z,176.95,178.975,176.45,178.925,13206
2023-07-11T17:30:00.000Z,178.95,179.4,178.65,178.7,6173
2023-07-12T13:30:00.000Z,179,181.175,177.125,177.275,22037
2023-07-12T17:30:00.000Z,177.275,177.4,176.525,176.95,6269
2023-07-13T13:30:00.000Z,176.775,176.8,175.2,176.4,16587
2023-07-13T17:30:00.000Z,176.4,177.1,176.35,176.975,4940
2023-07-14T13:30:00.000Z,176.9,179.55,176.775,179.55,14359
2023-07-14T17:30:00.000Z,179.525,180.375,179.525,180.325,5499
2023-07-17T13:30:00.000Z,180.55,181.6,179.7,180.45,11261
2023-07-17T17:30:00.000Z,180.45,180.75,180,180.125,2359
2023-07-18T13:30:00.000Z,180.1,181.3,179.825,181.075,5728
2023-07-18T17:30:00.000Z,181.125,181.525,181.05,181.35,1757
2023-07-19T13:30:00.000Z,180.9,181.875,180.05,181.775,6481
2023-07-19T17:30:00.000Z,181.75,181.775,181.225,181.4,2120
2023-07-20T13:30:00.000Z,181.5,182.975,179.325,179.625,14413
2023-07-20T17:30:00.000Z,179.625,180.525,179.625,180.375,2915
2023-07-21T13:30:00.000Z,180.9,181.225,179.525,179.7,6273
2023-07-21T17:30:00.000Z,179.7,180.225,179.65,179.825,1269
2023-07-24T13:30:00.000Z,179,180.375,178.55,178.975,5823
2023-07-24T17:30:00.000Z,178.975,179.15,178.6,178.8,1711
2023-07-25T13:30:00.000Z,179.45,179.6,177.9,178.35,5781
2023-07-25T17:30:00.000Z,178.375,178.475,178.125,178.125,626
2023-07-26T13:30:00.000Z,178.25,178.975,177.875,178.825,3431
2023-07-26T17:30:00.000Z,178.825,178.85,178.45,178.45,741
2023-07-27T13:30:00.000Z,178.775,178.925,177.95,178.275,3311
2023-07-27T17:30:00.000Z,178.3,178.3,178,178.075,652
2023-07-28T13:30:00.000Z,178.45,179.075,178,178.225,3873
2023-07-28T17:30:00.000Z,178.2,178.6,178.05,178.25,1015
2023-07-31T13:30:00.000Z,178.35,178.65,176.8,177.7,5831
2023-07-31T17:30:00.000Z,177.7,178.275,177.45,178.225,1175
2023-08-01T13:30:00.000Z,178.25,179.6,177.75,179.4,4436
2023-08-01T17:30:00.000Z,179.35,179.9,179.275,179.575,834
2023-08-02T13:30:00.000Z,179.35,179.525,177.8,178.175,4577
2023-08-02T17:30:00.000Z,178.175,178.325,178,178.2,1539
2023-08-03T13:30:00.000Z,178,178.825,177.625,178.5,5272
2023-08-03T17:30:00.000Z,178.5,178.825,178.3,178.425,1031
2023-08-04T13:30:00.000Z,178.5,181.125,178.425,180.475,7373
2023-08-04T17:30:00.000Z,180.475,181.05,180.325,181.025,1877
2023-08-07T13:30:00.000Z,181.025,181.275,179.925,180.05,2800
2023-08-07T17:30:00.000Z,179.975,180,179.575,179.575,553
2023-08-08T13:30:00.000Z,180,180.6,179.3,179.775,2952
2023-08-08T17:30:00.000Z,179.775,179.85,179.65,179.85,180
2023-08-09T13:30:00.000Z,179.85,180.6,179.45,180.275,2804
2023-08-09T17:30:00.000Z,180.3,180.675,180.2,180.475,455
2023-08-10T13:30:00.000Z,180.575,181.7,180.425,181.4,2737
2023-08-10T17:30:00.000Z,181.325,181.375,181.1,181.25,214
2023-08-11T13:30:00.000Z,181.1,181.45,180.825,180.875,1853
2023-08-11T17:30:00.000Z,180.85,180.85,180.25,180.325,1041
2023-08-14T13:30:00.000Z,180.5,180.65,179.875,180,1500
2023-08-14T17:30:00.000Z,179.9,180,179.675,179.675,522
2023-08-15T13:30:00.000Z,179.825,180.025,178.975,179.425,1792
2023-08-15T17:30:00.000Z,179.35,179.35,179.1,179.125,122
2023-08-16T13:30:00.000Z,179.15,179.9,178.75,178.75,1823
2023-08-16T17:30:00.000Z,178.75,178.975,178.625,178.875,662
2023-08-17T13:30:00.000Z,178.775,178.875,177.825,178.35,1324
2023-08-17T17:30:00.000Z,178.3,178.325,178,178.125,119
2023-08-18T13:30:00.000Z,178,178.75,177.5,178.45,1203
2023-08-18T17:30:00.000Z,178.4,178.6,178.1,178.275,241
2023-08-21T13:30:00.000Z,179.025,179.55,178.75,179.2,1060
2023-08-21T17:30:00.000Z,179.2,179.225,178.7,179.2,174
2023-08-22T13:30:00.000Z,178.9,178.9,177.625,178,837
2023-08-22T17:30:00.000Z,178.05,178.05,177.75,177.75,115
2023-08-23T13:30:00.000Z,177.8,178.425,177.525,178.25,482
2023-08-23T17:30:00.000Z,178.225,178.225,178,178.05,163
2023-08-24T13:30:00.000Z,177.9,179.6,177.6,179.425,1065
2023-08-24T17:30:00.000Z,179.325,180.075,179.25,180,318
2023-08-25T13:30:00.000Z,179.85,180.55,179,180.45,1052
2023-08-25T17:30:00.000Z,180.4,180.775,180.25,180.75,453
2023-08-28T13:30:00.000Z,180.95,182.3,180.4,182.175,12713
2023-08-28T17:30:00.000Z,182.175,182.2,181.375,181.525,2629
2023-08-29T13:30:00.000Z,181.4,181.95,180.825,181.725,11199
2023-08-29T17:30:00.000Z,181.7,181.75,181.35,181.45,1905
2023-08-30T13:30:00.000Z,180.725,181.3,180.05,180.4,9886
2023-08-30T17:30:00.000Z,180.375,180.4,179.75,179.975,4057
2023-08-31T13:30:00.000Z,180.225,181.1,179.425,180.95,12505
2023-08-31T17:30:00.000Z,180.975,181.175,180.725,180.75,3381
2023-09-01T13:30:00.000Z,180.8,181.025,179.825,180.025,10513
2023-09-01T17:30:00.000Z,180.025,180.25,179.95,180.025,2615
2023-09-05T13:30:00.000Z,180.3,180.95,179.5,180.05,9915
2023-09-05T17:30:00.000Z,180.05,180.15,179.875,179.875,2114
2023-09-06T13:30:00.000Z,179.95,182.95,179.9,182.675,17440
2023-09-06T17:30:00.000Z,182.675,183.075,182.475,182.6,4310
2023-09-07T13:30:00.000Z,182.825,184.525,182.225,183.425,17327
2023-09-07T17:30:00.000Z,183.425,183.9,183.425,183.55,2881
2023-09-08T13:30:00.000Z,183.575,183.8,182.75,183.275,10546
2023-09-08T17:30:00.000Z,183.275,183.425,183.1,183.4,2254
2023-09-11T13:30:00.000Z,183.5,184.8,183.1,184.35,10726
2023-09-11T17:30:00.000Z,184.35,184.5,183.925,184.325,3149
2023-09-12T13:30:00.000Z,184.3,184.775,183.05,184.075,11302
2023-09-12T17:30:00.000Z,184.05,184.3,183.975,184.025,2875
2023-09-13T13:30:00.000Z,183.95,184.025,182.575,182.95,11003
2023-09-13T17:30:00.000Z,182.925,183.25,182.925,183.125,2227
2023-09-14T13:30:00.000Z,183.125,185.575,183.075,185.15,14010
2023-09-14T17:30:00.000Z,185.15,185.775,185.125,185.5,4985
2023-09-15T13:30:00.000Z,185.35,187.3,185.075,186.975,15220
2023-09-15T17:30:00.000Z,186.95,187.1,186.75,187.05,2660
2023-09-18T13:30:00.000Z,186.925,187,186.1,186.35,7804
2023-09-18T17:30:00.000Z,186.375,186.525,186.275,186.475,1521
2023-09-19T13:30:00.000Z,186.5,187.45,185.65,185.85,6830
2023-09-19T17:30:00.000Z,185.85,185.975,185.65,185.85,999
2023-09-20T13:30:00.000Z,185.525,186.525,185.075,186.35,5127
2023-09-20T17:30:00.000Z,186.325,186.925,186.25,186.85,1298
2023-09-21T13:30:00.000Z,186.525,186.525,184.65,184.975,6538
2023-09-21T17:30:00.000Z,184.95,185.25,184.85,185.15,1839
2023-09-22T13:30:00.000Z,185.4,187.3,185.4,186.975,6260
2023-09-22T17:30:00.000Z,186.95,187.15,186.85,186.975,1697
2023-09-25T13:30:00.000Z,186.875,187.225,186.35,186.8,3471
2023-09-25T17:30:00.000Z,186.8,187.325,186.675,187.3,1662
2023-09-26T13:30:00.000Z,187,187.075,184.7,185.2,7877
2023-09-26T17:30:00.000Z,185.25,185.25,184.775,184.85,1274
2023-09-27T13:30:00.000Z,185.25,185.8,184.45,185.1,4597
2023-09-27T17:30:00.000Z,185.05,185.1,184.75,185,973
2023-09-28T13:30:00.000Z,185.175,187.575,184.725,186.375,6175
2023-09-28T17:30:00.000Z,186.4,186.675,186.225,186.55,1307
2023-09-29T13:30:00.000Z,186.35,186.35,184.325,184.5,5674
2023-09-29T17:30:00.000Z,184.5,184.5,184.075,184.175,2037
2023-10-02T13:30:00.000Z,184.675,186.2,184.55,184.85,5177
2023-10-02T17:30:00.000Z,184.825,184.825,184.35,184.525,1256
2023-10-03T13:30:00.000Z,184.325,184.325,182,182.25,9020
2023-10-03T17:30:00.000Z,182.325,182.4,182.075,182.35,1583
2023-10-04T13:30:00.000Z,182.25,183.2,181.525,182.525,4032
2023-10-04T17:30:00.000Z,182.475,182.725,181.95,182.225,805
2023-10-05T13:30:00.000Z,182.125,182.325,181.25,181.775,4472
2023-10-05T17:30:00.000Z,181.75,182.025,181.75,181.95,498
2023-10-06T13:30:00.000Z,181.775,183.45,181.4,182.925,5100
2023-10-06T17:30:00.000Z,182.95,183.1,182.95,183,1470
2023-10-09T13:30:00.000Z,182.9,183.775,182.35,182.7,2324
2023-10-09T17:30:00.000Z,182.7,182.8,182.325,182.325,239
2023-10-10T13:30:00.000Z,182.8,183.3,182.35,182.625,1677
2023-10-10T17:30:00.000Z,182.625,182.775,182.5,182.575,341
2023-10-11T13:30:00.000Z,182.7,184.5,182.375,184.225,2738
2023-10-11T17:30:00.000Z,184.1,184.875,184.075,184.5,416
2023-10-12T13:30:00.000Z,184.5,185.525,184.275,185.3,1548
2023-10-12T17:30:00.000Z,185.325,185.625,185.325,185.525,394
2023-10-13T13:30:00.000Z,185.75,185.95,185.4,185.575,1477
2023-10-13T17:30:00.000Z,185.575,185.575,185,185.45,415
2023-10-16T13:30:00.000Z,185.75,185.825,184.7,185,1441
2023-10-16T17:30:00.000Z,185.1,185.25,184.85,185.15,319
2023-10-17T13:30:00.000Z,185.6,186.225,185.425,185.6,1303
2023-10-17T17:30:00.000Z,185.525,185.675,185.325,185.375,380
2023-10-18T13:30:00.000Z,185.85,186.125,185.3,185.575,1045
2023-10-18T17:30:00.000Z,185.575,185.75,185.575,185.75,96
2023-10-19T13:30:00.000Z,185.675,185.8,184.2,184.6,2603
2023-10-19T17:30:00.000Z,184.8,184.925,184.25,184.25,150
2023-10-20T13:30:00.000Z,185.1,185.175,184.125,184.2,1379
2023-10-20T17:30:00.000Z,184.275,184.35,184.1,184.1,135
2023-10-23T13:30:00.000Z,183.525,183.525,179.7,180.275,1415
2023-10-23T17:30:00.000Z,180.05,180.125,177.85,179.6,225
2023-10-24T13:30:00.000Z,179.8,181.8,177.35,179.1,903
2023-10-24T17:30:00.000Z,178.7,180.175,178.7,179.9,67
2023-10-25T13:30:00.000Z,180.95,181.475,179.75,181.075,442
2023-10-25T17:30:00.000Z,181.075,181.225,180.525,180.575,49
2023-10-26T13:30:00.000Z,179.775,180.325,178.575,179.35,15047
2023-10-26T17:30:00.000Z,179.3,179.675,179.025,179.025,3223
2023-10-27T13:30:00.000Z,179.95,183.275,179.25,182.15,21773
2023-10-27T17:30:00.000Z,182.15,182.45,181.9,181.9,3026
2023-10-30T13:30:00.000Z,182.775,183.75,182.575,183.175,16716
2023-10-30T17:30:00.000Z,183.175,183.35,183.075,183.2,2536
2023-10-31T13:30:00.000Z,183.5,184.125,182.3,183.475,19467
2023-10-31T17:30:00.000Z,183.475,183.7,183.375,183.6,2788
2023-11-01T13:30:00.000Z,183.55,184.15,183.025,183.4,12011
2023-11-01T17:30:00.000Z,183.425,183.9,183.375,183.85,2366
2023-11-02T13:30:00.000Z,184,184.85,183.925,184.55,12312
2023-11-02T17:30:00.000Z,184.55,184.75,184.55,184.675,2343
2023-11-03T13:30:00.000Z,184.825,184.975,183.525,184,11853
2023-11-03T17:30:00.000Z,183.975,184.1,183.625,183.725,3267
2023-11-06T14:30:00.000Z,183.175,183.275,181.275,181.45,13270
2023-11-06T18:30:00.000Z,181.425,181.55,181.225,181.475,2044
2023-11-07T14:30:00.000Z,181.4,182.225,178.7,179.325,18772
2023-11-07T18:30:00.000Z,179.325,179.4,178.6,178.675,7843
2023-11-08T14:30:00.000Z,178.8,180.425,176.625,179.325,21837
2023-11-08T18:30:00.000Z,179.325,179.725,179.175,179.2,4025
2023-11-09T14:30:00.000Z,179.725,180.075,174.125,175.175,27807
2023-11-09T18:30:00.000Z,175.15,175.3,174.275,174.3,5571
2023-11-10T14:30:00.000Z,174.9,174.9,173.15,174.1,16584
2023-11-10T18:30:00.000Z,174.1,174.55,173.875,174.175,3216
2023-11-13T14:30:00.000Z,174.525,176,173.55,175.125,9379
2023-11-13T18:30:00.000Z,175.15,175.35,174.525,174.75,2355
2023-11-14T14:30:00.000Z,174.9,178,174.625,176.475,9977
2023-11-14T18:30:00.000Z,176.475,176.5,175.425,175.625,1412
2023-11-15T14:30:00.000Z,175.625,177.9,175.45,177.9,4884
2023-11-15T18:30:00.000Z,177.875,178.1,177.625,177.75,1380
2023-11-16T14:30:00.000Z,177.525,177.625,174.375,174.65,6887
2023-11-16T18:30:00.000Z,174.675,175.025,174.575,174.875,831
2023-11-17T14:30:00.000Z,174.725,176.45,174.175,175.675,4484
2023-11-17T18:30:00.000Z,175.6,176.05,175.475,175.6,1431
