time,open,high,low,close,volume
2023-08-21T06:40:00.000Z,5235.6534,5235.6534,5230.832,5231.8512,436
2023-08-21T06:41:00.000Z,5231.8512,5232.6328,5229.5874,5229.6076,306
2023-08-21T06:42:00.000Z,5229.6076,5231.1566,5224.7363,5225.6965,404
2023-08-21T06:43:00.000Z,5225.6965,5226.8228,5224.0348,5224.7474,647
2023-08-21T06:44:00.000Z,5224.7474,5229.1019,5224.4964,5228.3691,426
2023-08-21T06:45:00.000Z,5228.3691,5229.0817,5225.8264,5226.4539,223
2023-08-21T06:46:00.000Z,5226.4539,5228.2053,5225.3919,5225.876,411
2023-08-21T06:47:00.000Z,5225.876,5228.252,5223.9789,5226.2614,528
2023-08-21T06:48:00.000Z,5226.2614,5228.4613,5224.0267,5224.0267,549
2023-08-21T06:49:00.000Z,5224.0267,5227.5162,5223.3141,5226.9353,857
2023-08-21T06:50:00.000Z,5226.9353,5227.1828,5220.2427,5220.2711,609
2023-08-21T06:51:00.000Z,5220.2711,5224.5213,5216.9018,5218.5556,799
2023-08-21T06:52:00.000Z,5218.5556,5221.527,5218.5556,5219.4084,859
2023-08-21T06:53:00.000Z,5219.4084,5223.4034,5219.4084,5222.6908,567
2023-08-21T06:54:00.000Z,5222.6908,5222.892,5221.343,5221.3679,284
2023-08-21T06:55:00.000Z,5221.3679,5223.6009,5220.7695,5221.8235,619
2023-08-21T06:56:00.000Z,5221.8235,5224.5598,5221.8235,5223.6285,907
2023-08-21T06:57:00.000Z,5223.6285,5225.4904,5222.9159,5224.5349,552
2023-08-21T06:58:00.000Z,5224.5349,5229.549,5223.8223,5226.3655,786
2023-08-21T06:59:00.000Z,5226.3655,5228.4184,5225.2152,5227.2243,827
2023-08-21T13:00:00.000Z,5214.1867,5218.6815,5209.7481,5215.2567,3939
2023-08-21T13:01:00.000Z,5215.2567,5221.9978,5211.6001,5220.2922,1861
2023-08-21T13:02:00.000Z,5220.2922,5225.9701,5219.3087,5222.7595,1526
2023-08-21T13:03:00.000Z,5222.7595,5229.1354,5221.6059,5229.1354,1259
2023-08-21T13:04:00.000Z,5229.1354,5229.1354,5221.3658,5222.2501,604
2023-08-21T13:05:00.000Z,5222.2501,5228.5274,5222.0964,5222.5031,994
2023-08-21T13:06:00.000Z,5222.5031,5223.0913,5215.7191,5219.7066,1121
2023-08-21T13:07:00.000Z,5219.7066,5221.5756,5216.1914,5217.1857,688
2023-08-21T13:08:00.000Z,5217.1857,5219.8448,5216.3506,5218.6618,488
2023-08-21T13:09:00.000Z,5218.6618,5220.3107,5215.0047,5215.0047,403
2023-08-21T13:10:00.000Z,5215.0047,5220.1823,5214.3026,5217.8471,901
2023-08-21T13:11:00.000Z,5217.8471,5218.6157,5212.5651,5213.4771,705
2023-08-21T13:12:00.000Z,5213.4771,5215.3327,5211.8123,5215.1337,626
2023-08-21T13:13:00.000Z,5215.1337,5215.1337,5210.3001,5213.2343,624
2023-08-21T13:14:00.000Z,5213.2343,5218.5434,5213.2343,5217.7906,519
2023-08-21T13:15:00.000Z,5217.7906,5218.5434,5216.0167,5216.0167,344
2023-08-21T13:16:00.000Z,5216.0167,5216.0167,5213.2262,5214.0722,251
2023-08-21T13:17:00.000Z,5214.0722,5214.1545,5209.8594,5210.8824,429
2023-08-21T13:18:00.000Z,5210.8824,5210.8824,5208.8567,5209.4915,354
2023-08-21T13:19:00.000Z,5209.4915,5210.3266,5202.3433,5205.1094,943
2023-08-21T13:20:00.000Z,5205.1094,5207.3677,5197.521,5197.521,1069
2023-08-21T13:21:00.000Z,5197.521,5197.6149,5186.8878,5187.6405,1663
2023-08-21T13:22:00.000Z,5187.6405,5191.8877,5185.0351,5190.4178,1392
2023-08-21T13:23:00.000Z,5190.4178,5194.9668,5187.9948,5193.3074,1869
2023-08-21T13:24:00.000Z,5193.3074,5196.21,5189.5801,5189.5801,1185
2023-08-21T13:25:00.000Z,5189.5801,5197.8487,5188.7503,5191.4297,1020
2023-08-21T13:26:00.000Z,5191.4297,5196.3162,5191.4297,5194.0608,356
2023-08-21T13:27:00.000Z,5194.0608,5196.51,5194.0608,5195.0868,270
2023-08-21T13:28:00.000Z,5195.0868,5197.5918,5194.5078,5194.6546,275
2023-08-21T13:29:00.000Z,5194.6546,5197.5908,5192.8903,5194.0665,416
2023-08-21T13:30:00.000Z,5194.0665,5203.0421,5190.3182,5203.0421,1242
2023-08-21T13:31:00.000Z,5203.0421,5203.8319,5197.3712,5197.9974,601
2023-08-21T13:32:00.000Z,5197.9974,5202.9329,5197.9974,5201.1652,338
2023-08-21T13:33:00.000Z,5201.1652,5201.1652,5192.4998,5193.3349,617
2023-08-21T13:34:00.000Z,5193.3349,5193.3349,5187.5695,5187.5695,644
2023-08-21T13:35:00.000Z,5187.5695,5187.5695,5176.8895,5178.9305,1546
2023-08-21T13:36:00.000Z,5178.9305,5187.7335,5178.1777,5185.2184,1287
2023-08-21T13:37:00.000Z,5185.2184,5185.2184,5168.3696,5172.9243,1697
2023-08-21T13:38:00.000Z,5172.9243,5185.4712,5172.9243,5184.5523,1699
2023-08-21T13:39:00.000Z,5184.5523,5189.1799,5183.669,5187.8103,832
2023-08-21T13:40:00.000Z,5187.8103,5193.3568,5182.6664,5192.6041,1931
2023-08-21T13:41:00.000Z,5192.6041,5197.3059,5189.9079,5194.8829,1701
2023-08-21T13:42:00.000Z,5194.8829,5196.5244,5180.915,5180.9919,1578
2023-08-21T13:43:00.000Z,5180.9919,5185.3889,5177.6773,5180.606,1554
2023-08-21T13:44:00.000Z,5180.606,5187.1882,5180.606,5182.4556,1733
2023-08-21T13:45:00.000Z,5182.4556,5186.3113,5181.626,5183.8938,1121
2023-08-21T13:46:00.000Z,5183.8938,5184.6604,5175.8841,5177.0402,945
2023-08-21T13:47:00.000Z,5177.0402,5180.9543,5176.1605,5180.1605,262
2023-08-21T13:48:00.000Z,5180.1605,5183.3896,5180.1605,5181.878,442
2023-08-21T13:49:00.000Z,5181.878,5186.0322,5181.878,5184.3728,357
2023-08-21T13:50:00.000Z,5184.3728,5185.1256,5178.6061,5178.8363,510
2023-08-21T13:51:00.000Z,5178.8363,5186.7709,5178.3177,5186.7709,564
2023-08-21T13:52:00.000Z,5186.7709,5186.9988,5183.4223,5184.3303,774
2023-08-21T13:53:00.000Z,5184.3303,5188.2543,5183.4838,5185.2308,871
2023-08-21T13:54:00.000Z,5185.2308,5190.4535,5184.1596,5189.745,375
2023-08-21T13:55:00.000Z,5189.745,5192.8082,5187.9731,5192.4359,774
2023-08-21T13:56:00.000Z,5192.4359,5193.7377,5189.65,5190.4028,509
2023-08-21T13:57:00.000Z,5190.4028,5191.2189,5187.9662,5188.8837,205
2023-08-21T13:58:00.000Z,5188.8837,5190.5754,5187.3173,5189.8226,329
2023-08-21T13:59:00.000Z,5189.8226,5189.8226,5184.0993,5184.8467,1159
2023-08-21T14:00:00.000Z,5184.8467,5189.0276,5184.8467,5188.2748,842
2023-08-21T14:01:00.000Z,5188.2748,5190.077,5187.8459,5188.5987,303
2023-08-21T14:02:00.000Z,5188.5987,5190.1042,5185.11,5186.3404,294
2023-08-21T14:03:00.000Z,5186.3404,5187.0932,5185.0301,5185.0301,168
2023-08-21T14:04:00.000Z,5185.0301,5188.8404,5184.8709,5188.0877,334
2023-08-21T14:05:00.000Z,5188.0877,5193.343,5188.0877,5191.6908,508
2023-08-21T14:06:00.000Z,5191.6908,5192.6083,5183.702,5183.702,356
2023-08-21T14:07:00.000Z,5183.702,5185.6798,5181.492,5184.4452,626
2023-08-21T14:08:00.000Z,5184.4452,5184.4452,5181.3436,5182.6845,357
2023-08-21T14:09:00.000Z,5182.6845,5185.7779,5182.4141,5184.1666,317
2023-08-21T14:10:00.000Z,5184.1666,5186.0907,5183.4138,5183.75,320
2023-08-21T14:11:00.000Z,5183.75,5184.1542,5179.5409,5179.5409,314
2023-08-21T14:12:00.000Z,5179.5409,5186.9801,5178.7058,5182.6523,563
2023-08-21T14:13:00.000Z,5182.6523,5182.6523,5177.1377,5178.5506,426
2023-08-21T14:14:00.000Z,5178.5506,5185.5749,5176.7147,5185.035,483
2023-08-21T14:15:00.000Z,5185.035,5185.035,5179.699,5182.7516,345
2023-08-21T14:16:00.000Z,5182.7516,5182.7516,5177.6584,5178.8986,456
2023-08-21T14:17:00.000Z,5178.8986,5182.8573,5178.3105,5182.1045,384
2023-08-21T14:18:00.000Z,5182.1045,5183.1757,5180.599,5182.2583,164
2023-08-21T14:19:00.000Z,5182.2583,5186.1932,5179.7639,5186.1932,396
2023-08-21T14:20:00.000Z,5186.1932,5190.1395,5185.3581,5190.1395,538
2023-08-21T14:21:00.000Z,5190.1395,5194.142,5189.108,5190.1201,666
2023-08-21T14:22:00.000Z,5190.1201,5193.4661,5189.6246,5190.3773,452
2023-08-21T14:23:00.000Z,5190.3773,5191.4598,5189.3733,5190.5478,250
2023-08-21T14:24:00.000Z,5190.5478,5192.0217,5189.5273,5191.0877,197
2023-08-21T14:25:00.000Z,5191.0877,5191.1701,5188.1291,5188.1291,278
2023-08-21T14:26:00.000Z,5188.1291,5190.6583,5186.5059,5190.4511,617
2023-08-21T14:27:00.000Z,5190.4511,5190.7696,5187.4325,5188.7669,411
2023-08-21T14:28:00.000Z,5188.7669,5194.0603,5188.7669,5191.7805,512
2023-08-21T14:29:00.000Z,5191.7805,5195.4961,5191.7805,5193.9906,598
2023-08-21T14:30:00.000Z,5193.9906,5198.283,5190.2915,5191.6449,968
2023-08-21T14:31:00.000Z,5191.6449,5195.0793,5191.0514,5194.3265,393
2023-08-21T14:32:00.000Z,5194.3265,5199.5232,5194.3265,5198.0782,467
2023-08-21T14:33:00.000Z,5198.0782,5198.0782,5195.376,5196.3139,303
2023-08-21T14:34:00.000Z,5196.3139,5199.5719,5196.3139,5197.0774,188
2023-08-21T14:35:00.000Z,5197.0774,5199.6116,5194.8191,5199.576,298
2023-08-21T14:36:00.000Z,5199.576,5204.948,5198.7409,5204.1952,710
2023-08-21T14:37:00.000Z,5204.1952,5205.8411,5201.8613,5205.2707,572
2023-08-21T14:38:00.000Z,5205.2707,5205.2707,5203.2842,5204.7306,303
2023-08-21T14:39:00.000Z,5204.7306,5204.8075,5202.0661,5203.654,193
2023-08-21T14:40:00.000Z,5203.654,5208.9048,5202.0661,5208.9048,434
2023-08-21T14:41:00.000Z,5208.9048,5209.7852,5205.6935,5207.3622,445
2023-08-21T14:42:00.000Z,5207.3622,5208.1617,5204.5497,5205.3848,399
2023-08-21T14:43:00.000Z,5205.3848,5208.4191,5205.3848,5206.0547,202
2023-08-21T14:44:00.000Z,5206.0547,5206.8075,5203.8142,5204.6439,183
2023-08-21T14:45:00.000Z,5204.6439,5206.8582,5204.4723,5206.1877,159
2023-08-21T14:46:00.000Z,5206.1877,5210.6809,5206.1877,5209.2523,567
2023-08-21T14:47:00.000Z,5209.2523,5210.0874,5205.1591,5205.9475,377
2023-08-21T14:48:00.000Z,5205.9475,5207.6619,5204.8046,5205.6343,257
2023-08-21T14:49:00.000Z,5205.6343,5210.8179,5205.6343,5208.4058,841
2023-08-21T14:50:00.000Z,5208.4058,5213.627,5207.3813,5213.627,830
2023-08-21T14:51:00.000Z,5213.627,5218.5884,5212.9704,5215.9815,1192
2023-08-21T14:52:00.000Z,5215.9815,5223.7636,5214.476,5220.9337,1397
2023-08-21T14:53:00.000Z,5220.9337,5223.5928,5220.9337,5222.4812,597
2023-08-21T14:54:00.000Z,5222.4812,5222.4812,5212.4773,5213.4745,931
2023-08-21T14:55:00.000Z,5213.4745,5216.8407,5212.1594,5212.9122,1449
2023-08-21T14:56:00.000Z,5212.9122,5212.9122,5206.7571,5206.7571,1594
2023-08-21T14:57:00.000Z,5206.7571,5208.2943,5200.5169,5200.5169,1609
2023-08-21T14:58:00.000Z,5200.5169,5205.1967,5198.9936,5203.2553,1268
2023-08-21T14:59:00.000Z,5203.2553,5203.2553,5196.3197,5196.9657,733
2023-08-22T01:00:00.000Z,5195.4139,5197.9746,5188.3124,5190.9843,2419
2023-08-22T01:01:00.000Z,5190.9843,5203.0474,5186.1198,5201.2949,2053
2023-08-22T01:02:00.000Z,5201.2949,5202.1245,5196.0662,5196.0716,1030
2023-08-22T01:03:00.000Z,5196.0716,5201.4142,5195.9893,5201.4142,641
2023-08-22T01:04:00.000Z,5201.4142,5203.343,5200.0021,5203.343,545
2023-08-22T01:05:00.000Z,5203.343,5203.4199,5196.1268,5196.8272,2399
2023-08-22T01:06:00.000Z,5196.8272,5199.4009,5192.1451,5196.6361,1245
2023-08-22T01:07:00.000Z,5196.6361,5200.9933,5193.4984,5193.5808,519
2023-08-22T01:08:00.000Z,5193.5808,5198.679,5193.5808,5196.1023,350
2023-08-22T01:09:00.000Z,5196.1023,5196.8234,5193.6024,5196.0706,176
2023-08-22T01:10:00.000Z,5196.0706,5198.8058,5194.7352,5198.053,267
2023-08-22T01:11:00.000Z,5198.053,5205.6625,5198.053,5203.4791,648
2023-08-22T01:12:00.000Z,5203.4791,5209.5501,5203.3144,5209.1439,483
2023-08-22T01:13:00.000Z,5209.1439,5209.1617,5206.8265,5208.0472,436
2023-08-22T01:14:00.000Z,5208.0472,5209.7436,5206.4648,5208.1105,238
2023-08-22T01:15:00.000Z,5208.1105,5208.8633,5204.2025,5206.8467,488
2023-08-22T01:16:00.000Z,5206.8467,5211.4362,5206.2532,5211.4362,289
2023-08-22T01:17:00.000Z,5211.4362,5213.7765,5209.8604,5213.686,368
2023-08-22T01:18:00.000Z,5213.686,5216.3668,5213.0111,5216.235,378
2023-08-22T01:19:00.000Z,5216.235,5218.7912,5214.6472,5218.7912,333
2023-08-22T01:20:00.000Z,5218.7912,5221.7895,5218.0385,5221.7895,490
2023-08-22T01:21:00.000Z,5221.7895,5221.7895,5216.6536,5216.6536,380
2023-08-22T01:22:00.000Z,5216.6536,5218.1591,5213.3656,5213.3656,398
2023-08-22T01:23:00.000Z,5213.3656,5216.7686,5213.3656,5215.9389,283
2023-08-22T01:24:00.000Z,5215.9389,5215.9389,5213.6902,5215.0246,203
2023-08-22T01:25:00.000Z,5215.0246,5220.3291,5215.0246,5220.3291,277
2023-08-22T01:26:00.000Z,5220.3291,5222.3783,5218.7035,5221.4897,345
2023-08-22T01:27:00.000Z,5221.4897,5222.7302,5220.7822,5221.9774,201
2023-08-22T01:28:00.000Z,5221.9774,5224.0252,5219.4121,5219.4121,392
2023-08-22T01:29:00.000Z,5219.4121,5223.4905,5219.4121,5223.3312,262
2023-08-22T01:30:00.000Z,5223.3312,5223.3312,5217.669,5217.669,310
2023-08-22T01:31:00.000Z,5217.669,5224.4239,5216.7393,5223.6711,547
2023-08-22T01:32:00.000Z,5223.6711,5228.4392,5222.9184,5228.4392,802
2023-08-22T01:33:00.000Z,5228.4392,5230.8567,5225.1722,5225.1722,1069
2023-08-22T01:34:00.000Z,5225.1722,5226.0842,5218.4366,5221.0934,783
2023-08-22T01:35:00.000Z,5221.0934,5221.0934,5212.7852,5214.1523,1152
2023-08-22T01:36:00.000Z,5214.1523,5215.0643,5209.9397,5211.4685,810
2023-08-22T01:37:00.000Z,5211.4685,5211.8801,5207.0809,5208.7511,776
2023-08-22T01:38:00.000Z,5208.7511,5210.7032,5206.7267,5209.9536,408
2023-08-22T01:39:00.000Z,5209.9536,5210.7063,5205.7046,5205.7046,264
2023-08-22T01:40:00.000Z,5205.7046,5206.7162,5202.8755,5204.9292,439
2023-08-22T01:41:00.000Z,5204.9292,5205.7589,5199.5748,5199.7228,549
2023-08-22T01:42:00.000Z,5199.7228,5202.2262,5197.3876,5202.1438,390
2023-08-22T01:43:00.000Z,5202.1438,5203.7908,5197.8846,5203.7908,552
2023-08-22T01:44:00.000Z,5203.7908,5204.6259,5199.9609,5201.3899,260
2023-08-22T01:45:00.000Z,5201.3899,5205.3715,5200.9884,5200.9884,480
2023-08-22T01:46:00.000Z,5200.9884,5200.9884,5196.7007,5197.5303,473
2023-08-22T01:47:00.000Z,5197.5303,5199.2005,5196.6129,5199.0359,155
2023-08-22T01:48:00.000Z,5199.0359,5201.3656,5196.6183,5197.7753,521
2023-08-22T01:49:00.000Z,5197.7753,5201.0054,5197.7753,5200.2527,521
2023-08-22T01:50:00.000Z,5200.2527,5200.2527,5191.1422,5192.0879,704
2023-08-22T01:51:00.000Z,5192.0879,5197.4594,5192.0879,5197.4459,271
2023-08-22T01:52:00.000Z,5197.4459,5199.1399,5196.172,5196.9248,402
2023-08-22T01:53:00.000Z,5196.9248,5202.3385,5196.9248,5200.734,451
2023-08-22T01:54:00.000Z,5200.734,5202.1345,5199.025,5201.3818,533
2023-08-22T01:55:00.000Z,5201.3818,5202.3652,5199.7939,5202.3652,266
2023-08-22T01:56:00.000Z,5202.3652,5202.3652,5198.9178,5198.9178,148
2023-08-22T01:57:00.000Z,5198.9178,5199.5008,5194.0002,5194.0002,398
2023-08-22T01:58:00.000Z,5194.0002,5195.5058,5192.9347,5195.0694,209
2023-08-22T01:59:00.000Z,5195.0694,5198.7913,5194.3167,5198.0385,205
2023-08-22T02:00:00.000Z,5198.0385,5201.6172,5198.0385,5201.4635,184
2023-08-22T02:01:00.000Z,5201.4635,5201.5476,5193.9363,5194.7484,268
2023-08-22T02:02:00.000Z,5194.7484,5198.4732,5193.9956,5198.4732,149
2023-08-22T02:03:00.000Z,5198.4732,5199.5538,5197.7916,5199.5538,255
2023-08-22T02:04:00.000Z,5199.5538,5199.5538,5195.2276,5195.2276,202
2023-08-22T02:05:00.000Z,5195.2276,5195.9123,5191.0959,5195.9123,316
2023-08-22T02:06:00.000Z,5195.9123,5197.9063,5195.2473,5195.2473,232
2023-08-22T02:07:00.000Z,5195.2473,5196.1303,5194.4945,5196.0534,62
2023-08-22T02:08:00.000Z,5196.0534,5196.8062,5193.7946,5193.8715,89
2023-08-22T02:09:00.000Z,5193.8715,5196.4537,5193.5358,5194.2885,116
2023-08-22T02:10:00.000Z,5194.2885,5196.7006,5190.1847,5192.443,440
2023-08-22T02:11:00.000Z,5192.443,5194.4376,5189.2594,5189.2594,704
2023-08-22T02:12:00.000Z,5189.2594,5190.994,5187.906,5188.6902,392
2023-08-22T02:13:00.000Z,5188.6902,5188.6902,5186.3194,5186.3827,215
2023-08-22T02:14:00.000Z,5186.3827,5191.13,5186.3827,5191.13,235
2023-08-22T02:30:00.000Z,5191.2565,5193.9632,5189.5972,5193.9632,228
2023-08-22T02:31:00.000Z,5193.9632,5194.716,5185.3356,5185.3356,485
2023-08-22T02:32:00.000Z,5185.3356,5186.3353,5184.3467,5184.3467,204
2023-08-22T02:33:00.000Z,5184.3467,5184.5005,5181.7974,5182.5502,310
2023-08-22T02:34:00.000Z,5182.5502,5183.3853,5175.4671,5176.8888,914
2023-08-22T02:35:00.000Z,5176.8888,5179.0903,5174.1037,5175.6077,909
2023-08-22T02:36:00.000Z,5175.6077,5177.0255,5173.9484,5174.6841,438
2023-08-22T02:37:00.000Z,5174.6841,5177.3377,5167.518,5168.1173,1101
2023-08-22T02:38:00.000Z,5168.1173,5173.7813,5168.1173,5172.3526,905
2023-08-22T02:39:00.000Z,5172.3526,5176.2543,5172.3526,5175.0029,387
2023-08-22T02:40:00.000Z,5175.0029,5175.2499,5172.3059,5172.3059,215
2023-08-22T02:41:00.000Z,5172.3059,5172.5867,5170.4983,5172.2139,223
2023-08-22T02:42:00.000Z,5172.2139,5172.2139,5167.6447,5168.579,590
2023-08-22T02:43:00.000Z,5168.579,5171.086,5167.5792,5170.0285,226
2023-08-22T02:44:00.000Z,5170.0285,5171.6253,5166.3055,5166.3055,643
2023-08-22T02:45:00.000Z,5166.3055,5169.2034,5166.3055,5169.1824,488
2023-08-22T02:46:00.000Z,5169.1824,5172.3612,5167.6,5172.3612,400
2023-08-22T02:47:00.000Z,5172.3612,5176.7856,5171.6084,5176.7475,375
2023-08-22T02:48:00.000Z,5176.7475,5177.3171,5175.242,5175.6904,284
2023-08-22T02:49:00.000Z,5175.6904,5175.6904,5173.7442,5175.6308,212
2023-08-22T02:50:00.000Z,5175.6308,5176.4659,5174.878,5176.4659,76
2023-08-22T02:51:00.000Z,5176.4659,5177.1418,5173.0046,5173.7574,218
2023-08-22T02:52:00.000Z,5173.7574,5173.7574,5168.9963,5169.8314,242
2023-08-22T02:53:00.000Z,5169.8314,5172.5997,5168.9718,5170.7424,299
2023-08-22T02:54:00.000Z,5170.7424,5176.3905,5170.7424,5172.0487,1056
2023-08-22T02:55:00.000Z,5172.0487,5178.7796,5167.7553,5178.0269,2116
2023-08-22T02:56:00.000Z,5178.0269,5180.2674,5174.7673,5176.8595,2043
2023-08-22T02:57:00.000Z,5176.8595,5176.8595,5169.3157,5173.2648,725
2023-08-22T02:58:00.000Z,5173.2648,5176.2579,5172.578,5174.3123,494
2023-08-22T02:59:00.000Z,5174.3123,5175.5442,5172.9885,5174.0387,353
2023-08-22T03:00:00.000Z,5174.0387,5174.474,5171.3851,5174.0327,250
2023-08-22T03:01:00.000Z,5174.0327,5174.7855,5171.2844,5172.0372,241
2023-08-22T03:02:00.000Z,5172.0372,5173.0414,5167.3186,5167.3186,1413
2023-08-22T03:03:00.000Z,5167.3186,5171.4159,5167.3186,5169.5865,339
2023-08-22T03:04:00.000Z,5169.5865,5172.2473,5166.463,5166.463,351
2023-08-22T03:05:00.000Z,5166.463,5172.3027,5166.463,5170.7203,297
2023-08-22T03:06:00.000Z,5170.7203,5173.2437,5169.9675,5173.2437,164
2023-08-22T03:07:00.000Z,5173.2437,5176.1975,5171.6559,5174.774,312
2023-08-22T03:08:00.000Z,5174.774,5174.774,5171.0067,5172.5891,238
2023-08-22T03:09:00.000Z,5172.5891,5173.0077,5169.1032,5169.8559,150
2023-08-22T03:10:00.000Z,5169.8559,5169.8559,5166.3242,5167.1485,340
2023-08-22T03:11:00.000Z,5167.1485,5169.2238,5167.1485,5168.471,163
2023-08-22T03:12:00.000Z,5168.471,5168.471,5166.6061,5167.3588,137
2023-08-22T03:13:00.000Z,5167.3588,5167.6004,5163.5055,5163.5055,394
2023-08-22T03:14:00.000Z,5163.5055,5164.631,5162.3465,5164.631,360
2023-08-22T03:15:00.000Z,5164.631,5172.963,5164.631,5171.4574,474
2023-08-22T03:16:00.000Z,5171.4574,5174,5170.7046,5173.0935,520
2023-08-22T03:17:00.000Z,5173.0935,5173.0935,5163.7304,5164.0844,1862
2023-08-22T03:18:00.000Z,5164.0844,5174.1707,5163.2493,5172.8096,1308
2023-08-22T03:19:00.000Z,5172.8096,5173.5802,5169.6583,5172.2284,559
2023-08-22T03:20:00.000Z,5172.2284,5173.0759,5166.9061,5166.9061,824
2023-08-22T03:21:00.000Z,5166.9061,5169.6957,5166.9061,5168.0707,354
2023-08-22T03:22:00.000Z,5168.0707,5171.4798,5168.0707,5171.4798,284
2023-08-22T03:23:00.000Z,5171.4798,5174.0291,5171.4469,5171.4469,425
2023-08-22T03:24:00.000Z,5171.4469,5172.7481,5168.5545,5172.6678,343
2023-08-22T03:25:00.000Z,5172.6678,5172.8297,5164.699,5164.699,460
2023-08-22T03:26:00.000Z,5164.699,5164.8446,5159.4799,5159.4799,803
2023-08-22T03:27:00.000Z,5159.4799,5163.0621,5158.7272,5162.4851,477
2023-08-22T03:28:00.000Z,5162.4851,5163.205,5160.1993,5160.6925,561
2023-08-22T03:29:00.000Z,5160.6925,5162.5859,5158.9813,5161.8154,511
2023-08-22T05:30:00.000Z,5159.5155,5159.5155,5139.5552,5143.0025,2440
2023-08-22T05:31:00.000Z,5143.0025,5143.0025,5135.9034,5135.9034,1085
2023-08-22T05:32:00.000Z,5135.9034,5139.3398,5123.4887,5123.5591,1849
2023-08-22T05:33:00.000Z,5123.5591,5131.9944,5123.5591,5129.1618,1296
2023-08-22T05:34:00.000Z,5129.1618,5132.7433,5124.5457,5131.8795,997
2023-08-22T05:35:00.000Z,5131.8795,5135.1677,5130.5389,5131.2094,734
2023-08-22T05:36:00.000Z,5131.2094,5131.374,5119.5329,5120.3914,1613
2023-08-22T05:37:00.000Z,5120.3914,5122.0109,5117.2412,5119.2466,1760
2023-08-22T05:38:00.000Z,5119.2466,5132.4436,5119.2466,5126.3539,2394
2023-08-22T05:39:00.000Z,5126.3539,5126.5131,5123.3294,5124.0822,909
2023-08-22T05:40:00.000Z,5124.0822,5131.0097,5124.0822,5131.0097,1363
2023-08-22T05:41:00.000Z,5131.0097,5133.4388,5129.7006,5133.4388,749
2023-08-22T05:42:00.000Z,5133.4388,5136.1468,5131.4502,5136.0519,747
2023-08-22T05:43:00.000Z,5136.0519,5136.8047,5128.9111,5129.9957,961
2023-08-22T05:44:00.000Z,5129.9957,5134.1294,5129.8132,5132.9099,523
2023-08-22T05:45:00.000Z,5132.9099,5133.7586,5126.9483,5127.9604,1806
2023-08-22T05:46:00.000Z,5127.9604,5129.5075,5125.3783,5127.1748,788
2023-08-22T05:47:00.000Z,5127.1748,5129.7834,5124.9432,5126.9651,554
2023-08-22T05:48:00.000Z,5126.9651,5132.1668,5126.0531,5131.1763,683
2023-08-22T05:49:00.000Z,5131.1763,5131.9291,5127.9111,5130.0047,407
2023-08-22T05:50:00.000Z,5130.0047,5132.998,5129.3335,5129.4927,863
2023-08-22T05:51:00.000Z,5129.4927,5136.7459,5128.74,5136.7459,1069
2023-08-22T05:52:00.000Z,5136.7459,5143.0558,5131.9974,5136.5496,1384
2023-08-22T05:53:00.000Z,5136.5496,5137.511,5135.0495,5137.3696,724
2023-08-22T05:54:00.000Z,5137.3696,5140.3038,5135.7817,5139.6878,1055
2023-08-22T05:55:00.000Z,5139.6878,5143.1268,5135.8752,5135.8752,1441
2023-08-22T05:56:00.000Z,5135.8752,5139.8793,5135.5567,5139.8347,813
2023-08-22T05:57:00.000Z,5139.8347,5139.898,5135.7445,5138.0797,299
2023-08-22T05:58:00.000Z,5138.0797,5139.2275,5137.327,5139.2221,346
2023-08-22T05:59:00.000Z,5139.2221,5142.3212,5138.5462,5141.3214,700
2023-08-22T06:00:00.000Z,5141.3214,5143.6933,5138.2335,5142.9406,1104
2023-08-22T06:01:00.000Z,5142.9406,5144.6891,5138.5525,5139.1406,836
2023-08-22T06:02:00.000Z,5139.1406,5141.1351,5137.4759,5140.9704,345
2023-08-22T06:03:00.000Z,5140.9704,5142.4461,5139.3065,5141.4409,609
2023-08-22T06:04:00.000Z,5141.4409,5145.1484,5141.364,5143.2508,861
2023-08-22T06:05:00.000Z,5143.2508,5144.4029,5140.3502,5142.8259,366
2023-08-22T06:06:00.000Z,5142.8259,5144.8501,5142.8204,5144.6854,684
2023-08-22T06:07:00.000Z,5144.6854,5147.2884,5143.0152,5146.541,1098
2023-08-22T06:08:00.000Z,5146.541,5147.453,5144.7062,5144.8709,425
2023-08-22T06:09:00.000Z,5144.8709,5148.5786,5144.8709,5148.5786,809
2023-08-22T06:10:00.000Z,5148.5786,5148.6898,5145.943,5146.6135,448
2023-08-22T06:11:00.000Z,5146.6135,5148.5405,5145.9198,5148.2095,405
2023-08-22T06:12:00.000Z,5148.2095,5150.5107,5147.4567,5149.5465,732
2023-08-22T06:13:00.000Z,5149.5465,5149.9074,5145.9517,5146.7866,505
2023-08-22T06:14:00.000Z,5146.7866,5147.457,5145.0701,5145.8642,262
2023-08-22T06:15:00.000Z,5145.8642,5146.1112,5142.3537,5142.3537,565
2023-08-22T06:16:00.000Z,5142.3537,5145.1613,5142.2714,5144.4085,305
2023-08-22T06:17:00.000Z,5144.4085,5147.1404,5142.5076,5146.3877,499
2023-08-22T06:18:00.000Z,5146.3877,5150.3991,5146.3877,5149.564,329
2023-08-22T06:19:00.000Z,5149.564,5149.564,5146.7977,5147.8869,369
2023-08-22T06:20:00.000Z,5147.8869,5147.9185,5145.0988,5146.1057,235
2023-08-22T06:21:00.000Z,5146.1057,5148.7826,5146.1057,5147.7828,235
2023-08-22T06:22:00.000Z,5147.7828,5147.9475,5145.2914,5145.9619,175
2023-08-22T06:23:00.000Z,5145.9619,5147.7913,5143.6484,5145.0237,329
2023-08-22T06:24:00.000Z,5145.0237,5146.6185,5144.9414,5146.6185,104
2023-08-22T06:25:00.000Z,5146.6185,5147.6074,5145.8657,5146.7777,314
2023-08-22T06:26:00.000Z,5146.7777,5146.7777,5140.9503,5142.1315,541
2023-08-22T06:27:00.000Z,5142.1315,5145.0709,5142.1315,5144.2412,471
2023-08-22T06:28:00.000Z,5144.2412,5146.0461,5144.2412,5145.9403,463
2023-08-22T06:29:00.000Z,5145.9403,5148.203,5145.1875,5146.1716,225
2023-08-22T06:30:00.000Z,5146.1716,5146.1716,5141.8297,5142.0767,458
2023-08-22T06:31:00.000Z,5142.0767,5145.3557,5140.3655,5145.3557,504
2023-08-22T06:32:00.000Z,5145.3557,5145.3557,5140.1182,5140.8709,401
2023-08-22T06:33:00.000Z,5140.8709,5141.7884,5138.2764,5139.0292,310
2023-08-22T06:34:00.000Z,5139.0292,5139.1169,5135.6708,5135.6708,347
2023-08-22T06:35:00.000Z,5135.6708,5135.6708,5129.7497,5129.7497,767
2023-08-22T06:36:00.000Z,5129.7497,5132.3319,5126.9557,5126.9557,466
2023-08-22T06:37:00.000Z,5126.9557,5130.0356,5126.203,5129.202,560
2023-08-22T06:38:00.000Z,5129.202,5137.1578,5128.3669,5135.458,1049
2023-08-22T06:39:00.000Z,5135.458,5136.7166,5134.3527,5136.611,277
2023-08-22T06:40:00.000Z,5136.611,5137.6335,5134.1166,5135.165,335
2023-08-22T06:41:00.000Z,5135.165,5139.7763,5134.3354,5138.1061,404
2023-08-22T06:42:00.000Z,5138.1061,5139.341,5136.7272,5139.094,129
2023-08-22T06:43:00.000Z,5139.094,5140.7533,5139.094,5140.4824,224
2023-08-22T06:44:00.000Z,5140.4824,5140.4824,5136.7289,5137.4817,201
2023-08-22T06:45:00.000Z,5137.4817,5138.27,5134.7949,5134.7949,200
2023-08-22T06:46:00.000Z,5134.7949,5135.4653,5133.059,5133.8063,208
2023-08-22T06:47:00.000Z,5133.8063,5136.6812,5132.3008,5135.7637,559
2023-08-22T06:48:00.000Z,5135.7637,5138.8942,5135.011,5137.1224,620
2023-08-22T06:49:00.000Z,5137.1224,5144.9104,5136.3696,5143.8392,607
2023-08-22T06:50:00.000Z,5143.8392,5145.4986,5142.0563,5143.1139,553
2023-08-22T06:51:00.000Z,5143.1139,5147.3781,5142.6886,5145.8995,413
2023-08-22T06:52:00.000Z,5145.8995,5146.7346,5141.3062,5141.3062,241
2023-08-22T06:53:00.000Z,5141.3062,5143.6039,5139.9654,5143.6039,310
2023-08-22T06:54:00.000Z,5143.6039,5143.9332,5141.3278,5141.3648,280
2023-08-22T06:55:00.000Z,5141.3648,5141.3648,5134.7737,5136.3561,645
2023-08-22T06:56:00.000Z,5136.3561,5136.3561,5127.3954,5127.3954,661
2023-08-22T06:57:00.000Z,5127.3954,5127.5937,5123.1293,5125.1282,1717
2023-08-22T06:58:00.000Z,5125.1282,5129.9285,5122.546,5129.2306,1026
2023-08-22T06:59:00.000Z,5129.2306,5130.2304,5128.1857,5129.5577,1045
2023-08-22T13:00:00.000Z,5136.5152,5154.9448,5136.5152,5149.602,3104
2023-08-22T13:01:00.000Z,5149.602,5151.6105,5145.4464,5148.9476,1403
2023-08-22T13:02:00.000Z,5148.9476,5148.9476,5139.3745,5139.9097,1813
2023-08-22T13:03:00.000Z,5139.9097,5144.1771,5139.3234,5144.1771,1171
2023-08-22T13:04:00.000Z,5144.1771,5145.8767,5142.6411,5142.9691,489
2023-08-22T13:05:00.000Z,5142.9691,5145.373,5140.496,5142.808,877
2023-08-22T13:06:00.000Z,5142.808,5143.581,5137.0313,5138.534,755
2023-08-22T13:07:00.000Z,5138.534,5147.1996,5137.7494,5146.2151,1082
2023-08-22T13:08:00.000Z,5146.2151,5156.5498,5146.2151,5150.8648,1830
2023-08-22T13:09:00.000Z,5150.8648,5153.463,5149.8969,5149.9665,597
2023-08-22T13:10:00.000Z,5149.9665,5150.7178,5142.0558,5142.1919,554
2023-08-22T13:11:00.000Z,5142.1919,5144.8999,5140.8301,5141.4485,678
2023-08-22T13:12:00.000Z,5141.4485,5145.8429,5141.4485,5145.1386,196
2023-08-22T13:13:00.000Z,5145.1386,5146.0398,5143.5374,5144.7117,538
2023-08-22T13:14:00.000Z,5144.7117,5147.6498,5142.4314,5142.4314,393
2023-08-22T13:15:00.000Z,5142.4314,5143.4825,5137.9168,5140.4146,512
2023-08-22T13:16:00.000Z,5140.4146,5144.8195,5139.6632,5144.5668,361
2023-08-22T13:17:00.000Z,5144.5668,5144.5668,5138.4925,5144.4498,878
2023-08-22T13:18:00.000Z,5144.4498,5147.0639,5143.6985,5146.3126,443
2023-08-22T13:19:00.000Z,5146.3126,5147.1956,5146.2944,5146.4443,98
2023-08-22T13:20:00.000Z,5146.4443,5149.0919,5146.4443,5148.3405,351
2023-08-22T13:21:00.000Z,5148.3405,5150.3416,5148.1214,5148.8214,202
2023-08-22T13:22:00.000Z,5148.8214,5151.8705,5148.7743,5149.5802,681
2023-08-22T13:23:00.000Z,5149.5802,5149.9593,5146.1563,5149.1793,846
2023-08-22T13:24:00.000Z,5149.1793,5155.1435,5147.3911,5153.6633,806
2023-08-22T13:25:00.000Z,5153.6633,5153.8973,5149.9729,5150.7275,546
2023-08-22T13:26:00.000Z,5150.7275,5151.9339,5149.9334,5151.7702,234
2023-08-22T13:27:00.000Z,5151.7702,5155.9758,5151.6899,5155.9758,315
2023-08-22T13:28:00.000Z,5155.9758,5156.5303,5151.603,5153.8389,444
2023-08-22T13:29:00.000Z,5153.8389,5153.8389,5149.4958,5149.4958,306
2023-08-22T13:30:00.000Z,5149.4958,5155.8987,5149.4958,5153.2176,587
2023-08-22T13:31:00.000Z,5153.2176,5154.8188,5146.6176,5147.736,911
2023-08-22T13:32:00.000Z,5147.736,5152.271,5147.736,5149.8856,558
2023-08-22T13:33:00.000Z,5149.8856,5153.0582,5149.715,5153.0582,353
2023-08-22T13:34:00.000Z,5153.0582,5156.5102,5151.5555,5155.7588,310
2023-08-22T13:35:00.000Z,5155.7588,5158.4862,5155.1341,5156.8337,405
2023-08-22T13:36:00.000Z,5156.8337,5157.7395,5154.0876,5156.6486,422
2023-08-22T13:37:00.000Z,5156.6486,5159.0479,5155.8209,5158.3117,466
2023-08-22T13:38:00.000Z,5158.3117,5159.0488,5155.7579,5158.2975,231
2023-08-22T13:39:00.000Z,5158.2975,5168.9097,5158.2975,5167.4342,1712
2023-08-22T13:40:00.000Z,5167.4342,5167.4342,5163.6237,5166.0747,905
2023-08-22T13:41:00.000Z,5166.0747,5169.9138,5163.2992,5163.2992,958
2023-08-22T13:42:00.000Z,5163.2992,5163.2992,5159.6924,5160.5915,477
2023-08-22T13:43:00.000Z,5160.5915,5160.5915,5156.5859,5158.2522,458
2023-08-22T13:44:00.000Z,5158.2522,5158.8205,5153.3951,5154.1464,466
2023-08-22T13:45:00.000Z,5154.1464,5155.2019,5152.7799,5154.3811,378
2023-08-22T13:46:00.000Z,5154.3811,5157.5735,5154.3811,5157.3447,225
2023-08-22T13:47:00.000Z,5157.3447,5158.096,5153.2324,5154.0407,575
2023-08-22T13:48:00.000Z,5154.0407,5155.0554,5151.4487,5151.5471,319
2023-08-22T13:49:00.000Z,5151.5471,5152.9794,5150.1389,5151.7401,374
2023-08-22T13:50:00.000Z,5151.7401,5151.9884,5146.9643,5150.4943,813
2023-08-22T13:51:00.000Z,5150.4943,5151.8804,5148.0018,5148.1462,1102
2023-08-22T13:52:00.000Z,5148.1462,5150.6719,5141.0098,5141.7611,775
2023-08-22T13:53:00.000Z,5141.7611,5146.0552,5141.0098,5145.2524,296
2023-08-22T13:54:00.000Z,5145.2524,5145.2524,5142.0501,5143.7497,791
2023-08-22T13:55:00.000Z,5143.7497,5144.8489,5140.6459,5144.8489,959
2023-08-22T13:56:00.000Z,5144.8489,5146.8592,5143.1449,5144.53,529
2023-08-22T13:57:00.000Z,5144.53,5146.0894,5139.5157,5141.0184,591
2023-08-22T13:58:00.000Z,5141.0184,5143.5699,5141.0184,5141.8703,156
2023-08-22T13:59:00.000Z,5141.8703,5144.4755,5141.8703,5141.9217,185
2023-08-22T14:00:00.000Z,5141.9217,5144.2742,5141.9217,5144.2436,205
2023-08-22T14:01:00.000Z,5144.2436,5145.1918,5141.9944,5143.4454,330
2023-08-22T14:02:00.000Z,5143.4454,5144.1605,5142.5956,5144.1605,113
2023-08-22T14:03:00.000Z,5144.1605,5146.513,5140.8597,5142.3624,506
2023-08-22T14:04:00.000Z,5142.3624,5150.8219,5142.3624,5150.0705,1189
2023-08-22T14:05:00.000Z,5150.0705,5150.7702,5146.6667,5146.7695,269
2023-08-22T14:06:00.000Z,5146.7695,5146.7695,5143.996,5143.996,184
2023-08-22T14:07:00.000Z,5143.996,5145.8071,5143.996,5145.0558,111
2023-08-22T14:08:00.000Z,5145.0558,5145.0558,5131.3239,5132.0752,1281
2023-08-22T14:09:00.000Z,5132.0752,5132.8266,5129.2946,5132.686,756
2023-08-22T14:10:00.000Z,5132.686,5133.7795,5129.8773,5130.0742,520
2023-08-22T14:11:00.000Z,5130.0742,5133.4497,5129.523,5131.8755,526
2023-08-22T14:12:00.000Z,5131.8755,5136.009,5131.0257,5132.6848,1306
2023-08-22T14:13:00.000Z,5132.6848,5134.1875,5131.835,5133.3848,190
2023-08-22T14:14:00.000Z,5133.3848,5135.9429,5133.3848,5134.3011,157
2023-08-22T14:15:00.000Z,5134.3011,5138.3206,5134.3011,5136.7194,350
2023-08-22T14:16:00.000Z,5136.7194,5136.7194,5133.6156,5135.2167,198
2023-08-22T14:17:00.000Z,5135.2167,5135.25,5132.8078,5134.3105,414
2023-08-22T14:18:00.000Z,5134.3105,5134.4089,5130.1503,5130.9017,613
2023-08-22T14:19:00.000Z,5130.9017,5132.6013,5130.838,5132.2508,459
2023-08-22T14:20:00.000Z,5132.2508,5134.0106,5130.9067,5130.9301,241
2023-08-22T14:21:00.000Z,5130.9301,5134.3247,5130.6918,5130.6918,275
2023-08-22T14:22:00.000Z,5130.6918,5131.4216,5129.5798,5129.5798,442
2023-08-22T14:23:00.000Z,5129.5798,5130.3312,5123.6585,5124.6859,739
2023-08-22T14:24:00.000Z,5124.6859,5125.5357,5118.7291,5121.0033,745
2023-08-22T14:25:00.000Z,5121.0033,5124.2425,5120.8064,5123.5189,388
2023-08-22T14:26:00.000Z,5123.5189,5124.4033,5121.9012,5121.9012,316
2023-08-22T14:27:00.000Z,5121.9012,5121.9012,5116.6608,5118.1303,386
2023-08-22T14:28:00.000Z,5118.1303,5119.5013,5114.5981,5119.4348,535
2023-08-22T14:29:00.000Z,5119.4348,5120.4915,5117.8336,5118.7353,327
2023-08-22T14:30:00.000Z,5118.7353,5123.8588,5117.8855,5120.7783,426
2023-08-22T14:31:00.000Z,5120.7783,5121.7353,5120.1725,5120.9238,165
2023-08-22T14:32:00.000Z,5120.9238,5122.4265,5115.336,5117.867,549
2023-08-22T14:33:00.000Z,5117.867,5125.6325,5117.867,5125.6325,539
2023-08-22T14:34:00.000Z,5125.6325,5126.206,5121.7504,5122.5017,496
2023-08-22T14:35:00.000Z,5122.5017,5122.5017,5114.4957,5116.439,466
2023-08-22T14:36:00.000Z,5116.439,5119.5853,5116.2421,5118.802,276
2023-08-22T14:37:00.000Z,5118.802,5120.5618,5118.0036,5118.755,143
2023-08-22T14:38:00.000Z,5118.755,5118.8534,5114.7426,5115.1702,312
2023-08-22T14:39:00.000Z,5115.1702,5120.4858,5115.1702,5118.9831,284
2023-08-22T14:40:00.000Z,5118.9831,5120.2995,5116.682,5119.6705,192
2023-08-22T14:41:00.000Z,5119.6705,5119.9141,5116.8857,5116.8857,166
2023-08-22T14:42:00.000Z,5116.8857,5120.8439,5116.7404,5120.0926,191
2023-08-22T14:43:00.000Z,5120.0926,5121.7451,5118.5428,5119.2942,192
2023-08-22T14:44:00.000Z,5119.2942,5119.2942,5114.9225,5114.9225,238
2023-08-22T14:45:00.000Z,5114.9225,5115.5754,5108.8761,5110.9829,1042
2023-08-22T14:46:00.000Z,5110.9829,5118.2223,5110.9829,5117.471,504
2023-08-22T14:47:00.000Z,5117.471,5122.1757,5115.9683,5120.8047,474
2023-08-22T14:48:00.000Z,5120.8047,5121.7013,5120.1002,5121.6499,270
2023-08-22T14:49:00.000Z,5121.6499,5124.3343,5121.0292,5122.7331,363
2023-08-22T14:50:00.000Z,5122.7331,5122.7331,5120.8793,5121.6775,244
2023-08-22T14:51:00.000Z,5121.6775,5125.9924,5121.6775,5125.9924,425
2023-08-22T14:52:00.000Z,5125.9924,5126.0243,5120.9728,5121.7242,464
2023-08-22T14:53:00.000Z,5121.7242,5124.9127,5121.7242,5124.1613,212
2023-08-22T14:54:00.000Z,5124.1613,5125.9631,5122.7374,5125.2117,266
2023-08-22T14:55:00.000Z,5125.2117,5125.2117,5122.0565,5122.8592,185
2023-08-22T14:56:00.000Z,5122.8592,5123.6106,5122.658,5122.7608,94
2023-08-22T14:57:00.000Z,5122.7608,5122.7608,5120.3147,5121.1128,146
2023-08-22T14:58:00.000Z,5121.1128,5122.1134,5119.5073,5121.362,308
2023-08-22T14:59:00.000Z,5121.362,5125.9596,5120.5122,5125.5167,299
2023-08-23T01:00:00.000Z,5118.2452,5121.0848,5106.8445,5106.8445,2427
2023-08-23T01:01:00.000Z,5106.8445,5118.3311,5092.3463,5117.734,2600
2023-08-23T01:02:00.000Z,5117.734,5119.2549,5109.7624,5111.5362,869
2023-08-23T01:03:00.000Z,5111.5362,5123.0994,5109.8602,5122.1231,1434
2023-08-23T01:04:00.000Z,5122.1231,5125.4661,5118.0719,5119.6065,1165
2023-08-23T01:05:00.000Z,5119.6065,5134.9141,5118.8884,5133.6096,1596
2023-08-23T01:06:00.000Z,5133.6096,5134.1724,5128.7484,5132.5244,764
2023-08-23T01:07:00.000Z,5132.5244,5136.6012,5132.5244,5134.7603,993
2023-08-23T01:08:00.000Z,5134.7603,5134.7603,5130.1206,5131.0221,348
2023-08-23T01:09:00.000Z,5131.0221,5131.6238,5122.5194,5122.5194,673
2023-08-23T01:10:00.000Z,5122.5194,5125.6857,5119.6392,5119.6392,1494
2023-08-23T01:11:00.000Z,5119.6392,5125.1942,5119.6392,5120.3116,716
2023-08-23T01:12:00.000Z,5120.3116,5120.5172,5118.0619,5119.1834,897
2023-08-23T01:13:00.000Z,5119.1834,5123.1701,5115.6987,5122.4187,742
2023-08-23T01:14:00.000Z,5122.4187,5122.4421,5119.7184,5120.6581,299
2023-08-23T01:15:00.000Z,5120.6581,5123.8654,5119.8083,5123.8654,217
2023-08-23T01:16:00.000Z,5123.8654,5127.1712,5123.0156,5125.3066,504
2023-08-23T01:17:00.000Z,5125.3066,5129.2467,5125.3066,5126.8609,267
2023-08-23T01:18:00.000Z,5126.8609,5129.2701,5122.3671,5123.1184,594
2023-08-23T01:19:00.000Z,5123.1184,5124.4839,5121.1772,5122.6727,319
2023-08-23T01:20:00.000Z,5122.6727,5123.7909,5121.8255,5123.7395,94
2023-08-23T01:21:00.000Z,5123.7395,5128.9514,5123.7395,5128.9514,180
2023-08-23T01:22:00.000Z,5128.9514,5129.736,5126.5247,5126.5247,401
2023-08-23T01:23:00.000Z,5126.5247,5127.2761,5122.9166,5123.5695,132
2023-08-23T01:24:00.000Z,5123.5695,5125.2925,5122.0902,5124.1873,187
2023-08-23T01:25:00.000Z,5124.1873,5124.9621,5120.5366,5122.2362,272
2023-08-23T01:26:00.000Z,5122.2362,5122.2362,5119.0339,5121.4901,572
2023-08-23T01:27:00.000Z,5121.4901,5128.1407,5121.4901,5128.1407,420
2023-08-23T01:28:00.000Z,5128.1407,5130.9221,5125.6844,5130.1194,447
2023-08-23T01:29:00.000Z,5130.1194,5131.7575,5128.5182,5131.659,281
2023-08-23T01:30:00.000Z,5131.659,5131.659,5127.2451,5131.3956,426
2023-08-23T01:31:00.000Z,5131.3956,5137.9125,5131.3956,5133.3581,631
2023-08-23T01:32:00.000Z,5133.3581,5133.3581,5130.7015,5132.4525,159
2023-08-23T01:33:00.000Z,5132.4525,5132.4525,5129.2502,5130.2072,199
2023-08-23T01:34:00.000Z,5130.2072,5130.8269,5128.2441,5128.2441,124
2023-08-23T01:35:00.000Z,5128.2441,5133.6884,5128.2441,5133.6884,175
2023-08-23T01:36:00.000Z,5133.6884,5133.6884,5127.8984,5131.5033,421
2023-08-23T01:37:00.000Z,5131.5033,5133.9556,5130.8517,5133.3962,276
2023-08-23T01:38:00.000Z,5133.3962,5137.9131,5131.8147,5132.4676,910
2023-08-23T01:39:00.000Z,5132.4676,5136.7017,5132.4676,5133.9967,301
2023-08-23T01:40:00.000Z,5133.9967,5134.7481,5131.7427,5132.494,116
2023-08-23T01:41:00.000Z,5132.494,5135.8613,5132.494,5135.2084,85
2023-08-23T01:42:00.000Z,5135.2084,5137.8672,5135.2084,5137.8672,156
2023-08-23T01:43:00.000Z,5137.8672,5140.3514,5137.8672,5138.2196,337
2023-08-23T01:44:00.000Z,5138.2196,5141.5817,5138.2196,5139.3156,243
2023-08-23T01:45:00.000Z,5139.3156,5139.3624,5137.3769,5137.4753,151
2023-08-23T01:46:00.000Z,5137.4753,5137.4753,5133.9624,5133.9624,138
2023-08-23T01:47:00.000Z,5133.9624,5136.6715,5133.4692,5136.6715,125
2023-08-23T01:48:00.000Z,5136.6715,5136.6715,5134.7947,5135.6112,148
2023-08-23T01:49:00.000Z,5135.6112,5138.8468,5135.4056,5138.8468,113
2023-08-23T01:50:00.000Z,5138.8468,5142.8629,5138.1939,5142.0131,353
2023-08-23T01:51:00.000Z,5142.0131,5142.0131,5139.5621,5141.1633,172
2023-08-23T01:52:00.000Z,5141.1633,5141.1633,5138.6821,5139.5319,162
2023-08-23T01:53:00.000Z,5139.5319,5139.6304,5134.4133,5135.1646,282
2023-08-23T01:54:00.000Z,5135.1646,5137.7153,5132.334,5134.5548,398
2023-08-23T01:55:00.000Z,5134.5548,5138.8703,5133.8035,5138.8703,194
2023-08-23T01:56:00.000Z,5138.8703,5138.9217,5136.4708,5137.3764,83
2023-08-23T01:57:00.000Z,5137.3764,5137.3764,5132.5325,5132.631,195
2023-08-23T01:58:00.000Z,5132.631,5134.9727,5131.7812,5134.9727,104
2023-08-23T01:59:00.000Z,5134.9727,5134.9727,5131.8689,5131.8689,150
2023-08-23T02:00:00.000Z,5131.8689,5132.6202,5126.802,5127.5534,359
2023-08-23T02:01:00.000Z,5127.5534,5131.4552,5127.5534,5129.8591,171
2023-08-23T02:02:00.000Z,5129.8591,5132.6067,5129.8591,5132.5735,108
2023-08-23T02:03:00.000Z,5132.5735,5135.979,5132.5735,5135.979,125
2023-08-23T02:04:00.000Z,5135.979,5135.979,5132.6657,5133.2114,108
2023-08-23T02:05:00.000Z,5133.2114,5133.3186,5131.7223,5133.225,109
2023-08-23T02:06:00.000Z,5133.225,5133.225,5129.9243,5130.6142,125
2023-08-23T02:07:00.000Z,5130.6142,5130.6142,5128.8444,5130.3497,101
2023-08-23T02:08:00.000Z,5130.3497,5132.8241,5129.5984,5132.8241,73
2023-08-23T02:09:00.000Z,5132.8241,5132.8241,5126.6164,5127.3677,533
2023-08-23T02:10:00.000Z,5127.3677,5130.4814,5123.2872,5129.7301,875
2023-08-23T02:11:00.000Z,5129.7301,5129.7301,5126.4059,5127.9419,224
2023-08-23T02:12:00.000Z,5127.9419,5127.9419,5125.5894,5126.5376,105
2023-08-23T02:13:00.000Z,5126.5376,5131.8712,5126.2141,5131.8712,210
2023-08-23T02:14:00.000Z,5131.8712,5133.7038,5128.877,5128.877,234
2023-08-23T02:30:00.000Z,5128.9422,5132.9065,5126.3554,5132.9065,769
2023-08-23T02:31:00.000Z,5132.9065,5136.6642,5132.9065,5135.7159,353
2023-08-23T02:32:00.000Z,5135.7159,5136.2573,5132.3609,5132.3609,285
2023-08-23T02:33:00.000Z,5132.3609,5136.9104,5132.3609,5136.159,291
2023-08-23T02:34:00.000Z,5136.159,5140.606,5136.159,5139.906,493
2023-08-23T02:35:00.000Z,5139.906,5140.8543,5138.2064,5139.5368,424
2023-08-23T02:36:00.000Z,5139.5368,5139.691,5137.6742,5138.6196,223
2023-08-23T02:37:00.000Z,5138.6196,5140.5635,5138.6196,5140.5581,89
2023-08-23T02:38:00.000Z,5140.5581,5140.5581,5137.202,5140.4264,331
2023-08-23T02:39:00.000Z,5140.4264,5145.2681,5140.4264,5143.8013,580
2023-08-23T02:40:00.000Z,5143.8013,5147.4265,5143.05,5146.6752,463
2023-08-23T02:41:00.000Z,5146.6752,5148.9279,5145.8241,5146.5754,294
2023-08-23T02:42:00.000Z,5146.5754,5147.4585,5144.2562,5145.0075,299
2023-08-23T02:43:00.000Z,5145.0075,5146.6087,5144.9091,5146.6087,119
2023-08-23T02:44:00.000Z,5146.6087,5146.6087,5144.2328,5144.2328,83
2023-08-23T02:45:00.000Z,5144.2328,5146.2979,5144.2328,5146.2979,124
2023-08-23T02:46:00.000Z,5146.2979,5146.2979,5141.7917,5142.543,213
2023-08-23T02:47:00.000Z,5142.543,5145.0924,5141.7917,5143.4482,167
2023-08-23T02:48:00.000Z,5143.4482,5144.9509,5143.3497,5144.1995,47
2023-08-23T02:49:00.000Z,5144.1995,5147.5718,5143.4482,5147.4401,210
2023-08-23T02:50:00.000Z,5147.4401,5152.7614,5147.4401,5150.3151,779
2023-08-23T02:51:00.000Z,5150.3151,5151.2067,5149.4185,5151.2067,181
2023-08-23T02:52:00.000Z,5151.2067,5152.826,5150.4221,5152.826,167
2023-08-23T02:53:00.000Z,5152.826,5153.7285,5151.3246,5152.9772,404
2023-08-23T02:54:00.000Z,5152.9772,5153.7604,5150.3794,5152.8303,256
2023-08-23T02:55:00.000Z,5152.8303,5153.615,5150.3794,5152.8636,303
2023-08-23T02:56:00.000Z,5152.8636,5153.5817,5152.079,5152.8303,107
2023-08-23T02:57:00.000Z,5152.8303,5152.8303,5150.3794,5151.1307,102
2023-08-23T02:58:00.000Z,5151.1307,5151.1307,5149.5948,5149.5948,76
2023-08-23T02:59:00.000Z,5149.5948,5151.0975,5149.4406,5150.1919,126
2023-08-23T03:00:00.000Z,5150.1919,5150.1919,5148.3692,5148.3692,190
2023-08-23T03:01:00.000Z,5148.3692,5149.1525,5148.218,5149.054,104
2023-08-23T03:02:00.000Z,5149.054,5149.054,5147.5181,5147.5181,77
2023-08-23T03:03:00.000Z,5147.5181,5147.5181,5144.9061,5145.7089,248
2023-08-23T03:04:00.000Z,5145.7089,5145.7754,5144.9256,5145.7754,105
2023-08-23T03:05:00.000Z,5145.7754,5150.0438,5145.7754,5150.0438,215
2023-08-23T03:06:00.000Z,5150.0438,5150.0438,5147.4901,5148.3399,89
2023-08-23T03:07:00.000Z,5148.3399,5148.3399,5145.65,5146.4014,60
2023-08-23T03:08:00.000Z,5146.4014,5148.0025,5146.4014,5147.3026,76
2023-08-23T03:09:00.000Z,5147.3026,5148.1488,5145.6891,5146.4405,105
2023-08-23T03:10:00.000Z,5146.4405,5146.4405,5144.1396,5145.939,161
2023-08-23T03:11:00.000Z,5145.939,5147.475,5143.4364,5145.8887,308
2023-08-23T03:12:00.000Z,5145.8887,5147.7092,5144.7552,5144.9252,355
2023-08-23T03:13:00.000Z,5144.9252,5145.6766,5142.3001,5144.783,258
2023-08-23T03:14:00.000Z,5144.783,5151.5693,5144.783,5151.5693,389
2023-08-23T03:15:00.000Z,5151.5693,5156.6841,5150.8414,5156.6841,690
2023-08-23T03:16:00.000Z,5156.6841,5159.1166,5155.9327,5157.5141,629
2023-08-23T03:17:00.000Z,5157.5141,5159.1197,5156.7158,5158.2616,271
2023-08-23T03:18:00.000Z,5158.2616,5161.8441,5158.2616,5161.2244,460
2023-08-23T03:19:00.000Z,5161.2244,5165.6622,5160.615,5161.3664,843
2023-08-23T03:20:00.000Z,5161.3664,5162.316,5159.6335,5159.732,448
2023-08-23T03:21:00.000Z,5159.732,5161.8397,5157.8861,5161.3198,267
2023-08-23T03:22:00.000Z,5161.3198,5169.9364,5161.3198,5168.4055,642
2023-08-23T03:23:00.000Z,5168.4055,5168.5052,5161.1831,5161.9344,487
2023-08-23T03:24:00.000Z,5161.9344,5161.9344,5158.4354,5160.5309,337
2023-08-23T03:25:00.000Z,5160.5309,5160.5309,5158.497,5159.384,397
2023-08-23T03:26:00.000Z,5159.384,5160.257,5157.9798,5160.1565,312
2023-08-23T03:27:00.000Z,5160.1565,5160.1565,5158.3906,5159.142,213
2023-08-23T03:28:00.000Z,5159.142,5159.4837,5158.1605,5159.4837,197
2023-08-23T03:29:00.000Z,5159.4837,5162.3962,5158.1595,5162.3962,633
2023-08-23T05:30:00.000Z,5161.9533,5164.265,5157.1261,5161.2126,1042
2023-08-23T05:31:00.000Z,5161.2126,5162.8124,5159.9256,5159.9256,400
2023-08-23T05:32:00.000Z,5159.9256,5161.791,5157.2733,5159.2587,888
2023-08-23T05:33:00.000Z,5159.2587,5160.6629,5157.2305,5157.9818,316
2023-08-23T05:34:00.000Z,5157.9818,5158.6617,5154.8912,5156.4924,204
2023-08-23T05:35:00.000Z,5156.4924,5159.7189,5156.4924,5157.6131,811
2023-08-23T05:36:00.000Z,5157.6131,5157.6835,5155.0676,5155.0676,616
2023-08-23T05:37:00.000Z,5155.0676,5155.8703,5153.8888,5153.8888,219
2023-08-23T05:38:00.000Z,5153.8888,5156.541,5153.8888,5155.7866,284
2023-08-23T05:39:00.000Z,5155.7866,5157.5654,5155.6882,5157.5654,280
2023-08-23T05:40:00.000Z,5157.5654,5158.8647,5155.4583,5156.3081,134
2023-08-23T05:41:00.000Z,5156.3081,5158.8059,5156.3081,5157.9327,160
2023-08-23T05:42:00.000Z,5157.9327,5159.5006,5156.8954,5159.4021,166
2023-08-23T05:43:00.000Z,5159.4021,5159.4021,5157.3581,5157.3581,179
2023-08-23T05:44:00.000Z,5157.3581,5157.7345,5156.7261,5156.8245,101
2023-08-23T05:45:00.000Z,5156.8245,5157.6091,5156.7593,5156.8578,142
2023-08-23T05:46:00.000Z,5156.8578,5157.9544,5156.6635,5157.9544,200
2023-08-23T05:47:00.000Z,5157.9544,5158.8042,5157.7575,5158.7058,180
2023-08-23T05:48:00.000Z,5158.7058,5159.4571,5157.0195,5157.7709,422
2023-08-23T05:49:00.000Z,5157.7709,5160.3203,5157.7709,5158.916,246
2023-08-23T05:50:00.000Z,5158.916,5158.916,5155.5352,5155.5352,426
2023-08-23T05:51:00.000Z,5155.5352,5156.3518,5154.6854,5155.0223,236
2023-08-23T05:52:00.000Z,5155.0223,5155.0223,5152.5714,5153.3698,251
2023-08-23T05:53:00.000Z,5153.3698,5154.1211,5152.3072,5152.3072,138
2023-08-23T05:54:00.000Z,5152.3072,5154.0068,5152.3072,5153.157,155
2023-08-23T05:55:00.000Z,5153.157,5154.1201,5150.7379,5151.4892,248
2023-08-23T05:56:00.000Z,5151.4892,5151.4892,5149.0786,5149.8299,328
2023-08-23T05:57:00.000Z,5149.8299,5150.5299,5148.0874,5148.0874,285
2023-08-23T05:58:00.000Z,5148.0874,5148.0874,5143.7179,5143.8249,735
2023-08-23T05:59:00.000Z,5143.8249,5143.8249,5139.6882,5140.3647,862
2023-08-23T06:00:00.000Z,5140.3647,5145.1725,5139.4591,5145.1725,700
2023-08-23T06:01:00.000Z,5145.1725,5146.8581,5144.3227,5146.1015,238
2023-08-23T06:02:00.000Z,5146.1015,5146.1015,5143.7009,5145.2036,280
2023-08-23T06:03:00.000Z,5145.2036,5145.4606,5143.5227,5143.5559,595
2023-08-23T06:04:00.000Z,5143.5559,5143.7528,5139.4802,5140.3119,268
2023-08-23T06:05:00.000Z,5140.3119,5142.7628,5140.3119,5141.913,128
2023-08-23T06:06:00.000Z,5141.913,5141.913,5138.5974,5139.5457,237
2023-08-23T06:07:00.000Z,5139.5457,5140.297,5137.6686,5137.6686,229
2023-08-23T06:08:00.000Z,5137.6686,5139.4495,5134.8429,5137.7031,504
2023-08-23T06:09:00.000Z,5137.7031,5141.1365,5136.9517,5141.1365,408
2023-08-23T06:10:00.000Z,5141.1365,5142.1513,5138.8506,5139.6019,243
2023-08-23T06:11:00.000Z,5139.6019,5142.7808,5138.8506,5141.9544,308
2023-08-23T06:12:00.000Z,5141.9544,5144.9269,5141.856,5143.2273,385
2023-08-23T06:13:00.000Z,5143.2273,5144.0677,5141.5277,5143.3163,109
2023-08-23T06:14:00.000Z,5143.3163,5144.0677,5142.4,5143.9027,196
2023-08-23T06:15:00.000Z,5143.9027,5143.9027,5140.2918,5140.2918,343
2023-08-23T06:16:00.000Z,5140.2918,5140.2918,5134.884,5135.236,474
2023-08-23T06:17:00.000Z,5135.236,5139.3128,5135.236,5138.5,251
2023-08-23T06:18:00.000Z,5138.5,5143.1298,5138.5,5143.1298,232
2023-08-23T06:19:00.000Z,5143.1298,5143.1865,5140.1675,5140.9189,315
2023-08-23T06:20:00.000Z,5140.9189,5141.6702,5137.701,5138.4757,343
2023-08-23T06:21:00.000Z,5138.4757,5139.227,5133.5688,5133.5688,463
2023-08-23T06:22:00.000Z,5133.5688,5133.5688,5128.9993,5129.7506,729
2023-08-23T06:23:00.000Z,5129.7506,5129.7506,5124.8944,5128.8355,966
2023-08-23T06:24:00.000Z,5128.8355,5135.7463,5128.1174,5133.2954,1446
2023-08-23T06:25:00.000Z,5133.2954,5137.3943,5130.7262,5131.9789,746
2023-08-23T06:26:00.000Z,5131.9789,5134.3314,5128.0676,5128.9741,591
2023-08-23T06:27:00.000Z,5128.9741,5134.2669,5126.7066,5131.8577,1784
2023-08-23T06:28:00.000Z,5131.8577,5131.9562,5124.9078,5125.2277,512
2023-08-23T06:29:00.000Z,5125.2277,5131.8236,5125.2277,5130.156,442
2023-08-23T06:30:00.000Z,5130.156,5133.6783,5129.5278,5133.6783,396
2023-08-23T06:31:00.000Z,5133.6783,5135.7255,5132.1756,5134.0025,307
2023-08-23T06:32:00.000Z,5134.0025,5134.1244,5129.3022,5129.5323,377
2023-08-23T06:33:00.000Z,5129.5323,5132.2705,5128.8368,5129.3687,416
2023-08-23T06:34:00.000Z,5129.3687,5129.3687,5123.3686,5125.8809,828
2023-08-23T06:35:00.000Z,5125.8809,5126.9181,5124.6458,5125.5139,232
2023-08-23T06:36:00.000Z,5125.5139,5128.3582,5125.5139,5127.1629,224
2023-08-23T06:37:00.000Z,5127.1629,5131.2293,5126.51,5127.0086,332
2023-08-23T06:38:00.000Z,5127.0086,5127.0086,5125.1034,5125.8547,272
2023-08-23T06:39:00.000Z,5125.8547,5126.6061,5122.3243,5123.6055,404
2023-08-23T06:40:00.000Z,5123.6055,5130.5087,5123.6055,5130.4103,739
2023-08-23T06:41:00.000Z,5130.4103,5131.5598,5129.5605,5131.4613,210
2023-08-23T06:42:00.000Z,5131.4613,5134.9541,5131.4613,5133.0959,404
2023-08-23T06:43:00.000Z,5133.0959,5137.4814,5133.0959,5136.7301,377
2023-08-23T06:44:00.000Z,5136.7301,5140.5149,5134.932,5139.7635,774
2023-08-23T06:45:00.000Z,5139.7635,5140.67,5135.965,5137.6646,882
2023-08-23T06:46:00.000Z,5137.6646,5137.6646,5132.5284,5134.0311,443
2023-08-23T06:47:00.000Z,5134.0311,5137.376,5133.2132,5137.376,358
2023-08-23T06:48:00.000Z,5137.376,5138.531,5136.461,5136.8314,496
2023-08-23T06:49:00.000Z,5136.8314,5138.3639,5135.9816,5137.4107,344
2023-08-23T06:50:00.000Z,5137.4107,5139.0621,5136.6593,5137.1768,262
2023-08-23T06:51:00.000Z,5137.1768,5137.3221,5133.3216,5133.3216,426
2023-08-23T06:52:00.000Z,5133.3216,5133.3216,5126.3176,5128.7686,1120
2023-08-23T06:53:00.000Z,5128.7686,5130.3135,5127.1099,5129.3652,239
2023-08-23T06:54:00.000Z,5129.3652,5130.1683,5127.6521,5129.1548,261
2023-08-23T06:55:00.000Z,5129.1548,5131.9305,5127.1454,5131.1472,428
2023-08-23T06:56:00.000Z,5131.1472,5132.0536,5127.7611,5128.5444,271
2023-08-23T06:57:00.000Z,5128.5444,5129.3643,5127.3578,5127.4365,427
2023-08-23T06:58:00.000Z,5127.4365,5128.1644,5120.1078,5120.1078,906
2023-08-23T06:59:00.000Z,5120.1078,5127.4693,5118.5856,5125.7535,627
2023-08-23T13:00:00.000Z,5120.0697,5126.7188,5120.0697,5124.1295,4054
2023-08-23T13:01:00.000Z,5124.1295,5127.1155,5122.6309,5127.1155,1143
2023-08-23T13:02:00.000Z,5127.1155,5127.1155,5117.28,5117.9238,1198
2023-08-23T13:03:00.000Z,5117.9238,5118.309,5114.037,5117.7571,859
2023-08-23T13:04:00.000Z,5117.7571,5118.3406,5115.9873,5117.7851,380
2023-08-23T13:05:00.000Z,5117.7851,5122.2261,5115.1057,5119.5343,1221
2023-08-23T13:06:00.000Z,5119.5343,5120.6974,5114.5996,5115.2434,499
2023-08-23T13:07:00.000Z,5115.2434,5119.0061,5114.4593,5116.413,381
2023-08-23T13:08:00.000Z,5116.413,5121.2601,5115.1231,5120.4288,472
2023-08-23T13:09:00.000Z,5120.4288,5122.731,5119.6795,5120.1163,388
2023-08-23T13:10:00.000Z,5120.1163,5123.698,5119.4589,5120.6549,269
2023-08-23T13:11:00.000Z,5120.6549,5122.5076,5119.9056,5122.5076,208
2023-08-23T13:12:00.000Z,5122.5076,5122.6131,5120.0487,5120.7657,257
2023-08-23T13:13:00.000Z,5120.7657,5124.4066,5120.5547,5122.976,327
2023-08-23T13:14:00.000Z,5122.976,5123.9111,5121.3946,5122.8337,339
2023-08-23T13:15:00.000Z,5122.8337,5125.9766,5122.6978,5123.4259,405
2023-08-23T13:16:00.000Z,5123.4259,5123.9586,5121.5741,5123.9586,384
2023-08-23T13:17:00.000Z,5123.9586,5127.6627,5123.9586,5125.824,450
2023-08-23T13:18:00.000Z,5125.824,5126.8163,5122.9987,5123.619,867
2023-08-23T13:19:00.000Z,5123.619,5130.1824,5123.619,5130.1228,419
2023-08-23T13:20:00.000Z,5130.1228,5132.887,5129.3735,5132.656,858
2023-08-23T13:21:00.000Z,5132.656,5139.4028,5132.0445,5139.1918,818
2023-08-23T13:22:00.000Z,5139.1918,5147.146,5136.8541,5147.017,1237
2023-08-23T13:23:00.000Z,5147.017,5149.2884,5145.5793,5145.6842,1226
2023-08-23T13:24:00.000Z,5145.6842,5146.4335,5140.4729,5140.6577,1117
2023-08-23T13:25:00.000Z,5140.6577,5142.7224,5138.2807,5141.4418,862
2023-08-23T13:26:00.000Z,5141.4418,5141.4418,5137.6929,5138.5937,736
2023-08-23T13:27:00.000Z,5138.5937,5138.5937,5134.3545,5134.3545,430
2023-08-23T13:28:00.000Z,5134.3545,5136.1592,5129.6666,5131.3762,1338
2023-08-23T13:29:00.000Z,5131.3762,5131.3762,5122.8275,5128.2334,1616
2023-08-23T13:30:00.000Z,5128.2334,5130.0496,5125.8624,5127.4665,1213
2023-08-23T13:31:00.000Z,5127.4665,5138.8626,5127.4665,5137.7644,825
2023-08-23T13:32:00.000Z,5137.7644,5139.6626,5132.6332,5134.3428,602
2023-08-23T13:33:00.000Z,5134.3428,5139.7053,5134.3428,5138.1262,307
2023-08-23T13:34:00.000Z,5138.1262,5139.6736,5135.2464,5136.745,425
2023-08-23T13:35:00.000Z,5136.745,5139.4192,5135.5246,5136.1684,237
2023-08-23T13:36:00.000Z,5136.1684,5137.7243,5133.5637,5135.1913,295
2023-08-23T13:37:00.000Z,5135.1913,5135.1913,5132.1839,5132.1839,274
2023-08-23T13:38:00.000Z,5132.1839,5133.0047,5129.125,5129.9798,314
2023-08-23T13:39:00.000Z,5129.9798,5135.3026,5129.9798,5134.5533,292
2023-08-23T13:40:00.000Z,5134.5533,5140.9032,5134.5533,5140.9032,308
2023-08-23T13:41:00.000Z,5140.9032,5141.8155,5138.7315,5140.1961,325
2023-08-23T13:42:00.000Z,5140.1961,5143.3196,5139.4468,5142.4648,349
2023-08-23T13:43:00.000Z,5142.4648,5142.4648,5139.6957,5140.445,297
2023-08-23T13:44:00.000Z,5140.445,5140.7342,5138.9464,5139.2356,151
2023-08-23T13:45:00.000Z,5139.2356,5143.4924,5139.2356,5141.3997,494
2023-08-23T13:46:00.000Z,5141.3997,5142.149,5139.4119,5139.4119,257
2023-08-23T13:47:00.000Z,5139.4119,5142.8311,5139.4119,5141.012,267
2023-08-23T13:48:00.000Z,5141.012,5142.5106,5137.4882,5138.2374,240
2023-08-23T13:49:00.000Z,5138.2374,5140.8018,5138.2374,5138.2374,313
2023-08-23T13:50:00.000Z,5138.2374,5140.4853,5137.4746,5139.0787,113
2023-08-23T13:51:00.000Z,5139.0787,5144.0883,5139.0787,5143.339,295
2023-08-23T13:52:00.000Z,5143.339,5148.6767,5143.339,5146.3233,684
2023-08-23T13:53:00.000Z,5146.3233,5147.0726,5142.212,5142.9613,466
2023-08-23T13:54:00.000Z,5142.9613,5144.5889,5142.212,5143.564,202
2023-08-23T13:55:00.000Z,5143.564,5143.564,5141.1051,5141.1051,262
2023-08-23T13:56:00.000Z,5141.1051,5142.7092,5141.1051,5142.6281,171
2023-08-23T13:57:00.000Z,5142.6281,5143.3774,5141.1183,5141.8213,155
2023-08-23T13:58:00.000Z,5141.8213,5145.1377,5141.8213,5145.1377,271
2023-08-23T13:59:00.000Z,5145.1377,5145.1455,5143.5336,5144.4745,106
2023-08-23T14:00:00.000Z,5144.4745,5145.2238,5140.2608,5141.0101,316
2023-08-23T14:01:00.000Z,5141.0101,5141.7594,5134.6803,5137.0337,649
2023-08-23T14:02:00.000Z,5137.0337,5147.3554,5136.8959,5147.2499,794
2023-08-23T14:03:00.000Z,5147.2499,5148.7249,5142.0269,5142.2379,734
2023-08-23T14:04:00.000Z,5142.2379,5142.2454,5137.7764,5138.5257,510
2023-08-23T14:05:00.000Z,5138.5257,5141.9713,5137.1666,5141.222,427
2023-08-23T14:06:00.000Z,5141.222,5146.7306,5141.222,5145.8759,232
2023-08-23T14:07:00.000Z,5145.8759,5149.1471,5145.3618,5148.3978,449
2023-08-23T14:08:00.000Z,5148.3978,5157.904,5148.2736,5155.9636,1172
2023-08-23T14:09:00.000Z,5155.9636,5160.0322,5153.5047,5158.4165,714
2023-08-23T14:10:00.000Z,5158.4165,5163.0361,5155.9513,5162.9306,756
2023-08-23T14:11:00.000Z,5162.9306,5170.1456,5161.255,5169.2673,1562
2023-08-23T14:12:00.000Z,5169.2673,5172.5211,5167.7192,5168.608,992
2023-08-23T14:13:00.000Z,5168.608,5170.6705,5165.2507,5169.2058,726
2023-08-23T14:14:00.000Z,5169.2058,5169.9551,5167.1537,5167.9765,404
2023-08-23T14:15:00.000Z,5167.9765,5169.5806,5164.1029,5164.6895,645
2023-08-23T14:16:00.000Z,5164.6895,5166.2105,5163.0619,5165.2642,520
2023-08-23T14:17:00.000Z,5165.2642,5166.0271,5162.8326,5163.5818,284
2023-08-23T14:18:00.000Z,5163.5818,5163.6873,5160.9044,5161.6537,412
2023-08-23T14:19:00.000Z,5161.6537,5164.0803,5161.6214,5163.12,227
2023-08-23T14:20:00.000Z,5163.12,5163.8693,5160.7562,5161.3438,262
2023-08-23T14:21:00.000Z,5161.3438,5162.9479,5158.3904,5158.3904,221
2023-08-23T14:22:00.000Z,5158.3904,5163.089,5158.3904,5163.089,254
2023-08-23T14:23:00.000Z,5163.089,5163.8383,5161.7742,5163.4018,93
2023-08-23T14:24:00.000Z,5163.4018,5163.4018,5159.4055,5160.6285,181
2023-08-23T14:25:00.000Z,5160.6285,5161.6943,5158.3806,5160.0902,166
2023-08-23T14:26:00.000Z,5160.0902,5160.0902,5157.4686,5158.9672,178
2023-08-23T14:27:00.000Z,5158.9672,5158.9672,5156.625,5158.3817,156
2023-08-23T14:28:00.000Z,5158.3817,5158.3817,5155.0481,5155.4473,251
2023-08-23T14:29:00.000Z,5155.4473,5155.4473,5152.1697,5152.3807,435
2023-08-23T14:30:00.000Z,5152.3807,5157.1346,5152.3807,5155.636,718
2023-08-23T14:31:00.000Z,5155.636,5156.3853,5150.2666,5151.0159,285
2023-08-23T14:32:00.000Z,5151.0159,5156.0995,5151.0159,5154.6009,179
2023-08-23T14:33:00.000Z,5154.6009,5156.298,5153.6406,5155.4432,214
2023-08-23T14:34:00.000Z,5155.4432,5157.0211,5155.4432,5157.0211,137
2023-08-23T14:35:00.000Z,5157.0211,5159.7032,5157.0211,5158.2046,125
2023-08-23T14:36:00.000Z,5158.2046,5159.8917,5157.3498,5158.2876,120
2023-08-23T14:37:00.000Z,5158.2876,5159.4776,5158.2876,5159.4776,110
2023-08-23T14:38:00.000Z,5159.4776,5165.2146,5159.4776,5164.3598,385
2023-08-23T14:39:00.000Z,5164.3598,5165.1091,5162.1276,5163.4152,193
2023-08-23T14:40:00.000Z,5163.4152,5168.6287,5163.4152,5167.8794,339
2023-08-23T14:41:00.000Z,5167.8794,5172.6048,5166.0234,5166.7727,924
2023-08-23T14:42:00.000Z,5166.7727,5169.1261,5163.5471,5165.3586,600
2023-08-23T14:43:00.000Z,5165.3586,5171.1736,5165.3586,5171.1736,432
2023-08-23T14:44:00.000Z,5171.1736,5173.182,5169.675,5170.9121,331
2023-08-23T14:45:00.000Z,5170.9121,5171.4504,5159.5966,5160.3459,1068
2023-08-23T14:46:00.000Z,5160.3459,5161.95,5155.3408,5157.0963,748
2023-08-23T14:47:00.000Z,5157.0963,5158.6185,5156.347,5156.809,453
2023-08-23T14:48:00.000Z,5156.809,5158.7172,5153.0178,5157.1244,998
2023-08-23T14:49:00.000Z,5157.1244,5163.5855,5157.1244,5162.9041,954
2023-08-23T14:50:00.000Z,5162.9041,5164.4734,5161.2181,5161.2181,732
2023-08-23T14:51:00.000Z,5161.2181,5161.9674,5159.6454,5159.7969,161
2023-08-23T14:52:00.000Z,5159.7969,5161.2483,5159.0004,5160.1861,220
2023-08-23T14:53:00.000Z,5160.1861,5160.1861,5154.3788,5154.4843,339
2023-08-23T14:54:00.000Z,5154.4843,5155.8774,5153.6295,5155.3672,254
2023-08-23T14:55:00.000Z,5155.3672,5156.9713,5154.6179,5156.1077,258
2023-08-23T14:56:00.000Z,5156.1077,5158.9936,5156.1077,5157.79,265
2023-08-23T14:57:00.000Z,5157.79,5157.79,5155.2679,5156.6622,295
2023-08-23T14:58:00.000Z,5156.6622,5157.2818,5155.8893,5156.5325,266
2023-08-23T14:59:00.000Z,5156.5325,5166.7615,5154.8465,5163.9861,496
2023-08-24T01:00:00.000Z,5191.1301,5201.7412,5191.1301,5201.7392,2860
2023-08-24T01:01:00.000Z,5201.7392,5210.7626,5201.7392,5202.5489,1994
2023-08-24T01:02:00.000Z,5202.5489,5204.5936,5197.8499,5200.8735,937
2023-08-24T01:03:00.000Z,5200.8735,5204.1875,5194.5232,5195.6469,1153
2023-08-24T01:04:00.000Z,5195.6469,5196.3962,5190.2306,5190.2306,978
2023-08-24T01:05:00.000Z,5190.2306,5192.4885,5185.9579,5189.632,1316
2023-08-24T01:06:00.000Z,5189.632,5191.515,5187.5947,5188.3913,622
2023-08-24T01:07:00.000Z,5188.3913,5189.1092,5185.9949,5186.6167,633
2023-08-24T01:08:00.000Z,5186.6167,5188.4178,5184.048,5184.7394,753
2023-08-24T01:09:00.000Z,5184.7394,5187.6401,5180.8253,5180.8253,519
2023-08-24T01:10:00.000Z,5180.8253,5185.8713,5180.8253,5183.6546,435
2023-08-24T01:11:00.000Z,5183.6546,5189.4891,5181.9451,5185.0869,1027
2023-08-24T01:12:00.000Z,5185.0869,5194.6191,5184.3376,5193.4298,677
2023-08-24T01:13:00.000Z,5193.4298,5196.6621,5191.865,5191.865,935
2023-08-24T01:14:00.000Z,5191.865,5191.865,5189.0129,5189.7247,548
2023-08-24T01:15:00.000Z,5189.7247,5193.8551,5188.2074,5193.808,466
2023-08-24T01:16:00.000Z,5193.808,5197.5028,5192.5135,5194.1176,471
2023-08-24T01:17:00.000Z,5194.1176,5197.1879,5194.1176,5195.6554,324
2023-08-24T01:18:00.000Z,5195.6554,5199.775,5194.9061,5198.1194,529
2023-08-24T01:19:00.000Z,5198.1194,5201.8281,5198.1194,5201.8281,402
2023-08-24T01:20:00.000Z,5201.8281,5201.9851,5200.0826,5201.7922,473
2023-08-24T01:21:00.000Z,5201.7922,5204.8477,5199.0752,5200.8195,562
2023-08-24T01:22:00.000Z,5200.8195,5200.925,5196.6164,5197.6822,466
2023-08-24T01:23:00.000Z,5197.6822,5200.5771,5197.6822,5198.3632,289
2023-08-24T01:24:00.000Z,5198.3632,5199.218,5196.6065,5196.6065,179
2023-08-24T01:25:00.000Z,5196.6065,5200.7244,5194.8733,5200.7244,422
2023-08-24T01:26:00.000Z,5200.7244,5201.0198,5199.2469,5201.0198,283
2023-08-24T01:27:00.000Z,5201.0198,5201.2291,5198.7188,5198.7188,694
2023-08-24T01:28:00.000Z,5198.7188,5204.4094,5198.7188,5201.9505,727
2023-08-24T01:29:00.000Z,5201.9505,5202.6527,5193.9429,5193.9429,641
2023-08-24T01:30:00.000Z,5193.9429,5194.7977,5190.0289,5193.1759,1036
2023-08-24T01:31:00.000Z,5193.1759,5195.7781,5190.4763,5195.7781,292
2023-08-24T01:32:00.000Z,5195.7781,5201.444,5195.6862,5200.4317,368
2023-08-24T01:33:00.000Z,5200.4317,5203.653,5199.0562,5199.0562,499
2023-08-24T01:34:00.000Z,5199.0562,5200.7658,5198.4699,5198.7525,422
2023-08-24T01:35:00.000Z,5198.7525,5199.7755,5197.7922,5199.7755,281
2023-08-24T01:36:00.000Z,5199.7755,5201.3796,5198.7133,5198.8963,555
2023-08-24T01:37:00.000Z,5198.8963,5198.9311,5194.7555,5195.5048,250
2023-08-24T01:38:00.000Z,5195.5048,5195.835,5191.981,5195.0857,420
2023-08-24T01:39:00.000Z,5195.0857,5195.835,5193.7682,5193.8397,89
2023-08-24T01:40:00.000Z,5193.8397,5195.652,5192.6092,5192.6092,201
2023-08-24T01:41:00.000Z,5192.6092,5194.4488,5191.9899,5191.9899,130
2023-08-24T01:42:00.000Z,5191.9899,5191.9899,5190.2323,5190.821,234
2023-08-24T01:43:00.000Z,5190.821,5191.5363,5185.9077,5185.9077,515
2023-08-24T01:44:00.000Z,5185.9077,5190.0725,5185.0529,5187.8247,214
2023-08-24T01:45:00.000Z,5187.8247,5188.363,5187.0754,5188.1555,224
2023-08-24T01:46:00.000Z,5188.1555,5188.1555,5180.6423,5182.3044,731
2023-08-24T01:47:00.000Z,5182.3044,5185.2912,5182.097,5185.2912,408
2023-08-24T01:48:00.000Z,5185.2912,5185.6416,5183.0313,5183.7806,330
2023-08-24T01:49:00.000Z,5183.7806,5183.7806,5180.3179,5182.0275,458
2023-08-24T01:50:00.000Z,5182.0275,5183.6316,5180.2484,5181.6842,291
2023-08-24T01:51:00.000Z,5181.6842,5181.6842,5176.9044,5177.7827,417
2023-08-24T01:52:00.000Z,5177.7827,5181.9844,5176.2842,5181.9844,495
2023-08-24T01:53:00.000Z,5181.9844,5186.5821,5180.5537,5185.0835,668
2023-08-24T01:54:00.000Z,5185.0835,5186.7111,5182.4747,5182.4747,469
2023-08-24T01:55:00.000Z,5182.4747,5183.435,5180.0254,5182.2732,261
2023-08-24T01:56:00.000Z,5182.2732,5183.2807,5181.5579,5182.3072,129
2023-08-24T01:57:00.000Z,5182.3072,5182.4127,5178.9671,5179.6824,268
2023-08-24T01:58:00.000Z,5179.6824,5179.6824,5177.861,5177.861,86
2023-08-24T01:59:00.000Z,5177.861,5181.661,5177.2172,5180.9117,267
2023-08-24T02:00:00.000Z,5180.9117,5180.9117,5176.219,5177.4011,304
2023-08-24T02:01:00.000Z,5177.4011,5177.7515,5174.3805,5175.9344,498
2023-08-24T02:02:00.000Z,5175.9344,5180.0862,5175.9344,5180.0862,209
2023-08-24T02:03:00.000Z,5180.0862,5182.6907,5180.0862,5182.6907,302
2023-08-24T02:04:00.000Z,5182.6907,5185.1476,5182.6887,5184.2928,126
2023-08-24T02:05:00.000Z,5184.2928,5185.824,5182.8269,5183.5082,242
2023-08-24T02:06:00.000Z,5183.5082,5183.6817,5182.7589,5183.6817,105
2023-08-24T02:07:00.000Z,5183.6817,5187.5023,5183.3934,5186.8545,338
2023-08-24T02:08:00.000Z,5186.8545,5187.4983,5185.2504,5186.8545,211
2023-08-24T02:09:00.000Z,5186.8545,5186.8545,5184.6066,5185.3559,188
2023-08-24T02:10:00.000Z,5185.3559,5186.1052,5185.2504,5185.3209,41
2023-08-24T02:11:00.000Z,5185.3209,5191.7071,5185.3209,5190.1746,261
2023-08-24T02:12:00.000Z,5190.1746,5193.708,5190.1746,5192.9901,471
2023-08-24T02:13:00.000Z,5192.9901,5192.9901,5191.4236,5192.1833,215
2023-08-24T02:14:00.000Z,5192.1833,5195.4961,5191.597,5193.9975,406
2023-08-24T02:30:00.000Z,5193.2482,5194.5734,5191.42,5193.7598,388
2023-08-24T02:31:00.000Z,5193.7598,5195.5748,5189.9097,5189.9097,284
2023-08-24T02:32:00.000Z,5189.9097,5192.7426,5189.9097,5192.0273,268
2023-08-24T02:33:00.000Z,5192.0273,5193.5599,5191.1725,5192.8106,246
2023-08-24T02:34:00.000Z,5192.8106,5196.8482,5192.8106,5195.3497,288
2023-08-24T02:35:00.000Z,5195.3497,5196.2009,5192.3133,5192.4224,106
2023-08-24T02:36:00.000Z,5192.4224,5193.2396,5190.4207,5191.597,132
2023-08-24T02:37:00.000Z,5191.597,5191.597,5189.0347,5189.784,156
2023-08-24T02:38:00.000Z,5189.784,5189.784,5187.3155,5188.0648,112
2023-08-24T02:39:00.000Z,5188.0648,5190.5237,5188.0648,5189.7744,127
2023-08-24T02:40:00.000Z,5189.7744,5195.2676,5189.5231,5194.3073,228
2023-08-24T02:41:00.000Z,5194.3073,5197.5534,5193.558,5196.0548,305
2023-08-24T02:42:00.000Z,5196.0548,5199.2594,5196.0548,5198.5884,415
2023-08-24T02:43:00.000Z,5198.5884,5199.6298,5196.9974,5197.6669,217
2023-08-24T02:44:00.000Z,5197.6669,5198.6168,5196.2399,5197.0843,334
2023-08-24T02:45:00.000Z,5197.0843,5197.939,5192.507,5193.2939,418
2023-08-24T02:46:00.000Z,5193.2939,5195.6592,5192.3728,5195.5537,153
2023-08-24T02:47:00.000Z,5195.5537,5196.8712,5194.8724,5196.8712,111
2023-08-24T02:48:00.000Z,5196.8712,5199.2023,5196.8712,5199.2023,132
2023-08-24T02:49:00.000Z,5199.2023,5201.1013,5197.7876,5200.352,369
2023-08-24T02:50:00.000Z,5200.352,5201.1013,5196.2637,5196.4303,273
2023-08-24T02:51:00.000Z,5196.4303,5200.0611,5196.4303,5199.5226,198
2023-08-24T02:52:00.000Z,5199.5226,5199.7523,5198.0108,5198.8196,147
2023-08-24T02:53:00.000Z,5198.8196,5201.4623,5198.0108,5198.0108,217
2023-08-24T02:54:00.000Z,5198.0108,5198.1163,5196.5122,5198.1163,128
2023-08-24T02:55:00.000Z,5198.1163,5199.8019,5197.8629,5199.8019,161
2023-08-24T02:56:00.000Z,5199.8019,5200.6567,5198.7158,5198.9251,121
2023-08-24T02:57:00.000Z,5198.9251,5198.9251,5195.6454,5196.3947,97
2023-08-24T02:58:00.000Z,5196.3947,5197.0289,5194.0082,5194.863,241
2023-08-24T02:59:00.000Z,5194.863,5194.863,5189.276,5191.0464,531
2023-08-24T03:00:00.000Z,5191.0464,5191.0464,5187.5253,5188.2746,264
2023-08-24T03:01:00.000Z,5188.2746,5188.8985,5185.9013,5186.4396,466
2023-08-24T03:02:00.000Z,5186.4396,5187.1614,5184.5499,5184.5499,369
2023-08-24T03:03:00.000Z,5184.5499,5185.4046,5183.0513,5183.8006,204
2023-08-24T03:04:00.000Z,5183.8006,5185.1597,5181.8836,5184.3764,351
2023-08-24T03:05:00.000Z,5184.3764,5186.1915,5183.6271,5184.8499,285
2023-08-24T03:06:00.000Z,5184.8499,5184.8499,5181.3864,5181.3864,322
2023-08-24T03:07:00.000Z,5181.3864,5182.1357,5177.7021,5177.7021,425
2023-08-24T03:08:00.000Z,5177.7021,5179.5793,5176.8473,5178.6906,262
2023-08-24T03:09:00.000Z,5178.6906,5179.4398,5177.192,5178.0432,121
2023-08-24T03:10:00.000Z,5178.0432,5178.0432,5174.7679,5176.372,322
2023-08-24T03:11:00.000Z,5176.372,5177.3898,5173.1638,5176.535,351
2023-08-24T03:12:00.000Z,5176.535,5179.6473,5175.7274,5179.6473,198
2023-08-24T03:13:00.000Z,5179.6473,5180.3966,5178.2202,5179.8922,269
2023-08-24T03:14:00.000Z,5179.8922,5181.7037,5179.2484,5180.9545,172
2023-08-24T03:15:00.000Z,5180.9545,5181.7037,5180.2052,5180.5265,87
2023-08-24T03:16:00.000Z,5180.5265,5182.2021,5179.6377,5180.387,116
2023-08-24T03:17:00.000Z,5180.387,5181.2043,5177.9989,5180.2467,175
2023-08-24T03:18:00.000Z,5180.2467,5182.9846,5179.4974,5182.9506,228
2023-08-24T03:19:00.000Z,5182.9506,5182.9506,5181.241,5181.3038,98
2023-08-24T03:20:00.000Z,5181.3038,5183.6572,5181.3038,5182.9079,37
2023-08-24T03:21:00.000Z,5182.9079,5186.3681,5182.9079,5184.5599,121
2023-08-24T03:22:00.000Z,5184.5599,5186.9033,5184.3066,5186.9033,144
2023-08-24T03:23:00.000Z,5186.9033,5187.8244,5185.2533,5187.0428,82
2023-08-24T03:24:00.000Z,5187.0428,5190.4367,5186.0825,5189.6874,200
2023-08-24T03:25:00.000Z,5189.6874,5189.6874,5187.9779,5188.7272,147
2023-08-24T03:26:00.000Z,5188.7272,5188.8327,5187.9779,5188.7272,89
2023-08-24T03:27:00.000Z,5188.7272,5190.3312,5186.1288,5187.6274,330
2023-08-24T03:28:00.000Z,5187.6274,5189.2351,5187.5255,5188.4622,183
2023-08-24T03:29:00.000Z,5188.4622,5189.2115,5185.1473,5187.3716,138
2023-08-24T05:30:00.000Z,5187.3716,5191.6987,5185.6261,5186.5148,589
2023-08-24T05:31:00.000Z,5186.5148,5191.2903,5184.6666,5189.6863,365
2023-08-24T05:32:00.000Z,5189.6863,5191.3469,5188.8315,5190.4091,190
2023-08-24T05:33:00.000Z,5190.4091,5192.6488,5189.232,5189.232,472
2023-08-24T05:34:00.000Z,5189.232,5189.9813,5187.5939,5187.5939,154
2023-08-24T05:35:00.000Z,5187.5939,5188.3552,5186.7052,5186.7052,180
2023-08-24T05:36:00.000Z,5186.7052,5188.999,5185.7908,5188.1119,304
2023-08-24T05:37:00.000Z,5188.1119,5188.8612,5181.8454,5181.8454,239
2023-08-24T05:38:00.000Z,5181.8454,5181.8454,5178.5457,5179.9306,370
2023-08-24T05:39:00.000Z,5179.9306,5180.8901,5178.3265,5180.7846,234
2023-08-24T05:40:00.000Z,5180.7846,5183.2194,5179.9187,5183.2194,259
2023-08-24T05:41:00.000Z,5183.2194,5185.5056,5183.2194,5185.5056,261
2023-08-24T05:42:00.000Z,5185.5056,5186.5733,5184.8166,5185.7769,395
2023-08-24T05:43:00.000Z,5185.7769,5185.7769,5181.9683,5182.1209,255
2023-08-24T05:44:00.000Z,5182.1209,5182.1209,5179.4283,5179.4283,212
2023-08-24T05:45:00.000Z,5179.4283,5179.4283,5176.8813,5177.7361,164
2023-08-24T05:46:00.000Z,5177.7361,5178.4854,5174.7598,5174.7598,311
2023-08-24T05:47:00.000Z,5174.7598,5177.1131,5174.6543,5177.1123,333
2023-08-24T05:48:00.000Z,5177.1123,5177.1783,5174.3868,5175.2416,231
2023-08-24T05:49:00.000Z,5175.2416,5179.4137,5175.2416,5179.4137,220
2023-08-24T05:50:00.000Z,5179.4137,5181.3274,5178.8685,5181.3274,272
2023-08-24T05:51:00.000Z,5181.3274,5182.0767,5179.5837,5182.0114,213
2023-08-24T05:52:00.000Z,5182.0114,5184.9015,5179.9889,5184.9015,281
2023-08-24T05:53:00.000Z,5184.9015,5185.0899,5181.0225,5181.0225,268
2023-08-24T05:54:00.000Z,5181.0225,5181.7278,5178.4254,5179.9867,359
2023-08-24T05:55:00.000Z,5179.9867,5181.6467,5179.7757,5180.6898,249
2023-08-24T05:56:00.000Z,5180.6898,5180.7349,5179.7882,5179.8598,95
2023-08-24T05:57:00.000Z,5179.8598,5182.3866,5179.8598,5181.6033,166
2023-08-24T05:58:00.000Z,5181.6033,5181.6033,5177.8929,5180.5044,306
2023-08-24T05:59:00.000Z,5180.5044,5189.5002,5180.5044,5188.7509,612
2023-08-24T06:00:00.000Z,5188.7509,5191.719,5187.1761,5189.5182,654
2023-08-24T06:01:00.000Z,5189.5182,5191.5209,5188.7689,5190.7952,434
2023-08-24T06:02:00.000Z,5190.7952,5194.442,5190.7952,5193.7267,604
2023-08-24T06:03:00.000Z,5193.7267,5193.7267,5191.615,5191.615,218
2023-08-24T06:04:00.000Z,5191.615,5191.615,5183.5718,5183.8261,500
2023-08-24T06:05:00.000Z,5183.8261,5184.6809,5183.0428,5183.7921,210
2023-08-24T06:06:00.000Z,5183.7921,5183.7921,5179.7035,5180.4867,331
2023-08-24T06:07:00.000Z,5180.4867,5183.7183,5178.1098,5183.0569,239
2023-08-24T06:08:00.000Z,5183.0569,5183.4976,5183.0569,5183.4976,55
2023-08-24T06:09:00.000Z,5183.4976,5185.797,5183.4976,5184.0315,95
2023-08-24T06:10:00.000Z,5184.0315,5185.5301,5183.2307,5184.7329,141
2023-08-24T06:11:00.000Z,5184.7329,5185.4822,5182.0754,5182.8963,140
2023-08-24T06:12:00.000Z,5182.8963,5182.8963,5181.8103,5181.8103,89
2023-08-24T06:13:00.000Z,5181.8103,5181.8103,5180.932,5180.932,107
2023-08-24T06:14:00.000Z,5180.932,5180.932,5179.1078,5179.8571,77
2023-08-24T06:15:00.000Z,5179.8571,5179.9626,5175.1314,5175.1314,298
2023-08-24T06:16:00.000Z,5175.1314,5179.2283,5175.1314,5179.1228,180
2023-08-24T06:17:00.000Z,5179.1228,5183.2293,5179.1228,5180.468,357
2023-08-24T06:18:00.000Z,5180.468,5181.2173,5178.8639,5178.8639,156
2023-08-24T06:19:00.000Z,5178.8639,5178.8639,5176.2287,5176.3342,98
2023-08-24T06:20:00.000Z,5176.3342,5178.0438,5176.3342,5177.0835,110
2023-08-24T06:21:00.000Z,5177.0835,5178.7956,5177.0521,5178.6587,178
2023-08-24T06:22:00.000Z,5178.6587,5180.8482,5178.5532,5179.353,198
2023-08-24T06:23:00.000Z,5179.353,5181.7771,5178.616,5180.1557,304
2023-08-24T06:24:00.000Z,5180.1557,5180.7924,5176.6431,5178.8909,263
2023-08-24T06:25:00.000Z,5178.8909,5179.6539,5176.0504,5176.8337,412
2023-08-24T06:26:00.000Z,5176.8337,5181.6259,5176.6654,5181.6259,314
2023-08-24T06:27:00.000Z,5181.6259,5183.3355,5181.6259,5183.3355,159
2023-08-24T06:28:00.000Z,5183.3355,5185.9122,5183.3355,5183.6251,183
2023-08-24T06:29:00.000Z,5183.6251,5183.6251,5181.9155,5182.7703,125
2023-08-24T06:30:00.000Z,5182.7703,5182.8758,5180.7723,5181.5216,248
2023-08-24T06:31:00.000Z,5181.5216,5181.5216,5172.5009,5174.5471,1013
2023-08-24T06:32:00.000Z,5174.5471,5176.7597,5174.3361,5176.6307,226
2023-08-24T06:33:00.000Z,5176.6307,5179.2949,5176.5967,5179.2609,269
2023-08-24T06:34:00.000Z,5179.2609,5180.0102,5176.043,5177.2868,210
2023-08-24T06:35:00.000Z,5177.2868,5179.3098,5175.3523,5179.3098,216
2023-08-24T06:36:00.000Z,5179.3098,5181.8158,5177.1481,5177.7128,337
2023-08-24T06:37:00.000Z,5177.7128,5177.7128,5175.2288,5177.6968,240
2023-08-24T06:38:00.000Z,5177.6968,5177.7428,5174.971,5174.971,218
2023-08-24T06:39:00.000Z,5174.971,5175.8258,5171.8385,5171.944,362
2023-08-24T06:40:00.000Z,5171.944,5173.0871,5169.9845,5169.9845,535
2023-08-24T06:41:00.000Z,5169.9845,5173.1587,5169.9845,5172.4094,247
2023-08-24T06:42:00.000Z,5172.4094,5172.4094,5170.7434,5170.8489,88
2023-08-24T06:43:00.000Z,5170.8489,5171.5981,5168.1598,5168.977,311
2023-08-24T06:44:00.000Z,5168.977,5169.173,5167.6272,5169.1362,264
2023-08-24T06:45:00.000Z,5169.1362,5170.0018,5166.0778,5166.0778,377
2023-08-24T06:46:00.000Z,5166.0778,5170.0005,5166.0778,5168.4208,339
2023-08-24T06:47:00.000Z,5168.4208,5170.6407,5168.2874,5170.5933,228
2023-08-24T06:48:00.000Z,5170.5933,5170.9678,5169.2259,5169.2259,209
2023-08-24T06:49:00.000Z,5169.2259,5171.5793,5166.1744,5166.3479,411
2023-08-24T06:50:00.000Z,5166.3479,5168.6893,5165.6309,5168.0455,145
2023-08-24T06:51:00.000Z,5168.0455,5169.6085,5167.1907,5168.8592,154
2023-08-24T06:52:00.000Z,5168.8592,5170.6742,5167.2247,5167.2247,180
2023-08-24T06:53:00.000Z,5167.2247,5167.2247,5164.7295,5166.2185,319
2023-08-24T06:54:00.000Z,5166.2185,5166.2185,5162.0804,5162.8297,404
2023-08-24T06:55:00.000Z,5162.8297,5167.04,5161.7543,5167.04,509
2023-08-24T06:56:00.000Z,5167.04,5168.1277,5162.8311,5162.8311,663
2023-08-24T06:57:00.000Z,5162.8311,5163.5804,5160.3182,5161.5547,485
2023-08-24T06:58:00.000Z,5161.5547,5162.6169,5156.6378,5158.1599,629
2023-08-24T06:59:00.000Z,5158.1599,5159.5231,5153.1239,5157.4826,747
2023-08-24T13:00:00.000Z,5147.5072,5150.4447,5134.7982,5145.1296,2677
2023-08-24T13:01:00.000Z,5145.1296,5145.9283,5137.0036,5138.4176,1034
2023-08-24T13:02:00.000Z,5138.4176,5139.4111,5134.7417,5139.4111,916
2023-08-24T13:03:00.000Z,5139.4111,5146.9108,5137.9157,5145.5254,930
2023-08-24T13:04:00.000Z,5145.5254,5147.0724,5144.5436,5146.3246,492
2023-08-24T13:05:00.000Z,5146.3246,5149.9595,5145.5769,5149.2118,496
2023-08-24T13:06:00.000Z,5149.2118,5150.4651,5147.6952,5150.4651,199
2023-08-24T13:07:00.000Z,5150.4651,5153.7864,5149.7174,5153.0408,341
2023-08-24T13:08:00.000Z,5153.0408,5161.8371,5151.4283,5160.5053,992
2023-08-24T13:09:00.000Z,5160.5053,5160.6224,5157.2239,5159.6306,348
2023-08-24T13:10:00.000Z,5159.6306,5162.3345,5157.0362,5161.6312,654
2023-08-24T13:11:00.000Z,5161.6312,5162.1805,5159.3609,5160.1086,433
2023-08-24T13:12:00.000Z,5160.1086,5166.1302,5159.3609,5166.1302,432
2023-08-24T13:13:00.000Z,5166.1302,5166.1544,5162.0041,5165.4207,532
2023-08-24T13:14:00.000Z,5165.4207,5165.4207,5161.9789,5162.7266,251
2023-08-24T13:15:00.000Z,5162.7266,5168.9822,5161.9789,5167.4377,668
2023-08-24T13:16:00.000Z,5167.4377,5167.4377,5163.902,5167.2118,277
2023-08-24T13:17:00.000Z,5167.2118,5170.107,5166.4641,5170.107,285
2023-08-24T13:18:00.000Z,5170.107,5171.6084,5167.7728,5170.0442,267
2023-08-24T13:19:00.000Z,5170.0442,5171.1464,5169.2965,5170.1446,261
2023-08-24T13:20:00.000Z,5170.1446,5174.0357,5166.931,5173.288,546
2023-08-24T13:21:00.000Z,5173.288,5177.4995,5173.288,5176.1515,794
2023-08-24T13:22:00.000Z,5176.1515,5176.8428,5173.6305,5175.5289,438
2023-08-24T13:23:00.000Z,5175.5289,5180.5561,5175.4118,5179.139,506
2023-08-24T13:24:00.000Z,5179.139,5179.8868,5177.2496,5177.2827,293
2023-08-24T13:25:00.000Z,5177.2827,5179.5678,5177.2076,5178.9372,239
2023-08-24T13:26:00.000Z,5178.9372,5180.5496,5176.4473,5176.4473,364
2023-08-24T13:27:00.000Z,5176.4473,5177.195,5173.6324,5174.6143,428
2023-08-24T13:28:00.000Z,5174.6143,5179.1074,5174.6143,5178.3597,355
2023-08-24T13:29:00.000Z,5178.3597,5179.1074,5176.7109,5178.7199,201
2023-08-24T13:30:00.000Z,5178.7199,5180.8467,5173.3223,5179.9819,793
2023-08-24T13:31:00.000Z,5179.9819,5182.6486,5179.3066,5180.9677,577
2023-08-24T13:32:00.000Z,5180.9677,5182.7875,5179.4455,5179.9954,420
2023-08-24T13:33:00.000Z,5179.9954,5180.1125,5176.3154,5176.5899,389
2023-08-24T13:34:00.000Z,5176.5899,5177.7772,5174.75,5177.0295,366
2023-08-24T13:35:00.000Z,5177.0295,5180.3566,5176.1257,5177.6211,495
2023-08-24T13:36:00.000Z,5177.6211,5177.6211,5171.7397,5172.4874,568
2023-08-24T13:37:00.000Z,5172.4874,5175.1988,5170.992,5172.6974,468
2023-08-24T13:38:00.000Z,5172.6974,5174.5923,5170.9437,5173.8446,356
2023-08-24T13:39:00.000Z,5173.8446,5174.5923,5171.8939,5172.9928,185
2023-08-24T13:40:00.000Z,5172.9928,5176.8699,5172.245,5176.8699,320
2023-08-24T13:41:00.000Z,5176.8699,5186.1521,5176.8699,5186.1521,1043
2023-08-24T13:42:00.000Z,5186.1521,5186.1521,5182.4371,5184.9588,565
2023-08-24T13:43:00.000Z,5184.9588,5189.5729,5183.5804,5187.0957,658
2023-08-24T13:44:00.000Z,5187.0957,5187.8434,5184.0539,5184.8016,393
2023-08-24T13:45:00.000Z,5184.8016,5186.2971,5180.3772,5183.5691,562
2023-08-24T13:46:00.000Z,5183.5691,5186.9231,5181.8919,5185.4277,257
2023-08-24T13:47:00.000Z,5185.4277,5185.4277,5182.5646,5184.4521,314
2023-08-24T13:48:00.000Z,5184.4521,5186.1371,5184.4521,5185.2723,276
2023-08-24T13:49:00.000Z,5185.2723,5185.2723,5182.7951,5184.2905,196
2023-08-24T13:50:00.000Z,5184.2905,5191.905,5184.2905,5191.7879,1009
2023-08-24T13:51:00.000Z,5191.7879,5193.7576,5190.4802,5190.4802,913
2023-08-24T13:52:00.000Z,5190.4802,5194.3242,5189.6154,5194.1347,473
2023-08-24T13:53:00.000Z,5194.1347,5198.3568,5193.0858,5198.3568,1456
2023-08-24T13:54:00.000Z,5198.3568,5198.3568,5194.8696,5198.1188,862
2023-08-24T13:55:00.000Z,5198.1188,5201.3172,5197.371,5201.3172,1178
2023-08-24T13:56:00.000Z,5201.3172,5210.3062,5198.957,5210.3062,2246
2023-08-24T13:57:00.000Z,5210.3062,5211.8886,5207.158,5208.5019,1759
2023-08-24T13:58:00.000Z,5208.5019,5211.4829,5207.0065,5210.7352,868
2023-08-24T13:59:00.000Z,5210.7352,5213.3179,5209.339,5212.1591,805
2023-08-24T14:00:00.000Z,5212.1591,5217.8447,5210.4087,5216.1122,1466
2023-08-24T14:01:00.000Z,5216.1122,5221.0078,5214.7339,5218.5497,1610
2023-08-24T14:02:00.000Z,5218.5497,5221.261,5217.3798,5218.1275,777
2023-08-24T14:03:00.000Z,5218.1275,5218.1275,5212.9577,5215.3625,1183
2023-08-24T14:04:00.000Z,5215.3625,5219.1433,5213.4313,5219.1192,944
2023-08-24T14:05:00.000Z,5219.1192,5219.6572,5216.4323,5218.824,874
2023-08-24T14:06:00.000Z,5218.824,5219.158,5215.0709,5215.8186,484
2023-08-24T14:07:00.000Z,5215.8186,5218.4129,5215.0554,5215.0554,386
2023-08-24T14:08:00.000Z,5215.0554,5216.7342,5213.4582,5215.8694,562
2023-08-24T14:09:00.000Z,5215.8694,5216.6019,5214.0949,5215.7074,467
2023-08-24T14:10:00.000Z,5215.7074,5217.4462,5214.669,5215.4167,396
2023-08-24T14:11:00.000Z,5215.4167,5217.1548,5212.9395,5217.0378,779
2023-08-24T14:12:00.000Z,5217.0378,5219.5838,5216.257,5219.453,495
2023-08-24T14:13:00.000Z,5219.453,5225.9817,5219.3842,5224.0962,1475
2023-08-24T14:14:00.000Z,5224.0962,5224.3303,5222.6007,5223.2598,531
2023-08-24T14:15:00.000Z,5223.2598,5224.08,5221.6021,5223.0168,646
2023-08-24T14:16:00.000Z,5223.0168,5223.746,5219.9831,5223.6799,511
2023-08-24T14:17:00.000Z,5223.6799,5226.7243,5221.1633,5221.1633,1280
2023-08-24T14:18:00.000Z,5221.1633,5223.6763,5220.2616,5221.2764,729
2023-08-24T14:19:00.000Z,5221.2764,5222.7719,5220.2946,5222.5255,687
2023-08-24T14:20:00.000Z,5222.5255,5225.2842,5220.913,5222.6568,819
2023-08-24T14:21:00.000Z,5222.6568,5224.2693,5217.3343,5218.082,1404
2023-08-24T14:22:00.000Z,5218.082,5220.2844,5216.9284,5216.9284,1745
2023-08-24T14:23:00.000Z,5216.9284,5216.9972,5212.5106,5215.0614,1791
2023-08-24T14:24:00.000Z,5215.0614,5218.1006,5210.4419,5210.4419,651
2023-08-24T14:25:00.000Z,5210.4419,5213.546,5208.6305,5209.7709,668
2023-08-24T14:26:00.000Z,5209.7709,5210.5186,5206.5217,5209.0062,1059
2023-08-24T14:27:00.000Z,5209.0062,5210.6429,5208.1656,5210.0024,394
2023-08-24T14:28:00.000Z,5210.0024,5214.2607,5209.1376,5213.6631,468
2023-08-24T14:29:00.000Z,5213.6631,5214.3447,5208.517,5208.517,525
2023-08-24T14:30:00.000Z,5208.517,5208.517,5204.4236,5204.4236,861
2023-08-24T14:31:00.000Z,5204.4236,5208.8874,5204.3012,5207.3742,435
2023-08-24T14:32:00.000Z,5207.3742,5207.3742,5203.728,5203.7611,241
2023-08-24T14:33:00.000Z,5203.7611,5206.5539,5203.1788,5204.6081,492
2023-08-24T14:34:00.000Z,5204.6081,5209.3233,5203.8604,5208.3924,407
2023-08-24T14:35:00.000Z,5208.3924,5211.9214,5208.3924,5210.9574,541
2023-08-24T14:36:00.000Z,5210.9574,5212.636,5210.1436,5211.0745,399
2023-08-24T14:37:00.000Z,5211.0745,5212.3867,5209.2709,5210.1541,205
2023-08-24T14:38:00.000Z,5210.1541,5213.3613,5209.4573,5212.6136,173
2023-08-24T14:39:00.000Z,5212.6136,5213.3613,5211.257,5212.2209,296
2023-08-24T14:40:00.000Z,5212.2209,5213.9612,5211.5242,5212.9793,231
2023-08-24T14:41:00.000Z,5212.9793,5213.7271,5210.7271,5210.7271,207
2023-08-24T14:42:00.000Z,5210.7271,5213.8256,5210.7271,5213.0448,219
2023-08-24T14:43:00.000Z,5213.0448,5218.3688,5213.0118,5217.6211,563
2023-08-24T14:44:00.000Z,5217.6211,5221.1705,5217.6211,5220.3566,510
2023-08-24T14:45:00.000Z,5220.3566,5222.7902,5217.2501,5217.9978,525
2023-08-24T14:46:00.000Z,5217.9978,5222.2859,5217.9283,5220.5743,467
2023-08-24T14:47:00.000Z,5220.5743,5220.6913,5214.8101,5216.2724,342
2023-08-24T14:48:00.000Z,5216.2724,5219.4974,5216.2724,5219.4974,172
2023-08-24T14:49:00.000Z,5219.4974,5222.3978,5219.4974,5222.3978,318
2023-08-24T14:50:00.000Z,5222.3978,5222.3978,5219.0558,5219.9205,1433
2023-08-24T14:51:00.000Z,5219.9205,5220.2887,5216.0267,5216.7744,1796
2023-08-24T14:52:00.000Z,5216.7744,5218.5039,5216.0267,5218.4635,957
2023-08-24T14:53:00.000Z,5218.4635,5219.4736,5217.8328,5219.4736,231
2023-08-24T14:54:00.000Z,5219.4736,5221.3659,5218.7921,5220.6182,390
2023-08-24T14:55:00.000Z,5220.6182,5220.6182,5212.0743,5212.0743,557
2023-08-24T14:56:00.000Z,5212.0743,5217.4978,5212.0743,5217.4978,693
2023-08-24T14:57:00.000Z,5217.4978,5219.0681,5216.1034,5217.6057,427
2023-08-24T14:58:00.000Z,5217.6057,5217.6057,5212.6204,5216.677,453
2023-08-24T14:59:00.000Z,5216.677,5219.8341,5214.6234,5217.0387,813
