time,open,high,low,close,volume
2022-06-24T00:00:00.000Z,5571.7559,5574.5977,5454.0674,5466.853,79733
2022-06-24T04:00:00.000Z,5478.1377,5588.8203,5478.1377,5530.3081,47723
2022-06-24T12:00:00.000Z,5586.4102,5617.4458,5426.1401,5608.4185,118333
2022-06-27T00:00:00.000Z,5548.0376,5721.4653,5538.1206,5695.8076,76209
2022-06-27T04:00:00.000Z,5693.5254,5710.7397,5673.3154,5685.6328,26394
2022-06-27T12:00:00.000Z,5688.7808,5705.7363,5609.7671,5696.6489,74860
2022-06-28T00:00:00.000Z,5720.0762,5796.9355,5717.3486,5785.8633,64966
2022-06-28T04:00:00.000Z,5785.4082,5825.7769,5770.1226,5785.2202,35470
2022-06-28T12:00:00.000Z,5795.0923,5818.1245,5743.915,5772.4077,62972
2022-06-29T00:00:00.000Z,5809.0063,5809.0063,5689.9043,5709.8188,57994
2022-06-29T04:00:00.000Z,5708.4404,5794.8853,5708.4404,5772.1372,34493
2022-06-29T12:00:00.000Z,5828.2852,5879.2358,5796.1445,5823.2407,73453
2022-06-30T00:00:00.000Z,5750.8018,5797.7339,5695.1938,5756.3257,66328
2022-06-30T04:00:00.000Z,5748.5737,5781.7002,5731.9165,5778.9414,27353
2022-06-30T12:00:00.000Z,5768.7949,5768.7949,5647.6772,5702.3823,90510
2022-07-01T00:00:00.000Z,5710.0464,5710.0464,5608.5967,5613.3843,54570
2022-07-01T04:00:00.000Z,5607.7163,5629.3994,5588.5747,5622.6758,35154
2022-07-01T12:00:00.000Z,5681.3374,5728.1436,5641.0566,5663.1182,83117
2022-07-04T00:00:00.000Z,5660.7534,5850.5488,5595.5225,5821.6289,95431
2022-07-04T04:00:00.000Z,5828.6963,5924.1997,5812.5024,5877.2812,50691
2022-07-04T12:00:00.000Z,5902.2139,5902.2139,5815.6138,5870.2798,72726
2022-07-05T00:00:00.000Z,5887.4502,6004.9521,5858.4478,5911.1631,77559
2022-07-05T04:00:00.000Z,5912.3027,5913.5898,5854.606,5863.8867,29837
2022-07-05T12:00:00.000Z,5809.1108,5855.7598,5643.6387,5652.9565,119808
2022-07-06T00:00:00.000Z,5658.4888,5674.0425,5482.8437,5508.4502,89103
2022-07-06T04:00:00.000Z,5519.6958,5553.7329,5469.9331,5544.9272,47865
2022-07-06T12:00:00.000Z,5542.4927,5551.5571,5398.2573,5441.8799,142774
2022-07-07T00:00:00.000Z,5491.2651,5575.8599,5422.7769,5563.7563,86501
2022-07-07T04:00:00.000Z,5563.7563,5587.1719,5458.5059,5469.0547,51952
2022-07-07T12:00:00.000Z,5501.5405,5581.5518,5472.5391,5559.6792,91257
2022-07-08T00:00:00.000Z,5553.4199,5563.3604,5459.6343,5494.5542,64173
2022-07-08T04:00:00.000Z,5514.6821,5515.939,5445.623,5475.8218,37485
2022-07-08T12:00:00.000Z,5482.6035,5518.042,5357.2842,5465.6206,103451
2022-07-11T00:00:00.000Z,5490.5522,5555.7207,5384.2217,5411.6294,86289
2022-07-11T04:00:00.000Z,5399.5186,5407.1245,5309.1133,5357.4253,58192
2022-07-11T12:00:00.000Z,5327.6382,5438.8853,5290.8955,5426.251,110090
2022-07-12T00:00:00.000Z,5423.8506,5460.7114,5370.6235,5381.333,77070
2022-07-12T04:00:00.000Z,5373.8223,5419.1968,5346.1855,5393.0566,34662
2022-07-12T12:00:00.000Z,5330.7017,5362.0889,5215.0645,5215.0645,112379
2022-07-13T00:00:00.000Z,5166.064,5287.4678,5166.064,5223.9204,89020
2022-07-13T04:00:00.000Z,5222.7114,5341.1665,5205.6675,5337.5884,44658
2022-07-13T12:00:00.000Z,5280.1743,5418.4492,5255.9199,5413.1265,124807
2022-07-14T00:00:00.000Z,5387.3809,5444.1006,5335.877,5408.7319,72703
2022-07-14T04:00:00.000Z,5400.3413,5400.3413,5332.1792,5338.1948,34679
2022-07-14T12:00:00.000Z,5319.8149,5323.2212,5209.3442,5232.2183,105195
2022-07-15T00:00:00.000Z,5308.9839,5365.7524,5248.1543,5259.5635,83392
2022-07-15T04:00:00.000Z,5259.124,5262.7568,5108.5479,5114.4185,61096
2022-07-15T12:00:00.000Z,5168.2422,5236.9873,5056.2095,5217.1787,147454
2022-07-18T00:00:00.000Z,5168.3232,5315.3984,5165.395,5310.8569,85466
2022-07-18T04:00:00.000Z,5309.189,5383.7241,5299.7681,5371.8018,42084
2022-07-18T12:00:00.000Z,5383.5562,5416.8291,5353.9038,5395.9487,80654
2022-07-19T00:00:00.000Z,5400.4214,5410.6807,5303.9229,5314.4858,58918
2022-07-19T04:00:00.000Z,5312.7915,5349.3403,5282.6445,5297.8472,39012
2022-07-19T12:00:00.000Z,5244.3081,5360.5464,5181.9341,5331.7568,112586
2022-07-20T00:00:00.000Z,5350.9263,5350.9263,5273.8472,5331.9409,53353
2022-07-20T04:00:00.000Z,5318.2729,5318.2729,5205.2842,5213.0234,42883
2022-07-20T12:00:00.000Z,5200.3525,5271.7461,5167.2275,5254.6099,76549
2022-07-21T00:00:00.000Z,5238.1597,5252.3882,5162.8096,5201.4102,56789
2022-07-21T04:00:00.000Z,5195.9937,5247.5273,5173.082,5197.0581,34609
2022-07-21T12:00:00.000Z,5118.3184,5193.5259,5103.9204,5177.0967,70851
2022-07-22T00:00:00.000Z,5164.0977,5336.2446,5162.3433,5295.4321,72012
2022-07-22T04:00:00.000Z,5294.062,5319.0522,5271.3652,5295.79,30809
2022-07-22T12:00:00.000Z,5242.3638,5331.0083,5220.7378,5302.1138,70983
2022-07-25T00:00:00.000Z,5271.9321,5296.8687,5188.2212,5196.0347,58061
2022-07-25T04:00:00.000Z,5190.3853,5190.3853,5109.1792,5141.9517,34527
2022-07-25T12:00:00.000Z,5198.1582,5246.8916,5153.7456,5228.2485,81306
2022-07-26T00:00:00.000Z,5228.2485,5350.9907,5210.6548,5341.7764,75994
2022-07-26T04:00:00.000Z,5337.3003,5374.8843,5332.1621,5342.3525,27508
2022-07-26T12:00:00.000Z,5362.1333,5394.7183,5292.4316,5317.6338,65221
2022-07-27T00:00:00.000Z,5296.3721,5300.1914,5221.0952,5271.2354,52926
2022-07-27T04:00:00.000Z,5271.2354,5298.6978,5230.5215,5238.5972,24693
2022-07-27T12:00:00.000Z,5257.4585,5320.1104,5219.7241,5303.522,67195
2022-07-28T00:00:00.000Z,5313.9468,5457.96,5311.4434,5445.0693,61165
2022-07-28T04:00:00.000Z,5433.2256,5435.9082,5384.6538,5406.8535,28796
2022-07-28T12:00:00.000Z,5411.897,5426.3745,5331.0703,5357.3066,60010
2022-07-29T00:00:00.000Z,5367.9424,5392.2573,5332.2236,5338.4204,43784
2022-07-29T04:00:00.000Z,5337.353,5363.4014,5298.625,5358.1655,27932
2022-07-29T12:00:00.000Z,5383.3291,5504.0532,5381.311,5502.7881,86872
2022-08-01T00:00:00.000Z,5435.5986,5436.188,5277.0371,5279.1221,63335
2022-08-01T04:00:00.000Z,5276.1196,5304.79,5245.5371,5263.2515,34243
2022-08-01T12:00:00.000Z,5225.9062,5261.1357,5187.4072,5245.4365,66572
2022-08-02T00:00:00.000Z,5232.3999,5271.2822,5169.5884,5199.4858,45818
2022-08-02T04:00:00.000Z,5199.4858,5291.9751,5199.4858,5278.5015,27704
2022-08-02T12:00:00.000Z,5277.4482,5327.1895,5233.1631,5303.1914,75779
2022-08-03T00:00:00.000Z,5306.7349,5408.9072,5287.48,5372.8521,60428
2022-08-03T04:00:00.000Z,5373.4492,5379.3984,5343.4292,5353.2632,23882
2022-08-03T12:00:00.000Z,5406.5723,5419.7144,5303.4541,5330.2285,63794
2022-08-04T00:00:00.000Z,5308.3906,5332.8916,5260.1978,5273.7383,42622
2022-08-04T04:00:00.000Z,5274.0059,5298.8442,5233.8516,5248.1772,22282
2022-08-04T12:00:00.000Z,5253.8906,5253.8906,5171.4707,5201.0596,74959
2022-08-05T00:00:00.000Z,5184.5171,5202.2183,5095.4194,5105.3022,59103
2022-08-05T04:00:00.000Z,5106.4258,5141.478,5103.1494,5103.1494,26658
2022-08-05T12:00:00.000Z,5071.1304,5136.6562,5037.4946,5118.0308,69324
2022-08-08T00:00:00.000Z,5081.0542,5165.5869,5081.0542,5122.731,60857
2022-08-08T04:00:00.000Z,5123.8149,5164.0645,5118.9019,5126.6709,22777
2022-08-08T12:00:00.000Z,5076.5571,5156.0625,5068.7642,5111.2266,69743
2022-08-09T00:00:00.000Z,5132.4912,5179.0352,5095.2241,5122.606,50587
2022-08-09T04:00:00.000Z,5125.4834,5159.5664,5105.3169,5105.7065,30217
2022-08-09T12:00:00.000Z,5140.3076,5157.0962,5082.0791,5104.1968,56497
2022-08-10T00:00:00.000Z,5079.3652,5139.7969,5059.0029,5074.6348,52218
2022-08-10T04:00:00.000Z,5064.8394,5064.8394,4947.4473,4962.7109,74002
2022-08-10T12:00:00.000Z,4981.5156,5007.9072,4916.894,4965.2002,84979
2022-08-11T00:00:00.000Z,5012.0771,5029.9873,4960.8765,4998.6206,51332
2022-08-11T04:00:00.000Z,4990.0259,5104.6904,4983.1582,5079.979,55131
2022-08-11T12:00:00.000Z,5100.3921,5168.6367,5090.1372,5124.9893,74613
2022-08-12T00:00:00.000Z,5135.3838,5163.208,5107.7109,5143.9043,47238
2022-08-12T04:00:00.000Z,5143.9043,5198.1138,5142.5864,5193.1484,32438
2022-08-12T12:00:00.000Z,5150.9072,5173.6069,5116.623,5163.0493,59096
2022-08-15T00:00:00.000Z,5161.8911,5245.7329,5132.8535,5221.8437,60717
2022-08-15T04:00:00.000Z,5219.375,5219.8027,5186.4644,5204.4995,20748
2022-08-15T12:00:00.000Z,5122.0229,5156.6152,5090.5703,5148.502,87775
2022-08-16T00:00:00.000Z,5162.958,5195.1387,5130.0293,5150.7549,46161
2022-08-16T04:00:00.000Z,5149.8857,5181.9277,5136.1748,5160.8442,23736
2022-08-16T12:00:00.000Z,5174.9834,5174.9834,5102.3486,5104.5415,60639
2022-08-17T00:00:00.000Z,5084.7358,5124.7173,5062.0459,5112.9082,51527
2022-08-17T04:00:00.000Z,5112.6694,5122.5425,5081.4233,5097.9829,18869
2022-08-17T12:00:00.000Z,5080.1553,5196.1514,5080.1553,5168.3853,68333
2022-08-18T00:00:00.000Z,5166.7236,5261.7861,5153.2139,5258.2231,62928
2022-08-18T04:00:00.000Z,5257.9395,5286.6743,5221.4155,5227.9961,39502
2022-08-18T12:00:00.000Z,5270.9775,5303.0361,5227.8325,5286.4541,75182
2022-08-19T00:00:00.000Z,5296.3936,5299.291,5245.6753,5266.3184,37249
2022-08-19T04:00:00.000Z,5263.6289,5303.5396,5259.4141,5279.7856,32413
2022-08-19T12:00:00.000Z,5273.7432,5381.3276,5273.7432,5341.8179,80429
2022-08-22T00:00:00.000Z,5325.4058,5405.9814,5298.6333,5381.2832,64073
2022-08-22T04:00:00.000Z,5370.2495,5397.1543,5350.6533,5386.8955,29391
2022-08-22T12:00:00.000Z,5423.6841,5428.3091,5355.7744,5421.8647,69453
2022-08-23T00:00:00.000Z,5498.2153,5564.6689,5453.7769,5528.3667,67075
2022-08-23T04:00:00.000Z,5522.3584,5546.5767,5470.5137,5497.686,39701
2022-08-23T12:00:00.000Z,5510.5889,5635.9961,5481.8218,5586.9893,84122
2022-08-24T00:00:00.000Z,5584.4385,5653.2383,5547.9731,5630.9492,55101
2022-08-24T04:00:00.000Z,5630.3437,5655.6689,5617.4771,5648.9819,32798
2022-08-24T12:00:00.000Z,5649.1479,5719.2354,5629.2886,5690.5908,83405
2022-08-25T00:00:00.000Z,5713.9395,5761.376,5685.0693,5694.2827,60365
2022-08-25T04:00:00.000Z,5693.5645,5731.8018,5681.6143,5712.7451,32107
2022-08-25T12:00:00.000Z,5686.1733,5706.1167,5649.7358,5678.0127,68489
2022-08-26T00:00:00.000Z,5657.3745,5709.9448,5644.7837,5692.271,40394
2022-08-26T04:00:00.000Z,5692.271,5703.9717,5664.874,5682.7451,23111
2022-08-26T12:00:00.000Z,5656.3237,5702.5415,5600.9004,5674.7373,82723
2022-08-29T00:00:00.000Z,5696.6255,5733.209,5653.4189,5688.4585,50561
2022-08-29T04:00:00.000Z,5689.208,5695.8574,5611.9028,5656.0049,34965
2022-08-29T12:00:00.000Z,5658.9658,5694.0278,5619.104,5663.3403,65188
2022-08-30T00:00:00.000Z,5680.2886,5721.4546,5635.8418,5682.854,60676
2022-08-30T04:00:00.000Z,5684.3413,5735.1655,5670.4507,5715.1104,35712
2022-08-30T12:00:00.000Z,5671.6582,5675.4258,5603.9766,5636.2017,82622
2022-08-31T00:00:00.000Z,5621.8618,5676.7671,5613.0142,5643.2349,44085
2022-08-31T04:00:00.000Z,5646.5688,5671.7646,5629.4023,5659.9224,27380
2022-08-31T12:00:00.000Z,5571.981,5623.8872,5545.8149,5581.5464,88113
2022-09-01T00:00:00.000Z,5554.0728,5564.3154,5446.1445,5460.3823,70724
2022-09-01T04:00:00.000Z,5454.6147,5480.2295,5440.7383,5475.1396,30902
2022-09-01T12:00:00.000Z,5469.3682,5509.1543,5443.3477,5474.7466,68460
2022-09-02T00:00:00.000Z,5486.5464,5527.103,5465.6533,5516.0151,53778
2022-09-02T04:00:00.000Z,5516.0151,5516.0151,5459.7466,5497.3286,23287
2022-09-02T12:00:00.000Z,5511.9414,5541.0762,5457.8643,5492.2163,61404
2022-09-05T00:00:00.000Z,5513.8354,5643.0771,5504.5962,5602.854,74210
2022-09-05T04:00:00.000Z,5605.4883,5624.1382,5595.8789,5613.5918,19918
2022-09-05T12:00:00.000Z,5627.4248,5627.4248,5560.5249,5574.1602,63627
2022-09-06T00:00:00.000Z,5558.3511,5581.1582,5434.7915,5480.4131,80582
2022-09-06T04:00:00.000Z,5474.7227,5529.6558,5474.7227,5529.0303,23696
2022-09-06T12:00:00.000Z,5478.9082,5503.5581,5453.4917,5492.4326,61042
2022-09-07T00:00:00.000Z,5477.1812,5493.8613,5412.2373,5423.9985,69295
2022-09-07T04:00:00.000Z,5421.6562,5441.1499,5402.2554,5436.8081,33513
2022-09-07T12:00:00.000Z,5446.2383,5475.5039,5402.1357,5462.3433,72919
2022-09-08T00:00:00.000Z,5440.396,5512.9009,5440.396,5505.4365,52461
2022-09-08T04:00:00.000Z,5507.1177,5537.1396,5461.2896,5473.1152,31039
2022-09-08T12:00:00.000Z,5455.5444,5502.0532,5450.7236,5471.1265,45049
2022-09-09T00:00:00.000Z,5483.4243,5518.5747,5438.6709,5450.9854,87523
2022-09-09T04:00:00.000Z,5454.9897,5463.6187,5433.9434,5453.9512,29463
2022-09-13T00:00:00.000Z,5525.8525,5669.1313,5478.1992,5496.7056,116214
2022-09-13T04:00:00.000Z,5496.7056,5546.6577,5495.0146,5508.6948,28347
2022-09-13T12:00:00.000Z,5487.3804,5546.9912,5487.3804,5523.7939,50538
2022-09-14T00:00:00.000Z,5535.1611,5547.8188,5455.6309,5475.4141,56906
2022-09-14T04:00:00.000Z,5467.8994,5504.5879,5462.0103,5490.0645,28908
2022-09-14T12:00:00.000Z,5503.3638,5581.0923,5501.48,5556.1353,72005
2022-09-15T00:00:00.000Z,5570.0444,5570.2051,5512.5825,5522.3047,38594
2022-09-15T04:00:00.000Z,5520.1631,5533.7856,5477.3032,5486.2773,30161
2022-09-15T12:00:00.000Z,5467.3633,5494.5947,5396.8345,5476.0962,93459
2022-09-16T00:00:00.000Z,5466.2773,5557.105,5456.1514,5533.1021,60927
2022-09-16T04:00:00.000Z,5532.6543,5541.9878,5504.0532,5517.8721,34604
2022-09-16T12:00:00.000Z,5494.5747,5533.667,5468.8828,5519.3354,91427
2022-09-19T00:00:00.000Z,5529.4395,5536.4214,5342.2559,5344.1123,110503
2022-09-19T04:00:00.000Z,5332.1553,5380.2061,5321.4253,5370.7056,42012
2022-09-19T12:00:00.000Z,5341.8857,5443.3345,5330.2744,5424.708,80013
2022-09-20T00:00:00.000Z,5442.4595,5539.583,5394.1733,5504,95217
2022-09-20T04:00:00.000Z,5503.2954,5517.1035,5480.3018,5485.2793,29751
2022-09-20T12:00:00.000Z,5501.3506,5501.3506,5409.0615,5440.1626,80121
2022-09-21T00:00:00.000Z,5435.3877,5470.2158,5369.1196,5415.9355,83099
2022-09-21T04:00:00.000Z,5416.5269,5444.9175,5383.4155,5428.0049,31761
2022-09-21T12:00:00.000Z,5411.6934,5454.3486,5350.1357,5355.6357,99879
2022-09-22T00:00:00.000Z,5344.3403,5358.1206,5258.8052,5293.2031,102289
2022-09-22T04:00:00.000Z,5287.8071,5322.7363,5284.2139,5307.7075,27642
2022-09-22T12:00:00.000Z,5319.873,5327.0322,5213.959,5215.4697,88965
2022-09-23T00:00:00.000Z,5217.3584,5233.5859,5146.2246,5172.7183,71657
2022-09-23T04:00:00.000Z,5180.4238,5205.2979,5149.0952,5153.6104,32818
2022-09-23T12:00:00.000Z,5055.2466,5182.9629,5055.2466,5176.4946,107242
2022-09-26T00:00:00.000Z,5187.8267,5187.8267,5053.8828,5086.7651,67358
2022-09-26T04:00:00.000Z,5082.9072,5085.1597,5030.5166,5034.958,32550
2022-09-26T12:00:00.000Z,5053.6982,5096.4819,5027.6138,5074.2842,65761
2022-09-27T00:00:00.000Z,5023.6631,5064.4106,4894.2783,4929.8154,93256
2022-09-27T04:00:00.000Z,4935.3755,4971.062,4932.9678,4946.2471,35214
2022-09-27T12:00:00.000Z,4957.9316,4977.1899,4930.0889,4942.0967,71321
2022-09-28T00:00:00.000Z,4934.064,4951.7075,4893.3774,4910.5747,55321
2022-09-28T04:00:00.000Z,4908.7949,4923.9697,4894.2754,4910.2061,26176
2022-09-28T12:00:00.000Z,4956.9951,4977.896,4913.7012,4943.7612,77359
2022-09-29T00:00:00.000Z,4959.4209,5025.2129,4945.6436,4961.2964,63252
2022-09-29T04:00:00.000Z,4961.2964,4967.8843,4896.3491,4931.6045,39820
2022-09-29T12:00:00.000Z,4946.2397,4962.8926,4891.2017,4900.4771,57159
2022-09-30T00:00:00.000Z,4887.603,4892.1191,4852.8794,4862.7651,53328
2022-09-30T04:00:00.000Z,4862.0508,4865.3765,4831.6074,4840.0044,40578
2022-10-10T00:00:00.000Z,5032.228,5079.5786,4953.2949,5029.6772,91802
2022-10-10T04:00:00.000Z,5028.8765,5062.2095,5022.8613,5040.5933,23903
2022-10-10T12:00:00.000Z,5038.3408,5078.9585,5035.585,5047.354,56631
2022-10-11T00:00:00.000Z,5020.7842,5060.0703,4987.5547,5054.0835,49332
2022-10-11T04:00:00.000Z,5047.9033,5088.5513,5041.1562,5072.522,34811
2022-10-11T12:00:00.000Z,5052.7456,5070.0386,5027.1621,5030.7271,56371
2022-10-12T00:00:00.000Z,5027.8535,5041.2334,4995.0547,5001.627,38354
2022-10-12T04:00:00.000Z,5001.7734,5060.7227,5000.4087,5048.8003,25236
2022-10-12T12:00:00.000Z,5027.5068,5063.5239,5020.3506,5032.23,57499
2022-10-13T00:00:00.000Z,5032.23,5041.5488,5002.8506,5029.7842,38788
2022-10-13T04:00:00.000Z,5029.7842,5048.1831,4977.3843,5004.0454,38142
2022-10-13T12:00:00.000Z,4965.4644,4965.4644,4915.3354,4942.292,69725
2022-10-14T00:00:00.000Z,4970.3706,4998.7681,4952.4189,4960.4468,40254
2022-10-14T04:00:00.000Z,4963.9541,4981.02,4949.083,4964.8086,20945
2022-10-14T12:00:00.000Z,4940.2427,4940.2427,4800.7744,4839.6274,84622
2022-10-17T00:00:00.000Z,4843.5386,4847.5225,4768.6177,4808.0679,63565
2022-10-17T04:00:00.000Z,4810.2949,4822.7363,4796.4751,4817.0669,21861
2022-10-17T12:00:00.000Z,4819.0366,4829.6841,4787.9854,4795.7476,47021
2022-10-18T00:00:00.000Z,4790.2612,4858.7148,4770.4048,4841.8188,52559
2022-10-18T04:00:00.000Z,4849.8452,4913.6289,4845.7388,4912.8984,42356
2022-10-18T12:00:00.000Z,4885.0884,4921.9995,4877.2456,4902.3511,71801
2022-10-19T00:00:00.000Z,4915.9199,4964.4326,4887.9312,4937.3638,55120
2022-10-19T04:00:00.000Z,4930.6597,4973.2344,4928.1846,4968.6938,30706
2022-10-19T12:00:00.000Z,4972.5308,5037.4663,4934.1895,5024.6328,75369
2022-10-20T00:00:00.000Z,5040.8457,5062.3091,5025.7983,5055.3267,43411
2022-10-20T04:00:00.000Z,5062.4146,5079.1484,5032.0322,5039.5288,32735
2022-10-20T12:00:00.000Z,5017.2192,5065.4702,5014.3403,5041.7002,64971
2022-10-21T00:00:00.000Z,5024.1826,5036.252,4922.29,4930.2075,80693
2022-10-21T04:00:00.000Z,4931.9687,4938.0122,4899.7739,4923.0132,35031
2022-10-21T12:00:00.000Z,4907.9033,5018.0103,4906.0693,5004.3091,84288
2022-10-24T00:00:00.000Z,5018.9609,5030.1411,4969.3354,4987.2529,53076
2022-10-24T04:00:00.000Z,4983.7549,5010.147,4972.8042,4998.5688,27271
2022-10-24T12:00:00.000Z,4965.1074,5009.7285,4935.7222,4984.4043,85331
2022-10-25T00:00:00.000Z,4985.1167,4990.9897,4913.1377,4957.0435,58611
2022-10-25T04:00:00.000Z,4950.7749,4992.8618,4950.0908,4985.1089,29813
2022-10-25T12:00:00.000Z,4975.5967,5075.5488,4972.9019,5071.98,91256
2022-10-26T00:00:00.000Z,5060.6138,5122.4687,5044.2212,5104.7627,52787
2022-10-26T04:00:00.000Z,5104.4316,5117.1494,5078.5059,5086.7515,30304
2022-10-26T12:00:00.000Z,5107.1436,5123.0654,5062.9736,5112.6416,64511
2022-10-27T00:00:00.000Z,5112.7544,5150.3281,5110.917,5117.6367,42495
2022-10-27T04:00:00.000Z,5115.1182,5125.9365,5090.084,5118.4531,23436
2022-10-27T12:00:00.000Z,5150.1191,5193.6685,5118.7402,5173.3906,79945
2022-10-28T00:00:00.000Z,5163.8994,5167.1782,5110.5713,5128.7334,44731
2022-10-28T04:00:00.000Z,5126.2114,5143.0317,5095.2544,5127.4199,27052
2022-10-28T12:00:00.000Z,5138.3804,5177.1475,5117.8711,5157.0928,70521
2022-10-31T00:00:00.000Z,5158.4229,5221.1299,5053.811,5085.1543,80692
2022-10-31T04:00:00.000Z,5084.9814,5102.6509,5070.9048,5099.2808,22322
2022-10-31T12:00:00.000Z,5079.7144,5165.376,5012.2119,5145.3022,108035
2022-11-01T00:00:00.000Z,5128.1777,5161.9453,5076.2583,5099.0933,59197
2022-11-01T04:00:00.000Z,5101.5449,5197.958,5095.519,5191.8276,38019
2022-11-01T12:00:00.000Z,5224.3516,5244.3604,5170.46,5211.9077,73762
2022-11-02T00:00:00.000Z,5217.397,5282.6948,5192.9517,5275.8403,57997
2022-11-02T04:00:00.000Z,5278.8003,5292.2988,5244.9741,5260.1245,28017
2022-11-02T12:00:00.000Z,5253.0654,5288.8628,5233.855,5286.0513,75847
2022-11-03T00:00:00.000Z,5284.8354,5308.9272,5257.9028,5280.75,50939
2022-11-03T04:00:00.000Z,5278.8633,5284.1255,5246.1401,5258.7183,20188
2022-11-03T12:00:00.000Z,5213.1987,5219.7041,5135.0415,5167.0361,95010
2022-11-04T00:00:00.000Z,5153.6938,5246.6738,5150.0396,5241.144,49455
2022-11-04T04:00:00.000Z,5256.4355,5287.835,5217.6836,5250.9648,44181
2022-11-04T12:00:00.000Z,5286.5107,5291.2056,5164.7881,5182.8354,77146
2022-11-07T00:00:00.000Z,5187.3311,5195.6851,5145.7295,5172.1016,50501
2022-11-07T04:00:00.000Z,5175.8364,5205.8545,5164.5513,5168.8604,27403
2022-11-07T12:00:00.000Z,5174.0088,5203.5605,5113.7251,5120.2876,72830
2022-11-08T00:00:00.000Z,5118.5562,5202.6255,5090.5488,5174.791,63068
2022-11-08T04:00:00.000Z,5172.8022,5198.5439,5153.5117,5194.3149,24159
2022-11-08T12:00:00.000Z,5189.2793,5196.8545,5129.7759,5168.7183,69898
2022-11-09T00:00:00.000Z,5138.5425,5202.5161,5133.5396,5166.1221,46452
2022-11-09T04:00:00.000Z,5164.1348,5166.1221,5105.9985,5153.0786,44928
2022-11-09T12:00:00.000Z,5125.2642,5167.9033,5120.1572,5153.0742,51286
2022-11-10T00:00:00.000Z,5135.8838,5176.9614,5116.8433,5137.5474,52865
2022-11-10T04:00:00.000Z,5136.4023,5142.9004,5051.6768,5095.1934,50129
2022-11-10T12:00:00.000Z,5093.8804,5143.2251,5078.5322,5093.3755,60386
2022-11-11T00:00:00.000Z,5110.0239,5197.4209,5101.3701,5116.3423,75916
2022-11-11T04:00:00.000Z,5119.627,5185.979,5117.4844,5147.731,36988
2022-11-11T12:00:00.000Z,5161.8745,5169.0972,5093.0444,5095.0532,69309
2022-11-14T00:00:00.000Z,5115.9126,5123.2446,5000.3271,5003.2651,93066
2022-11-14T04:00:00.000Z,5000.6523,5025.2773,4997.2407,5016.6377,29211
2022-11-14T12:00:00.000Z,5003.6313,5034.9004,4994.314,5000.6382,63093
2022-11-15T00:00:00.000Z,4970.5972,5070.3442,4957.7881,5058.1885,61187
2022-11-15T04:00:00.000Z,5055.7808,5058.1069,5023.8853,5032.917,24384
2022-11-15T12:00:00.000Z,5013.6675,5029.5415,4926.3838,4928.1841,83458
2022-11-16T00:00:00.000Z,4959.5698,4968.6294,4883.4907,4889.6079,61448
2022-11-16T04:00:00.000Z,4888.7959,4916.4727,4887.7187,4904.6328,40689
2022-11-16T12:00:00.000Z,4909.6953,4926.5967,4894.1235,4902.937,57973
2022-11-17T00:00:00.000Z,4914.5356,4923.8188,4887.8091,4912.2529,45047
2022-11-17T04:00:00.000Z,4912.2529,4920.8579,4897.085,4905.3892,19087
2022-11-17T12:00:00.000Z,4916.6284,4937.3745,4855.2686,4875.7856,73435
2022-11-18T00:00:00.000Z,4864.4624,4891.8223,4860.5176,4890.812,35237
2022-11-18T04:00:00.000Z,4888.8115,4889.1523,4821.4365,4871.1606,36475
2022-11-18T12:00:00.000Z,4842.7827,4869.0967,4822.2583,4826.9946,60435
2022-11-21T00:00:00.000Z,4842.8242,4885.6104,4808.7979,4840.7241,62102
2022-11-21T04:00:00.000Z,4842.7656,4867.0503,4834.6206,4843.0801,20563
2022-11-21T12:00:00.000Z,4842.6958,4875.0815,4790.1665,4811.9302,63763
2022-11-22T00:00:00.000Z,4861.3916,4887.0269,4816.1084,4848.106,44956
2022-11-22T04:00:00.000Z,4848.6328,4872.2246,4841.6909,4861.1636,23752
2022-11-22T12:00:00.000Z,4878.3086,4913.0786,4861.7046,4880.1372,65977
2022-11-23T00:00:00.000Z,4880.1372,4900.0308,4837.6562,4863.8037,35441
2022-11-23T04:00:00.000Z,4863.8037,4878.6899,4852.5396,4859.1338,19808
2022-11-23T12:00:00.000Z,4822.9253,4828.1978,4756.0088,4764.9971,74831
2022-11-24T00:00:00.000Z,4774.1172,4805.3413,4745.1509,4787.9102,45443
2022-11-24T04:00:00.000Z,4787.3115,4788.5532,4748.8076,4762.0562,24731
2022-11-24T12:00:00.000Z,4770.0547,4777.6899,4706.0601,4717.3164,43774
2022-11-25T00:00:00.000Z,4728.7021,4750.5859,4717.1558,4733.041,30172
2022-11-25T04:00:00.000Z,4735.9629,4828.9365,4729.9727,4827.7769,49471
2022-11-25T12:00:00.000Z,4841.7544,4843.9497,4788.6611,4802.5332,42900
2022-11-28T00:00:00.000Z,4773.6738,4798.6343,4725.6509,4770.1001,52744
2022-11-28T04:00:00.000Z,4765.249,4775.4678,4747.4106,4768.4048,22934
2022-11-28T12:00:00.000Z,4757.8481,4757.8481,4724.7344,4736.1592,42064
2022-11-29T00:00:00.000Z,4754.834,4838.0103,4746.0093,4835.0688,55457
2022-11-29T04:00:00.000Z,4858.1606,4858.1606,4747.3779,4757.958,47328
2022-11-29T12:00:00.000Z,4750.2354,4776.939,4744.019,4749.3281,42000
2022-11-30T00:00:00.000Z,4749.3281,4766.5166,4732.7798,4739.0591,28644
2022-11-30T04:00:00.000Z,4742.3286,4806.3164,4721.9648,4804.04,52781
2022-11-30T12:00:00.000Z,4810.9912,4868.9106,4779.6948,4862.6406,76473
2022-12-01T00:00:00.000Z,4863.2896,4887.5391,4854.2563,4885.3877,42015
2022-12-01T04:00:00.000Z,4884.0015,4905.6719,4875.8525,4878.2363,28953
2022-12-01T12:00:00.000Z,4888.8037,4913.3931,4867.7856,4877.8179,50873
2022-12-02T00:00:00.000Z,4858.5889,4887.9844,4828.915,4874.1143,40127
2022-12-02T04:00:00.000Z,4872.2827,4877.1235,4847.8867,4852.7021,18042
2022-12-02T12:00:00.000Z,4829.1968,4833.5791,4756.3867,4765.3145,76680
2022-12-05T00:00:00.000Z,4770.0835,4779.6689,4691.4482,4696.8062,69107
2022-12-05T04:00:00.000Z,4696.9131,4705.5615,4674.9702,4688.0513,32371
2022-12-05T12:00:00.000Z,4695.9956,4717.2246,4674.6479,4680.5117,56699
2022-12-06T00:00:00.000Z,4638.8223,4658.0708,4573.1367,4629.731,57011
2022-12-06T04:00:00.000Z,4626.5728,4628.6714,4596.4653,4621.0601,26071
2022-12-06T12:00:00.000Z,4599.8672,4643.459,4591.6602,4622.6318,46821
2022-12-07T00:00:00.000Z,4605.0322,4623.5312,4576.1309,4594.769,33393
2022-12-07T04:00:00.000Z,4599.5601,4607.8828,4576.0723,4583.3003,23658
2022-12-07T12:00:00.000Z,4602.0352,4626.1143,4572.8291,4602.9731,58546
2022-12-08T00:00:00.000Z,4578.332,4609.8984,4569.0068,4592.7363,36304
2022-12-08T04:00:00.000Z,4592.1558,4595.9937,4561.8184,4579.1597,24529
2022-12-08T12:00:00.000Z,4598.0352,4629.1445,4580.2026,4580.6729,56388
2022-12-09T00:00:00.000Z,4563.3452,4606.833,4563.0361,4595.147,33983
2022-12-09T04:00:00.000Z,4595.147,4602.2764,4546.4058,4580.9556,32783
2022-12-09T12:00:00.000Z,4578.8354,4617.8667,4577.603,4588.2432,53614
2022-12-12T00:00:00.000Z,4597.5303,4615.0273,4384.1421,4398.0483,107437
2022-12-12T04:00:00.000Z,4398.0605,4413.686,4364.7056,4381.7925,39812
2022-12-12T12:00:00.000Z,4375.4795,4457.6797,4364.0361,4443.124,65177
2022-12-13T00:00:00.000Z,4448.1025,4547.1328,4446.3564,4542.4868,62383
2022-12-13T04:00:00.000Z,4545.8584,4553.7236,4525.9033,4543.9072,30247
2022-12-13T12:00:00.000Z,4538.0854,4566.9932,4512.3491,4548.9229,53791
2022-12-14T00:00:00.000Z,4544.0068,4584.9277,4537.8511,4582.3647,28162
2022-12-14T04:00:00.000Z,4582.3647,4585.8643,4521.4927,4528.9312,24188
2022-12-14T12:00:00.000Z,4544.0884,4559.1328,4520.7222,4543.6685,42377
2022-12-15T00:00:00.000Z,4552.2026,4580.1392,4412.0811,4492.3052,99470
2022-12-15T04:00:00.000Z,4491.2563,4535.439,4477.5571,4511.3862,35110
2022-12-15T12:00:00.000Z,4510.7114,4537.0312,4446.9863,4454.6519,80918
2022-12-16T00:00:00.000Z,4450.8096,4472.0332,4428.1279,4435.8594,47606
2022-12-16T04:00:00.000Z,4432.603,4488.3159,4420.2461,4459.0151,27123
2022-12-16T12:00:00.000Z,4439.3364,4470.23,4430.8848,4435.9238,52286
2022-12-19T00:00:00.000Z,4447.7236,4473.3481,4384.0928,4415.6299,70573
2022-12-19T04:00:00.000Z,4414.4272,4420.2744,4373.6836,4383.1816,31886
2022-12-19T12:00:00.000Z,4378.5898,4431.8799,4372.8564,4395.1313,61200
2022-12-20T00:00:00.000Z,4394.165,4442.833,4376.2788,4392.5669,53293
2022-12-20T04:00:00.000Z,4387.0396,4400.8584,4377.9336,4394.3608,19396
2022-12-20T12:00:00.000Z,4387.8984,4389.3105,4307.0806,4316.209,108581
2022-12-21T00:00:00.000Z,4318.9951,4387.8706,4318.106,4332.3013,67054
2022-12-21T04:00:00.000Z,4328.29,4357.7212,4325.7939,4350.6772,30169
2022-12-21T12:00:00.000Z,4350.3354,4368.3784,4328.5254,4340.4609,55906
2022-12-22T00:00:00.000Z,4349.9966,4373.5698,4323.8242,4342.791,49352
2022-12-22T04:00:00.000Z,4343.1016,4354.7554,4315.8633,4323.4155,32034
2022-12-22T12:00:00.000Z,4333.2173,4347.9248,4309.3809,4312.4746,50403
2022-12-23T00:00:00.000Z,4310.3481,4349.0537,4258.439,4344.6328,79071
2022-12-23T04:00:00.000Z,4346.5615,4373.0576,4325.8472,4334.7988,45126
2022-12-23T12:00:00.000Z,4331.8291,4354.0029,4308.7256,4313.2251,55784
2022-12-26T00:00:00.000Z,4312.7559,4365.9072,4312.7559,4337.7764,57406
2022-12-26T04:00:00.000Z,4338.2974,4355.5981,4335.9219,4350.7046,19714
2022-12-26T12:00:00.000Z,4343.0317,4393.7432,4340.0649,4376.3833,55101
2022-12-27T00:00:00.000Z,4381.7773,4404.6562,4365.2578,4394.7993,40815
2022-12-27T04:00:00.000Z,4395.3462,4407.0513,4375.8003,4395.8618,23709
2022-12-27T12:00:00.000Z,4396.2695,4397.7363,4340.2529,4342.8267,53975
2022-12-28T00:00:00.000Z,4346.1802,4353.9165,4295.0527,4310.8052,56214
2022-12-28T04:00:00.000Z,4310.1553,4322.1714,4304.2583,4314.7676,19929
2022-12-28T12:00:00.000Z,4310.0435,4327.4502,4272.4146,4282.252,47383
2022-12-29T00:00:00.000Z,4283.7876,4302.8545,4250.2095,4260.3672,43507
2022-12-29T04:00:00.000Z,4260.1753,4275.731,4246.5005,4268.7725,26258
2022-12-29T12:00:00.000Z,4264.4365,4274.4292,4245.582,4247.0166,41593
2022-12-30T00:00:00.000Z,4253.793,4259.6592,4213.458,4226.0146,50001
2022-12-30T04:00:00.000Z,4223.1753,4256.4443,4214.8486,4252.6689,43640
2023-01-03T00:00:00.000Z,4263.1753,4337.6948,4214.8164,4329.6309,90063
2023-01-03T04:00:00.000Z,4328.8447,4338.2896,4310.5864,4328.7759,33056
2023-01-03T12:00:00.000Z,4336.2485,4353.71,4316.7842,4328.6445,46774
2023-01-04T00:00:00.000Z,4305.354,4357.9751,4291.3267,4329.543,49098
2023-01-04T04:00:00.000Z,4328.4995,4333.207,4291.6265,4304.9873,33041
2023-01-04T12:00:00.000Z,4287.6514,4305.3149,4253.1128,4255.6465,53360
2023-01-05T00:00:00.000Z,4250.6133,4261.1553,4172.8359,4179.4014,57104
2023-01-05T04:00:00.000Z,4184.0566,4275.3003,4182.7217,4270.2432,54054
2023-01-05T12:00:00.000Z,4265.2695,4276.2881,4214.2393,4220.2339,57974
2023-01-06T00:00:00.000Z,4225.126,4246.2856,4210.5015,4237.9258,39452
2023-01-06T04:00:00.000Z,4233.2446,4255.3931,4224.1987,4237.1172,24583
2023-01-06T12:00:00.000Z,4225.7808,4246.6143,4212.311,4226.8799,42510
2023-01-09T00:00:00.000Z,4235.8843,4298.543,4230.7319,4272.7104,61192
2023-01-09T04:00:00.000Z,4274.2046,4292.29,4274.2046,4279.5371,22563
2023-01-09T12:00:00.000Z,4297.1597,4350.9585,4285.5518,4345.7339,72950
2023-01-10T00:00:00.000Z,4331.1948,4424.7593,4313.7969,4420.9351,74541
2023-01-10T04:00:00.000Z,4422.3105,4425.9346,4381.1055,4397.0229,43105
2023-01-10T12:00:00.000Z,4400.2354,4408.2983,4379.5234,4401.8921,49220
2023-01-11T00:00:00.000Z,4401.0054,4445.4907,4390.7476,4441.4399,39586
2023-01-11T04:00:00.000Z,4441.541,4463.9556,4410.9663,4422.9307,47634
2023-01-11T12:00:00.000Z,4434.708,4483.7456,4417.665,4468.0923,66119
2023-01-12T00:00:00.000Z,4474.1289,4503.6294,4464.4092,4493.1533,38672
2023-01-12T04:00:00.000Z,4492.813,4510.2954,4491.5552,4503.4995,21498
2023-01-12T12:00:00.000Z,4525.7529,4538.9473,4495.4653,4524.3862,68592
2023-01-13T00:00:00.000Z,4526.3823,4586.04,4526.3823,4578.7134,65004
2023-01-13T04:00:00.000Z,4577.6738,4587.2397,4545.0449,4564.1221,33464
2023-01-13T12:00:00.000Z,4538.6411,4540.9233,4458.3896,4468.3848,62822
2023-01-16T00:00:00.000Z,4483.1143,4591.2295,4449.7661,4585.3545,67543
2023-01-16T04:00:00.000Z,4584.3018,4620.3267,4561.4077,4574.3447,43509
2023-01-16T12:00:00.000Z,4574.2432,4620.0786,4570.189,4574.0439,53861
2023-01-17T00:00:00.000Z,4572.7622,4599.4053,4552.9331,4573.0356,39489
2023-01-17T04:00:00.000Z,4572.7104,4597.3735,4572.7104,4589.1973,21579
2023-01-17T12:00:00.000Z,4601.1226,4662.3037,4601.1226,4652.7681,50544
2023-01-18T00:00:00.000Z,4652.1294,4671.5601,4614.252,4668.0747,52288
2023-01-18T04:00:00.000Z,4668.0747,4688.0547,4665.3604,4683.3872,20640
2023-01-18T12:00:00.000Z,4695.7534,4813.5425,4694.0117,4809.4927,68750
2023-01-19T00:00:00.000Z,4774.9209,4835.9321,4736.2812,4818.7798,54982
2023-01-19T04:00:00.000Z,4817.5605,4829.6846,4800.6626,4816.0127,27105
2023-01-19T12:00:00.000Z,4807.6318,4838.9624,4782.7939,4821.207,35000
2023-01-20T00:00:00.000Z,4825.7861,4895.938,4824.6758,4888.041,32309
2023-01-20T04:00:00.000Z,4888.4805,4945.1934,4886.6934,4942.689,35225
2023-01-30T00:00:00.000Z,5198.5918,5198.5918,5078.521,5151.6406,88934
2023-01-30T04:00:00.000Z,5144.8926,5154.939,5123.793,5141.5781,23598
2023-01-30T12:00:00.000Z,5163.4912,5194.0474,5140.4756,5191.1699,55315
2023-01-31T00:00:00.000Z,5185.7725,5206.0078,5147.3608,5160.5024,53671
2023-01-31T04:00:00.000Z,5159.3906,5170.729,5119.5132,5153.0396,42557
2023-01-31T12:00:00.000Z,5114.0737,5120.2842,4962.8477,4991.4629,112389
2023-02-01T00:00:00.000Z,5003.5195,5062.8638,4974.8179,5043.9199,55794
2023-02-01T04:00:00.000Z,5044.4687,5062.9443,5028.6758,5061.4551,23591
2023-02-01T12:00:00.000Z,5056.7437,5056.7437,4987.207,5007.876,63616
2023-02-02T00:00:00.000Z,4989.1519,5055.5532,4978.2476,5007.1855,63990
2023-02-02T04:00:00.000Z,5006.6616,5018.311,4947.3872,4958.5132,42883
2023-02-02T12:00:00.000Z,4925.1323,4927.8726,4868.7236,4893.0576,108959
2023-02-03T00:00:00.000Z,4895.4409,4925.0264,4830.2949,4881.4531,64251
2023-02-03T04:00:00.000Z,4879.8994,4931.9897,4860.208,4930.9883,26796
2023-02-03T12:00:00.000Z,4941.6753,5065.6089,4941.6753,5055.0459,82091
2023-02-06T00:00:00.000Z,4992.2891,5021.6929,4931.4629,4963.8501,82005
2023-02-06T04:00:00.000Z,4963.8501,4971.3892,4932.0718,4959.1343,26422
2023-02-06T12:00:00.000Z,4957.7217,4981.6401,4929.396,4939.6694,47668
2023-02-07T00:00:00.000Z,4955.6235,4969.5518,4835.7222,4854.3789,85326
2023-02-07T04:00:00.000Z,4853.9028,4880.6353,4825.9243,4856.2261,39557
2023-02-07T12:00:00.000Z,4850.6665,4870.9297,4796.1943,4806.8359,59095
2023-02-08T00:00:00.000Z,4842.1602,4919.5469,4822.6792,4884.3062,74737
2023-02-08T04:00:00.000Z,4885.2109,4925.1763,4869.6509,4916.4546,45751
2023-02-08T12:00:00.000Z,4905.3633,4906.855,4836.5884,4858.6016,76358
2023-02-09T00:00:00.000Z,4864.7939,4919.1348,4860.3096,4893.5464,47709
2023-02-09T04:00:00.000Z,4894.9214,4909.9663,4881.1919,4901.167,26310
2023-02-09T12:00:00.000Z,4927.3701,4973.7817,4899.4663,4911.8384,91055
2023-02-10T00:00:00.000Z,4914.3662,4934.2529,4877.2725,4900.106,48896
2023-02-10T04:00:00.000Z,4900.0825,4921.6582,4864.6133,4911.752,50707
2023-02-10T12:00:00.000Z,4956.2598,5018.1577,4956.2598,4997.9155,81362
2023-02-13T00:00:00.000Z,4999.8833,5019.1221,4930.1523,4936.5264,59465
2023-02-13T04:00:00.000Z,4935.6899,4945.187,4907.0771,4910.499,30507
2023-02-13T12:00:00.000Z,4929.7778,4954.4238,4838.6484,4856.6602,90489
2023-02-14T00:00:00.000Z,4861.876,4867.5454,4814.9043,4831.4248,58349
2023-02-14T04:00:00.000Z,4832.1572,4852.4946,4819.3057,4840.5518,24342
2023-02-14T12:00:00.000Z,4819.7383,4821.5977,4739.1968,4748.2695,98870
2023-02-15T00:00:00.000Z,4751.209,4790.3203,4741.064,4752.4795,51654
2023-02-15T04:00:00.000Z,4744.6377,4752.9805,4729.1201,4741.9927,27609
2023-02-15T12:00:00.000Z,4776.6123,4794.5776,4769.2954,4770.5537,49531
2023-02-16T00:00:00.000Z,4781.5654,4826.0176,4771.9175,4808.0913,65426
2023-02-16T04:00:00.000Z,4810.6396,4835.1577,4802.2847,4819.0918,30481
2023-02-16T12:00:00.000Z,4842.9497,4908.5107,4842.9497,4896.1909,61141
2023-02-17T00:00:00.000Z,4890.5518,4942.478,4869.5908,4901.9375,53069
2023-02-17T04:00:00.000Z,4896.7109,4898.6772,4824.728,4866.3984,53609
2023-02-17T12:00:00.000Z,4856.5757,4856.5757,4792.9541,4829.8569,75197
2023-02-20T00:00:00.000Z,4840.9658,4856.5518,4794.9038,4814.5552,58099
2023-02-20T04:00:00.000Z,4813.8813,4848.6406,4807.0049,4847.5146,39076
2023-02-20T12:00:00.000Z,4873.666,4947.6636,4860.5728,4898.7427,74103
2023-02-21T00:00:00.000Z,4900.6167,4916.9473,4874.1929,4915.1382,51095
2023-02-21T04:00:00.000Z,4916.0752,4921.77,4885.9775,4897.4858,23300
2023-02-21T12:00:00.000Z,4916.1152,4941.0923,4890.04,4905.146,55817
2023-02-22T00:00:00.000Z,4904.7397,4917.3057,4867.4883,4909.6016,50093
2023-02-22T04:00:00.000Z,4904.0425,4922.2075,4895.7993,4898.4565,24973
2023-02-22T12:00:00.000Z,4919.5967,4927.5366,4845.499,4862.5439,77209
2023-02-23T00:00:00.000Z,4840.3027,4859.1602,4803.1118,4817.7954,66227
2023-02-23T04:00:00.000Z,4817.2886,4817.2886,4772.2969,4775.4463,49419
2023-02-23T12:00:00.000Z,4786.2529,4810.3984,4754.1851,4793.9316,77241
2023-02-24T00:00:00.000Z,4793.4028,4822.8813,4780.6553,4802.3296,51289
2023-02-24T04:00:00.000Z,4801.3643,4834.6836,4793.48,4833.23,32849
2023-02-24T12:00:00.000Z,4833.876,4853.5376,4799.624,4803.4316,63751
2023-02-27T00:00:00.000Z,4839.6411,4843.2197,4804.5552,4826.7778,44419
2023-02-27T04:00:00.000Z,4826.7778,4836.5723,4799.7583,4806.3916,28996
2023-02-27T12:00:00.000Z,4819.9834,4828.6343,4783.0884,4786.1328,59416
2023-02-28T00:00:00.000Z,4792.9561,4819.8135,4762.9204,4812.0059,53571
2023-02-28T04:00:00.000Z,4810.6846,4840.894,4795.5156,4834.6396,27186
2023-02-28T12:00:00.000Z,4859.1543,4877.1787,4851.96,4867.4209,52936
2023-03-01T00:00:00.000Z,4864.9468,4938.4199,4856.7969,4920.7124,62806
2023-03-01T04:00:00.000Z,4920.4624,4970.9624,4910.062,4968.6948,33206
2023-03-01T12:00:00.000Z,4973.5688,4986.4067,4924.9297,4940.6099,62415
2023-03-02T00:00:00.000Z,4952.0083,4972.5068,4940.9302,4955.9961,32128
2023-03-02T04:00:00.000Z,4955.3677,4976.9946,4947.7412,4960.4712,21840
2023-03-02T12:00:00.000Z,4947.4687,4978.7471,4915.0151,4969.8677,63529
2023-03-03T00:00:00.000Z,4968.1392,4985.5547,4957.8203,4967.6255,26958
2023-03-03T04:00:00.000Z,4969.4697,5005.2046,4947.3311,4983.603,36802
2023-03-03T12:00:00.000Z,4975.5713,4991.3472,4943.7168,4981.916,67459
2023-03-06T00:00:00.000Z,4997.8076,5027.4902,4957.4326,4981.3423,57646
2023-03-06T04:00:00.000Z,4981.3423,4983.02,4929.5791,4960.167,32289
2023-03-06T12:00:00.000Z,4950.2651,4977.6021,4923.2705,4976.7212,54948
2023-03-07T00:00:00.000Z,4989.6235,5039.6479,4980.9966,5029.8525,45944
2023-03-07T04:00:00.000Z,5030.0615,5031.2031,5003.7979,5011.1533,27636
2023-03-07T12:00:00.000Z,5009.6582,5034.29,4995.9678,5024.4224,37934
2023-03-08T00:00:00.000Z,4983.21,4998.4458,4950.6099,4973.6245,52946
2023-03-08T04:00:00.000Z,4973.2808,4984.6724,4958.5669,4983.3262,23648
2023-03-08T12:00:00.000Z,4981.4155,4982.9907,4900.5015,4912.2349,59751
2023-03-09T00:00:00.000Z,4912.2349,4916.9673,4838.9497,4851.9209,46211
2023-03-09T04:00:00.000Z,4851.9209,4883.0259,4849.731,4864.9922,21193
2023-03-09T12:00:00.000Z,4860.8843,4893.0137,4857.9082,4885.853,35648
2023-03-10T00:00:00.000Z,4855.6313,4876.271,4833.7173,4856.5347,45872
2023-03-10T04:00:00.000Z,4856.5347,4882.5405,4845.5015,4849.3584,22852
2023-03-10T12:00:00.000Z,4841.3652,4842.6333,4801.4551,4833.2734,46589
2023-03-13T00:00:00.000Z,4844.6577,4868.3145,4818.9561,4834.9453,33384
2023-03-13T04:00:00.000Z,4835.3418,4851.8843,4827.9131,4837.7725,19464
2023-03-13T12:00:00.000Z,4729.3579,4745.7158,4623.5781,4711.0503,100170
2023-03-14T00:00:00.000Z,4704.2173,4704.2173,4646.6621,4653.1597,43992
2023-03-14T04:00:00.000Z,4654.3789,4665.9526,4617.9648,4629.1309,28878
2023-03-14T12:00:00.000Z,4612.4087,4637.751,4586.918,4618.0781,39935
2023-03-15T00:00:00.000Z,4603.5254,4614.7935,4559.7852,4567.1411,35360
2023-03-15T04:00:00.000Z,4567.7466,4576.9844,4556.1094,4560.4673,15722
2023-03-15T12:00:00.000Z,4470.6416,4502.6606,4435.2856,4469.3833,70139
2023-03-16T00:00:00.000Z,4485.3569,4488.6948,4392.5103,4425.4829,51963
2023-03-16T04:00:00.000Z,4428.9263,4447.1753,4405.646,4406.5386,24908
2023-03-16T12:00:00.000Z,4393.9775,4405.1953,4297.4414,4343.0161,71475
2023-03-17T00:00:00.000Z,4350.4365,4418.5664,4350.4365,4410.8916,53829
2023-03-17T04:00:00.000Z,4409.3945,4410.4292,4369.3804,4379.0884,25839
2023-03-17T12:00:00.000Z,4362.46,4395.6899,4331.3276,4372.1055,45698
2023-03-20T00:00:00.000Z,4385.103,4426.3389,4346.6006,4348.187,48364
2023-03-20T04:00:00.000Z,4346.1064,4365.3628,4332.334,4349.856,21007
2023-03-20T12:00:00.000Z,4369.3569,4376.2539,4328.6011,4339.9434,40774
2023-03-21T00:00:00.000Z,4358.042,4365.9375,4312.9873,4335.7021,31426
2023-03-21T04:00:00.000Z,4341.3374,4354.2446,4327.1895,4341.9878,16197
2023-03-21T12:00:00.000Z,4371.4761,4422.4707,4354.4775,4406.687,60461
2023-03-22T00:00:00.000Z,4412.0615,4434.5815,4367.6172,4379.1934,33889
2023-03-22T04:00:00.000Z,4379.1934,4400.3291,4347.0854,4398.1128,25604
2023-03-22T12:00:00.000Z,4403.9902,4414.1816,4370.7939,4395.1719,38444
2023-03-23T00:00:00.000Z,4387.7432,4405.9141,4381.4072,4392.7339,25381
2023-03-23T04:00:00.000Z,4392.7339,4393.7471,4374.3589,4384.0806,13486
2023-03-23T12:00:00.000Z,4383.7559,4458.7271,4383.7559,4451.8818,48007
2023-03-24T00:00:00.000Z,4424.1895,4440.6406,4389.1021,4431.3091,38593
2023-03-24T04:00:00.000Z,4432.001,4492.6196,4431.0093,4467.7827,33883
2023-03-24T12:00:00.000Z,4414.7168,4448.8726,4385.9492,4420.4595,47425
2023-03-27T00:00:00.000Z,4434.21,4457.5645,4410.3623,4420.5312,38703
2023-03-27T04:00:00.000Z,4426.7017,4444.2861,4426.6968,4440.9116,18770
2023-03-27T12:00:00.000Z,4458.4111,4468.3252,4436.1113,4441.7324,28883
2023-03-28T00:00:00.000Z,4475.186,4500.562,4456.8174,4469.3091,42158
2023-03-28T04:00:00.000Z,4469.3091,4479.998,4459.5762,4472.6616,18102
2023-03-28T12:00:00.000Z,4457.9497,4482.8066,4441.7998,4473.3735,32938
2023-03-29T00:00:00.000Z,4483.0854,4502.7061,4401.6748,4418.2124,40845
2023-03-29T04:00:00.000Z,4417.5918,4477.6777,4413.1079,4471.9067,28405
2023-03-29T12:00:00.000Z,4484.9087,4513.5562,4468.4028,4486.6699,46047
2023-03-30T00:00:00.000Z,4476.2192,4479.9302,4431.5234,4444.5898,30327
2023-03-30T04:00:00.000Z,4447.729,4465.1274,4444.8813,4454.6704,14730
2023-03-30T12:00:00.000Z,4462.4106,4468.2637,4430.1255,4450.5283,38389
2023-03-31T00:00:00.000Z,4460.708,4489.9941,4435.6709,4448.7173,38449
2023-03-31T04:00:00.000Z,4448.7173,4460.2471,4409.8716,4417.5767,28318
2023-03-31T12:00:00.000Z,4425.6826,4428.7412,4358.7217,4358.7217,59023
2023-04-03T00:00:00.000Z,4418.5298,4595.0967,4418.5298,4585.8062,111828
2023-04-03T04:00:00.000Z,4582.8174,4585.3198,4551.0767,4557.1851,27250
2023-04-03T12:00:00.000Z,4571.0981,4627.4834,4555.8325,4591.0698,56276
2023-04-04T00:00:00.000Z,4597.752,4630.1987,4585.1323,4624.6128,31795
2023-04-04T04:00:00.000Z,4623.8379,4640.1655,4594.96,4609.7803,30165
2023-04-06T00:00:00.000Z,4581.4907,4594.2861,4540.1172,4571.1382,49223
2023-04-06T04:00:00.000Z,4571.1382,4578.3389,4564.7944,4573.4409,15412
2023-04-06T12:00:00.000Z,4577.9453,4591.4116,4514.4624,4527.1904,50112
2023-04-07T00:00:00.000Z,4536.0015,4541.458,4497.9497,4512.0469,35032
2023-04-07T04:00:00.000Z,4512.0469,4532.8193,4510.4878,4530.3203,14154
2023-04-07T12:00:00.000Z,4548.7822,4575.1885,4522.0469,4561.3354,39466
2023-04-10T00:00:00.000Z,4546.5063,4559.6025,4466.3213,4471.5752,49187
2023-04-10T04:00:00.000Z,4472.5718,4479.7031,4447.0952,4472.9497,25574
2023-04-10T12:00:00.000Z,4479.3159,4515.1284,4458.8901,4513.8892,36417
2023-04-11T00:00:00.000Z,4505.2212,4535.1094,4499.6455,4515.9146,35535
2023-04-11T04:00:00.000Z,4515.9146,4538.769,4513.5557,4515.7021,21516
2023-04-11T12:00:00.000Z,4507.4438,4525.4521,4491.4136,4510.6519,33576
2023-04-12T00:00:00.000Z,4525.6709,4565.8965,4509.8447,4535.3535,43127
2023-04-12T04:00:00.000Z,4534.6353,4590.9575,4534.6353,4588.8691,30483
2023-04-12T12:00:00.000Z,4606.0737,4695.6045,4606.0737,4654.0361,85011
2023-04-13T00:00:00.000Z,4659.127,4697.3589,4655.6719,4688.4385,44896
2023-04-13T04:00:00.000Z,4687.3091,4687.3091,4661.7139,4670.8389,24088
2023-04-13T12:00:00.000Z,4658.7046,4681.061,4644.9263,4662.0161,52275
2023-04-14T00:00:00.000Z,4661.6787,4702.3906,4651.271,4677.2031,41598
2023-04-14T04:00:00.000Z,4677.4702,4688.4087,4644.6895,4663.6348,25679
2023-04-14T12:00:00.000Z,4664.6475,4669.7979,4623.6572,4632.3047,48938
2023-04-17T00:00:00.000Z,4636.8545,4657.6123,4612.707,4654.7798,44887
2023-04-17T04:00:00.000Z,4655.855,4675.7295,4648.0576,4671.5103,22763
2023-04-17T12:00:00.000Z,4653.6812,4660.0391,4609.2266,4622.9976,57611
2023-04-18T00:00:00.000Z,4612.7217,4669.1675,4604.6909,4662.6113,50035
2023-04-18T04:00:00.000Z,4663.6436,4693.0972,4648.4014,4659.9429,42591
2023-04-18T12:00:00.000Z,4637.6885,4647.8516,4618.9575,4634.5278,55731
2023-04-19T00:00:00.000Z,4640.2041,4695.2183,4634.0605,4676.1348,60732
2023-04-19T04:00:00.000Z,4676.1348,4678.2993,4602.4292,4608.5981,46785
2023-04-19T12:00:00.000Z,4579.21,4605.7598,4563.8706,4592.8408,57632
2023-04-20T00:00:00.000Z,4584.2061,4589.7095,4556.9687,4572.2969,46774
2023-04-20T04:00:00.000Z,4571.3271,4594.3887,4543.3423,4582.1729,32943
2023-04-20T12:00:00.000Z,4572.9512,4611.062,4568.8184,4598.3418,44560
2023-04-21T00:00:00.000Z,4599.7729,4645.4692,4578.1895,4609.269,63322
2023-04-21T04:00:00.000Z,4608.7905,4655.8833,4604.688,4632.9985,32964
2023-04-21T12:00:00.000Z,4643.8081,4666.3369,4624.9272,4644.395,58757
2023-04-24T00:00:00.000Z,4638.8735,4643.9253,4549.2808,4577.7529,68285
2023-04-24T04:00:00.000Z,4572.7563,4590.7441,4559.123,4589.6797,21734
2023-04-24T12:00:00.000Z,4597.3765,4714.5972,4597.3765,4701.7861,103194
2023-04-25T00:00:00.000Z,4710.2422,4724.9277,4682.2187,4703.4019,41132
2023-04-25T04:00:00.000Z,4703.7085,4726.085,4681.4331,4715.2637,24783
2023-04-25T12:00:00.000Z,4698.7676,4703.9917,4640.4106,4653.9326,65077
2023-04-26T00:00:00.000Z,4656.7544,4680.5957,4617.4683,4629.4214,45493
2023-04-26T04:00:00.000Z,4631.7275,4669.8911,4624.627,4644.6313,28826
2023-04-26T12:00:00.000Z,4621.8013,4621.8013,4557.8188,4572.1528,67824
2023-04-27T00:00:00.000Z,4539.1919,4542.8926,4497.0054,4505.8008,59233
2023-04-27T04:00:00.000Z,4505.8008,4512.7148,4477.4995,4477.7759,36690
2023-04-27T12:00:00.000Z,4474.5044,4478.7876,4450.1279,4455.8921,45353
2023-04-28T00:00:00.000Z,4462.4204,4469.6147,4416.8462,4425.5664,53628
2023-04-28T04:00:00.000Z,4428.3071,4441.397,4412.5195,4429.1953,33021
2023-05-04T00:00:00.000Z,4232.9521,4291.8716,4200.5107,4232.6055,94076
2023-05-04T04:00:00.000Z,4235.3584,4253.9126,4224.4624,4252.0161,25917
2023-05-04T12:00:00.000Z,4248.7412,4248.7412,4206.563,4213.8247,54242
2023-05-05T00:00:00.000Z,4226.9229,4227.2568,4169.8896,4186.9521,51048
2023-05-05T04:00:00.000Z,4189.2144,4231.2056,4189.2144,4228.0723,32147
2023-05-05T12:00:00.000Z,4246.5391,4289.9644,4237.6211,4252.8437,72088
2023-05-08T00:00:00.000Z,4264.27,4264.8755,4228.7324,4245.8862,50112
2023-05-08T04:00:00.000Z,4251.0996,4277.2612,4251.0996,4271.1211,26823
2023-05-08T12:00:00.000Z,4294.3159,4321.9858,4276.9761,4290.2314,56071
2023-05-09T00:00:00.000Z,4290.2314,4291.8457,4248.6836,4258.6514,37285
2023-05-09T04:00:00.000Z,4258.2534,4264.2046,4239.9404,4249.5342,31218
2023-05-09T12:00:00.000Z,4241.0054,4291.1597,4238.2798,4269.041,49232
2023-05-10T00:00:00.000Z,4282.9331,4299.0928,4254.1113,4269.1304,47458
2023-05-10T04:00:00.000Z,4270.979,4272.373,4250.1479,4267.6816,25560
2023-05-10T12:00:00.000Z,4285.8608,4289.2422,4232.439,4237.8999,56971
2023-05-11T00:00:00.000Z,4242.499,4286.9673,4233.8867,4272.2324,49343
2023-05-11T04:00:00.000Z,4273.2144,4286.0327,4238.7192,4246.5654,32536
2023-05-11T12:00:00.000Z,4222.7178,4226.6377,4177.958,4211.3481,69128
2023-05-12T00:00:00.000Z,4210.7344,4211.3481,4111.4121,4128.3003,75924
2023-05-12T04:00:00.000Z,4124.5557,4136.1699,4088.0364,4090.1689,40777
2023-05-12T12:00:00.000Z,4107.7095,4145.2847,4105.5054,4115.4487,60080
2023-05-15T00:00:00.000Z,4098.333,4104.5737,4014.1597,4028.3438,68504
2023-05-15T04:00:00.000Z,4034.6199,4075.3447,4034.6199,4055.282,37461
2023-05-15T12:00:00.000Z,4074.6677,4091.0989,4033.8901,4047.791,57251
2023-05-16T00:00:00.000Z,4046.9114,4078.3132,4034.4731,4046.7996,51648
2023-05-16T04:00:00.000Z,4045.7632,4051.7126,4035.1133,4046.3181,33792
2023-05-16T12:00:00.000Z,4047.9167,4104.6309,4031.2014,4082.1052,78730
2023-05-17T00:00:00.000Z,4078.0713,4094.2732,4056.8796,4084.1487,39749
2023-05-17T04:00:00.000Z,4080.7578,4080.7578,4046.4797,4062.4302,28100
2023-05-17T12:00:00.000Z,4079.7432,4089.8828,4064.8936,4082.374,46259
2023-05-18T00:00:00.000Z,4099.9785,4126.4111,4088.2458,4102.8447,45629
2023-05-18T04:00:00.000Z,4098.5903,4098.5903,4071.7766,4084.3733,28535
2023-05-18T12:00:00.000Z,4067.3408,4100.2212,4051.5903,4082.5537,54023
2023-05-19T00:00:00.000Z,4081.4504,4138.3066,3996.0352,4125.3413,112479
2023-05-19T04:00:00.000Z,4125.1323,4153.2998,4113.0312,4152.7935,29638
2023-05-19T12:00:00.000Z,4167.3423,4201.896,4161.4341,4191.1968,70708
2023-05-22T00:00:00.000Z,4178.9771,4189.4917,4089.147,4096.9351,94724
2023-05-22T04:00:00.000Z,4096.8721,4103.1187,4059.1599,4078.3967,35303
2023-05-22T12:00:00.000Z,4098.4126,4100.7222,4026.6477,4037.9453,70515
2023-05-23T00:00:00.000Z,4051.1213,4077.3308,4025.354,4034.8567,51618
2023-05-23T04:00:00.000Z,4030.6252,4054.6809,4021.9941,4046.114,22895
2023-05-23T12:00:00.000Z,4062.9746,4118.5698,4048.5264,4102.4746,64533
2023-05-24T00:00:00.000Z,4112.8506,4161.3579,4112.8506,4144.4927,63769
2023-05-24T04:00:00.000Z,4145.98,4168.2632,4130.0615,4159.4541,35597
2023-05-24T12:00:00.000Z,4155.8281,4198.3682,4146.9946,4182.2432,70985
2023-05-25T00:00:00.000Z,4179.7993,4202.4956,4164.1118,4189.4917,54871
2023-05-25T04:00:00.000Z,4187.3115,4194.103,4163.5645,4178.5288,27738
2023-05-25T12:00:00.000Z,4152.3389,4152.3389,4056.0474,4087.9102,89651
2023-05-26T00:00:00.000Z,4084.9666,4084.9666,3994.2598,4024.5496,70839
2023-05-26T04:00:00.000Z,4028.2839,4049.4697,4005.6294,4049.0308,46051
2023-05-26T12:00:00.000Z,4063.8384,4066.0117,4029.5969,4029.5969,68105
2023-05-29T00:00:00.000Z,4041.022,4117.6367,4038.4597,4091.3838,76761
2023-05-29T04:00:00.000Z,4091.3838,4092.1118,4066.7986,4087.8062,27565
2023-05-29T12:00:00.000Z,4057.3623,4077.7178,4025.6826,4076.2434,57936
2023-05-30T00:00:00.000Z,4079.7883,4092.5864,4045.6667,4047.1987,37140
2023-05-30T04:00:00.000Z,4045.5491,4058.5435,4034.897,4052.2732,29649
2023-05-30T12:00:00.000Z,3951.1741,3951.1741,3829.7478,3831.0579,145079
2023-05-31T00:00:00.000Z,3824.3169,3837.4263,3795.864,3801.4932,74458
2023-05-31T04:00:00.000Z,3797.9326,3812.0408,3779.1604,3783.0889,44794
2023-05-31T12:00:00.000Z,3720.5508,3795.6917,3711.3801,3787.6399,123572
2023-06-01T00:00:00.000Z,3770.1589,3849.7334,3763.9844,3847.1396,87944
2023-06-01T04:00:00.000Z,3848.8848,3856.488,3818.0903,3845.8137,56312
2023-06-01T12:00:00.000Z,3835.7397,3848.2402,3805.0713,3833.2754,68281
2023-06-02T00:00:00.000Z,3847.0005,3884.5435,3833.5706,3854.2644,62333
2023-06-02T04:00:00.000Z,3854.1729,3874.1016,3851.562,3860.5574,35023
2023-06-02T12:00:00.000Z,3870.2366,3896.843,3832.9905,3848.0437,73812
2023-06-05T00:00:00.000Z,3883.2065,3883.2065,3809.6787,3812.4968,73157
2023-06-05T04:00:00.000Z,3813.1978,3861.9026,3809.771,3828.0459,37451
2023-06-05T12:00:00.000Z,3850.5935,3879.4756,3833.0039,3841.4756,78971
2023-06-06T00:00:00.000Z,3832.8279,3868.3396,3821.8806,3852.8772,63916
2023-06-06T04:00:00.000Z,3852.3118,3857.7234,3827.4194,3829.0305,29491
2023-06-06T12:00:00.000Z,3809.7825,3841.6179,3780.2246,3828.4426,93307
2023-06-07T00:00:00.000Z,3830.0247,3847.429,3810.0959,3817.2004,43884
2023-06-07T04:00:00.000Z,3810.9895,3815.7534,3794.9045,3806.0317,34913
2023-06-07T12:00:00.000Z,3831.2166,3871.9006,3818.3718,3826.4155,89593
2023-06-08T00:00:00.000Z,3828.8291,3835.9663,3792.2927,3793.8167,49611
2023-06-08T04:00:00.000Z,3797.2729,3818.5012,3794.5784,3806.9287,32283
2023-06-08T12:00:00.000Z,3813.3123,3824.2195,3770.8701,3784.3032,97422
2023-06-09T00:00:00.000Z,3774.5972,3796.9377,3757.7883,3782.2903,63858
2023-06-09T04:00:00.000Z,3783.2263,3794.7261,3768.95,3783.5515,33453
2023-06-09T12:00:00.000Z,3792.5491,3815.0913,3771.4409,3780.1521,64841
2023-06-12T00:00:00.000Z,3751.6426,3763.4348,3704.2417,3746.8423,107596
2023-06-12T04:00:00.000Z,3749.6326,3765.9954,3741.4207,3765.9939,33207
2023-06-12T12:00:00.000Z,3736.6206,3747.5215,3686.0833,3702.0647,91438
2023-06-13T00:00:00.000Z,3696.4126,3723.7556,3696.4126,3709.0034,62686
2023-06-13T04:00:00.000Z,3708.7864,3716.478,3704.0754,3709.7837,34015
2023-06-13T12:00:00.000Z,3730.8604,3771.0063,3729.2832,3770.342,82780
2023-06-14T00:00:00.000Z,3763.8159,3771.7756,3747.4775,3767.2312,45054
2023-06-14T04:00:00.000Z,3768.8679,3799.571,3766.7463,3774.5439,47645
2023-06-14T12:00:00.000Z,3790.5313,3817.6909,3767.2307,3773.3735,84604
2023-06-15T00:00:00.000Z,3763.4014,3772.3098,3743.5583,3765.5273,45582
2023-06-15T04:00:00.000Z,3771.3276,3784.2607,3767.0066,3776.6775,37941
2023-06-15T12:00:00.000Z,3784.2456,3791.6189,3764.7373,3770.3359,68298
2023-06-16T00:00:00.000Z,3782.147,3808.3179,3781.5557,3803.8872,67112
2023-06-16T04:00:00.000Z,3805.2473,3831.1758,3805.0371,3826.2322,53385
2023-06-16T12:00:00.000Z,3834.5168,3835.2087,3794.8323,3811.6494,61520
2023-06-19T00:00:00.000Z,3809.3215,3814.6968,3754.3801,3776.6482,91068
2023-06-19T04:00:00.000Z,3779.2747,3814.3523,3778.5913,3802.4949,43078
2023-06-19T12:00:00.000Z,3824.6807,3905.7522,3824.6807,3895.1035,127615
2023-06-20T00:00:00.000Z,3888.3833,3950.0811,3887.3394,3930.552,91803
2023-06-20T04:00:00.000Z,3926.2795,3926.2795,3880.3496,3884.2256,67876
2023-06-20T12:00:00.000Z,3862.0515,3888.4111,3851.6743,3860.8796,67248
2023-06-21T00:00:00.000Z,3871.8633,3891.8228,3860.6255,3885.0205,54021
2023-06-21T04:00:00.000Z,3887.4172,3888.5552,3864.2532,3869.3894,28499
2023-06-26T00:00:00.000Z,3838.2107,3879.5688,3766.8872,3787.9109,97436
2023-06-26T04:00:00.000Z,3788.3948,3788.3948,3749.7412,3773.7349,51282
2023-06-26T12:00:00.000Z,3768.6987,3785.2651,3761.3699,3774.1057,55307
2023-06-27T00:00:00.000Z,3774.3342,3777.1472,3760.8875,3773.3696,44660
2023-06-27T04:00:00.000Z,3774.4028,3796.9951,3774.4028,3781.2659,34621
2023-06-27T12:00:00.000Z,3758.135,3783.0371,3756.999,3773.0774,47132
2023-06-28T00:00:00.000Z,3765.0891,3774.0818,3749.1213,3763.3403,48604
2023-06-28T04:00:00.000Z,3764.6785,3765.6431,3756.5251,3761.6069,23418
2023-06-28T12:00:00.000Z,3747.7866,3781.4072,3746.5076,3775.396,65665
2023-06-29T00:00:00.000Z,3787.7261,3807.0837,3784.9358,3792.698,45864
2023-06-29T04:00:00.000Z,3794.3096,3794.3096,3771.7017,3785.8376,31671
2023-06-29T12:00:00.000Z,3776.5264,3812.4128,3762.3528,3809.1084,77192
2023-06-30T00:00:00.000Z,3801.3391,3827.3442,3789.1584,3803.325,60839
2023-06-30T04:00:00.000Z,3803.325,3806.8484,3765.3994,3775.8826,55811
2023-06-30T12:00:00.000Z,3767.9319,3785.7974,3760.499,3782.7932,62724
2023-07-03T00:00:00.000Z,3785.5393,3798.2144,3772.3352,3775.4666,61992
2023-07-03T04:00:00.000Z,3775.4666,3782.8181,3766.9167,3770.7827,31459
2023-07-03T12:00:00.000Z,3794.2903,3800.9104,3777.7405,3795.1816,77927
2023-07-04T00:00:00.000Z,3785.5381,3831.073,3785.168,3808.6794,96412
2023-07-04T04:00:00.000Z,3807.3022,3810.7192,3780.4382,3802.0547,37580
2023-07-04T12:00:00.000Z,3823.033,3823.033,3794.1462,3805.5083,61487
2023-07-05T00:00:00.000Z,3806.6741,3810.1978,3754.9834,3768.4629,87391
2023-07-05T04:00:00.000Z,3770.9409,3781.7275,3769.228,3778.3521,25525
2023-07-05T12:00:00.000Z,3789.6807,3791.428,3766.1816,3770.0417,56612
2023-07-06T00:00:00.000Z,3777.3633,3790.146,3770.8516,3776.896,39678
2023-07-06T04:00:00.000Z,3776.7717,3785.3552,3768.6924,3782.8726,28699
2023-07-06T12:00:00.000Z,3777.3525,3815.6067,3772.8086,3800.0352,87187
2023-07-07T00:00:00.000Z,3807.3616,3831.4612,3805.7361,3817.644,65235
2023-07-07T04:00:00.000Z,3821.8943,3826.4604,3796.4763,3806.0535,38952
2023-07-07T12:00:00.000Z,3821.9915,3874.5496,3818.7957,3866.741,110092
2023-07-10T00:00:00.000Z,3873.5815,3916.8584,3873.5815,3894.4724,87106
2023-07-10T04:00:00.000Z,3895.0938,3898.49,3875.0745,3887.6448,34158
2023-07-10T12:00:00.000Z,3895.9546,3949.7129,3858.6765,3936.9163,88060
2023-07-11T00:00:00.000Z,3933.3589,3964.7817,3927.5588,3952.2166,61678
2023-07-11T04:00:00.000Z,3952.8381,3979.5825,3939.6077,3967.6531,51280
2023-07-11T12:00:00.000Z,3993.9597,4029.1814,3979.8711,4018.438,85601
2023-07-12T00:00:00.000Z,4023.3552,4070.519,4023.3552,4066.5674,74794
2023-07-12T04:00:00.000Z,4065.5076,4070.1921,4043.0513,4068.0571,45133
2023-07-12T12:00:00.000Z,4081.1235,4093.3594,4069.1943,4074.9001,69904
2023-07-13T00:00:00.000Z,4073.823,4075.3484,4025.2363,4060.8557,90305
2023-07-13T04:00:00.000Z,4058.823,4065.9167,4047.0962,4060.98,35083
2023-07-13T12:00:00.000Z,4073.6733,4083.5745,4051.3865,4066.3879,62264
2023-07-14T00:00:00.000Z,4075.332,4105.3687,4074.4878,4089.0449,59689
2023-07-14T04:00:00.000Z,4087.6289,4119.4175,4072.1467,4072.1467,56763
2023-07-14T12:00:00.000Z,4073.5012,4087.0149,3996.7759,4001.2891,92954
2023-07-17T00:00:00.000Z,3995.4683,4008.0583,3958.7637,3975.4031,80977
2023-07-17T04:00:00.000Z,3976.144,3984.7886,3954.8352,3977.0652,33690
2023-07-17T12:00:00.000Z,3983.5432,3995.5774,3958.2905,3988.6152,66895
2023-07-18T00:00:00.000Z,3983.9988,4007.5864,3983.9988,4002.8308,46201
2023-07-18T04:00:00.000Z,4002.7273,4015.8035,3997.9766,4010.9519,27222
2023-07-18T12:00:00.000Z,4006.2083,4045.031,4003.9814,4033.6687,74135
2023-07-19T00:00:00.000Z,4036.363,4054.0996,4020.2715,4032.5688,55117
2023-07-19T04:00:00.000Z,4032.5688,4049.6978,4028.6016,4047.3418,29881
2023-07-19T12:00:00.000Z,4067.3809,4123.52,4055.7068,4080.7209,116998
2023-07-20T00:00:00.000Z,4072.5679,4099.5747,4065.96,4084.3914,53370
2023-07-20T04:00:00.000Z,4084.2058,4096.2471,4082.2151,4095.5635,28851
2023-07-20T12:00:00.000Z,4104.9082,4111.7183,4070.9133,4075.1145,69470
2023-07-21T00:00:00.000Z,4076.9626,4092.7578,4053.1877,4072.3228,52610
2023-07-21T04:00:00.000Z,4072.3228,4087.9639,4060.3337,4084.0173,32780
2023-07-21T12:00:00.000Z,4092.6775,4147.0898,4082.9255,4130.3169,116029
2023-07-24T00:00:00.000Z,4136.3413,4158.1274,4129.9062,4150.6587,79672
2023-07-24T04:00:00.000Z,4148.7783,4149.4712,4031.2793,4073.467,63252
2023-07-24T12:00:00.000Z,4102.751,4110.7378,4054.4941,4073.6311,95793
2023-07-25T00:00:00.000Z,4081.1431,4127.0342,4081.1431,4127.0215,60571
2023-07-25T04:00:00.000Z,4127.6611,4146.1196,4124.1846,4143.2959,45018
2023-07-25T12:00:00.000Z,4136.5049,4179.3916,4130.9004,4142.5498,93452
2023-07-26T00:00:00.000Z,4143.02,4182.0068,4136.125,4161.3242,68912
2023-07-26T04:00:00.000Z,4159.2007,4168.0869,4151.6147,4166.7178,30724
2023-07-26T12:00:00.000Z,4165.4482,4167.5518,4115.7129,4147.812,78553
2023-07-27T00:00:00.000Z,4144.6982,4190.4932,4144.6982,4184.7471,74934
2023-07-27T04:00:00.000Z,4183.5146,4200.9023,4171.6562,4182.0312,61711
2023-07-27T12:00:00.000Z,4206.8843,4297.9189,4206.8843,4270.4175,146156
2023-07-28T00:00:00.000Z,4271.4351,4357.3335,4266.0439,4336.5312,132017
2023-07-28T04:00:00.000Z,4335.0601,4362.1162,4328.0244,4360.4155,49877
2023-07-28T12:00:00.000Z,4375.6787,4414.7998,4361.9697,4383.9883,130502
2023-07-31T00:00:00.000Z,4384.1792,4388.0796,4312.9961,4324.8208,91445
2023-07-31T04:00:00.000Z,4325.4585,4334.8135,4316.7974,4332.3682,26966
2023-07-31T12:00:00.000Z,4391.4502,4406.8311,4337.9819,4340.1499,101473
2023-08-01T00:00:00.000Z,4342.2681,4395.7466,4342.2681,4391.4292,61963
2023-08-01T04:00:00.000Z,4392.6802,4432.0273,4390.0078,4421.6733,52354
2023-08-01T12:00:00.000Z,4418.2642,4418.2642,4366.5874,4378.7285,97468
2023-08-02T00:00:00.000Z,4388.4214,4410.0742,4381.8062,4386.4385,61361
2023-08-02T04:00:00.000Z,4385.229,4408.4697,4373.7568,4376.5811,43195
2023-08-02T12:00:00.000Z,4385.6445,4385.6445,4298.792,4309.5757,144151
2023-08-03T00:00:00.000Z,4307.8584,4308.8154,4265.2812,4271.6514,85437
2023-08-03T04:00:00.000Z,4274.3696,4286.7119,4207.0464,4249.5356,87949
2023-08-03T12:00:00.000Z,4284.9155,4300.5547,4260.4819,4282.1289,91622
2023-08-04T00:00:00.000Z,4302.5464,4326.4819,4285.8809,4299.0112,71002
2023-08-04T04:00:00.000Z,4301.0933,4305.354,4272.6626,4295.522,41906
2023-08-04T12:00:00.000Z,4328.4692,4358.9912,4295.8252,4322.4722,133082
2023-08-07T00:00:00.000Z,4345.5127,4361.3428,4313.1279,4332.271,82583
2023-08-07T04:00:00.000Z,4332.271,4364.0864,4328.3618,4349.9062,79883
2023-08-07T12:00:00.000Z,4377.6128,4423.8203,4377.6128,4405.2554,108760
2023-08-08T00:00:00.000Z,4412.4595,4416.668,4381.5229,4403.9194,49884
2023-08-08T04:00:00.000Z,4403.3652,4403.9194,4374.4448,4374.5718,33004
2023-08-08T12:00:00.000Z,4363.7827,4371.9976,4315.1055,4342.73,106024
2023-08-09T00:00:00.000Z,4375.8071,4390.8574,4365.8013,4375.3091,54732
2023-08-09T04:00:00.000Z,4375.8887,4412.6504,4365.4038,4410.7681,39457
2023-08-09T12:00:00.000Z,4475.1392,4511.5742,4458.1909,4493.2358,128135
2023-08-10T00:00:00.000Z,4503.5874,4581.5864,4489.1353,4571.2896,171797
2023-08-10T04:00:00.000Z,4572.9121,4616.3682,4568.1221,4596.8535,97631
2023-08-10T12:00:00.000Z,4610.9214,4620.6802,4564.2271,4581.5967,195840
2023-08-11T00:00:00.000Z,4565.561,4610.1987,4558.7568,4605.0659,86795
2023-08-11T04:00:00.000Z,4600.5269,4620.4351,4584.0273,4584.8511,75830
2023-08-11T12:00:00.000Z,4614.2197,4657.7549,4609.5366,4656.2856,121833
2023-08-14T00:00:00.000Z,4654.7593,4693.8809,4628.3931,4655.9204,188361
2023-08-14T04:00:00.000Z,4655.7158,4655.7158,4623.0957,4635.9648,62121
2023-08-14T12:00:00.000Z,4655.5288,4686.6138,4646.8384,4676.6455,108167
2023-08-15T00:00:00.000Z,4677.8018,4699.1055,4667.4141,4693.8711,95399
2023-08-15T04:00:00.000Z,4691.4419,4719.0254,4672.6045,4712.4565,66886
2023-08-15T12:00:00.000Z,4680.687,4698.1377,4652.1396,4672.0269,120963
2023-08-16T00:00:00.000Z,4676.1934,4696.9258,4668.5254,4682.5605,74112
2023-08-16T04:00:00.000Z,4683.2153,4695.7217,4665.1494,4670.0801,69456
2023-08-16T12:00:00.000Z,4691.4668,4694.6313,4617.3433,4633.6816,134026
2023-08-17T00:00:00.000Z,4610.4917,4628.4375,4587.4634,4627.0869,88432
2023-08-17T04:00:00.000Z,4622.9663,4654.5615,4609.8203,4645.2065,57632
2023-08-17T12:00:00.000Z,4678.7632,4718.9058,4659.4668,4716.4307,114767
2023-08-18T00:00:00.000Z,4709.334,4778.7261,4695.3257,4732.0117,124369
2023-08-18T04:00:00.000Z,4728.9888,4743.4199,4707.2964,4732.7993,55161
2023-08-18T12:00:00.000Z,4724.7754,4762.0952,4696.4233,4736.0449,107586
2023-08-21T00:00:00.000Z,4750.645,4768.6831,4725.4575,4745.7598,145314
2023-08-21T04:00:00.000Z,4746.3936,4775.1807,4746.3936,4766.002,46382
2023-08-21T12:00:00.000Z,4815.8833,4934.1982,4803.54,4907.124,212503
2023-08-22T00:00:00.000Z,4904.2397,4904.2397,4826.2266,4842.8208,100965
2023-08-22T04:00:00.000Z,4843.1162,4874.6294,4828.3662,4869.7021,38321
2023-08-22T12:00:00.000Z,4892.1455,4914.6851,4852.498,4888.1738,122261
2023-08-23T00:00:00.000Z,4884.7749,4932.9814,4875.873,4928.7993,76665
2023-08-23T04:00:00.000Z,4927.9282,4944.4766,4903.9702,4917.4131,56961
2023-08-23T12:00:00.000Z,4920.0215,4954.0298,4903.1064,4952.2666,100017
2023-08-24T00:00:00.000Z,4948.3931,4967.04,4921.8013,4930.8789,70269
2023-08-24T04:00:00.000Z,4934.7139,4954.9346,4885.8403,4894.1987,68919
2023-08-24T12:00:00.000Z,4905.8999,4963.0879,4900.8892,4959.3706,89278
2023-08-25T00:00:00.000Z,4969.7822,4977.3608,4926.6299,4938.7788,59126
2023-08-25T04:00:00.000Z,4943.1289,4958.4404,4937.3369,4947.2642,39103
2023-08-25T12:00:00.000Z,5021.0654,5062.9707,5006.9004,5042.4023,106724
2023-08-28T00:00:00.000Z,5056.3042,5129.4551,5049.7627,5125.8335,100520
2023-08-28T04:00:00.000Z,5128.7544,5157.4595,5086.2778,5154.0386,67858
2023-08-28T12:00:00.000Z,5172.6777,5182.1177,5120.7012,5147.918,96881
2023-08-29T00:00:00.000Z,5137.2998,5137.2998,5060.707,5118.1855,100468
2023-08-29T04:00:00.000Z,5118.2144,5150.3599,5110.2686,5110.2686,61256
2023-08-29T12:00:00.000Z,5130.6309,5155.0049,5105.8076,5139.1348,93332
2023-08-30T00:00:00.000Z,5161.6064,5220.9224,5131.6094,5209.668,107469
2023-08-30T04:00:00.000Z,5209.0093,5227.6055,5197.5454,5215.481,48653
2023-08-30T12:00:00.000Z,5251.002,5319.8267,5246.7461,5287.8652,119485
2023-08-31T00:00:00.000Z,5289.1133,5293.606,5251.4224,5267.1279,73118
2023-08-31T04:00:00.000Z,5265.8477,5295.5029,5249.0708,5285.6304,52297
2023-08-31T12:00:00.000Z,5328.876,5373.2681,5294.2339,5359.1162,110890
2023-09-01T00:00:00.000Z,5372.23,5405.6914,5363.4932,5392.0781,67076
2023-09-01T04:00:00.000Z,5392.7266,5436.6519,5388.5625,5414.4702,53914
2023-09-01T12:00:00.000Z,5434.2705,5530.4141,5428.0464,5529.1582,112132
2023-09-04T00:00:00.000Z,5545.7178,5569.269,5497.623,5512.8311,107210
2023-09-04T04:00:00.000Z,5511.853,5532.7949,5482.2456,5529.6733,55268
2023-09-04T12:00:00.000Z,5531.1665,5558.1895,5473.2578,5553.2935,107160
2023-09-05T00:00:00.000Z,5559.2524,5608.2021,5524.8032,5576.877,96971
2023-09-05T04:00:00.000Z,5576.7876,5591.333,5548.3979,5571.7881,52967
2023-09-05T12:00:00.000Z,5557.7402,5686.7056,5551.5527,5650.2954,178731
2023-09-06T00:00:00.000Z,5656.332,5682.2148,5637.0991,5659.8052,65364
2023-09-06T04:00:00.000Z,5659.4248,5688.9458,5637.8979,5661.9766,68686
2023-09-06T12:00:00.000Z,5636.8545,5639.1895,5555.9873,5557.1484,147893
2023-09-07T00:00:00.000Z,5590.4409,5599.145,5484.0557,5512.2817,134325
2023-09-07T04:00:00.000Z,5509.936,5547.3984,5489.2593,5540.6875,65454
2023-09-07T12:00:00.000Z,5549.4243,5555.4771,5441.5562,5504.7754,167379
2023-09-08T00:00:00.000Z,5487.5142,5494.3105,5420.0659,5437.8335,108819
2023-09-08T04:00:00.000Z,5445.7573,5473.103,5431.1152,5441.542,48072
2023-09-08T12:00:00.000Z,5468.7617,5595.7061,5435.5518,5574.061,186873
2023-09-11T00:00:00.000Z,5548.8599,5564.6021,5513.8579,5538.8911,91344
2023-09-11T04:00:00.000Z,5550.2407,5559.4971,5469.0835,5480.5234,71951
2023-09-11T12:00:00.000Z,5480.0469,5581.7817,5480.0469,5564.0259,135090
2023-09-12T00:00:00.000Z,5558.8188,5572.7412,5511.6489,5553.8994,93369
2023-09-12T04:00:00.000Z,5553.2656,5596.3589,5536.2407,5564.1763,76902
2023-09-12T12:00:00.000Z,5604.4673,5676.4009,5601.5942,5646.0654,190127
2023-09-13T00:00:00.000Z,5650.8804,5689.0757,5594.2944,5606.2563,122388
2023-09-13T04:00:00.000Z,5617.2905,5630.0649,5527.938,5568.5039,112751
2023-09-13T12:00:00.000Z,5573.9053,5577.0039,5473.8853,5506.896,183018
2023-09-14T00:00:00.000Z,5510.5337,5557.4492,5499.1362,5548.0366,97695
2023-09-14T04:00:00.000Z,5552.2705,5586.9409,5523.356,5574.6484,66945
2023-09-14T12:00:00.000Z,5624.1777,5632.168,5572.7407,5597.1162,164818
2023-09-15T00:00:00.000Z,5615.0996,5652.2998,5614.2822,5637.9229,81845
2023-09-15T04:00:00.000Z,5634.4878,5635.3057,5556.2617,5585.5415,84958
2023-09-15T12:00:00.000Z,5555.4116,5555.4116,5482.1841,5537.2031,128502
2023-09-18T00:00:00.000Z,5545.7949,5577.4575,5506.8354,5516.395,94781
2023-09-18T04:00:00.000Z,5516.7837,5549.5996,5514.8198,5548.2896,59661
2023-09-18T12:00:00.000Z,5554.2939,5590.3145,5539.3516,5560.3013,125893
2023-09-19T00:00:00.000Z,5561.1377,5593.6455,5552.1953,5573.9492,85244
2023-09-19T04:00:00.000Z,5574.394,5684.0562,5567.0781,5667.6382,138202
2023-09-19T12:00:00.000Z,5701.4478,5744.4146,5671.3379,5693.8433,173611
2023-09-20T00:00:00.000Z,5668.21,5668.21,5552.251,5574.8496,156207
2023-09-20T04:00:00.000Z,5574.8496,5592.229,5551.4805,5590.4746,56162
2023-09-20T12:00:00.000Z,5569.5952,5628.4351,5538.1035,5614.4629,137852
2023-09-21T00:00:00.000Z,5574.0542,5576.1221,5521.4521,5539.7241,108265
2023-09-21T04:00:00.000Z,5539.332,5566.6777,5490.2212,5491.0547,65000
2023-09-21T12:00:00.000Z,5517.8369,5624.7534,5517.8369,5590.9072,178677
2023-09-22T00:00:00.000Z,5568.4819,5635.627,5557.2339,5618.2056,107521
2023-09-22T04:00:00.000Z,5618.0024,5649.0107,5605.0952,5629.6724,59265
2023-09-22T12:00:00.000Z,5657.0186,5663.4624,5588.6748,5596.6602,103552
2023-09-25T00:00:00.000Z,5597.6914,5605.855,5568.9893,5587.4878,81348
2023-09-25T04:00:00.000Z,5593.6128,5630.7285,5582.7905,5591.001,65243
2023-09-25T12:00:00.000Z,5555.3608,5555.3608,5493.2217,5502.4834,137577
2023-09-26T00:00:00.000Z,5514.2505,5534.9248,5461.8618,5476.6562,97032
2023-09-26T04:00:00.000Z,5476.0698,5476.9902,5341.7061,5366.3955,137428
2023-09-26T12:00:00.000Z,5378.3916,5385.8687,5283.7227,5359.8169,179461
2023-09-27T00:00:00.000Z,5375.4009,5435.7925,5371.2515,5426.3164,119331
2023-09-27T04:00:00.000Z,5427.0864,5434.0874,5387.5508,5407.1157,54901
2023-09-27T12:00:00.000Z,5438.1064,5483.8042,5379.7266,5483.8042,124512
2023-09-28T00:00:00.000Z,5511.71,5619.002,5511.71,5598.2598,136967
2023-09-28T04:00:00.000Z,5598.2598,5615.7134,5569.9062,5613.8135,61244
2023-10-09T00:00:00.000Z,5428.333,5492.3198,5333.064,5345.5342,124530
2023-10-09T04:00:00.000Z,5343.3218,5350.1104,5286.5645,5334.835,58402
2023-10-09T12:00:00.000Z,5339.2231,5339.439,5257.7891,5290.5625,132099
2023-10-10T00:00:00.000Z,5294.6235,5305.6133,5193.5937,5204.9966,111623
2023-10-10T04:00:00.000Z,5203.9912,5261.7959,5199.5337,5233.666,58610
2023-10-10T12:00:00.000Z,5224.3794,5224.3794,5122.6616,5143.9497,151856
2023-10-11T00:00:00.000Z,5160.8989,5213.8135,5136.248,5151.2285,103431
2023-10-11T04:00:00.000Z,5155.2734,5160.8057,5103.7856,5140.0264,67074
2023-10-11T12:00:00.000Z,5075.0962,5098.9648,4998.7324,5001.2642,182979
2023-10-12T00:00:00.000Z,4992.061,4992.5737,4936.6372,4974.0371,122849
2023-10-12T04:00:00.000Z,4973.6733,5025.4473,4941.3125,5006.4087,93260
2023-10-12T12:00:00.000Z,5070.7598,5074.6733,5011.2256,5025.3496,161859
2023-10-13T00:00:00.000Z,5000.1484,5038.0513,4980.1562,4997.8027,98461
2023-10-13T04:00:00.000Z,4998.5767,5036.4731,4993.3564,5035.0942,50835
2023-10-13T12:00:00.000Z,5128.9995,5137.4683,5076.5186,5086.3057,166061
2023-10-16T00:00:00.000Z,5116.4707,5174.8442,5098.6719,5145.3862,146956
2023-10-16T04:00:00.000Z,5147.6445,5153.2305,5076.4976,5098.6851,71243
2023-10-16T12:00:00.000Z,5104.6421,5104.6421,4958.6187,4972.7241,221211
2023-10-17T00:00:00.000Z,4963.6919,4993.8105,4941.291,4982.519,118644
2023-10-17T04:00:00.000Z,4984.1743,5032.9844,4964.7031,5002.6655,100305
2023-10-17T12:00:00.000Z,4998.4014,5063.4595,4953.8765,5051.1323,208400
2023-10-18T00:00:00.000Z,5089.3027,5108.9956,5049.0645,5052.9082,149108
2023-10-18T04:00:00.000Z,5050.9082,5086.4004,5030.3726,5064.5791,68592
2023-10-18T12:00:00.000Z,5071.2529,5098.417,5055.4956,5082.8735,136532
2023-10-19T00:00:00.000Z,5065.6069,5085.3467,5030.8608,5073.3911,98170
2023-10-19T04:00:00.000Z,5081.9478,5092.6113,5054.6816,5068.5259,48149
2023-10-19T12:00:00.000Z,5044.7686,5051.4199,4966.8784,5031.1743,181295
2023-10-20T00:00:00.000Z,5091.4028,5120.9121,5044.9106,5061.0684,113716
2023-10-20T04:00:00.000Z,5060.1895,5079.8228,5047.0054,5067.4683,48943
2023-10-20T12:00:00.000Z,5085.6079,5128.8545,5057.2764,5115.9453,199768
2023-10-23T00:00:00.000Z,5068.0996,5076.8545,5005.1294,5061.6152,151566
2023-10-23T04:00:00.000Z,5055.0898,5129.9658,5039.1362,5112.6982,101275
2023-10-23T12:00:00.000Z,5134.8516,5177.6899,5124.2705,5149.6318,184345
2023-10-24T00:00:00.000Z,5114.5435,5150.9561,5095.8384,5106.2764,148950
2023-10-24T04:00:00.000Z,5102.043,5108.3437,5047.8745,5103.9746,114218
2023-10-24T12:00:00.000Z,5085.8071,5085.8071,5013.0723,5031.248,164582
2023-10-25T00:00:00.000Z,5021.1001,5050.7046,4984.5029,5015.1865,105137
2023-10-25T04:00:00.000Z,5011.2222,5021.77,4993.541,4997.897,46182
2023-10-25T12:00:00.000Z,5014.6328,5035.7725,4986.0361,5002.2681,126792
2023-10-26T00:00:00.000Z,5061.7871,5064.0474,4997.2642,5009.668,101198
2023-10-26T04:00:00.000Z,5010.6182,5011.6074,4966.4141,4999.0464,86589
2023-10-26T12:00:00.000Z,4937.9097,4999.0742,4931.4814,4997.9302,116037
2023-10-27T00:00:00.000Z,4989.5161,5043.5391,4988.8799,5039.2773,92495
2023-10-27T04:00:00.000Z,5043.3989,5103.1641,5043.3989,5095.1104,108761
2023-10-27T12:00:00.000Z,5089.769,5106.4341,5052.4507,5073.3315,114794
2023-10-30T00:00:00.000Z,5093.7407,5155.459,5066.0742,5131.1118,134198
2023-10-30T04:00:00.000Z,5128.3433,5129.0356,5081.1274,5084.8008,60939
2023-10-30T12:00:00.000Z,5058.585,5068.7949,4977.0679,4980.6455,156451
2023-10-31T00:00:00.000Z,4986.3354,5008.4575,4957.9551,4970.7803,98599
2023-10-31T04:00:00.000Z,4975.7227,5098.0552,4975.043,5095.998,108938
2023-10-31T12:00:00.000Z,5110.2031,5145.1792,5093.7349,5126.0327,189696
2023-11-01T00:00:00.000Z,5089.4463,5159.0684,5085.749,5121.4746,147823
2023-11-01T04:00:00.000Z,5121.4746,5191.5068,5104.2363,5169.5869,109568
2023-11-01T12:00:00.000Z,5209.7573,5217.2715,5172.5337,5179.165,151262
2023-11-02T00:00:00.000Z,5140.6924,5209.5601,5139.3081,5194.1572,94432
2023-11-02T04:00:00.000Z,5191.4448,5192.1758,5156.8198,5160.9438,62117
2023-11-02T12:00:00.000Z,5143.4019,5158.3945,5108.2163,5145.8057,150350
2023-11-03T00:00:00.000Z,5169.9697,5201.98,5162.5469,5181.5767,94048
2023-11-03T04:00:00.000Z,5184.2793,5187.9409,5158.8564,5179.0298,47537
2023-11-03T12:00:00.000Z,5182.7646,5187.4922,5135.8013,5146.3125,125076
2023-11-06T00:00:00.000Z,5137.3643,5137.3643,5073.2573,5103.4722,124559
2023-11-06T04:00:00.000Z,5103.9731,5144.7861,5103.9731,5142.6841,52874
2023-11-06T12:00:00.000Z,5145.0513,5145.0513,5105.6484,5126.3662,99497
2023-11-07T00:00:00.000Z,5102.2207,5128.415,5081.6577,5106.0942,95293
2023-11-07T04:00:00.000Z,5106.0942,5127.5327,5040.4062,5046.2495,92361
2023-11-07T12:00:00.000Z,5026.064,5037.813,4996.458,5022.6221,112400
2023-11-08T00:00:00.000Z,4989.8931,5033.6484,4973.5786,5025.0049,92703
2023-11-08T04:00:00.000Z,5020.6729,5069.6309,5002.1387,5054.0239,65557
2023-11-08T12:00:00.000Z,5006.2373,5077.5845,5005.6909,5060.7231,112850
2023-11-09T00:00:00.000Z,5041.9136,5092.0977,5040.0854,5053.5776,106388
2023-11-09T04:00:00.000Z,5051.4351,5151.0649,5026.5127,5146.0762,126233
2023-11-09T12:00:00.000Z,5160.9307,5266.5752,5151.8511,5239.7607,206344
2023-11-10T00:00:00.000Z,5222.6494,5249.0391,5159.2187,5181.2256,134956
2023-11-10T04:00:00.000Z,5181.6309,5233.7432,5178.0786,5188.1128,76953
2023-11-10T12:00:00.000Z,5198.7031,5218.3608,5154.4756,5195.019,104889
2023-11-13T00:00:00.000Z,5191.748,5234.8608,5115.0044,5115.9087,165397
2023-11-13T04:00:00.000Z,5119.0093,5151.4292,5087.2617,5122.5972,86086
2023-11-13T12:00:00.000Z,5131.6777,5157.5513,5123.3379,5151.5059,83169
2023-11-14T00:00:00.000Z,5170.9365,5189.7437,5159.0601,5180.3267,65421
2023-11-14T04:00:00.000Z,5180.3267,5183.3008,5141.2856,5164.8823,54111
2023-11-14T12:00:00.000Z,5148.0571,5171.3022,5106.8062,5164.5425,151958
2023-11-15T00:00:00.000Z,5141.481,5187.5688,5134.3091,5175.8721,101727
2023-11-15T04:00:00.000Z,5176.0786,5194.707,5163.5366,5185.5347,60944
2023-11-15T12:00:00.000Z,5172.0542,5172.0542,5120.6665,5124.2881,130193
2023-11-16T00:00:00.000Z,5110.666,5119.3716,5073.7842,5078.3208,105567
2023-11-16T04:00:00.000Z,5077.3252,5118.7217,5073.3945,5111.1084,54918
2023-11-16T12:00:00.000Z,5087.2871,5126.0986,5011.7051,5012.332,169928
2023-11-17T00:00:00.000Z,4992.1108,5026.1367,4977.2915,5015.9399,113876
2023-11-17T04:00:00.000Z,5011.6875,5024.2183,4982.5562,5008.7603,68775
2023-11-17T12:00:00.000Z,5032.79,5035.9697,4998.9438,5018.5581,93097
2023-11-20T00:00:00.000Z,5053.3999,5116.6396,5029.5835,5114.5776,119238
2023-11-20T04:00:00.000Z,5115.7847,5121.9888,5088.0898,5115.4355,53535
2023-11-20T12:00:00.000Z,5137.4272,5141.3862,5083.0327,5091.0532,92378
2023-11-21T00:00:00.000Z,5094.5786,5102.3784,5034.0713,5040.6777,76693
2023-11-21T04:00:00.000Z,5039.8921,5039.8921,4866.6914,4871.6714,159894
2023-11-21T12:00:00.000Z,4883.2725,4927.2651,4876.2959,4911.189,111439
2023-11-22T00:00:00.000Z,4923.9834,4938.5806,4867.9429,4883.1177,103627
2023-11-22T04:00:00.000Z,4886.2935,4892.939,4794.2549,4869.0356,113201
2023-11-22T12:00:00.000Z,4803.9966,4826.0137,4695.5635,4734.5635,198989
2023-11-23T00:00:00.000Z,4792.3062,4840.2871,4760.3037,4768.8003,128311
2023-11-23T04:00:00.000Z,4771.7544,4803.7168,4742.6626,4786.2534,52442
2023-11-23T12:00:00.000Z,4799.5962,4813.978,4772.3096,4795.8862,96397
2023-11-24T00:00:00.000Z,4813.3013,4839.4976,4783.7207,4808.0776,84145
2023-11-24T04:00:00.000Z,4802.2656,4819.7793,4795.6147,4807.3481,43402
2023-11-24T12:00:00.000Z,4803.9712,4803.9712,4720.8618,4793.79,132599
2023-11-27T00:00:00.000Z,4761.5386,4808.2061,4682.3481,4711.9873,116089
2023-11-27T04:00:00.000Z,4713.1499,4772.4878,4712.4976,4757.0576,56163
2023-11-27T12:00:00.000Z,4748.627,4767.8525,4711.6885,4745.4521,107309
2023-11-28T00:00:00.000Z,4744.2773,4772.9058,4725.4766,4744.0884,81754
2023-11-28T04:00:00.000Z,4739.3462,4789.9761,4726.6948,4768.1929,76911
2023-11-28T12:00:00.000Z,4787.8115,4792.0044,4737.8062,4775.3086,96223
2023-11-29T00:00:00.000Z,4801.0391,4813.9268,4749.2168,4759.5073,77918
2023-11-29T04:00:00.000Z,4759.5073,4773.3428,4719.9014,4720.9971,60173
2023-11-29T12:00:00.000Z,4740.0874,4748.2407,4692.98,4702.707,120204
2023-11-30T00:00:00.000Z,4725.1069,4735.7559,4681.2949,4720.2432,84819
2023-11-30T04:00:00.000Z,4728.9277,4765.0474,4723.4546,4745.8442,63216
2023-11-30T12:00:00.000Z,4762.9717,4798.041,4749.3901,4773.9668,120295
2023-12-01T00:00:00.000Z,4725.52,4725.52,4657.082,4673.8228,130987
2023-12-01T04:00:00.000Z,4679.0635,4699.7383,4668.9067,4676.4785,42364
2023-12-01T12:00:00.000Z,4679.2969,4679.2969,4584.7847,4606.8384,136426
2023-12-04T00:00:00.000Z,4579.1924,4592.6445,4526.4844,4575.1504,103480
2023-12-04T04:00:00.000Z,4573.4854,4591.9976,4548.7412,4561.1689,43125
2023-12-04T12:00:00.000Z,4567.917,4616.7905,4559.8926,4587.0928,86042
2023-12-05T00:00:00.000Z,4594.834,4643.3804,4588.7935,4621.2861,72313
2023-12-05T04:00:00.000Z,4622.2798,4622.2798,4588.96,4606.3926,40843
2023-12-05T12:00:00.000Z,4586.1445,4634.7544,4562.0127,4634.207,94326
2023-12-06T00:00:00.000Z,4598.3359,4628.3555,4593.3291,4599.938,55676
2023-12-06T04:00:00.000Z,4600.7085,4639.0571,4588.8599,4615.5005,46882
2023-12-06T12:00:00.000Z,4589.854,4591.0078,4484.7954,4498.5815,157728
2023-12-07T00:00:00.000Z,4478.5513,4492.3223,4450.7124,4485.375,67267
2023-12-07T04:00:00.000Z,4486.4453,4501.4902,4459.667,4490.0029,49895
2023-12-07T12:00:00.000Z,4521.6943,4635.3955,4521.4341,4598.4722,155182
2023-12-08T00:00:00.000Z,4602.167,4740.7529,4595.6187,4738.3804,128946
2023-12-08T04:00:00.000Z,4739.3516,4795.2837,4717.3022,4741.2969,105597
2023-12-08T12:00:00.000Z,4736.0974,4797.6912,4732.9224,4753.8112,140800
2023-12-11T00:00:00.000Z,4771.2748,4771.2748,4705.7729,4751.1106,84021
2023-12-11T04:00:00.000Z,4758.7578,4782.0139,4744.0362,4745.6445,50566
2023-12-11T12:00:00.000Z,4711.2507,4716.3177,4638.6275,4654.2232,132398
2023-12-12T00:00:00.000Z,4660.6395,4705.9284,4658.8139,4699.085,60649
2023-12-12T04:00:00.000Z,4704.7344,4737.1516,4692.3886,4703.8845,50757
2023-12-12T12:00:00.000Z,4660.0894,4688.8053,4570.8507,4587.8318,161827
2023-12-13T00:00:00.000Z,4575.2717,4616.0992,4552.997,4603.5228,83364
2023-12-13T04:00:00.000Z,4603.5228,4630.6346,4585.1374,4608.4332,57290
2023-12-13T12:00:00.000Z,4633.3422,4654.962,4603.4351,4643.833,103207
2023-12-14T00:00:00.000Z,4666.6965,4716.3906,4639.9434,4704.1464,102584
2023-12-14T04:00:00.000Z,4705.4167,4714.498,4672.6626,4681.2528,50612
2023-12-14T12:00:00.000Z,4712.133,4712.749,4679.4784,4692.3819,89053
2023-12-15T00:00:00.000Z,4688.8078,4701.0163,4648.7766,4694.2822,83719
2023-12-15T04:00:00.000Z,4687.8237,4689.4854,4662.2231,4663.5454,41067
2023-12-15T12:00:00.000Z,4674.546,4686.1052,4624.4961,4632.0876,95164
2023-12-18T00:00:00.000Z,4651.2243,4654.5511,4560.4647,4607.5519,111069
2023-12-18T04:00:00.000Z,4607.9062,4646.8612,4606.8999,4640.133,43217
2023-12-18T12:00:00.000Z,4634.3272,4731.781,4632.7821,4708.9327,144183
2023-12-19T00:00:00.000Z,4681.9318,4697.6791,4640.804,4661.3861,82646
2023-12-19T04:00:00.000Z,4662.4858,4693.1758,4657.8296,4683.6406,50021
2023-12-19T12:00:00.000Z,4662.3228,4716.5327,4647.3125,4710.3618,110179
2023-12-20T00:00:00.000Z,4716.7954,4734.8999,4696.186,4716.1431,77174
2023-12-20T04:00:00.000Z,4717.4316,4783.3677,4717.4316,4746.8389,91242
2023-12-20T12:00:00.000Z,4771.1052,4819.16,4746.0332,4770.9608,145601
2023-12-21T00:00:00.000Z,4741.8892,4768.2036,4717.7481,4763.4007,91417
2023-12-21T04:00:00.000Z,4761.5071,4789.0361,4756.3759,4766.1054,46046
2023-12-21T12:00:00.000Z,4725.3473,4747.3732,4687.8639,4730.8204,137355
2023-12-22T00:00:00.000Z,4736.9666,4837.6125,4731.0426,4807.0198,104063
2023-12-22T04:00:00.000Z,4803.1675,4817.3855,4761.1717,4793.9062,57317
2023-12-22T12:00:00.000Z,4785.0014,4861.918,4764.6833,4828.6069,132132
