time,open,high,low,close,volume
2023-11-26T23:00:00.000Z,15961,15965,15948,15953,625
2023-11-26T23:30:00.000Z,15953,15954,15946,15950,300
2023-11-27T00:00:00.000Z,15949,15950,15929,15936,658
2023-11-27T00:30:00.000Z,15936,15938,15931,15932,360
2023-11-27T01:00:00.000Z,15933,15949,15929,15949,527
2023-11-27T01:30:00.000Z,15948,15948,15932,15933,549
2023-11-27T02:00:00.000Z,15934,15935,15912,15913,589
2023-11-27T02:30:00.000Z,15912,15913,15908,15911,408
2023-11-27T03:00:00.000Z,15911,15911,15902,15902,339
2023-11-27T03:30:00.000Z,15903,15910,15902,15908,348
2023-11-27T04:00:00.000Z,15909,15912,15907,15911,221
2023-11-27T04:30:00.000Z,15912,15914,15909,15910,197
2023-11-27T05:00:00.000Z,15911,15911,15903,15905,410
2023-11-27T05:30:00.000Z,15906,15916,15904,15904,369
2023-11-27T06:00:00.000Z,15905,15921,15904,15918,339
2023-11-27T06:30:00.000Z,15919,15921,15914,15919,329
2023-11-27T07:00:00.000Z,15920,15945,15919,15943,545
2023-11-27T07:30:00.000Z,15942,15950,15941,15947,476
2023-11-27T08:00:00.000Z,15948,15960,15943,15954,968
2023-11-27T08:30:00.000Z,15955,15962,15953,15958,686
2023-11-27T09:00:00.000Z,15959,15963,15951,15953,724
2023-11-27T09:30:00.000Z,15954,15956,15934,15937,557
2023-11-27T10:00:00.000Z,15938,15963,15937,15962,680
2023-11-27T10:30:00.000Z,15963,15973,15958,15972,593
2023-11-27T11:00:00.000Z,15973,15975,15965,15966,568
2023-11-27T11:30:00.000Z,15967,15972,15958,15966,446
2023-11-27T12:00:00.000Z,15967,15981,15965,15967,607
2023-11-27T12:30:00.000Z,15968,15974,15961,15967,587
2023-11-27T13:00:00.000Z,15968,15984,15965,15983,759
2023-11-27T13:30:00.000Z,15983,15984,15960,15963,896
2023-11-27T14:00:00.000Z,15964,15967,15940,15961,1047
2023-11-27T14:30:00.000Z,15962,16000,15934,15971,4155
2023-11-27T15:00:00.000Z,15973,16013,15962,15978,3305
2023-11-27T15:30:00.000Z,15980,16014,15979,16004,2503
2023-11-27T16:00:00.000Z,16004,16004,15969,15991,2444
2023-11-27T16:30:00.000Z,15991,16028,15984,16018,2166
2023-11-27T17:00:00.000Z,16017,16031,16011,16023,1690
2023-11-27T17:30:00.000Z,16024,16038,16018,16036,1439
2023-11-27T18:00:00.000Z,16037,16052,16023,16029,1665
2023-11-27T18:30:00.000Z,16030,16034,16008,16016,1560
2023-11-27T19:00:00.000Z,16017,16021,15996,16003,1718
2023-11-27T19:30:00.000Z,16003,16006,15961,15989,1932
2023-11-27T20:00:00.000Z,15988,16004,15983,16001,1503
2023-11-27T20:30:00.000Z,16002,16010,15963,15970,1770
2023-11-27T21:00:00.000Z,15969,15973,15966,15970,455
2023-11-27T21:30:00.000Z,15970,15970,15966,15967,181
2023-11-27T23:00:00.000Z,15972,15977,15968,15976,314
2023-11-27T23:30:00.000Z,15977,15977,15972,15975,210
2023-11-28T00:00:00.000Z,15975,15975,15952,15955,465
2023-11-28T00:30:00.000Z,15954,15971,15954,15970,390
2023-11-28T01:00:00.000Z,15969,15974,15966,15967,462
2023-11-28T01:30:00.000Z,15967,15975,15960,15972,555
2023-11-28T02:00:00.000Z,15972,15979,15972,15976,400
2023-11-28T02:30:00.000Z,15977,15979,15973,15973,282
2023-11-28T03:00:00.000Z,15973,15974,15961,15968,230
2023-11-28T03:30:00.000Z,15968,15968,15959,15960,226
2023-11-28T04:00:00.000Z,15960,15962,15957,15957,161
2023-11-28T04:30:00.000Z,15958,15963,15957,15963,147
2023-11-28T05:00:00.000Z,15963,15964,15958,15963,216
2023-11-28T05:30:00.000Z,15964,15972,15964,15968,345
2023-11-28T06:00:00.000Z,15968,15976,15967,15974,273
2023-11-28T06:30:00.000Z,15975,15978,15970,15974,261
2023-11-28T07:00:00.000Z,15975,15975,15936,15941,642
2023-11-28T07:30:00.000Z,15940,15945,15924,15936,700
2023-11-28T08:00:00.000Z,15938,15939,15923,15925,1196
2023-11-28T08:30:00.000Z,15926,15942,15915,15937,1134
2023-11-28T09:00:00.000Z,15937,15949,15932,15949,813
2023-11-28T09:30:00.000Z,15949,15957,15947,15955,643
2023-11-28T10:00:00.000Z,15956,15960,15949,15949,557
2023-11-28T10:30:00.000Z,15949,15971,15948,15970,631
2023-11-28T11:00:00.000Z,15970,15976,15964,15970,594
2023-11-28T11:30:00.000Z,15970,15971,15955,15956,522
2023-11-28T12:00:00.000Z,15956,15964,15951,15954,658
2023-11-28T12:30:00.000Z,15954,15958,15934,15936,688
2023-11-28T13:00:00.000Z,15936,15945,15911,15940,1113
2023-11-28T13:30:00.000Z,15939,15952,15939,15952,1050
2023-11-28T14:00:00.000Z,15952,15956,15932,15940,1291
2023-11-28T14:30:00.000Z,15941,15973,15924,15933,4000
2023-11-28T15:00:00.000Z,15933,15966,15931,15951,3298
2023-11-28T15:30:00.000Z,15951,16013,15937,15978,3354
2023-11-28T16:00:00.000Z,15979,16011,15967,16006,2646
2023-11-28T16:30:00.000Z,16006,16037,16004,16021,2152
2023-11-28T17:00:00.000Z,16021,16024,16007,16007,1923
2023-11-28T17:30:00.000Z,16007,16007,15973,15989,2037
2023-11-28T18:00:00.000Z,15988,15990,15934,15967,2927
2023-11-28T18:30:00.000Z,15968,15980,15962,15968,2075
2023-11-28T19:00:00.000Z,15969,15974,15957,15963,2043
2023-11-28T19:30:00.000Z,15964,15993,15951,15987,1938
2023-11-28T20:00:00.000Z,15987,15988,15956,15971,1781
2023-11-28T20:30:00.000Z,15971,16017,15971,16013,1868
2023-11-28T21:00:00.000Z,16012,16024,16012,16020,554
2023-11-28T21:30:00.000Z,16020,16022,16017,16017,338
2023-11-28T23:00:00.000Z,16014,16020,16007,16018,384
2023-11-28T23:30:00.000Z,16019,16024,16015,16019,275
2023-11-29T00:00:00.000Z,16020,16023,16015,16019,399
2023-11-29T00:30:00.000Z,16020,16036,16019,16033,350
2023-11-29T01:00:00.000Z,16032,16053,16032,16040,659
2023-11-29T01:30:00.000Z,16039,16042,16033,16039,527
2023-11-29T02:00:00.000Z,16040,16046,16038,16039,376
2023-11-29T02:30:00.000Z,16040,16041,16032,16034,375
2023-11-29T03:00:00.000Z,16035,16035,16026,16030,243
2023-11-29T03:30:00.000Z,16031,16039,16029,16039,214
2023-11-29T04:00:00.000Z,16040,16043,16039,16042,163
2023-11-29T04:30:00.000Z,16042,16042,16037,16042,178
2023-11-29T05:00:00.000Z,16042,16045,16036,16039,325
2023-11-29T05:30:00.000Z,16038,16038,16031,16037,288
2023-11-29T06:00:00.000Z,16037,16037,16029,16032,248
2023-11-29T06:30:00.000Z,16033,16044,16032,16041,356
2023-11-29T07:00:00.000Z,16040,16040,16031,16034,520
2023-11-29T07:30:00.000Z,16034,16037,16023,16027,553
2023-11-29T08:00:00.000Z,16026,16043,16023,16025,1202
2023-11-29T08:30:00.000Z,16024,16066,16024,16050,1222
2023-11-29T09:00:00.000Z,16050,16081,16045,16079,1113
2023-11-29T09:30:00.000Z,16080,16089,16067,16082,1010
2023-11-29T10:00:00.000Z,16082,16090,16080,16089,829
2023-11-29T10:30:00.000Z,16089,16091,16081,16085,789
2023-11-29T11:00:00.000Z,16086,16089,16079,16083,640
2023-11-29T11:30:00.000Z,16083,16105,16080,16098,634
2023-11-29T12:00:00.000Z,16097,16104,16090,16099,740
2023-11-29T12:30:00.000Z,16098,16111,16097,16111,745
2023-11-29T13:00:00.000Z,16112,16126,16108,16126,1170
2023-11-29T13:30:00.000Z,16125,16139,16105,16112,1895
2023-11-29T14:00:00.000Z,16112,16128,16105,16114,1379
2023-11-29T14:30:00.000Z,16114,16174,16114,16161,3692
2023-11-29T15:00:00.000Z,16161,16170,16052,16075,3982
2023-11-29T15:30:00.000Z,16076,16099,16056,16086,3192
2023-11-29T16:00:00.000Z,16085,16088,16006,16012,3170
2023-11-29T16:30:00.000Z,16012,16037,15999,16034,2462
2023-11-29T17:00:00.000Z,16033,16056,16020,16055,2043
2023-11-29T17:30:00.000Z,16056,16063,16052,16058,1644
2023-11-29T18:00:00.000Z,16059,16066,16033,16053,1907
2023-11-29T18:30:00.000Z,16054,16054,16025,16042,1888
2023-11-29T19:00:00.000Z,16043,16051,16025,16035,2106
2023-11-29T19:30:00.000Z,16034,16034,16002,16031,2191
2023-11-29T20:00:00.000Z,16032,16032,15983,15988,2214
2023-11-29T20:30:00.000Z,15989,15997,15981,15993,2086
2023-11-29T21:00:00.000Z,15993,16022,15993,16017,636
2023-11-29T21:30:00.000Z,16016,16018,16005,16008,269
2023-11-29T23:00:00.000Z,16007,16015,16003,16014,387
2023-11-29T23:30:00.000Z,16014,16015,16006,16012,238
2023-11-30T00:00:00.000Z,16013,16014,16006,16011,454
2023-11-30T00:30:00.000Z,16011,16022,16010,16015,355
2023-11-30T01:00:00.000Z,16015,16017,16008,16010,480
2023-11-30T01:30:00.000Z,16011,16015,16001,16008,941
2023-11-30T02:00:00.000Z,16007,16016,16005,16013,520
2023-11-30T02:30:00.000Z,16012,16022,16009,16021,485
2023-11-30T03:00:00.000Z,16021,16021,16012,16014,329
2023-11-30T03:30:00.000Z,16015,16019,16013,16018,250
2023-11-30T04:00:00.000Z,16018,16021,16015,16018,237
2023-11-30T04:30:00.000Z,16019,16022,16018,16020,216
2023-11-30T05:00:00.000Z,16021,16027,16019,16021,347
2023-11-30T05:30:00.000Z,16020,16029,16020,16029,265
2023-11-30T06:00:00.000Z,16028,16032,16027,16028,348
2023-11-30T06:30:00.000Z,16028,16032,16023,16024,307
2023-11-30T07:00:00.000Z,16024,16033,16022,16024,505
2023-11-30T07:30:00.000Z,16023,16033,16020,16033,612
2023-11-30T08:00:00.000Z,16032,16036,16020,16020,1046
2023-11-30T08:30:00.000Z,16021,16029,15997,16002,1016
2023-11-30T09:00:00.000Z,16002,16025,16001,16024,912
2023-11-30T09:30:00.000Z,16025,16026,16008,16018,917
2023-11-30T10:00:00.000Z,16019,16024,16012,16022,727
2023-11-30T10:30:00.000Z,16021,16033,16020,16027,703
2023-11-30T11:00:00.000Z,16027,16030,16018,16027,571
2023-11-30T11:30:00.000Z,16027,16028,16015,16017,563
2023-11-30T12:00:00.000Z,16017,16038,16017,16037,643
2023-11-30T12:30:00.000Z,16038,16043,16035,16039,641
2023-11-30T13:00:00.000Z,16040,16049,16033,16047,923
2023-11-30T13:30:00.000Z,16047,16063,16014,16016,2473
2023-11-30T14:00:00.000Z,16015,16016,15992,15998,1778
2023-11-30T14:30:00.000Z,15997,16015,15913,15942,4823
2023-11-30T15:00:00.000Z,15941,15964,15886,15914,4294
2023-11-30T15:30:00.000Z,15914,15931,15848,15885,4158
2023-11-30T16:00:00.000Z,15884,15896,15857,15859,3508
2023-11-30T16:30:00.000Z,15860,15864,15831,15832,2988
2023-11-30T17:00:00.000Z,15832,15864,15827,15843,2548
2023-11-30T17:30:00.000Z,15843,15877,15841,15869,2134
2023-11-30T18:00:00.000Z,15869,15869,15834,15834,2024
2023-11-30T18:30:00.000Z,15834,15853,15822,15841,2084
2023-11-30T19:00:00.000Z,15841,15870,15840,15853,2057
2023-11-30T19:30:00.000Z,15853,15894,15847,15890,1960
2023-11-30T20:00:00.000Z,15890,15891,15836,15849,2163
2023-11-30T20:30:00.000Z,15850,15956,15847,15943,2984
2023-11-30T21:00:00.000Z,15944,15950,15923,15936,1174
2023-11-30T21:30:00.000Z,15937,15937,15922,15922,392
2023-11-30T23:00:00.000Z,15919,15933,15917,15932,404
2023-11-30T23:30:00.000Z,15932,15934,15929,15931,233
2023-12-01T00:00:00.000Z,15931,15931,15925,15929,245
2023-12-01T00:30:00.000Z,15928,15928,15922,15926,312
2023-12-01T01:00:00.000Z,15926,15929,15919,15923,423
2023-12-01T01:30:00.000Z,15922,15929,15920,15921,498
2023-12-01T02:00:00.000Z,15921,15927,15919,15927,435
2023-12-01T02:30:00.000Z,15927,15937,15927,15930,383
2023-12-01T03:00:00.000Z,15931,15931,15927,15927,255
2023-12-01T03:30:00.000Z,15928,15928,15915,15920,264
2023-12-01T04:00:00.000Z,15920,15922,15918,15921,153
2023-12-01T04:30:00.000Z,15922,15923,15919,15923,157
2023-12-01T05:00:00.000Z,15922,15923,15913,15921,377
2023-12-01T05:30:00.000Z,15921,15930,15918,15923,510
2023-12-01T06:00:00.000Z,15923,15931,15921,15923,335
2023-12-01T06:30:00.000Z,15923,15925,15919,15922,242
2023-12-01T07:00:00.000Z,15922,15927,15918,15920,426
2023-12-01T07:30:00.000Z,15920,15927,15913,15915,528
2023-12-01T08:00:00.000Z,15914,15938,15914,15938,981
2023-12-01T08:30:00.000Z,15937,15953,15936,15949,863
2023-12-01T09:00:00.000Z,15950,15962,15945,15961,918
2023-12-01T09:30:00.000Z,15961,15968,15950,15951,718
2023-12-01T10:00:00.000Z,15950,15954,15942,15945,547
2023-12-01T10:30:00.000Z,15946,15947,15934,15934,581
2023-12-01T11:00:00.000Z,15933,15943,15930,15940,550
2023-12-01T11:30:00.000Z,15940,15942,15924,15929,628
2023-12-01T12:00:00.000Z,15930,15930,15898,15911,808
2023-12-01T12:30:00.000Z,15910,15914,15886,15891,857
2023-12-01T13:00:00.000Z,15892,15915,15890,15909,1165
2023-12-01T13:30:00.000Z,15909,15915,15895,15898,1307
2023-12-01T14:00:00.000Z,15897,15905,15888,15900,1493
2023-12-01T14:30:00.000Z,15901,15910,15843,15879,4687
2023-12-01T15:00:00.000Z,15900,15930,15841,15847,4843
2023-12-01T15:30:00.000Z,15848,15884,15832,15882,3605
2023-12-01T16:00:00.000Z,15880,15951,15852,15928,4569
2023-12-01T16:30:00.000Z,15929,15985,15904,15961,3913
2023-12-01T17:00:00.000Z,15961,15990,15947,15988,3134
2023-12-01T17:30:00.000Z,15989,16017,15973,16006,2336
2023-12-01T18:00:00.000Z,16006,16009,15976,15976,2509
2023-12-01T18:30:00.000Z,15977,15984,15953,15962,2546
2023-12-01T19:00:00.000Z,15962,15989,15957,15985,2446
2023-12-01T19:30:00.000Z,15985,15999,15974,15998,1998
2023-12-01T20:00:00.000Z,15998,16001,15969,15998,2183
2023-12-01T20:30:00.000Z,15998,16004,15973,15992,2151
2023-12-01T21:00:00.000Z,15992,16003,15978,16000,781
2023-12-01T21:30:00.000Z,15999,16003,15997,15998,366
2023-12-03T23:00:00.000Z,15998,16001,15963,15971,970
2023-12-03T23:30:00.000Z,15971,15973,15963,15966,456
2023-12-04T00:00:00.000Z,15967,15967,15948,15958,696
2023-12-04T00:30:00.000Z,15958,15960,15950,15951,639
2023-12-04T01:00:00.000Z,15951,15962,15950,15960,645
2023-12-04T01:30:00.000Z,15959,15960,15952,15960,781
2023-12-04T02:00:00.000Z,15959,15960,15950,15957,507
2023-12-04T02:30:00.000Z,15956,15956,15948,15951,345
2023-12-04T03:00:00.000Z,15952,15953,15941,15946,296
2023-12-04T03:30:00.000Z,15946,15948,15942,15946,273
2023-12-04T04:00:00.000Z,15947,15954,15945,15954,212
2023-12-04T04:30:00.000Z,15954,15959,15950,15956,257
2023-12-04T05:00:00.000Z,15956,15956,15944,15946,426
2023-12-04T05:30:00.000Z,15946,15949,15938,15939,389
2023-12-04T06:00:00.000Z,15939,15949,15937,15946,386
2023-12-04T06:30:00.000Z,15947,15950,15939,15942,409
2023-12-04T07:00:00.000Z,15944,15950,15939,15941,519
2023-12-04T07:30:00.000Z,15941,15942,15923,15925,613
2023-12-04T08:00:00.000Z,15926,15949,15919,15948,1235
2023-12-04T08:30:00.000Z,15949,15978,15949,15962,1061
2023-12-04T09:00:00.000Z,15962,15967,15939,15946,1066
2023-12-04T09:30:00.000Z,15946,15948,15933,15944,846
2023-12-04T10:00:00.000Z,15945,15951,15936,15947,699
2023-12-04T10:30:00.000Z,15946,15949,15932,15942,654
2023-12-04T11:00:00.000Z,15941,15947,15932,15941,696
2023-12-04T11:30:00.000Z,15942,15942,15916,15922,795
2023-12-04T12:00:00.000Z,15922,15925,15905,15924,887
2023-12-04T12:30:00.000Z,15923,15942,15920,15938,814
2023-12-04T13:00:00.000Z,15937,15943,15920,15922,1089
2023-12-04T13:30:00.000Z,15922,15923,15878,15881,1401
2023-12-04T14:00:00.000Z,15882,15883,15824,15837,2053
2023-12-04T14:30:00.000Z,15840,15851,15798,15814,4803
2023-12-04T15:00:00.000Z,15814,15846,15722,15728,4232
2023-12-04T15:30:00.000Z,15727,15738,15697,15712,3538
2023-12-04T16:00:00.000Z,15711,15745,15704,15744,2774
2023-12-04T16:30:00.000Z,15745,15805,15736,15801,2281
2023-12-04T17:00:00.000Z,15802,15826,15792,15813,2167
2023-12-04T17:30:00.000Z,15814,15843,15812,15838,2091
2023-12-04T18:00:00.000Z,15839,15839,15795,15796,1983
2023-12-04T18:30:00.000Z,15795,15813,15792,15798,1855
2023-12-04T19:00:00.000Z,15797,15810,15771,15804,2220
2023-12-04T19:30:00.000Z,15804,15817,15795,15801,2022
2023-12-04T20:00:00.000Z,15801,15811,15783,15811,2167
2023-12-04T20:30:00.000Z,15811,15860,15805,15846,2307
2023-12-04T21:00:00.000Z,15845,15848,15831,15833,561
2023-12-04T21:30:00.000Z,15832,15835,15828,15832,230
2023-12-04T23:00:00.000Z,15836,15836,15830,15833,266
2023-12-04T23:30:00.000Z,15833,15833,15822,15827,259
2023-12-05T00:00:00.000Z,15826,15829,15821,15824,440
2023-12-05T00:30:00.000Z,15825,15830,15819,15820,238
2023-12-05T01:00:00.000Z,15821,15826,15811,15812,506
2023-12-05T01:30:00.000Z,15812,15822,15809,15819,660
2023-12-05T02:00:00.000Z,15819,15820,15808,15809,540
2023-12-05T02:30:00.000Z,15810,15813,15805,15811,409
2023-12-05T03:00:00.000Z,15812,15814,15809,15814,245
2023-12-05T03:30:00.000Z,15813,15815,15804,15814,318
2023-12-05T04:00:00.000Z,15814,15818,15812,15814,264
2023-12-05T04:30:00.000Z,15815,15815,15804,15804,228
2023-12-05T05:00:00.000Z,15805,15807,15799,15804,341
2023-12-05T05:30:00.000Z,15804,15807,15801,15804,369
2023-12-05T06:00:00.000Z,15804,15804,15790,15790,337
2023-12-05T06:30:00.000Z,15791,15791,15769,15773,526
2023-12-05T07:00:00.000Z,15773,15773,15738,15742,831
2023-12-05T07:30:00.000Z,15742,15754,15742,15746,635
2023-12-05T08:00:00.000Z,15746,15782,15746,15773,1331
2023-12-05T08:30:00.000Z,15774,15780,15757,15778,1151
2023-12-05T09:00:00.000Z,15777,15791,15777,15784,1110
2023-12-05T09:30:00.000Z,15785,15786,15769,15777,888
2023-12-05T10:00:00.000Z,15776,15776,15749,15768,952
2023-12-05T10:30:00.000Z,15768,15777,15741,15752,917
2023-12-05T11:00:00.000Z,15753,15772,15747,15758,831
2023-12-05T11:30:00.000Z,15757,15760,15739,15743,958
2023-12-05T12:00:00.000Z,15742,15771,15741,15757,1093
2023-12-05T12:30:00.000Z,15757,15765,15741,15758,1120
2023-12-05T13:00:00.000Z,15757,15791,15756,15788,1357
2023-12-05T13:30:00.000Z,15787,15794,15772,15775,1289
2023-12-05T14:00:00.000Z,15775,15783,15746,15769,1492
2023-12-05T14:30:00.000Z,15768,15841,15761,15831,4481
2023-12-05T15:00:00.000Z,15831,15914,15829,15869,4509
2023-12-05T15:30:00.000Z,15871,15937,15864,15928,3492
2023-12-05T16:00:00.000Z,15929,15937,15835,15854,3433
2023-12-05T16:30:00.000Z,15854,15881,15809,15845,3193
2023-12-05T17:00:00.000Z,15845,15875,15841,15863,3039
2023-12-05T17:30:00.000Z,15863,15866,15805,15850,2950
2023-12-05T18:00:00.000Z,15850,15869,15832,15852,2831
2023-12-05T18:30:00.000Z,15854,15861,15838,15850,2483
2023-12-05T19:00:00.000Z,15851,15881,15835,15870,2243
2023-12-05T19:30:00.000Z,15870,15879,15840,15876,2059
2023-12-05T20:00:00.000Z,15876,15885,15865,15872,2012
2023-12-05T20:30:00.000Z,15873,15889,15860,15889,2165
2023-12-05T21:00:00.000Z,15890,15903,15887,15887,491
2023-12-05T21:30:00.000Z,15885,15885,15874,15877,278
2023-12-05T23:00:00.000Z,15876,15887,15871,15886,322
2023-12-05T23:30:00.000Z,15887,15909,15887,15908,322
2023-12-06T00:00:00.000Z,15908,15943,15908,15933,651
2023-12-06T00:30:00.000Z,15934,15945,15932,15944,520
2023-12-06T01:00:00.000Z,15944,15959,15943,15948,566
2023-12-06T01:30:00.000Z,15947,15959,15943,15955,795
2023-12-06T02:00:00.000Z,15956,15962,15948,15951,653
2023-12-06T02:30:00.000Z,15951,15956,15946,15951,367
2023-12-06T03:00:00.000Z,15952,15962,15952,15958,405
2023-12-06T03:30:00.000Z,15957,15968,15954,15956,343
2023-12-06T04:00:00.000Z,15955,15959,15955,15958,267
2023-12-06T04:30:00.000Z,15958,15959,15953,15959,255
2023-12-06T05:00:00.000Z,15960,15967,15952,15967,483
2023-12-06T05:30:00.000Z,15967,15967,15951,15956,540
2023-12-06T06:00:00.000Z,15957,15961,15951,15951,433
2023-12-06T06:30:00.000Z,15952,15956,15949,15950,389
2023-12-06T07:00:00.000Z,15951,15953,15933,15934,669
2023-12-06T07:30:00.000Z,15935,15955,15935,15953,489
2023-12-06T08:00:00.000Z,15954,15967,15946,15959,1390
2023-12-06T08:30:00.000Z,15959,15960,15937,15942,1104
2023-12-06T09:00:00.000Z,15940,15958,15932,15941,1069
2023-12-06T09:30:00.000Z,15941,15944,15923,15936,915
2023-12-06T10:00:00.000Z,15935,15942,15929,15941,886
2023-12-06T10:30:00.000Z,15941,15952,15937,15951,593
2023-12-06T11:00:00.000Z,15951,15951,15922,15924,639
2023-12-06T11:30:00.000Z,15924,15931,15912,15923,755
2023-12-06T12:00:00.000Z,15924,15926,15902,15908,802
2023-12-06T12:30:00.000Z,15909,15922,15905,15921,722
2023-12-06T13:00:00.000Z,15920,15937,15912,15936,1290
2023-12-06T13:30:00.000Z,15937,15996,15937,15993,1871
2023-12-06T14:00:00.000Z,15994,16016,15993,16014,1416
2023-12-06T14:30:00.000Z,16014,16017,15916,15928,4618
2023-12-06T15:00:00.000Z,15928,15952,15856,15875,4104
2023-12-06T15:30:00.000Z,15876,15924,15874,15915,3853
2023-12-06T16:00:00.000Z,15915,15929,15881,15888,3236
2023-12-06T16:30:00.000Z,15889,15897,15843,15896,3086
2023-12-06T17:00:00.000Z,15896,15904,15871,15875,2611
2023-12-06T17:30:00.000Z,15876,15894,15845,15848,2599
2023-12-06T18:00:00.000Z,15847,15865,15825,15858,2545
2023-12-06T18:30:00.000Z,15859,15868,15831,15864,2439
2023-12-06T19:00:00.000Z,15864,15868,15837,15841,2273
2023-12-06T19:30:00.000Z,15842,15867,15842,15847,2062
2023-12-06T20:00:00.000Z,15847,15852,15799,15807,2199
2023-12-06T20:30:00.000Z,15807,15823,15782,15795,2436
2023-12-06T21:00:00.000Z,15796,15801,15789,15791,605
2023-12-06T21:30:00.000Z,15792,15797,15791,15794,289
2023-12-06T23:00:00.000Z,15790,15804,15783,15803,519
2023-12-06T23:30:00.000Z,15803,15806,15789,15798,436
2023-12-07T00:00:00.000Z,15798,15804,15789,15794,744
2023-12-07T00:30:00.000Z,15795,15806,15794,15797,441
2023-12-07T01:00:00.000Z,15797,15805,15795,15795,574
2023-12-07T01:30:00.000Z,15796,15803,15782,15786,828
2023-12-07T02:00:00.000Z,15785,15794,15785,15791,647
2023-12-07T02:30:00.000Z,15790,15796,15787,15792,588
2023-12-07T03:00:00.000Z,15792,15801,15786,15798,455
2023-12-07T03:30:00.000Z,15799,15799,15789,15794,400
2023-12-07T04:00:00.000Z,15794,15799,15793,15798,255
2023-12-07T04:30:00.000Z,15798,15798,15793,15795,212
2023-12-07T05:00:00.000Z,15796,15798,15787,15788,542
2023-12-07T05:30:00.000Z,15788,15788,15774,15781,548
2023-12-07T06:00:00.000Z,15782,15790,15779,15787,498
2023-12-07T06:30:00.000Z,15788,15790,15774,15776,411
2023-12-07T07:00:00.000Z,15775,15795,15773,15793,728
2023-12-07T07:30:00.000Z,15792,15797,15786,15796,650
2023-12-07T08:00:00.000Z,15797,15818,15797,15811,1344
2023-12-07T08:30:00.000Z,15811,15814,15800,15802,1232
2023-12-07T09:00:00.000Z,15801,15817,15785,15816,1149
2023-12-07T09:30:00.000Z,15816,15834,15815,15826,1071
2023-12-07T10:00:00.000Z,15827,15833,15819,15825,906
2023-12-07T10:30:00.000Z,15824,15830,15816,15829,891
2023-12-07T11:00:00.000Z,15828,15836,15818,15834,800
2023-12-07T11:30:00.000Z,15834,15839,15830,15833,741
2023-12-07T12:00:00.000Z,15834,15835,15820,15830,836
2023-12-07T12:30:00.000Z,15831,15842,15827,15841,795
2023-12-07T13:00:00.000Z,15840,15854,15836,15851,1200
2023-12-07T13:30:00.000Z,15850,15898,15831,15891,2182
2023-12-07T14:00:00.000Z,15892,15921,15888,15915,1565
2023-12-07T14:30:00.000Z,15916,15964,15870,15890,4867
2023-12-07T15:00:00.000Z,15889,15978,15886,15974,4453
2023-12-07T15:30:00.000Z,15975,15989,15964,15979,3368
2023-12-07T16:00:00.000Z,15980,15992,15913,15952,3494
2023-12-07T16:30:00.000Z,15951,16009,15950,16008,2702
2023-12-07T17:00:00.000Z,16009,16037,15992,16031,2644
2023-12-07T17:30:00.000Z,16031,16035,16008,16016,2595
2023-12-07T18:00:00.000Z,16015,16034,16001,16008,2256
2023-12-07T18:30:00.000Z,16009,16018,15998,16015,2002
2023-12-07T19:00:00.000Z,16015,16047,16011,16040,1826
2023-12-07T19:30:00.000Z,16039,16041,16004,16005,1873
2023-12-07T20:00:00.000Z,16005,16033,16001,16022,1773
2023-12-07T20:30:00.000Z,16022,16030,16008,16018,1946
2023-12-07T21:00:00.000Z,16017,16017,15994,15996,870
2023-12-07T21:30:00.000Z,15995,15999,15988,15999,383
2023-12-07T23:00:00.000Z,16004,16012,16002,16003,354
2023-12-07T23:30:00.000Z,16004,16007,16000,16004,276
2023-12-08T00:00:00.000Z,16005,16012,16003,16009,577
2023-12-08T00:30:00.000Z,16010,16015,16004,16007,462
2023-12-08T01:00:00.000Z,16007,16009,15996,16000,653
2023-12-08T01:30:00.000Z,15999,16008,15991,15995,688
2023-12-08T02:00:00.000Z,15996,16005,15994,16004,605
2023-12-08T02:30:00.000Z,16004,16005,15999,16002,373
2023-12-08T03:00:00.000Z,16002,16008,15999,16005,372
2023-12-08T03:30:00.000Z,16006,16010,16001,16010,373
2023-12-08T04:00:00.000Z,16009,16013,16007,16008,241
2023-12-08T04:30:00.000Z,16009,16011,16007,16011,159
2023-12-08T05:00:00.000Z,16012,16012,16003,16007,305
2023-12-08T05:30:00.000Z,16006,16007,15999,16001,333
2023-12-08T06:00:00.000Z,16002,16004,15997,16000,333
2023-12-08T06:30:00.000Z,15999,15999,15994,15996,271
2023-12-08T07:00:00.000Z,15997,15997,15983,15986,440
2023-12-08T07:30:00.000Z,15987,15988,15978,15981,430
2023-12-08T08:00:00.000Z,15982,15991,15973,15986,1059
2023-12-08T08:30:00.000Z,15986,15994,15984,15992,582
2023-12-08T09:00:00.000Z,15991,16011,15991,16009,729
2023-12-08T09:30:00.000Z,16009,16013,16005,16012,558
2023-12-08T10:00:00.000Z,16011,16021,16003,16018,617
2023-12-08T10:30:00.000Z,16019,16023,16015,16015,458
2023-12-08T11:00:00.000Z,16016,16019,15998,16001,494
2023-12-08T11:30:00.000Z,16002,16006,15976,15982,658
2023-12-08T12:00:00.000Z,15983,15987,15955,15982,1149
2023-12-08T12:30:00.000Z,15983,15986,15968,15973,887
2023-12-08T13:00:00.000Z,15973,15975,15948,15959,1290
2023-12-08T13:30:00.000Z,15958,15978,15876,15950,4130
2023-12-08T14:00:00.000Z,15951,15965,15923,15939,2625
2023-12-08T14:30:00.000Z,15940,16009,15932,15979,4909
2023-12-08T15:00:00.000Z,15979,16097,15979,16082,4376
2023-12-08T15:30:00.000Z,16085,16093,16005,16090,3776
2023-12-08T16:00:00.000Z,16090,16096,16012,16038,3637
2023-12-08T16:30:00.000Z,16039,16047,15995,16011,2947
2023-12-08T17:00:00.000Z,16012,16047,15975,16039,2933
2023-12-08T17:30:00.000Z,16040,16054,16026,16052,2252
2023-12-08T18:00:00.000Z,16052,16069,16044,16062,2063
2023-12-08T18:30:00.000Z,16063,16072,16045,16071,1850
2023-12-08T19:00:00.000Z,16071,16087,16065,16083,1553
2023-12-08T19:30:00.000Z,16082,16103,16078,16098,1649
2023-12-08T20:00:00.000Z,16097,16099,16073,16093,1899
2023-12-08T20:30:00.000Z,16092,16102,16079,16083,1995
2023-12-08T21:00:00.000Z,16083,16083,16071,16077,577
2023-12-08T21:30:00.000Z,16077,16079,16074,16078,261
2023-12-10T23:00:00.000Z,16082,16107,16076,16096,849
2023-12-10T23:30:00.000Z,16095,16099,16089,16097,525
2023-12-11T00:00:00.000Z,16096,16102,16080,16082,791
2023-12-11T00:30:00.000Z,16083,16083,16062,16068,686
2023-12-11T01:00:00.000Z,16069,16070,16057,16061,1020
2023-12-11T01:30:00.000Z,16061,16067,16055,16061,1128
2023-12-11T02:00:00.000Z,16061,16066,16049,16049,627
2023-12-11T02:30:00.000Z,16049,16054,16045,16046,527
2023-12-11T03:00:00.000Z,16048,16053,16044,16049,480
2023-12-11T03:30:00.000Z,16049,16053,16046,16050,353
2023-12-11T04:00:00.000Z,16050,16053,16049,16050,261
2023-12-11T04:30:00.000Z,16051,16051,16043,16046,223
2023-12-11T05:00:00.000Z,16045,16048,16042,16045,434
2023-12-11T05:30:00.000Z,16045,16057,16044,16056,523
2023-12-11T06:00:00.000Z,16055,16070,16054,16067,527
2023-12-11T06:30:00.000Z,16068,16069,16052,16053,532
2023-12-11T07:00:00.000Z,16053,16061,16049,16051,588
2023-12-11T07:30:00.000Z,16052,16061,16045,16056,991
2023-12-11T08:00:00.000Z,16057,16068,16051,16060,1263
2023-12-11T08:30:00.000Z,16060,16069,16055,16056,957
2023-12-11T09:00:00.000Z,16056,16084,16053,16081,887
2023-12-11T09:30:00.000Z,16082,16082,16063,16064,756
2023-12-11T10:00:00.000Z,16063,16077,16058,16061,755
2023-12-11T10:30:00.000Z,16061,16071,16053,16055,767
2023-12-11T11:00:00.000Z,16054,16063,16038,16048,680
2023-12-11T11:30:00.000Z,16048,16065,16047,16063,728
2023-12-11T12:00:00.000Z,16063,16078,16063,16069,735
2023-12-11T12:30:00.000Z,16069,16072,16059,16071,620
2023-12-11T13:00:00.000Z,16070,16077,16051,16061,1041
2023-12-11T13:30:00.000Z,16060,16077,16055,16073,1214
2023-12-11T14:00:00.000Z,16074,16088,16063,16071,1604
2023-12-11T14:30:00.000Z,16070,16156,16062,16153,5168
2023-12-11T15:00:00.000Z,16154,16167,16135,16138,3886
2023-12-11T15:30:00.000Z,16139,16192,16128,16170,3257
2023-12-11T16:00:00.000Z,16171,16179,16125,16145,3312
2023-12-11T16:30:00.000Z,16145,16157,16115,16155,3044
2023-12-11T17:00:00.000Z,16155,16182,16140,16181,2296
2023-12-11T17:30:00.000Z,16181,16197,16176,16194,1776
2023-12-11T18:00:00.000Z,16194,16219,16181,16216,1952
2023-12-11T18:30:00.000Z,16217,16237,16213,16228,1681
2023-12-11T19:00:00.000Z,16229,16238,16217,16227,1685
2023-12-11T19:30:00.000Z,16227,16232,16210,16216,1608
2023-12-11T20:00:00.000Z,16217,16227,16203,16210,1803
2023-12-11T20:30:00.000Z,16209,16232,16208,16228,1871
2023-12-11T21:00:00.000Z,16227,16237,16222,16233,661
2023-12-11T21:30:00.000Z,16233,16240,16232,16236,263
2023-12-11T23:00:00.000Z,16232,16234,16224,16231,253
2023-12-11T23:30:00.000Z,16232,16239,16230,16237,184
2023-12-12T00:00:00.000Z,16238,16267,16236,16253,590
2023-12-12T00:30:00.000Z,16252,16256,16245,16253,520
2023-12-12T01:00:00.000Z,16252,16256,16245,16246,502
2023-12-12T01:30:00.000Z,16247,16251,16242,16247,565
2023-12-12T02:00:00.000Z,16247,16251,16245,16246,444
2023-12-12T02:30:00.000Z,16245,16254,16245,16251,412
2023-12-12T03:00:00.000Z,16250,16256,16249,16254,318
2023-12-12T03:30:00.000Z,16253,16258,16249,16250,264
2023-12-12T04:00:00.000Z,16251,16254,16248,16253,103
2023-12-12T04:30:00.000Z,16254,16255,16250,16252,157
2023-12-12T05:00:00.000Z,16252,16254,16250,16254,319
2023-12-12T05:30:00.000Z,16254,16264,16252,16259,287
2023-12-12T06:00:00.000Z,16259,16262,16254,16256,249
2023-12-12T06:30:00.000Z,16255,16262,16253,16259,185
2023-12-12T07:00:00.000Z,16258,16265,16255,16257,397
2023-12-12T07:30:00.000Z,16257,16265,16256,16258,469
2023-12-12T08:00:00.000Z,16258,16275,16256,16268,1125
2023-12-12T08:30:00.000Z,16268,16268,16252,16252,902
2023-12-12T09:00:00.000Z,16252,16261,16250,16253,802
2023-12-12T09:30:00.000Z,16253,16264,16245,16263,708
2023-12-12T10:00:00.000Z,16262,16263,16254,16256,696
2023-12-12T10:30:00.000Z,16255,16259,16246,16249,626
2023-12-12T11:00:00.000Z,16249,16258,16248,16255,567
2023-12-12T11:30:00.000Z,16254,16256,16246,16248,572
2023-12-12T12:00:00.000Z,16248,16268,16247,16267,729
2023-12-12T12:30:00.000Z,16267,16278,16261,16275,786
2023-12-12T13:00:00.000Z,16274,16298,16266,16298,1283
2023-12-12T13:30:00.000Z,16298,16329,16226,16233,4388
2023-12-12T14:00:00.000Z,16234,16250,16223,16228,2566
2023-12-12T14:30:00.000Z,16227,16250,16179,16250,5075
2023-12-12T15:00:00.000Z,16250,16272,16238,16249,3677
2023-12-12T15:30:00.000Z,16250,16281,16242,16280,2861
2023-12-12T16:00:00.000Z,16281,16299,16271,16278,2511
2023-12-12T16:30:00.000Z,16278,16290,16263,16268,2389
2023-12-12T17:00:00.000Z,16269,16276,16248,16273,2161
2023-12-12T17:30:00.000Z,16273,16286,16267,16280,2040
2023-12-12T18:00:00.000Z,16280,16298,16274,16286,2342
2023-12-12T18:30:00.000Z,16287,16317,16281,16313,1942
2023-12-12T19:00:00.000Z,16313,16318,16306,16315,1515
2023-12-12T19:30:00.000Z,16316,16333,16313,16330,1483
2023-12-12T20:00:00.000Z,16331,16349,16326,16346,1682
2023-12-12T20:30:00.000Z,16346,16362,16337,16361,1992
2023-12-12T21:00:00.000Z,16360,16382,16356,16379,690
2023-12-12T21:30:00.000Z,16378,16382,16378,16379,289
2023-12-12T23:00:00.000Z,16377,16398,16375,16392,487
2023-12-12T23:30:00.000Z,16391,16397,16390,16395,232
2023-12-13T00:00:00.000Z,16394,16396,16391,16391,436
2023-12-13T00:30:00.000Z,16390,16393,16383,16390,376
2023-12-13T01:00:00.000Z,16389,16393,16385,16391,439
2023-12-13T01:30:00.000Z,16392,16394,16384,16389,469
2023-12-13T02:00:00.000Z,16389,16393,16387,16387,338
2023-12-13T02:30:00.000Z,16387,16389,16384,16388,266
2023-12-13T03:00:00.000Z,16387,16388,16385,16385,159
2023-12-13T03:30:00.000Z,16386,16389,16384,16388,223
2023-12-13T04:00:00.000Z,16387,16388,16384,16386,235
2023-12-13T04:30:00.000Z,16385,16392,16385,16391,170
2023-12-13T05:00:00.000Z,16392,16394,16391,16393,227
2023-12-13T05:30:00.000Z,16393,16396,16385,16389,273
2023-12-13T06:00:00.000Z,16389,16393,16383,16383,289
2023-12-13T06:30:00.000Z,16384,16386,16379,16382,272
2023-12-13T07:00:00.000Z,16381,16392,16378,16391,456
2023-12-13T07:30:00.000Z,16392,16401,16390,16392,472
2023-12-13T08:00:00.000Z,16392,16403,16387,16389,1000
2023-12-13T08:30:00.000Z,16390,16394,16381,16394,744
2023-12-13T09:00:00.000Z,16394,16395,16384,16387,737
2023-12-13T09:30:00.000Z,16387,16392,16385,16387,584
2023-12-13T10:00:00.000Z,16386,16390,16380,16383,648
2023-12-13T10:30:00.000Z,16382,16391,16380,16385,534
2023-12-13T11:00:00.000Z,16384,16395,16382,16392,489
2023-12-13T11:30:00.000Z,16393,16400,16392,16397,546
2023-12-13T12:00:00.000Z,16397,16401,16389,16390,622
2023-12-13T12:30:00.000Z,16389,16397,16389,16392,557
2023-12-13T13:00:00.000Z,16392,16396,16390,16393,785
2023-12-13T13:30:00.000Z,16392,16417,16392,16415,1782
2023-12-13T14:00:00.000Z,16416,16421,16387,16394,1284
2023-12-13T14:30:00.000Z,16395,16442,16383,16396,4320
2023-12-13T15:00:00.000Z,16395,16422,16389,16413,2873
2023-12-13T15:30:00.000Z,16414,16432,16403,16415,2442
2023-12-13T16:00:00.000Z,16414,16425,16386,16393,2475
2023-12-13T16:30:00.000Z,16394,16405,16383,16387,2136
2023-12-13T17:00:00.000Z,16387,16397,16376,16389,1848
2023-12-13T17:30:00.000Z,16389,16391,16374,16378,1718
2023-12-13T18:00:00.000Z,16379,16379,16361,16366,1628
2023-12-13T18:30:00.000Z,16367,16389,16365,16377,1397
2023-12-13T19:00:00.000Z,16378,16506,16378,16483,4495
2023-12-13T19:30:00.000Z,16483,16576,16457,16557,5017
2023-12-13T20:00:00.000Z,16558,16591,16468,16506,4938
2023-12-13T20:30:00.000Z,16505,16566,16492,16566,3592
2023-12-13T21:00:00.000Z,16567,16571,16539,16557,1327
2023-12-13T21:30:00.000Z,16557,16559,16547,16547,500
2023-12-13T23:00:00.000Z,16567,16586,16564,16585,732
2023-12-13T23:30:00.000Z,16584,16601,16583,16601,414
2023-12-14T00:00:00.000Z,16600,16634,16600,16628,750
2023-12-14T00:30:00.000Z,16629,16645,16628,16644,679
2023-12-14T01:00:00.000Z,16645,16650,16640,16646,620
2023-12-14T01:30:00.000Z,16645,16666,16645,16663,675
2023-12-14T02:00:00.000Z,16663,16669,16660,16667,489
2023-12-14T02:30:00.000Z,16667,16668,16648,16653,527
2023-12-14T03:00:00.000Z,16653,16659,16639,16640,390
2023-12-14T03:30:00.000Z,16641,16646,16635,16645,506
2023-12-14T04:00:00.000Z,16645,16655,16643,16652,336
2023-12-14T04:30:00.000Z,16652,16660,16647,16660,262
2023-12-14T05:00:00.000Z,16661,16661,16655,16658,426
2023-12-14T05:30:00.000Z,16658,16658,16651,16656,418
2023-12-14T06:00:00.000Z,16656,16660,16652,16658,353
2023-12-14T06:30:00.000Z,16657,16668,16657,16662,356
2023-12-14T07:00:00.000Z,16661,16662,16646,16646,762
2023-12-14T07:30:00.000Z,16646,16651,16636,16636,743
2023-12-14T08:00:00.000Z,16636,16662,16629,16648,2160
2023-12-14T08:30:00.000Z,16649,16654,16629,16634,1845
2023-12-14T09:00:00.000Z,16633,16634,16607,16613,1847
2023-12-14T09:30:00.000Z,16612,16619,16605,16616,1372
2023-12-14T10:00:00.000Z,16615,16631,16609,16630,1151
2023-12-14T10:30:00.000Z,16630,16640,16626,16631,913
2023-12-14T11:00:00.000Z,16631,16636,16615,16616,1029
2023-12-14T11:30:00.000Z,16616,16623,16609,16615,1056
2023-12-14T12:00:00.000Z,16616,16638,16616,16631,1273
2023-12-14T12:30:00.000Z,16632,16637,16622,16625,926
2023-12-14T13:00:00.000Z,16626,16629,16606,16618,1859
2023-12-14T13:30:00.000Z,16611,16639,16592,16637,2704
2023-12-14T14:00:00.000Z,16638,16645,16601,16604,2345
2023-12-14T14:30:00.000Z,16605,16661,16596,16634,4886
2023-12-14T15:00:00.000Z,16634,16635,16571,16579,5182
2023-12-14T15:30:00.000Z,16579,16605,16552,16597,4167
2023-12-14T16:00:00.000Z,16597,16602,16530,16551,4266
2023-12-14T16:30:00.000Z,16550,16575,16528,16564,3435
2023-12-14T17:00:00.000Z,16564,16594,16561,16592,2783
2023-12-14T17:30:00.000Z,16593,16603,16519,16519,2764
2023-12-14T18:00:00.000Z,16520,16520,16467,16469,3442
2023-12-14T18:30:00.000Z,16468,16487,16413,16453,3412
2023-12-14T19:00:00.000Z,16452,16510,16451,16510,2864
2023-12-14T19:30:00.000Z,16510,16526,16497,16523,2393
2023-12-14T20:00:00.000Z,16522,16532,16513,16518,2412
2023-12-14T20:30:00.000Z,16519,16542,16515,16541,2812
2023-12-14T21:00:00.000Z,16542,16550,16525,16528,769
2023-12-14T21:30:00.000Z,16529,16530,16525,16528,210
2023-12-14T23:00:00.000Z,16525,16545,16520,16543,557
2023-12-14T23:30:00.000Z,16543,16550,16540,16548,368
2023-12-15T00:00:00.000Z,16548,16562,16547,16547,715
2023-12-15T00:30:00.000Z,16548,16554,16542,16547,591
2023-12-15T01:00:00.000Z,16548,16550,16534,16549,921
2023-12-15T01:30:00.000Z,16550,16553,16547,16548,816
2023-12-15T02:00:00.000Z,16549,16559,16547,16559,584
2023-12-15T02:30:00.000Z,16559,16559,16550,16555,552
2023-12-15T03:00:00.000Z,16554,16558,16552,16555,427
2023-12-15T03:30:00.000Z,16556,16566,16554,16565,399
2023-12-15T04:00:00.000Z,16566,16567,16562,16566,343
2023-12-15T04:30:00.000Z,16566,16567,16561,16565,214
2023-12-15T05:00:00.000Z,16565,16568,16555,16562,532
2023-12-15T05:30:00.000Z,16562,16567,16553,16565,514
2023-12-15T06:00:00.000Z,16564,16564,16555,16557,574
2023-12-15T06:30:00.000Z,16557,16562,16556,16558,366
2023-12-15T07:00:00.000Z,16559,16578,16557,16578,730
2023-12-15T07:30:00.000Z,16577,16590,16577,16586,569
2023-12-15T08:00:00.000Z,16587,16589,16574,16576,1639
2023-12-15T08:30:00.000Z,16577,16586,16570,16585,1345
2023-12-15T09:00:00.000Z,16584,16595,16579,16593,1034
2023-12-15T09:30:00.000Z,16593,16597,16587,16596,875
2023-12-15T10:00:00.000Z,16596,16600,16591,16596,893
2023-12-15T10:30:00.000Z,16596,16597,16581,16585,1139
2023-12-15T11:00:00.000Z,16584,16600,16581,16594,941
2023-12-15T11:30:00.000Z,16594,16600,16591,16594,841
2023-12-15T12:00:00.000Z,16594,16599,16590,16596,969
2023-12-15T12:30:00.000Z,16596,16600,16579,16584,924
2023-12-15T13:00:00.000Z,16583,16591,16579,16591,1046
2023-12-15T13:30:00.000Z,16598,16599,16545,16576,2744
2023-12-15T14:00:00.000Z,16576,16606,16545,16575,2476
2023-12-15T14:30:00.000Z,16571,16631,16569,16610,5442
2023-12-15T15:00:00.000Z,16613,16653,16597,16651,4005
2023-12-15T15:30:00.000Z,16652,16663,16632,16646,3167
2023-12-15T16:00:00.000Z,16647,16666,16626,16664,2872
2023-12-15T16:30:00.000Z,16665,16674,16638,16652,2574
2023-12-15T17:00:00.000Z,16652,16658,16629,16652,2306
2023-12-15T17:30:00.000Z,16652,16653,16586,16590,2633
2023-12-15T18:00:00.000Z,16589,16624,16587,16623,2390
2023-12-15T18:30:00.000Z,16624,16629,16551,16569,3336
2023-12-15T19:00:00.000Z,16568,16599,16558,16577,3121
2023-12-15T19:30:00.000Z,16578,16616,16578,16601,2587
2023-12-15T20:00:00.000Z,16602,16626,16594,16620,2484
2023-12-15T20:30:00.000Z,16619,16655,16603,16608,2926
2023-12-15T21:00:00.000Z,16606,16620,16603,16609,1351
2023-12-15T21:30:00.000Z,16608,16610,16601,16602,513
2023-12-17T23:00:00.000Z,16624,16633,16598,16602,818
2023-12-17T23:30:00.000Z,16603,16620,16602,16619,436
2023-12-18T00:00:00.000Z,16619,16631,16617,16630,824
2023-12-18T00:30:00.000Z,16630,16634,16620,16621,508
2023-12-18T01:00:00.000Z,16622,16625,16615,16623,672
2023-12-18T01:30:00.000Z,16624,16627,16619,16624,776
2023-12-18T02:00:00.000Z,16625,16630,16622,16630,513
2023-12-18T02:30:00.000Z,16630,16639,16629,16636,438
2023-12-18T03:00:00.000Z,16636,16639,16631,16634,365
2023-12-18T03:30:00.000Z,16633,16641,16632,16638,346
2023-12-18T04:00:00.000Z,16637,16645,16635,16642,321
2023-12-18T04:30:00.000Z,16642,16649,16640,16648,204
2023-12-18T05:00:00.000Z,16647,16654,16646,16654,374
2023-12-18T05:30:00.000Z,16654,16654,16648,16649,316
2023-12-18T06:00:00.000Z,16649,16654,16646,16653,366
2023-12-18T06:30:00.000Z,16653,16653,16638,16640,344
2023-12-18T07:00:00.000Z,16639,16640,16632,16638,558
2023-12-18T07:30:00.000Z,16638,16651,16635,16635,504
2023-12-18T08:00:00.000Z,16634,16635,16605,16606,1487
2023-12-18T08:30:00.000Z,16607,16641,16604,16638,1026
2023-12-18T09:00:00.000Z,16639,16650,16630,16649,1206
2023-12-18T09:30:00.000Z,16649,16649,16636,16638,873
2023-12-18T10:00:00.000Z,16638,16648,16635,16646,781
2023-12-18T10:30:00.000Z,16647,16650,16631,16632,764
2023-12-18T11:00:00.000Z,16632,16638,16625,16625,742
2023-12-18T11:30:00.000Z,16626,16627,16613,16619,753
2023-12-18T12:00:00.000Z,16620,16638,16614,16632,730
2023-12-18T12:30:00.000Z,16633,16637,16622,16636,805
2023-12-18T13:00:00.000Z,16637,16644,16626,16640,948
2023-12-18T13:30:00.000Z,16640,16650,16627,16649,1364
2023-12-18T14:00:00.000Z,16649,16652,16631,16641,1406
2023-12-18T14:30:00.000Z,16642,16678,16628,16674,4630
2023-12-18T15:00:00.000Z,16676,16701,16668,16698,3496
2023-12-18T15:30:00.000Z,16699,16700,16662,16665,3099
2023-12-18T16:00:00.000Z,16664,16697,16652,16695,2594
2023-12-18T16:30:00.000Z,16696,16710,16695,16701,2238
2023-12-18T17:00:00.000Z,16701,16733,16701,16724,1847
2023-12-18T17:30:00.000Z,16724,16732,16718,16728,1868
2023-12-18T18:00:00.000Z,16728,16749,16717,16744,1845
2023-12-18T18:30:00.000Z,16745,16753,16738,16750,1552
2023-12-18T19:00:00.000Z,16751,16769,16746,16752,1710
2023-12-18T19:30:00.000Z,16753,16770,16744,16756,1525
2023-12-18T20:00:00.000Z,16757,16768,16747,16766,1583
2023-12-18T20:30:00.000Z,16765,16766,16733,16734,2103
2023-12-18T21:00:00.000Z,16733,16733,16708,16717,840
2023-12-18T21:30:00.000Z,16718,16720,16714,16718,305
2023-12-18T23:00:00.000Z,16713,16723,16712,16721,415
2023-12-18T23:30:00.000Z,16721,16723,16716,16720,300
2023-12-19T00:00:00.000Z,16720,16722,16713,16718,458
2023-12-19T00:30:00.000Z,16718,16720,16714,16718,306
2023-12-19T01:00:00.000Z,16718,16720,16713,16714,373
2023-12-19T01:30:00.000Z,16713,16718,16707,16718,576
2023-12-19T02:00:00.000Z,16718,16724,16716,16721,367
2023-12-19T02:30:00.000Z,16721,16730,16719,16721,692
2023-12-19T03:00:00.000Z,16722,16734,16720,16730,651
2023-12-19T03:30:00.000Z,16730,16732,16724,16725,339
2023-12-19T04:00:00.000Z,16726,16730,16717,16723,289
2023-12-19T04:30:00.000Z,16722,16726,16720,16724,189
2023-12-19T05:00:00.000Z,16723,16729,16723,16728,400
2023-12-19T05:30:00.000Z,16728,16729,16724,16727,378
2023-12-19T06:00:00.000Z,16728,16730,16714,16718,373
2023-12-19T06:30:00.000Z,16719,16721,16714,16721,413
2023-12-19T07:00:00.000Z,16720,16725,16716,16716,619
2023-12-19T07:30:00.000Z,16717,16730,16717,16720,588
2023-12-19T08:00:00.000Z,16720,16741,16720,16738,1180
2023-12-19T08:30:00.000Z,16737,16744,16732,16736,958
2023-12-19T09:00:00.000Z,16736,16746,16732,16739,892
2023-12-19T09:30:00.000Z,16739,16745,16735,16739,687
2023-12-19T10:00:00.000Z,16740,16744,16737,16740,734
2023-12-19T10:30:00.000Z,16741,16745,16737,16742,629
2023-12-19T11:00:00.000Z,16743,16754,16734,16754,706
2023-12-19T11:30:00.000Z,16753,16759,16749,16750,617
2023-12-19T12:00:00.000Z,16751,16785,16745,16757,1116
2023-12-19T12:30:00.000Z,16756,16770,16752,16767,815
2023-12-19T13:00:00.000Z,16768,16769,16759,16764,937
2023-12-19T13:30:00.000Z,16765,16765,16747,16755,1226
2023-12-19T14:00:00.000Z,16754,16760,16744,16748,1339
2023-12-19T14:30:00.000Z,16748,16791,16740,16776,4370
2023-12-19T15:00:00.000Z,16777,16793,16750,16787,3722
2023-12-19T15:30:00.000Z,16787,16801,16761,16797,3269
2023-12-19T16:00:00.000Z,16797,16808,16781,16794,2763
2023-12-19T16:30:00.000Z,16794,16806,16777,16777,2587
2023-12-19T17:00:00.000Z,16778,16783,16762,16779,2369
2023-12-19T17:30:00.000Z,16779,16798,16778,16790,1876
2023-12-19T18:00:00.000Z,16789,16793,16761,16786,1906
2023-12-19T18:30:00.000Z,16787,16800,16777,16789,1777
2023-12-19T19:00:00.000Z,16790,16805,16789,16801,1689
2023-12-19T19:30:00.000Z,16801,16803,16787,16795,1650
2023-12-19T20:00:00.000Z,16796,16801,16781,16793,1769
2023-12-19T20:30:00.000Z,16792,16823,16786,16817,1990
2023-12-19T21:00:00.000Z,16816,16825,16811,16819,548
2023-12-19T21:30:00.000Z,16818,16821,16816,16821,218
2023-12-19T23:00:00.000Z,16822,16831,16819,16830,299
2023-12-19T23:30:00.000Z,16831,16832,16824,16826,223
2023-12-20T00:00:00.000Z,16827,16836,16826,16836,404
2023-12-20T00:30:00.000Z,16836,16837,16831,16832,274
2023-12-20T01:00:00.000Z,16833,16836,16828,16832,388
2023-12-20T01:30:00.000Z,16832,16838,16832,16836,498
2023-12-20T02:00:00.000Z,16836,16838,16832,16838,324
2023-12-20T02:30:00.000Z,16838,16842,16837,16840,345
2023-12-20T03:00:00.000Z,16841,16844,16840,16844,301
2023-12-20T03:30:00.000Z,16844,16844,16835,16838,315
2023-12-20T04:00:00.000Z,16837,16838,16832,16833,241
2023-12-20T04:30:00.000Z,16834,16840,16833,16839,174
2023-12-20T05:00:00.000Z,16839,16844,16838,16843,347
2023-12-20T05:30:00.000Z,16843,16843,16829,16835,430
2023-12-20T06:00:00.000Z,16835,16837,16832,16833,357
2023-12-20T06:30:00.000Z,16833,16833,16825,16831,268
2023-12-20T07:00:00.000Z,16830,16838,16827,16833,545
2023-12-20T07:30:00.000Z,16834,16839,16831,16835,422
2023-12-20T08:00:00.000Z,16835,16835,16801,16807,1524
2023-12-20T08:30:00.000Z,16806,16806,16781,16784,1220
2023-12-20T09:00:00.000Z,16784,16790,16762,16766,1475
2023-12-20T09:30:00.000Z,16766,16776,16761,16774,970
2023-12-20T10:00:00.000Z,16774,16781,16767,16770,791
2023-12-20T10:30:00.000Z,16770,16778,16766,16772,853
2023-12-20T11:00:00.000Z,16772,16777,16769,16773,694
2023-12-20T11:30:00.000Z,16773,16778,16762,16774,749
2023-12-20T12:00:00.000Z,16773,16784,16766,16782,830
2023-12-20T12:30:00.000Z,16781,16782,16769,16771,743
2023-12-20T13:00:00.000Z,16770,16781,16769,16778,803
2023-12-20T13:30:00.000Z,16777,16786,16773,16781,710
2023-12-20T14:00:00.000Z,16780,16786,16775,16785,979
2023-12-20T14:30:00.000Z,16784,16823,16770,16816,3492
2023-12-20T15:00:00.000Z,16815,16853,16812,16851,2753
2023-12-20T15:30:00.000Z,16852,16872,16836,16851,2504
2023-12-20T16:00:00.000Z,16852,16854,16831,16840,2361
2023-12-20T16:30:00.000Z,16841,16850,16827,16840,2024
2023-12-20T17:00:00.000Z,16840,16854,16840,16843,1728
2023-12-20T17:30:00.000Z,16843,16863,16822,16860,1774
2023-12-20T18:00:00.000Z,16860,16864,16846,16857,1747
2023-12-20T18:30:00.000Z,16857,16863,16829,16838,1762
2023-12-20T19:00:00.000Z,16838,16842,16808,16810,2001
2023-12-20T19:30:00.000Z,16809,16810,16634,16641,4372
2023-12-20T20:00:00.000Z,16640,16667,16588,16591,5453
2023-12-20T20:30:00.000Z,16594,16633,16559,16564,4869
2023-12-20T21:00:00.000Z,16563,16589,16557,16584,1537
2023-12-20T21:30:00.000Z,16584,16593,16576,16593,609
2023-12-20T23:00:00.000Z,16595,16606,16595,16601,464
2023-12-20T23:30:00.000Z,16602,16614,16601,16613,307
2023-12-21T00:00:00.000Z,16613,16613,16602,16603,497
2023-12-21T00:30:00.000Z,16604,16613,16603,16606,385
2023-12-21T01:00:00.000Z,16607,16614,16604,16608,390
2023-12-21T01:30:00.000Z,16609,16613,16602,16611,613
2023-12-21T02:00:00.000Z,16612,16622,16611,16620,374
2023-12-21T02:30:00.000Z,16620,16626,16619,16621,414
2023-12-21T03:00:00.000Z,16622,16628,16621,16626,294
2023-12-21T03:30:00.000Z,16627,16630,16624,16624,243
2023-12-21T04:00:00.000Z,16625,16633,16622,16632,258
2023-12-21T04:30:00.000Z,16633,16640,16631,16639,189
2023-12-21T05:00:00.000Z,16640,16645,16636,16642,464
2023-12-21T05:30:00.000Z,16641,16648,16640,16647,323
2023-12-21T06:00:00.000Z,16648,16648,16642,16648,320
2023-12-21T06:30:00.000Z,16647,16649,16639,16645,282
2023-12-21T07:00:00.000Z,16644,16663,16644,16661,554
2023-12-21T07:30:00.000Z,16660,16670,16660,16666,568
2023-12-21T08:00:00.000Z,16665,16684,16665,16675,1197
2023-12-21T08:30:00.000Z,16674,16683,16662,16675,998
2023-12-21T09:00:00.000Z,16674,16692,16668,16688,889
2023-12-21T09:30:00.000Z,16688,16692,16679,16680,626
2023-12-21T10:00:00.000Z,16679,16681,16666,16670,806
2023-12-21T10:30:00.000Z,16669,16674,16661,16665,827
2023-12-21T11:00:00.000Z,16664,16683,16664,16673,763
2023-12-21T11:30:00.000Z,16672,16675,16666,16673,766
2023-12-21T12:00:00.000Z,16673,16690,16669,16689,681
2023-12-21T12:30:00.000Z,16689,16692,16684,16684,645
2023-12-21T13:00:00.000Z,16685,16688,16672,16674,803
2023-12-21T13:30:00.000Z,16665,16771,16663,16742,2820
2023-12-21T14:00:00.000Z,16743,16745,16715,16724,1845
2023-12-21T14:30:00.000Z,16724,16760,16687,16695,5118
2023-12-21T15:00:00.000Z,16695,16734,16646,16680,4731
2023-12-21T15:30:00.000Z,16682,16714,16663,16676,4647
2023-12-21T16:00:00.000Z,16675,16701,16664,16700,4028
2023-12-21T16:30:00.000Z,16699,16722,16677,16680,3393
2023-12-21T17:00:00.000Z,16681,16681,16631,16641,3749
2023-12-21T17:30:00.000Z,16643,16668,16627,16639,3385
2023-12-21T18:00:00.000Z,16638,16672,16617,16667,3869
2023-12-21T18:30:00.000Z,16667,16683,16651,16682,3443
2023-12-21T19:00:00.000Z,16683,16694,16667,16682,2777
2023-12-21T19:30:00.000Z,16683,16709,16669,16686,2447
2023-12-21T20:00:00.000Z,16686,16742,16675,16741,2549
2023-12-21T20:30:00.000Z,16743,16767,16731,16752,2873
2023-12-21T21:00:00.000Z,16751,16757,16742,16755,830
2023-12-21T21:30:00.000Z,16756,16756,16750,16751,231
2023-12-21T23:00:00.000Z,16753,16753,16736,16749,663
2023-12-21T23:30:00.000Z,16750,16760,16744,16746,418
2023-12-22T00:00:00.000Z,16747,16749,16734,16741,734
2023-12-22T00:30:00.000Z,16741,16743,16734,16734,458
2023-12-22T01:00:00.000Z,16734,16739,16715,16727,837
2023-12-22T01:30:00.000Z,16728,16729,16712,16714,790
2023-12-22T02:00:00.000Z,16715,16728,16712,16721,556
2023-12-22T02:30:00.000Z,16720,16726,16715,16724,515
2023-12-22T03:00:00.000Z,16724,16727,16719,16721,505
2023-12-22T03:30:00.000Z,16721,16721,16705,16713,634
2023-12-22T04:00:00.000Z,16714,16717,16712,16713,286
2023-12-22T04:30:00.000Z,16714,16719,16713,16717,249
2023-12-22T05:00:00.000Z,16717,16717,16709,16713,882
2023-12-22T05:30:00.000Z,16713,16717,16701,16701,596
2023-12-22T06:00:00.000Z,16702,16707,16696,16704,574
2023-12-22T06:30:00.000Z,16703,16710,16703,16708,384
2023-12-22T07:00:00.000Z,16708,16714,16704,16710,605
2023-12-22T07:30:00.000Z,16710,16718,16708,16713,638
2023-12-22T08:00:00.000Z,16714,16717,16706,16714,1367
2023-12-22T08:30:00.000Z,16715,16723,16704,16706,904
2023-12-22T09:00:00.000Z,16706,16722,16703,16717,886
2023-12-22T09:30:00.000Z,16717,16727,16716,16718,684
2023-12-22T10:00:00.000Z,16718,16725,16715,16724,655
2023-12-22T10:30:00.000Z,16725,16737,16720,16737,728
2023-12-22T11:00:00.000Z,16736,16741,16732,16735,637
2023-12-22T11:30:00.000Z,16735,16742,16731,16739,703
2023-12-22T12:00:00.000Z,16739,16756,16739,16754,706
2023-12-22T12:30:00.000Z,16754,16754,16743,16750,640
2023-12-22T13:00:00.000Z,16750,16771,16749,16768,891
2023-12-22T13:30:00.000Z,16768,16809,16735,16805,2779
2023-12-22T14:00:00.000Z,16804,16818,16797,16804,1512
2023-12-22T14:30:00.000Z,16803,16846,16794,16828,4164
2023-12-22T15:00:00.000Z,16831,16840,16807,16830,3988
2023-12-22T15:30:00.000Z,16831,16838,16800,16800,2937
2023-12-22T16:00:00.000Z,16800,16813,16773,16803,3212
2023-12-22T16:30:00.000Z,16803,16818,16786,16794,2865
2023-12-22T17:00:00.000Z,16796,16811,16773,16794,2857
2023-12-22T17:30:00.000Z,16794,16814,16786,16812,2071
2023-12-22T18:00:00.000Z,16811,16824,16805,16819,1495
2023-12-22T18:30:00.000Z,16819,16825,16807,16808,1562
2023-12-22T19:00:00.000Z,16808,16810,16715,16720,3991
2023-12-22T19:30:00.000Z,16721,16791,16700,16791,3768
2023-12-22T20:00:00.000Z,16793,16795,16773,16794,2927
2023-12-22T20:30:00.000Z,16794,16795,16762,16785,2689
2023-12-22T21:00:00.000Z,16784,16791,16769,16771,751
2023-12-22T21:30:00.000Z,16771,16771,16763,16766,390
2023-12-25T23:00:00.000Z,16805,16820,16799,16820,613
2023-12-25T23:30:00.000Z,16819,16826,16816,16819,416
2023-12-26T00:00:00.000Z,16819,16821,16808,16821,507
2023-12-26T00:30:00.000Z,16820,16822,16806,16812,531
2023-12-26T01:00:00.000Z,16812,16816,16807,16816,420
2023-12-26T01:30:00.000Z,16816,16821,16814,16821,254
2023-12-26T02:00:00.000Z,16821,16823,16815,16821,235
2023-12-26T02:30:00.000Z,16822,16823,16819,16821,164
2023-12-26T03:00:00.000Z,16822,16835,16822,16832,229
2023-12-26T03:30:00.000Z,16832,16836,16831,16832,216
2023-12-26T04:00:00.000Z,16832,16833,16829,16830,154
2023-12-26T04:30:00.000Z,16829,16844,16829,16837,204
2023-12-26T05:00:00.000Z,16837,16840,16835,16840,237
2023-12-26T05:30:00.000Z,16841,16842,16836,16839,265
2023-12-26T06:00:00.000Z,16840,16842,16837,16841,256
2023-12-26T06:30:00.000Z,16840,16844,16840,16841,130
2023-12-26T07:00:00.000Z,16841,16852,16841,16849,301
2023-12-26T07:30:00.000Z,16850,16852,16846,16848,220
2023-12-26T08:00:00.000Z,16849,16851,16841,16843,340
2023-12-26T08:30:00.000Z,16843,16844,16837,16839,167
2023-12-26T09:00:00.000Z,16838,16839,16819,16824,331
2023-12-26T09:30:00.000Z,16824,16832,16824,16829,233
2023-12-26T10:00:00.000Z,16828,16830,16823,16826,213
2023-12-26T10:30:00.000Z,16826,16834,16825,16831,170
2023-12-26T11:00:00.000Z,16831,16831,16820,16826,375
2023-12-26T11:30:00.000Z,16826,16831,16823,16823,240
2023-12-26T12:00:00.000Z,16823,16824,16800,16814,630
2023-12-26T12:30:00.000Z,16815,16831,16814,16831,393
2023-12-26T13:00:00.000Z,16830,16831,16821,16825,479
2023-12-26T13:30:00.000Z,16825,16826,16813,16819,634
2023-12-26T14:00:00.000Z,16820,16831,16819,16825,644
2023-12-26T14:30:00.000Z,16826,16868,16821,16857,3442
2023-12-26T15:00:00.000Z,16856,16872,16852,16859,2269
2023-12-26T15:30:00.000Z,16860,16876,16838,16856,2217
2023-12-26T16:00:00.000Z,16857,16867,16841,16853,2186
2023-12-26T16:30:00.000Z,16852,16870,16852,16866,1717
2023-12-26T17:00:00.000Z,16865,16872,16857,16860,1554
2023-12-26T17:30:00.000Z,16860,16873,16853,16861,1527
2023-12-26T18:00:00.000Z,16862,16879,16859,16874,1360
2023-12-26T18:30:00.000Z,16875,16878,16861,16864,1127
2023-12-26T19:00:00.000Z,16865,16879,16863,16877,1140
2023-12-26T19:30:00.000Z,16878,16889,16876,16889,1073
2023-12-26T20:00:00.000Z,16889,16925,16887,16916,1523
2023-12-26T20:30:00.000Z,16917,16926,16887,16901,1755
2023-12-26T21:00:00.000Z,16900,16904,16897,16901,611
2023-12-26T21:30:00.000Z,16901,16906,16900,16906,289
2023-12-26T23:00:00.000Z,16896,16912,16896,16904,428
2023-12-26T23:30:00.000Z,16905,16906,16896,16898,334
2023-12-27T00:00:00.000Z,16898,16900,16891,16892,699
2023-12-27T00:30:00.000Z,16893,16896,16891,16892,299
2023-12-27T01:00:00.000Z,16893,16895,16885,16886,532
2023-12-27T01:30:00.000Z,16886,16893,16883,16892,574
2023-12-27T02:00:00.000Z,16892,16893,16887,16887,388
2023-12-27T02:30:00.000Z,16888,16895,16887,16889,418
2023-12-27T03:00:00.000Z,16889,16892,16886,16889,270
2023-12-27T03:30:00.000Z,16890,16890,16884,16884,304
2023-12-27T04:00:00.000Z,16885,16892,16883,16892,269
2023-12-27T04:30:00.000Z,16892,16892,16888,16891,199
2023-12-27T05:00:00.000Z,16891,16896,16887,16894,328
2023-12-27T05:30:00.000Z,16895,16899,16893,16899,320
2023-12-27T06:00:00.000Z,16900,16904,16896,16902,357
2023-12-27T06:30:00.000Z,16903,16906,16900,16900,237
2023-12-27T07:00:00.000Z,16901,16910,16899,16905,494
2023-12-27T07:30:00.000Z,16905,16907,16893,16893,558
2023-12-27T08:00:00.000Z,16895,16900,16882,16899,1193
2023-12-27T08:30:00.000Z,16900,16906,16893,16899,782
2023-12-27T09:00:00.000Z,16900,16901,16887,16889,1021
2023-12-27T09:30:00.000Z,16888,16894,16886,16891,618
2023-12-27T10:00:00.000Z,16890,16894,16882,16891,577
2023-12-27T10:30:00.000Z,16890,16896,16889,16890,498
2023-12-27T11:00:00.000Z,16890,16896,16889,16896,501
2023-12-27T11:30:00.000Z,16895,16896,16890,16893,447
2023-12-27T12:00:00.000Z,16894,16896,16884,16893,523
2023-12-27T12:30:00.000Z,16892,16899,16887,16897,581
2023-12-27T13:00:00.000Z,16898,16913,16897,16911,741
2023-12-27T13:30:00.000Z,16911,16915,16906,16910,728
2023-12-27T14:00:00.000Z,16909,16914,16898,16901,928
2023-12-27T14:30:00.000Z,16901,16931,16901,16925,3689
2023-12-27T15:00:00.000Z,16926,16933,16865,16890,3143
2023-12-27T15:30:00.000Z,16890,16891,16868,16887,2887
2023-12-27T16:00:00.000Z,16888,16889,16873,16887,2230
2023-12-27T16:30:00.000Z,16887,16906,16885,16897,1801
2023-12-27T17:00:00.000Z,16897,16904,16890,16899,1572
2023-12-27T17:30:00.000Z,16899,16905,16875,16884,1647
2023-12-27T18:00:00.000Z,16884,16936,16884,16919,2583
2023-12-27T18:30:00.000Z,16919,16931,16913,16914,1702
2023-12-27T19:00:00.000Z,16913,16916,16871,16906,3087
2023-12-27T19:30:00.000Z,16907,16908,16878,16888,2079
2023-12-27T20:00:00.000Z,16888,16903,16882,16893,1970
2023-12-27T20:30:00.000Z,16893,16926,16885,16925,2619
2023-12-27T21:00:00.000Z,16925,16941,16918,16934,975
2023-12-27T21:30:00.000Z,16935,16940,16934,16939,444
2023-12-27T23:00:00.000Z,16937,16939,16929,16934,400
2023-12-27T23:30:00.000Z,16933,16935,16931,16933,295
2023-12-28T00:00:00.000Z,16932,16939,16932,16937,427
2023-12-28T00:30:00.000Z,16937,16948,16936,16945,344
2023-12-28T01:00:00.000Z,16945,16957,16943,16957,468
2023-12-28T01:30:00.000Z,16958,16965,16956,16962,611
2023-12-28T02:00:00.000Z,16963,16964,16958,16961,335
2023-12-28T02:30:00.000Z,16962,16965,16959,16964,375
2023-12-28T03:00:00.000Z,16963,16964,16950,16950,444
2023-12-28T03:30:00.000Z,16951,16955,16951,16955,334
2023-12-28T04:00:00.000Z,16956,16960,16955,16958,249
2023-12-28T04:30:00.000Z,16957,16958,16950,16952,161
2023-12-28T05:00:00.000Z,16953,16958,16952,16956,336
2023-12-28T05:30:00.000Z,16955,16958,16953,16958,332
2023-12-28T06:00:00.000Z,16958,16962,16956,16957,329
2023-12-28T06:30:00.000Z,16957,16963,16955,16962,266
2023-12-28T07:00:00.000Z,16961,16967,16959,16963,412
2023-12-28T07:30:00.000Z,16963,16966,16961,16965,351
2023-12-28T08:00:00.000Z,16966,16969,16958,16961,870
2023-12-28T08:30:00.000Z,16960,16967,16957,16959,695
2023-12-28T09:00:00.000Z,16960,16966,16959,16966,773
2023-12-28T09:30:00.000Z,16966,16967,16956,16958,590
2023-12-28T10:00:00.000Z,16959,16966,16958,16964,489
2023-12-28T10:30:00.000Z,16964,16967,16957,16959,555
2023-12-28T11:00:00.000Z,16958,16964,16956,16959,484
2023-12-28T11:30:00.000Z,16958,16962,16956,16960,435
2023-12-28T12:00:00.000Z,16961,16971,16958,16971,438
2023-12-28T12:30:00.000Z,16970,16973,16964,16965,453
2023-12-28T13:00:00.000Z,16965,16970,16962,16968,562
2023-12-28T13:30:00.000Z,16970,16976,16953,16954,889
2023-12-28T14:00:00.000Z,16955,16961,16946,16959,1187
2023-12-28T14:30:00.000Z,16960,16970,16927,16936,3648
2023-12-28T15:00:00.000Z,16935,16940,16914,16940,2693
2023-12-28T15:30:00.000Z,16940,16955,16935,16940,2043
2023-12-28T16:00:00.000Z,16940,16941,16915,16925,2346
2023-12-28T16:30:00.000Z,16925,16935,16918,16924,1857
2023-12-28T17:00:00.000Z,16924,16936,16920,16930,1399
2023-12-28T17:30:00.000Z,16930,16944,16925,16942,1382
2023-12-28T18:00:00.000Z,16942,16943,16904,16929,2505
2023-12-28T18:30:00.000Z,16929,16948,16921,16926,1828
2023-12-28T19:00:00.000Z,16926,16938,16925,16935,1531
2023-12-28T19:30:00.000Z,16936,16940,16921,16926,1624
2023-12-28T20:00:00.000Z,16926,16927,16900,16911,2077
2023-12-28T20:30:00.000Z,16910,16927,16889,16903,2132
2023-12-28T21:00:00.000Z,16901,16913,16901,16907,809
2023-12-28T21:30:00.000Z,16908,16908,16897,16901,356
2023-12-28T23:00:00.000Z,16903,16914,16899,16914,463
2023-12-28T23:30:00.000Z,16914,16915,16909,16914,321
2023-12-29T00:00:00.000Z,16915,16919,16911,16918,541
2023-12-29T00:30:00.000Z,16919,16922,16917,16922,346
2023-12-29T01:00:00.000Z,16922,16922,16910,16917,497
2023-12-29T01:30:00.000Z,16917,16920,16913,16914,536
2023-12-29T02:00:00.000Z,16914,16918,16910,16912,353
2023-12-29T02:30:00.000Z,16912,16917,16910,16910,286
2023-12-29T03:00:00.000Z,16910,16917,16910,16914,257
2023-12-29T03:30:00.000Z,16915,16916,16913,16914,127
2023-12-29T04:00:00.000Z,16914,16916,16905,16907,228
2023-12-29T04:30:00.000Z,16906,16909,16901,16906,281
2023-12-29T05:00:00.000Z,16907,16911,16906,16909,330
2023-12-29T05:30:00.000Z,16910,16914,16908,16913,224
2023-12-29T06:00:00.000Z,16914,16919,16913,16919,320
2023-12-29T06:30:00.000Z,16920,16924,16918,16923,261
2023-12-29T07:00:00.000Z,16923,16927,16921,16924,361
2023-12-29T07:30:00.000Z,16925,16928,16920,16920,361
2023-12-29T08:00:00.000Z,16921,16944,16921,16943,728
2023-12-29T08:30:00.000Z,16943,16944,16928,16931,621
2023-12-29T09:00:00.000Z,16931,16936,16928,16932,556
2023-12-29T09:30:00.000Z,16932,16935,16920,16921,607
2023-12-29T10:00:00.000Z,16921,16928,16917,16919,650
2023-12-29T10:30:00.000Z,16918,16929,16917,16925,530
2023-12-29T11:00:00.000Z,16925,16927,16921,16922,484
2023-12-29T11:30:00.000Z,16922,16934,16920,16929,423
2023-12-29T12:00:00.000Z,16930,16931,16903,16907,753
2023-12-29T12:30:00.000Z,16906,16911,16890,16898,839
2023-12-29T13:00:00.000Z,16898,16904,16880,16896,846
2023-12-29T13:30:00.000Z,16896,16906,16894,16898,699
2023-12-29T14:00:00.000Z,16899,16905,16895,16902,746
2023-12-29T14:30:00.000Z,16902,16921,16888,16910,3441
2023-12-29T15:00:00.000Z,16909,16919,16898,16908,2460
2023-12-29T15:30:00.000Z,16909,16909,16815,16833,3561
2023-12-29T16:00:00.000Z,16833,16840,16754,16757,3807
2023-12-29T16:30:00.000Z,16757,16799,16752,16790,2961
2023-12-29T17:00:00.000Z,16790,16806,16757,16766,2959
2023-12-29T17:30:00.000Z,16766,16810,16764,16808,2183
2023-12-29T18:00:00.000Z,16807,16836,16802,16811,2499
2023-12-29T18:30:00.000Z,16812,16850,16810,16837,2130
2023-12-29T19:00:00.000Z,16837,16849,16828,16830,2204
2023-12-29T19:30:00.000Z,16830,16859,16830,16855,1711
2023-12-29T20:00:00.000Z,16855,16863,16828,16848,2502
2023-12-29T20:30:00.000Z,16848,16849,16802,16832,2804
2023-12-29T21:00:00.000Z,16835,16835,16820,16822,848
2023-12-29T21:30:00.000Z,16822,16826,16817,16817,309
2024-01-01T23:00:00.000Z,16844,16860,16837,16856,559
2024-01-01T23:30:00.000Z,16856,16859,16850,16853,329
2024-01-02T00:00:00.000Z,16854,16854,16842,16843,312
2024-01-02T00:30:00.000Z,16842,16851,16842,16850,247
2024-01-02T01:00:00.000Z,16851,16862,16850,16852,556
2024-01-02T01:30:00.000Z,16852,16855,16834,16837,595
2024-01-02T02:00:00.000Z,16838,16842,16834,16835,362
2024-01-02T02:30:00.000Z,16835,16836,16824,16831,461
2024-01-02T03:00:00.000Z,16832,16836,16828,16832,241
2024-01-02T03:30:00.000Z,16833,16833,16825,16830,202
2024-01-02T04:00:00.000Z,16829,16832,16826,16831,172
2024-01-02T04:30:00.000Z,16830,16836,16830,16831,174
2024-01-02T05:00:00.000Z,16832,16842,16830,16840,381
2024-01-02T05:30:00.000Z,16839,16842,16839,16841,321
2024-01-02T06:00:00.000Z,16842,16843,16833,16835,255
2024-01-02T06:30:00.000Z,16836,16837,16826,16827,322
2024-01-02T07:00:00.000Z,16828,16846,16827,16843,573
2024-01-02T07:30:00.000Z,16844,16844,16835,16840,464
2024-01-02T08:00:00.000Z,16839,16857,16839,16856,1182
2024-01-02T08:30:00.000Z,16856,16860,16849,16850,840
2024-01-02T09:00:00.000Z,16851,16851,16821,16828,954
2024-01-02T09:30:00.000Z,16827,16829,16811,16818,818
2024-01-02T10:00:00.000Z,16818,16820,16806,16809,820
2024-01-02T10:30:00.000Z,16810,16821,16792,16794,862
2024-01-02T11:00:00.000Z,16793,16800,16699,16701,1857
2024-01-02T11:30:00.000Z,16702,16705,16669,16698,1848
2024-01-02T12:00:00.000Z,16700,16701,16671,16683,1505
2024-01-02T12:30:00.000Z,16683,16686,16641,16646,1544
2024-01-02T13:00:00.000Z,16646,16655,16640,16651,1430
2024-01-02T13:30:00.000Z,16650,16679,16645,16676,1589
2024-01-02T14:00:00.000Z,16677,16701,16658,16686,1741
2024-01-02T14:30:00.000Z,16685,16696,16544,16587,4959
2024-01-02T15:00:00.000Z,16587,16612,16540,16547,4519
2024-01-02T15:30:00.000Z,16546,16546,16509,16534,3648
2024-01-02T16:00:00.000Z,16534,16584,16532,16584,3408
2024-01-02T16:30:00.000Z,16583,16609,16582,16601,2609
2024-01-02T17:00:00.000Z,16602,16610,16577,16583,2600
2024-01-02T17:30:00.000Z,16583,16610,16541,16543,2773
2024-01-02T18:00:00.000Z,16544,16565,16527,16555,2511
2024-01-02T18:30:00.000Z,16554,16564,16512,16520,2532
2024-01-02T19:00:00.000Z,16519,16526,16492,16522,2631
2024-01-02T19:30:00.000Z,16522,16531,16478,16478,2335
2024-01-02T20:00:00.000Z,16478,16483,16446,16469,2787
2024-01-02T20:30:00.000Z,16469,16549,16460,16545,2856
2024-01-02T21:00:00.000Z,16544,16559,16538,16552,806
2024-01-02T21:30:00.000Z,16553,16555,16550,16555,353
2024-01-02T23:00:00.000Z,16560,16560,16541,16546,483
2024-01-02T23:30:00.000Z,16546,16549,16545,16548,283
2024-01-03T00:00:00.000Z,16549,16553,16544,16550,542
2024-01-03T00:30:00.000Z,16549,16551,16539,16540,349
2024-01-03T01:00:00.000Z,16541,16545,16532,16536,543
2024-01-03T01:30:00.000Z,16536,16541,16531,16535,480
2024-01-03T02:00:00.000Z,16536,16539,16524,16526,359
2024-01-03T02:30:00.000Z,16525,16531,16524,16527,353
2024-01-03T03:00:00.000Z,16527,16533,16525,16526,426
2024-01-03T03:30:00.000Z,16527,16532,16526,16527,271
2024-01-03T04:00:00.000Z,16527,16528,16522,16525,197
2024-01-03T04:30:00.000Z,16525,16525,16517,16519,238
2024-01-03T05:00:00.000Z,16519,16523,16513,16521,388
2024-01-03T05:30:00.000Z,16522,16529,16521,16528,390
2024-01-03T06:00:00.000Z,16528,16537,16524,16537,389
2024-01-03T06:30:00.000Z,16537,16541,16534,16535,274
2024-01-03T07:00:00.000Z,16536,16537,16526,16534,587
2024-01-03T07:30:00.000Z,16535,16537,16528,16534,555
2024-01-03T08:00:00.000Z,16534,16553,16532,16533,1279
2024-01-03T08:30:00.000Z,16534,16540,16496,16498,1404
2024-01-03T09:00:00.000Z,16502,16512,16484,16498,1443
2024-01-03T09:30:00.000Z,16499,16499,16465,16467,1172
2024-01-03T10:00:00.000Z,16466,16485,16461,16477,1229
2024-01-03T10:30:00.000Z,16476,16498,16474,16481,1020
2024-01-03T11:00:00.000Z,16482,16490,16467,16469,1003
2024-01-03T11:30:00.000Z,16469,16475,16460,16472,1000
2024-01-03T12:00:00.000Z,16473,16473,16436,16440,1262
2024-01-03T12:30:00.000Z,16441,16442,16427,16433,1227
2024-01-03T13:00:00.000Z,16432,16464,16422,16463,1358
2024-01-03T13:30:00.000Z,16463,16470,16439,16441,1322
2024-01-03T14:00:00.000Z,16441,16453,16417,16433,1880
2024-01-03T14:30:00.000Z,16435,16466,16406,16437,5417
2024-01-03T15:00:00.000Z,16432,16477,16381,16403,5096
2024-01-03T15:30:00.000Z,16404,16421,16368,16419,4277
2024-01-03T16:00:00.000Z,16419,16441,16408,16414,4016
2024-01-03T16:30:00.000Z,16414,16425,16382,16386,3365
2024-01-03T17:00:00.000Z,16387,16404,16374,16404,2585
2024-01-03T17:30:00.000Z,16404,16429,16397,16424,2374
2024-01-03T18:00:00.000Z,16424,16443,16409,16412,2344
2024-01-03T18:30:00.000Z,16413,16417,16395,16408,2134
2024-01-03T19:00:00.000Z,16408,16452,16355,16442,4952
2024-01-03T19:30:00.000Z,16442,16452,16413,16414,3645
2024-01-03T20:00:00.000Z,16414,16420,16370,16381,3324
2024-01-03T20:30:00.000Z,16382,16403,16346,16364,3472
2024-01-03T21:00:00.000Z,16365,16366,16351,16360,696
2024-01-03T21:30:00.000Z,16360,16367,16358,16367,304
2024-01-03T23:00:00.000Z,16376,16389,16372,16376,469
2024-01-03T23:30:00.000Z,16375,16378,16372,16376,293
2024-01-04T00:00:00.000Z,16375,16380,16360,16379,652
2024-01-04T00:30:00.000Z,16378,16389,16377,16386,380
2024-01-04T01:00:00.000Z,16387,16389,16380,16381,409
2024-01-04T01:30:00.000Z,16381,16385,16376,16382,586
2024-01-04T02:00:00.000Z,16382,16383,16369,16379,453
2024-01-04T02:30:00.000Z,16379,16380,16373,16378,298
2024-01-04T03:00:00.000Z,16379,16384,16377,16377,339
2024-01-04T03:30:00.000Z,16376,16379,16373,16375,280
2024-01-04T04:00:00.000Z,16376,16381,16376,16379,213
2024-01-04T04:30:00.000Z,16379,16379,16374,16375,140
2024-01-04T05:00:00.000Z,16375,16378,16371,16371,251
2024-01-04T05:30:00.000Z,16372,16374,16369,16370,289
2024-01-04T06:00:00.000Z,16369,16380,16366,16379,398
2024-01-04T06:30:00.000Z,16380,16396,16379,16396,451
2024-01-04T07:00:00.000Z,16396,16408,16392,16408,433
2024-01-04T07:30:00.000Z,16408,16413,16393,16397,569
2024-01-04T08:00:00.000Z,16397,16410,16395,16396,1285
2024-01-04T08:30:00.000Z,16395,16406,16372,16376,1131
2024-01-04T09:00:00.000Z,16376,16406,16375,16401,1172
2024-01-04T09:30:00.000Z,16402,16407,16393,16403,962
2024-01-04T10:00:00.000Z,16404,16404,16386,16395,741
2024-01-04T10:30:00.000Z,16395,16396,16378,16390,705
2024-01-04T11:00:00.000Z,16389,16399,16387,16395,650
2024-01-04T11:30:00.000Z,16395,16395,16355,16355,1046
2024-01-04T12:00:00.000Z,16356,16362,16331,16354,1356
2024-01-04T12:30:00.000Z,16355,16359,16343,16346,1090
2024-01-04T13:00:00.000Z,16345,16345,16312,16330,1648
2024-01-04T13:30:00.000Z,16324,16327,16278,16285,1676
2024-01-04T14:00:00.000Z,16286,16298,16270,16279,1869
2024-01-04T14:30:00.000Z,16279,16326,16270,16287,5115
2024-01-04T15:00:00.000Z,16287,16359,16272,16334,4209
2024-01-04T15:30:00.000Z,16334,16368,16330,16351,3675
2024-01-04T16:00:00.000Z,16354,16409,16353,16392,3051
2024-01-04T16:30:00.000Z,16392,16400,16341,16350,3272
2024-01-04T17:00:00.000Z,16349,16355,16328,16350,2774
2024-01-04T17:30:00.000Z,16351,16351,16308,16332,2680
2024-01-04T18:00:00.000Z,16331,16344,16319,16342,2419
2024-01-04T18:30:00.000Z,16342,16355,16328,16331,2267
2024-01-04T19:00:00.000Z,16332,16341,16302,16304,2701
2024-01-04T19:30:00.000Z,16303,16324,16291,16313,2698
2024-01-04T20:00:00.000Z,16313,16337,16297,16311,2652
2024-01-04T20:30:00.000Z,16311,16326,16262,16272,2961
2024-01-04T21:00:00.000Z,16270,16283,16263,16277,878
2024-01-04T21:30:00.000Z,16278,16281,16273,16277,405
2024-01-04T23:00:00.000Z,16286,16298,16284,16292,406
2024-01-04T23:30:00.000Z,16293,16296,16285,16285,271
2024-01-05T00:00:00.000Z,16286,16294,16282,16289,565
2024-01-05T00:30:00.000Z,16290,16295,16287,16288,290
2024-01-05T01:00:00.000Z,16288,16298,16280,16287,426
2024-01-05T01:30:00.000Z,16287,16294,16280,16289,532
2024-01-05T02:00:00.000Z,16289,16290,16282,16287,464
2024-01-05T02:30:00.000Z,16286,16289,16279,16280,292
2024-01-05T03:00:00.000Z,16281,16284,16281,16283,209
2024-01-05T03:30:00.000Z,16283,16283,16274,16275,209
2024-01-05T04:00:00.000Z,16276,16285,16274,16284,240
2024-01-05T04:30:00.000Z,16285,16285,16270,16271,276
2024-01-05T05:00:00.000Z,16272,16273,16255,16260,463
2024-01-05T05:30:00.000Z,16260,16264,16257,16257,341
2024-01-05T06:00:00.000Z,16258,16263,16246,16250,503
2024-01-05T06:30:00.000Z,16249,16249,16231,16241,519
2024-01-05T07:00:00.000Z,16241,16251,16236,16249,567
2024-01-05T07:30:00.000Z,16248,16249,16229,16230,650
2024-01-05T08:00:00.000Z,16229,16268,16227,16258,1471
2024-01-05T08:30:00.000Z,16258,16258,16237,16238,1148
2024-01-05T09:00:00.000Z,16239,16250,16220,16243,1245
2024-01-05T09:30:00.000Z,16243,16244,16221,16226,964
2024-01-05T10:00:00.000Z,16226,16233,16207,16212,1010
2024-01-05T10:30:00.000Z,16211,16217,16201,16215,819
2024-01-05T11:00:00.000Z,16215,16224,16205,16206,827
2024-01-05T11:30:00.000Z,16207,16219,16197,16218,912
2024-01-05T12:00:00.000Z,16219,16229,16210,16226,958
2024-01-05T12:30:00.000Z,16225,16232,16213,16221,889
2024-01-05T13:00:00.000Z,16221,16247,16210,16238,1370
2024-01-05T13:30:00.000Z,16236,16253,16164,16229,4563
2024-01-05T14:00:00.000Z,16230,16280,16229,16278,3160
2024-01-05T14:30:00.000Z,16279,16324,16267,16301,4922
2024-01-05T15:00:00.000Z,16316,16384,16308,16368,4549
2024-01-05T15:30:00.000Z,16369,16397,16358,16392,3410
2024-01-05T16:00:00.000Z,16393,16406,16347,16348,3446
2024-01-05T16:30:00.000Z,16347,16361,16324,16346,2853
2024-01-05T17:00:00.000Z,16346,16348,16278,16286,3126
2024-01-05T17:30:00.000Z,16285,16311,16278,16298,2876
2024-01-05T18:00:00.000Z,16297,16301,16260,16300,3141
2024-01-05T18:30:00.000Z,16300,16334,16300,16318,2883
2024-01-05T19:00:00.000Z,16318,16338,16300,16307,3000
2024-01-05T19:30:00.000Z,16306,16318,16248,16253,3007
2024-01-05T20:00:00.000Z,16254,16265,16234,16248,2792
2024-01-05T20:30:00.000Z,16248,16301,16234,16290,2860
2024-01-05T21:00:00.000Z,16292,16298,16286,16291,703
2024-01-05T21:30:00.000Z,16291,16295,16287,16294,265
2024-01-07T23:00:00.000Z,16298,16327,16298,16316,914
2024-01-07T23:30:00.000Z,16316,16322,16308,16320,470
2024-01-08T00:00:00.000Z,16320,16334,16319,16332,449
2024-01-08T00:30:00.000Z,16333,16335,16327,16330,313
2024-01-08T01:00:00.000Z,16330,16337,16326,16329,549
2024-01-08T01:30:00.000Z,16330,16336,16306,16306,795
2024-01-08T02:00:00.000Z,16305,16306,16295,16301,854
2024-01-08T02:30:00.000Z,16301,16302,16295,16299,498
2024-01-08T03:00:00.000Z,16299,16300,16288,16288,565
2024-01-08T03:30:00.000Z,16289,16289,16275,16278,515
2024-01-08T04:00:00.000Z,16278,16287,16277,16284,271
2024-01-08T04:30:00.000Z,16285,16287,16281,16286,192
2024-01-08T05:00:00.000Z,16287,16292,16283,16284,413
2024-01-08T05:30:00.000Z,16285,16286,16274,16279,510
2024-01-08T06:00:00.000Z,16279,16290,16276,16285,591
2024-01-08T06:30:00.000Z,16285,16285,16269,16276,622
2024-01-08T07:00:00.000Z,16277,16299,16276,16291,781
2024-01-08T07:30:00.000Z,16291,16292,16274,16280,857
2024-01-08T08:00:00.000Z,16281,16292,16262,16288,1950
2024-01-08T08:30:00.000Z,16289,16291,16261,16262,1683
2024-01-08T09:00:00.000Z,16263,16276,16238,16241,1546
2024-01-08T09:30:00.000Z,16240,16263,16216,16258,1654
2024-01-08T10:00:00.000Z,16259,16275,16258,16271,1352
2024-01-08T10:30:00.000Z,16272,16282,16260,16261,1203
2024-01-08T11:00:00.000Z,16262,16284,16248,16277,1306
2024-01-08T11:30:00.000Z,16277,16303,16274,16296,1104
2024-01-08T12:00:00.000Z,16295,16314,16291,16308,996
2024-01-08T12:30:00.000Z,16308,16323,16290,16322,1164
2024-01-08T13:00:00.000Z,16321,16335,16307,16328,1360
2024-01-08T13:30:00.000Z,16329,16334,16308,16315,1461
2024-01-08T14:00:00.000Z,16316,16351,16310,16348,1760
2024-01-08T14:30:00.000Z,16349,16471,16344,16467,4334
2024-01-08T15:00:00.000Z,16466,16481,16450,16479,3636
2024-01-08T15:30:00.000Z,16480,16509,16479,16495,2796
2024-01-08T16:00:00.000Z,16496,16510,16479,16487,2973
2024-01-08T16:30:00.000Z,16486,16517,16485,16515,2543
2024-01-08T17:00:00.000Z,16514,16534,16512,16523,2396
2024-01-08T17:30:00.000Z,16523,16556,16520,16555,1885
2024-01-08T18:00:00.000Z,16554,16559,16544,16551,1721
2024-01-08T18:30:00.000Z,16551,16579,16548,16579,1476
2024-01-08T19:00:00.000Z,16578,16595,16570,16594,1797
2024-01-08T19:30:00.000Z,16595,16631,16595,16622,1902
2024-01-08T20:00:00.000Z,16622,16629,16608,16616,2093
2024-01-08T20:30:00.000Z,16615,16648,16611,16638,2645
2024-01-08T21:00:00.000Z,16639,16643,16628,16629,679
2024-01-08T21:30:00.000Z,16630,16630,16624,16626,490
2024-01-08T23:00:00.000Z,16627,16627,16620,16623,328
2024-01-08T23:30:00.000Z,16624,16627,16622,16625,298
2024-01-09T00:00:00.000Z,16625,16633,16623,16626,592
2024-01-09T00:30:00.000Z,16627,16630,16624,16627,400
2024-01-09T01:00:00.000Z,16626,16632,16623,16627,473
2024-01-09T01:30:00.000Z,16628,16630,16622,16629,715
2024-01-09T02:00:00.000Z,16629,16635,16626,16634,596
2024-01-09T02:30:00.000Z,16635,16636,16631,16634,347
2024-01-09T03:00:00.000Z,16635,16636,16628,16630,382
2024-01-09T03:30:00.000Z,16630,16631,16626,16629,284
2024-01-09T04:00:00.000Z,16628,16629,16617,16618,298
2024-01-09T04:30:00.000Z,16618,16625,16618,16621,262
2024-01-09T05:00:00.000Z,16622,16625,16620,16621,350
2024-01-09T05:30:00.000Z,16620,16623,16613,16616,437
2024-01-09T06:00:00.000Z,16615,16619,16612,16618,487
2024-01-09T06:30:00.000Z,16618,16628,16617,16625,332
2024-01-09T07:00:00.000Z,16624,16624,16611,16612,685
2024-01-09T07:30:00.000Z,16612,16613,16605,16607,640
2024-01-09T08:00:00.000Z,16606,16606,16587,16589,1221
2024-01-09T08:30:00.000Z,16589,16591,16577,16585,1043
2024-01-09T09:00:00.000Z,16586,16594,16560,16573,1062
2024-01-09T09:30:00.000Z,16574,16588,16572,16581,868
2024-01-09T10:00:00.000Z,16581,16582,16567,16576,965
2024-01-09T10:30:00.000Z,16575,16579,16562,16571,902
2024-01-09T11:00:00.000Z,16570,16574,16551,16552,931
2024-01-09T11:30:00.000Z,16552,16556,16526,16534,844
2024-01-09T12:00:00.000Z,16535,16558,16528,16547,999
2024-01-09T12:30:00.000Z,16546,16565,16541,16563,1067
2024-01-09T13:00:00.000Z,16562,16563,16541,16541,1218
2024-01-09T13:30:00.000Z,16541,16544,16499,16505,1684
2024-01-09T14:00:00.000Z,16506,16521,16504,16511,1743
2024-01-09T14:30:00.000Z,16509,16554,16501,16545,4879
2024-01-09T15:00:00.000Z,16545,16587,16523,16568,3903
2024-01-09T15:30:00.000Z,16569,16591,16552,16574,3379
2024-01-09T16:00:00.000Z,16573,16626,16573,16620,2786
2024-01-09T16:30:00.000Z,16620,16673,16614,16673,2486
2024-01-09T17:00:00.000Z,16673,16680,16655,16667,2316
2024-01-09T17:30:00.000Z,16668,16688,16655,16686,1995
2024-01-09T18:00:00.000Z,16685,16708,16668,16671,2848
2024-01-09T18:30:00.000Z,16670,16696,16639,16681,3164
2024-01-09T19:00:00.000Z,16682,16696,16649,16657,2842
2024-01-09T19:30:00.000Z,16656,16675,16646,16668,2650
2024-01-09T20:00:00.000Z,16669,16682,16641,16666,2978
2024-01-09T20:30:00.000Z,16667,16681,16621,16671,3358
2024-01-09T21:00:00.000Z,16672,16677,16667,16668,619
2024-01-09T21:30:00.000Z,16669,16675,16666,16669,327
2024-01-09T23:00:00.000Z,16668,16670,16660,16669,329
2024-01-09T23:30:00.000Z,16670,16682,16669,16681,215
2024-01-10T00:00:00.000Z,16680,16693,16680,16689,602
2024-01-10T00:30:00.000Z,16689,16692,16676,16680,581
2024-01-10T01:00:00.000Z,16681,16681,16666,16670,601
2024-01-10T01:30:00.000Z,16670,16678,16666,16677,887
2024-01-10T02:00:00.000Z,16678,16682,16674,16674,576
2024-01-10T02:30:00.000Z,16675,16684,16671,16679,458
2024-01-10T03:00:00.000Z,16679,16680,16670,16671,400
2024-01-10T03:30:00.000Z,16671,16672,16665,16668,434
2024-01-10T04:00:00.000Z,16669,16678,16667,16674,343
2024-01-10T04:30:00.000Z,16675,16675,16670,16671,239
2024-01-10T05:00:00.000Z,16671,16674,16664,16664,359
2024-01-10T05:30:00.000Z,16665,16671,16663,16669,421
2024-01-10T06:00:00.000Z,16668,16676,16664,16667,439
2024-01-10T06:30:00.000Z,16666,16668,16650,16656,530
2024-01-10T07:00:00.000Z,16656,16675,16653,16672,722
2024-01-10T07:30:00.000Z,16672,16691,16669,16688,648
2024-01-10T08:00:00.000Z,16688,16704,16684,16698,1300
2024-01-10T08:30:00.000Z,16697,16707,16689,16701,1092
2024-01-10T09:00:00.000Z,16702,16742,16695,16739,1186
2024-01-10T09:30:00.000Z,16739,16748,16732,16740,896
2024-01-10T10:00:00.000Z,16740,16744,16715,16723,824
2024-01-10T10:30:00.000Z,16721,16722,16710,16717,720
2024-01-10T11:00:00.000Z,16718,16727,16703,16704,800
2024-01-10T11:30:00.000Z,16704,16704,16677,16690,922
2024-01-10T12:00:00.000Z,16692,16708,16691,16704,987
2024-01-10T12:30:00.000Z,16705,16707,16683,16684,907
2024-01-10T13:00:00.000Z,16685,16691,16673,16682,1160
2024-01-10T13:30:00.000Z,16680,16681,16658,16659,1302
2024-01-10T14:00:00.000Z,16659,16685,16652,16683,1460
2024-01-10T14:30:00.000Z,16682,16716,16657,16680,4708
2024-01-10T15:00:00.000Z,16680,16707,16646,16700,4082
2024-01-10T15:30:00.000Z,16701,16736,16697,16735,2997
2024-01-10T16:00:00.000Z,16736,16740,16698,16709,2814
2024-01-10T16:30:00.000Z,16710,16729,16701,16722,2590
2024-01-10T17:00:00.000Z,16723,16738,16713,16733,2162
2024-01-10T17:30:00.000Z,16733,16757,16731,16754,1959
2024-01-10T18:00:00.000Z,16754,16775,16730,16747,3025
2024-01-10T18:30:00.000Z,16748,16771,16745,16767,2004
2024-01-10T19:00:00.000Z,16768,16808,16764,16794,2158
2024-01-10T19:30:00.000Z,16795,16824,16787,16823,2067
2024-01-10T20:00:00.000Z,16824,16826,16765,16782,2923
2024-01-10T20:30:00.000Z,16780,16794,16736,16785,3393
2024-01-10T21:00:00.000Z,16784,16801,16783,16796,679
2024-01-10T21:30:00.000Z,16796,16800,16794,16799,366
2024-01-10T23:00:00.000Z,16800,16812,16791,16812,461
2024-01-10T23:30:00.000Z,16811,16813,16804,16806,463
2024-01-11T00:00:00.000Z,16806,16813,16805,16808,640
2024-01-11T00:30:00.000Z,16809,16832,16809,16819,716
2024-01-11T01:00:00.000Z,16824,16836,16822,16828,884
2024-01-11T01:30:00.000Z,16828,16835,16826,16830,707
2024-01-11T02:00:00.000Z,16833,16842,16829,16836,598
2024-01-11T02:30:00.000Z,16837,16840,16834,16839,404
2024-01-11T03:00:00.000Z,16840,16843,16838,16842,228
2024-01-11T03:30:00.000Z,16841,16853,16841,16852,438
2024-01-11T04:00:00.000Z,16851,16855,16847,16848,301
2024-01-11T04:30:00.000Z,16847,16848,16839,16843,314
2024-01-11T05:00:00.000Z,16843,16850,16837,16843,608
2024-01-11T05:30:00.000Z,16843,16847,16839,16843,506
2024-01-11T06:00:00.000Z,16844,16852,16838,16846,584
2024-01-11T06:30:00.000Z,16847,16859,16846,16853,621
2024-01-11T07:00:00.000Z,16854,16863,16851,16859,587
2024-01-11T07:30:00.000Z,16860,16863,16852,16856,651
2024-01-11T08:00:00.000Z,16855,16892,16851,16883,1430
2024-01-11T08:30:00.000Z,16883,16893,16879,16888,1011
2024-01-11T09:00:00.000Z,16886,16888,16858,16860,1004
2024-01-11T09:30:00.000Z,16861,16861,16841,16850,957
2024-01-11T10:00:00.000Z,16850,16854,16838,16850,841
2024-01-11T10:30:00.000Z,16850,16851,16840,16850,781
2024-01-11T11:00:00.000Z,16851,16868,16850,16857,772
2024-01-11T11:30:00.000Z,16857,16861,16843,16853,724
2024-01-11T12:00:00.000Z,16852,16864,16847,16855,782
2024-01-11T12:30:00.000Z,16855,16863,16847,16849,756
2024-01-11T13:00:00.000Z,16849,16877,16847,16873,1113
2024-01-11T13:30:00.000Z,16873,16897,16738,16753,4753
2024-01-11T14:00:00.000Z,16753,16832,16748,16831,2705
2024-01-11T14:30:00.000Z,16830,16888,16773,16803,5863
2024-01-11T15:00:00.000Z,16804,16807,16671,16737,5494
2024-01-11T15:30:00.000Z,16737,16772,16687,16701,5281
2024-01-11T16:00:00.000Z,16702,16712,16622,16641,4671
2024-01-11T16:30:00.000Z,16640,16659,16599,16619,4551
2024-01-11T17:00:00.000Z,16620,16665,16617,16630,3719
2024-01-11T17:30:00.000Z,16630,16703,16630,16684,3338
2024-01-11T18:00:00.000Z,16683,16742,16681,16731,3527
2024-01-11T18:30:00.000Z,16732,16782,16728,16780,2897
2024-01-11T19:00:00.000Z,16781,16796,16761,16793,3290
2024-01-11T19:30:00.000Z,16793,16829,16784,16820,2891
2024-01-11T20:00:00.000Z,16821,16824,16772,16792,3541
2024-01-11T20:30:00.000Z,16793,16821,16775,16812,3202
2024-01-11T21:00:00.000Z,16811,16815,16803,16808,691
2024-01-11T21:30:00.000Z,16809,16810,16802,16804,323
2024-01-11T23:00:00.000Z,16800,16811,16790,16808,490
2024-01-11T23:30:00.000Z,16809,16810,16793,16800,373
2024-01-12T00:00:00.000Z,16802,16813,16800,16801,930
2024-01-12T00:30:00.000Z,16802,16803,16778,16782,752
2024-01-12T01:00:00.000Z,16781,16782,16770,16777,782
2024-01-12T01:30:00.000Z,16776,16794,16770,16791,755
2024-01-12T02:00:00.000Z,16792,16802,16790,16800,791
2024-01-12T02:30:00.000Z,16801,16811,16798,16806,515
2024-01-12T03:00:00.000Z,16807,16809,16800,16806,336
2024-01-12T03:30:00.000Z,16805,16808,16802,16805,323
2024-01-12T04:00:00.000Z,16806,16806,16785,16788,360
2024-01-12T04:30:00.000Z,16786,16796,16786,16794,333
2024-01-12T05:00:00.000Z,16795,16804,16794,16801,542
2024-01-12T05:30:00.000Z,16800,16803,16791,16792,527
2024-01-12T06:00:00.000Z,16791,16800,16789,16799,472
2024-01-12T06:30:00.000Z,16798,16807,16792,16806,432
2024-01-12T07:00:00.000Z,16807,16809,16785,16786,1128
2024-01-12T07:30:00.000Z,16787,16790,16764,16769,1207
2024-01-12T08:00:00.000Z,16769,16812,16765,16808,2003
2024-01-12T08:30:00.000Z,16809,16823,16789,16812,1533
2024-01-12T09:00:00.000Z,16811,16826,16792,16800,1351
2024-01-12T09:30:00.000Z,16801,16813,16774,16776,1298
2024-01-12T10:00:00.000Z,16776,16795,16771,16791,1350
2024-01-12T10:30:00.000Z,16790,16793,16762,16772,1416
2024-01-12T11:00:00.000Z,16773,16783,16756,16769,1279
2024-01-12T11:30:00.000Z,16769,16770,16715,16744,1968
2024-01-12T12:00:00.000Z,16744,16762,16736,16756,1602
2024-01-12T12:30:00.000Z,16757,16771,16755,16757,1251
2024-01-12T13:00:00.000Z,16756,16777,16744,16757,1847
2024-01-12T13:30:00.000Z,16756,16827,16756,16812,3270
2024-01-12T14:00:00.000Z,16815,16857,16805,16856,2373
2024-01-12T14:30:00.000Z,16857,16891,16825,16834,5115
2024-01-12T15:00:00.000Z,16835,16853,16785,16813,5558
2024-01-12T15:30:00.000Z,16814,16838,16762,16793,5085
2024-01-12T16:00:00.000Z,16793,16843,16783,16830,3943
2024-01-12T16:30:00.000Z,16831,16837,16770,16776,3999
2024-01-12T17:00:00.000Z,16777,16808,16766,16792,3421
2024-01-12T17:30:00.000Z,16792,16813,16779,16802,2924
2024-01-12T18:00:00.000Z,16802,16825,16802,16818,2560
2024-01-12T18:30:00.000Z,16819,16831,16812,16828,2058
2024-01-12T19:00:00.000Z,16826,16842,16810,16821,2090
2024-01-12T19:30:00.000Z,16822,16822,16792,16800,2702
2024-01-12T20:00:00.000Z,16799,16809,16781,16802,2683
2024-01-12T20:30:00.000Z,16802,16828,16799,16820,2422
2024-01-12T21:00:00.000Z,16819,16820,16802,16802,539
2024-01-12T21:30:00.000Z,16803,16805,16795,16803,341
2024-01-14T23:00:00.000Z,16815,16820,16796,16802,573
2024-01-14T23:30:00.000Z,16803,16814,16800,16802,469
2024-01-15T00:00:00.000Z,16803,16807,16798,16806,699
2024-01-15T00:30:00.000Z,16806,16814,16802,16813,479
2024-01-15T01:00:00.000Z,16812,16818,16805,16807,608
2024-01-15T01:30:00.000Z,16808,16816,16803,16815,724
2024-01-15T02:00:00.000Z,16815,16830,16813,16828,480
2024-01-15T02:30:00.000Z,16828,16839,16826,16837,345
2024-01-15T03:00:00.000Z,16838,16844,16837,16840,374
2024-01-15T03:30:00.000Z,16840,16845,16839,16842,287
2024-01-15T04:00:00.000Z,16841,16844,16838,16844,284
2024-01-15T04:30:00.000Z,16844,16848,16841,16848,259
2024-01-15T05:00:00.000Z,16848,16848,16839,16842,374
2024-01-15T05:30:00.000Z,16842,16843,16837,16840,248
2024-01-15T06:00:00.000Z,16839,16861,16839,16860,410
2024-01-15T06:30:00.000Z,16860,16870,16857,16865,348
2024-01-15T07:00:00.000Z,16865,16880,16861,16862,527
2024-01-15T07:30:00.000Z,16862,16863,16853,16855,675
2024-01-15T08:00:00.000Z,16854,16879,16850,16868,1404
2024-01-15T08:30:00.000Z,16868,16869,16825,16825,1399
2024-01-15T09:00:00.000Z,16825,16841,16811,16840,1315
2024-01-15T09:30:00.000Z,16840,16841,16811,16818,1150
2024-01-15T10:00:00.000Z,16819,16831,16813,16823,1164
2024-01-15T10:30:00.000Z,16822,16829,16815,16827,875
2024-01-15T11:00:00.000Z,16826,16828,16806,16809,853
2024-01-15T11:30:00.000Z,16810,16829,16804,16825,895
2024-01-15T12:00:00.000Z,16824,16837,16817,16834,1010
2024-01-15T12:30:00.000Z,16835,16835,16818,16820,777
2024-01-15T13:00:00.000Z,16819,16826,16809,16822,846
2024-01-15T13:30:00.000Z,16823,16827,16814,16817,680
2024-01-15T14:00:00.000Z,16818,16819,16796,16814,1032
2024-01-15T14:30:00.000Z,16815,16823,16793,16809,1496
2024-01-15T15:00:00.000Z,16810,16814,16797,16814,1228
2024-01-15T15:30:00.000Z,16813,16833,16813,16832,1012
2024-01-15T16:00:00.000Z,16832,16835,16819,16830,856
2024-01-15T16:30:00.000Z,16830,16836,16818,16819,699
2024-01-15T17:00:00.000Z,16818,16830,16812,16827,656
2024-01-15T17:30:00.000Z,16828,16829,16820,16827,465
2024-01-15T23:00:00.000Z,16820,16824,16804,16805,494
2024-01-15T23:30:00.000Z,16804,16806,16793,16795,525
2024-01-16T00:00:00.000Z,16796,16796,16773,16780,905
2024-01-16T00:30:00.000Z,16779,16781,16751,16752,738
2024-01-16T01:00:00.000Z,16754,16765,16741,16763,936
2024-01-16T01:30:00.000Z,16764,16775,16760,16770,732
2024-01-16T02:00:00.000Z,16771,16777,16761,16770,594
2024-01-16T02:30:00.000Z,16769,16770,16757,16762,510
2024-01-16T03:00:00.000Z,16761,16764,16752,16753,606
2024-01-16T03:30:00.000Z,16753,16755,16744,16753,646
2024-01-16T04:00:00.000Z,16752,16759,16751,16752,326
2024-01-16T04:30:00.000Z,16753,16755,16747,16755,280
2024-01-16T05:00:00.000Z,16755,16755,16749,16752,548
2024-01-16T05:30:00.000Z,16752,16754,16734,16737,578
2024-01-16T06:00:00.000Z,16736,16738,16726,16737,757
2024-01-16T06:30:00.000Z,16738,16742,16731,16741,442
2024-01-16T07:00:00.000Z,16740,16745,16726,16737,986
2024-01-16T07:30:00.000Z,16738,16753,16735,16739,863
2024-01-16T08:00:00.000Z,16739,16739,16672,16683,2761
2024-01-16T08:30:00.000Z,16684,16711,16682,16701,2049
2024-01-16T09:00:00.000Z,16700,16725,16700,16702,1776
2024-01-16T09:30:00.000Z,16703,16721,16700,16715,1435
2024-01-16T10:00:00.000Z,16715,16717,16693,16694,1444
2024-01-16T10:30:00.000Z,16693,16714,16686,16705,1120
2024-01-16T11:00:00.000Z,16705,16720,16704,16719,1060
2024-01-16T11:30:00.000Z,16720,16747,16714,16741,1083
2024-01-16T12:00:00.000Z,16742,16756,16733,16755,1366
2024-01-16T12:30:00.000Z,16753,16776,16748,16772,1362
2024-01-16T13:00:00.000Z,16771,16775,16732,16743,1511
2024-01-16T13:30:00.000Z,16757,16789,16741,16753,2644
2024-01-16T14:00:00.000Z,16753,16777,16742,16776,2215
2024-01-16T14:30:00.000Z,16779,16806,16715,16774,5760
2024-01-16T15:00:00.000Z,16774,16863,16752,16852,5043
2024-01-16T15:30:00.000Z,16851,16893,16833,16873,4006
2024-01-16T16:00:00.000Z,16875,16883,16795,16855,5849
2024-01-16T16:30:00.000Z,16856,16878,16801,16810,4319
2024-01-16T17:00:00.000Z,16809,16820,16772,16778,4130
2024-01-16T17:30:00.000Z,16778,16793,16753,16757,3860
2024-01-16T18:00:00.000Z,16758,16808,16752,16799,3498
2024-01-16T18:30:00.000Z,16799,16808,16751,16762,3157
2024-01-16T19:00:00.000Z,16763,16769,16722,16750,3237
2024-01-16T19:30:00.000Z,16750,16791,16740,16787,2729
2024-01-16T20:00:00.000Z,16787,16805,16781,16788,2549
2024-01-16T20:30:00.000Z,16789,16829,16783,16827,2794
2024-01-16T21:00:00.000Z,16826,16833,16821,16832,580
2024-01-16T21:30:00.000Z,16833,16841,16829,16837,304
2024-01-16T23:00:00.000Z,16840,16842,16831,16837,428
2024-01-16T23:30:00.000Z,16837,16842,16829,16842,396
2024-01-17T00:00:00.000Z,16841,16843,16823,16826,924
2024-01-17T00:30:00.000Z,16827,16828,16818,16822,637
2024-01-17T01:00:00.000Z,16822,16824,16813,16821,694
2024-01-17T01:30:00.000Z,16820,16825,16808,16813,1087
2024-01-17T02:00:00.000Z,16813,16817,16797,16801,879
2024-01-17T02:30:00.000Z,16802,16803,16791,16791,579
2024-01-17T03:00:00.000Z,16791,16793,16783,16785,511
2024-01-17T03:30:00.000Z,16785,16788,16771,16771,696
2024-01-17T04:00:00.000Z,16770,16781,16766,16778,527
2024-01-17T04:30:00.000Z,16779,16790,16778,16784,455
2024-01-17T05:00:00.000Z,16784,16784,16766,16771,786
2024-01-17T05:30:00.000Z,16771,16771,16755,16755,682
2024-01-17T06:00:00.000Z,16755,16756,16705,16714,1348
2024-01-17T06:30:00.000Z,16714,16718,16697,16705,1256
2024-01-17T07:00:00.000Z,16706,16711,16679,16685,1799
2024-01-17T07:30:00.000Z,16684,16707,16679,16704,1593
2024-01-17T08:00:00.000Z,16704,16724,16690,16723,2336
2024-01-17T08:30:00.000Z,16724,16724,16698,16699,1874
2024-01-17T09:00:00.000Z,16700,16721,16681,16712,1801
2024-01-17T09:30:00.000Z,16711,16736,16709,16734,1700
2024-01-17T10:00:00.000Z,16735,16744,16727,16727,1395
2024-01-17T10:30:00.000Z,16727,16735,16716,16734,1204
2024-01-17T11:00:00.000Z,16733,16740,16716,16732,1070
2024-01-17T11:30:00.000Z,16732,16760,16730,16754,1101
2024-01-17T12:00:00.000Z,16755,16770,16745,16765,1274
2024-01-17T12:30:00.000Z,16764,16764,16746,16752,1134
2024-01-17T13:00:00.000Z,16753,16753,16731,16733,1646
2024-01-17T13:30:00.000Z,16724,16727,16669,16683,3017
2024-01-17T14:00:00.000Z,16683,16706,16674,16688,2011
2024-01-17T14:30:00.000Z,16687,16705,16567,16570,5324
2024-01-17T15:00:00.000Z,16569,16625,16552,16613,5154
2024-01-17T15:30:00.000Z,16611,16649,16590,16632,4647
2024-01-17T16:00:00.000Z,16631,16690,16631,16681,3677
2024-01-17T16:30:00.000Z,16681,16704,16665,16673,3220
2024-01-17T17:00:00.000Z,16674,16686,16644,16652,3176
2024-01-17T17:30:00.000Z,16652,16678,16635,16671,2833
2024-01-17T18:00:00.000Z,16670,16687,16619,16630,3076
2024-01-17T18:30:00.000Z,16630,16633,16596,16623,2943
2024-01-17T19:00:00.000Z,16624,16668,16618,16663,2701
2024-01-17T19:30:00.000Z,16664,16705,16663,16690,2513
2024-01-17T20:00:00.000Z,16691,16695,16660,16667,2638
2024-01-17T20:30:00.000Z,16668,16748,16665,16731,2904
2024-01-17T21:00:00.000Z,16730,16732,16717,16723,691
2024-01-17T21:30:00.000Z,16724,16726,16722,16722,308
2024-01-17T23:00:00.000Z,16720,16726,16699,16725,738
2024-01-17T23:30:00.000Z,16726,16726,16716,16719,470
2024-01-18T00:00:00.000Z,16718,16726,16708,16715,1041
2024-01-18T00:30:00.000Z,16716,16731,16714,16731,860
2024-01-18T01:00:00.000Z,16730,16738,16723,16728,818
2024-01-18T01:30:00.000Z,16728,16729,16710,16724,1153
2024-01-18T02:00:00.000Z,16723,16733,16721,16729,759
2024-01-18T02:30:00.000Z,16728,16730,16717,16720,605
2024-01-18T03:00:00.000Z,16720,16729,16718,16724,947
2024-01-18T03:30:00.000Z,16725,16732,16716,16717,613
2024-01-18T04:00:00.000Z,16718,16720,16712,16716,427
2024-01-18T04:30:00.000Z,16717,16718,16705,16713,439
2024-01-18T05:00:00.000Z,16712,16719,16711,16717,681
2024-01-18T05:30:00.000Z,16717,16733,16709,16730,813
2024-01-18T06:00:00.000Z,16729,16754,16729,16748,807
2024-01-18T06:30:00.000Z,16748,16761,16742,16758,740
2024-01-18T07:00:00.000Z,16758,16764,16751,16753,778
2024-01-18T07:30:00.000Z,16752,16759,16736,16757,869
2024-01-18T08:00:00.000Z,16758,16782,16753,16769,1985
2024-01-18T08:30:00.000Z,16769,16773,16749,16757,1509
2024-01-18T09:00:00.000Z,16757,16786,16755,16782,1468
2024-01-18T09:30:00.000Z,16783,16801,16776,16783,1169
2024-01-18T10:00:00.000Z,16782,16786,16774,16786,806
2024-01-18T10:30:00.000Z,16786,16811,16777,16808,800
2024-01-18T11:00:00.000Z,16808,16834,16806,16830,1416
2024-01-18T11:30:00.000Z,16831,16861,16828,16858,1316
2024-01-18T12:00:00.000Z,16857,16874,16856,16868,1386
2024-01-18T12:30:00.000Z,16869,16890,16868,16871,1357
2024-01-18T13:00:00.000Z,16872,16889,16870,16884,1363
2024-01-18T13:30:00.000Z,16876,16910,16842,16847,2897
2024-01-18T14:00:00.000Z,16848,16888,16848,16864,2174
2024-01-18T14:30:00.000Z,16861,16919,16861,16893,5282
2024-01-18T15:00:00.000Z,16893,16906,16852,16898,4696
2024-01-18T15:30:00.000Z,16900,16945,16872,16921,3976
2024-01-18T16:00:00.000Z,16921,16954,16892,16951,3670
2024-01-18T16:30:00.000Z,16953,16967,16932,16944,3352
2024-01-18T17:00:00.000Z,16945,16948,16859,16891,3908
2024-01-18T17:30:00.000Z,16891,16892,16856,16867,3144
2024-01-18T18:00:00.000Z,16867,16868,16809,16821,3778
2024-01-18T18:30:00.000Z,16822,16888,16820,16882,3035
2024-01-18T19:00:00.000Z,16883,16961,16882,16959,2870
2024-01-18T19:30:00.000Z,16960,16976,16933,16966,3151
2024-01-18T20:00:00.000Z,16967,16980,16950,16974,2816
2024-01-18T20:30:00.000Z,16974,16991,16952,16973,2941
2024-01-18T21:00:00.000Z,16974,16987,16957,16986,962
2024-01-18T21:30:00.000Z,16986,16988,16977,16982,433
2024-01-18T23:00:00.000Z,16980,16991,16975,16989,632
2024-01-18T23:30:00.000Z,16990,17019,16986,17017,672
2024-01-19T00:00:00.000Z,17016,17022,17003,17022,963
2024-01-19T00:30:00.000Z,17023,17028,17015,17021,660
2024-01-19T01:00:00.000Z,17021,17027,17000,17004,1063
2024-01-19T01:30:00.000Z,17005,17026,17004,17025,1027
2024-01-19T02:00:00.000Z,17024,17031,17020,17024,720
2024-01-19T02:30:00.000Z,17023,17040,17019,17037,687
2024-01-19T03:00:00.000Z,17038,17046,17033,17035,539
2024-01-19T03:30:00.000Z,17035,17045,17031,17042,491
2024-01-19T04:00:00.000Z,17043,17044,17034,17036,464
2024-01-19T04:30:00.000Z,17036,17039,17032,17037,322
2024-01-19T05:00:00.000Z,17038,17044,17033,17037,505
2024-01-19T05:30:00.000Z,17036,17038,17016,17018,736
2024-01-19T06:00:00.000Z,17018,17032,17017,17022,735
2024-01-19T06:30:00.000Z,17022,17035,17021,17032,595
2024-01-19T07:00:00.000Z,17031,17059,17020,17044,1216
2024-01-19T07:30:00.000Z,17043,17058,17039,17053,1145
2024-01-19T08:00:00.000Z,17051,17056,17036,17046,1822
2024-01-19T08:30:00.000Z,17045,17079,17036,17078,1452
2024-01-19T09:00:00.000Z,17077,17104,17070,17101,1547
2024-01-19T09:30:00.000Z,17101,17101,17070,17094,1098
2024-01-19T10:00:00.000Z,17094,17094,17081,17088,1081
2024-01-19T10:30:00.000Z,17087,17112,17086,17103,1075
2024-01-19T11:00:00.000Z,17103,17110,17097,17105,999
2024-01-19T11:30:00.000Z,17105,17121,17103,17115,1018
2024-01-19T12:00:00.000Z,17114,17117,17086,17091,1058
2024-01-19T12:30:00.000Z,17091,17109,17078,17106,1029
2024-01-19T13:00:00.000Z,17107,17123,17100,17102,1449
2024-01-19T13:30:00.000Z,17101,17112,17085,17088,1490
2024-01-19T14:00:00.000Z,17088,17095,17059,17059,1726
2024-01-19T14:30:00.000Z,17057,17081,17035,17077,4755
2024-01-19T15:00:00.000Z,17085,17100,17037,17085,4827
2024-01-19T15:30:00.000Z,17084,17108,17061,17095,3948
2024-01-19T16:00:00.000Z,17095,17139,17082,17126,3446
2024-01-19T16:30:00.000Z,17126,17138,17095,17134,3119
2024-01-19T17:00:00.000Z,17135,17161,17104,17156,2979
2024-01-19T17:30:00.000Z,17157,17193,17153,17193,2929
2024-01-19T18:00:00.000Z,17194,17224,17174,17219,2658
2024-01-19T18:30:00.000Z,17219,17263,17218,17263,2355
2024-01-19T19:00:00.000Z,17263,17303,17258,17283,2719
2024-01-19T19:30:00.000Z,17283,17298,17254,17297,3129
2024-01-19T20:00:00.000Z,17298,17316,17285,17298,3073
2024-01-19T20:30:00.000Z,17299,17315,17292,17312,2831
2024-01-19T21:00:00.000Z,17310,17333,17305,17333,1006
2024-01-19T21:30:00.000Z,17333,17339,17330,17331,555
2024-01-21T23:00:00.000Z,17351,17376,17350,17355,994
2024-01-21T23:30:00.000Z,17356,17370,17351,17360,749
2024-01-22T00:00:00.000Z,17361,17374,17356,17374,932
2024-01-22T00:30:00.000Z,17374,17439,17372,17433,1123
2024-01-22T01:00:00.000Z,17432,17445,17422,17436,1301
2024-01-22T01:30:00.000Z,17437,17443,17419,17425,1296
2024-01-22T02:00:00.000Z,17425,17438,17420,17424,955
2024-01-22T02:30:00.000Z,17424,17430,17414,17426,850
2024-01-22T03:00:00.000Z,17427,17428,17416,17421,671
2024-01-22T03:30:00.000Z,17422,17431,17419,17423,392
2024-01-22T04:00:00.000Z,17424,17431,17424,17428,351
2024-01-22T04:30:00.000Z,17428,17429,17422,17429,286
2024-01-22T05:00:00.000Z,17429,17431,17421,17422,574
2024-01-22T05:30:00.000Z,17421,17426,17407,17412,604
2024-01-22T06:00:00.000Z,17411,17426,17411,17414,831
2024-01-22T06:30:00.000Z,17414,17424,17411,17419,697
2024-01-22T07:00:00.000Z,17420,17436,17409,17433,1033
2024-01-22T07:30:00.000Z,17433,17435,17411,17414,1232
2024-01-22T08:00:00.000Z,17414,17418,17398,17403,2103
2024-01-22T08:30:00.000Z,17403,17417,17395,17416,1624
2024-01-22T09:00:00.000Z,17416,17421,17403,17406,1372
2024-01-22T09:30:00.000Z,17407,17418,17400,17414,1083
2024-01-22T10:00:00.000Z,17415,17424,17406,17411,1102
2024-01-22T10:30:00.000Z,17411,17416,17404,17412,804
2024-01-22T11:00:00.000Z,17413,17424,17410,17421,826
2024-01-22T11:30:00.000Z,17422,17432,17412,17412,813
2024-01-22T12:00:00.000Z,17412,17450,17411,17448,993
2024-01-22T12:30:00.000Z,17450,17459,17442,17447,1121
2024-01-22T13:00:00.000Z,17446,17448,17422,17436,1058
2024-01-22T13:30:00.000Z,17437,17437,17394,17403,1592
2024-01-22T14:00:00.000Z,17402,17411,17390,17406,1393
2024-01-22T14:30:00.000Z,17409,17461,17369,17417,4804
2024-01-22T15:00:00.000Z,17419,17428,17361,17365,4625
2024-01-22T15:30:00.000Z,17365,17367,17315,17327,4555
2024-01-22T16:00:00.000Z,17327,17377,17317,17370,3772
2024-01-22T16:30:00.000Z,17371,17390,17358,17387,2902
2024-01-22T17:00:00.000Z,17388,17389,17338,17367,2992
2024-01-22T17:30:00.000Z,17368,17375,17346,17360,2718
2024-01-22T18:00:00.000Z,17359,17359,17311,17316,3055
2024-01-22T18:30:00.000Z,17316,17362,17314,17356,2679
2024-01-22T19:00:00.000Z,17357,17363,17319,17340,2763
2024-01-22T19:30:00.000Z,17340,17350,17327,17346,2469
2024-01-22T20:00:00.000Z,17346,17366,17331,17362,2473
2024-01-22T20:30:00.000Z,17362,17364,17331,17336,2620
2024-01-22T21:00:00.000Z,17337,17338,17321,17331,800
2024-01-22T21:30:00.000Z,17331,17338,17330,17332,358
2024-01-22T23:00:00.000Z,17333,17344,17330,17343,464
2024-01-22T23:30:00.000Z,17342,17353,17342,17343,397
2024-01-23T00:00:00.000Z,17344,17352,17340,17347,828
2024-01-23T00:30:00.000Z,17347,17354,17346,17351,463
2024-01-23T01:00:00.000Z,17351,17352,17337,17341,697
2024-01-23T01:30:00.000Z,17342,17364,17334,17357,1149
2024-01-23T02:00:00.000Z,17357,17367,17348,17362,1243
2024-01-23T02:30:00.000Z,17363,17365,17348,17349,576
2024-01-23T03:00:00.000Z,17350,17364,17346,17361,852
2024-01-23T03:30:00.000Z,17361,17363,17345,17345,874
2024-01-23T04:00:00.000Z,17345,17359,17345,17357,499
2024-01-23T04:30:00.000Z,17358,17358,17353,17354,388
2024-01-23T05:00:00.000Z,17353,17359,17353,17356,656
2024-01-23T05:30:00.000Z,17357,17358,17346,17350,577
2024-01-23T06:00:00.000Z,17350,17357,17348,17355,591
2024-01-23T06:30:00.000Z,17354,17360,17350,17356,611
2024-01-23T07:00:00.000Z,17357,17366,17355,17363,679
2024-01-23T07:30:00.000Z,17363,17363,17352,17359,812
2024-01-23T08:00:00.000Z,17358,17362,17316,17320,1737
2024-01-23T08:30:00.000Z,17321,17327,17301,17316,1419
2024-01-23T09:00:00.000Z,17317,17345,17313,17335,1370
2024-01-23T09:30:00.000Z,17335,17346,17332,17343,1144
2024-01-23T10:00:00.000Z,17342,17343,17316,17333,1285
2024-01-23T10:30:00.000Z,17333,17334,17320,17328,1174
2024-01-23T11:00:00.000Z,17328,17340,17328,17331,1106
2024-01-23T11:30:00.000Z,17330,17357,17330,17354,1101
2024-01-23T12:00:00.000Z,17353,17360,17347,17350,921
2024-01-23T12:30:00.000Z,17349,17367,17346,17361,1061
2024-01-23T13:00:00.000Z,17361,17387,17360,17387,1148
2024-01-23T13:30:00.000Z,17387,17405,17375,17379,1404
2024-01-23T14:00:00.000Z,17379,17380,17354,17368,1461
2024-01-23T14:30:00.000Z,17367,17367,17290,17354,4946
2024-01-23T15:00:00.000Z,17353,17364,17309,17344,4360
2024-01-23T15:30:00.000Z,17344,17356,17322,17332,3599
2024-01-23T16:00:00.000Z,17331,17358,17315,17321,3327
2024-01-23T16:30:00.000Z,17321,17348,17307,17346,2853
2024-01-23T17:00:00.000Z,17345,17348,17321,17330,2231
2024-01-23T17:30:00.000Z,17330,17373,17323,17369,2052
2024-01-23T18:00:00.000Z,17370,17372,17354,17355,1998
2024-01-23T18:30:00.000Z,17356,17367,17339,17361,2025
2024-01-23T19:00:00.000Z,17362,17366,17345,17352,1955
2024-01-23T19:30:00.000Z,17353,17380,17344,17374,1958
2024-01-23T20:00:00.000Z,17374,17401,17369,17389,2173
2024-01-23T20:30:00.000Z,17388,17418,17376,17408,2386
2024-01-23T21:00:00.000Z,17409,17433,17389,17421,1663
2024-01-23T21:30:00.000Z,17421,17438,17419,17432,680
2024-01-23T23:00:00.000Z,17439,17459,17439,17455,607
2024-01-23T23:30:00.000Z,17454,17460,17453,17458,300
2024-01-24T00:00:00.000Z,17457,17460,17453,17455,416
2024-01-24T00:30:00.000Z,17455,17470,17453,17467,299
2024-01-24T01:00:00.000Z,17466,17467,17451,17456,629
2024-01-24T01:30:00.000Z,17457,17466,17456,17464,653
2024-01-24T02:00:00.000Z,17465,17469,17457,17463,474
2024-01-24T02:30:00.000Z,17464,17468,17460,17468,339
2024-01-24T03:00:00.000Z,17469,17479,17467,17475,418
2024-01-24T03:30:00.000Z,17475,17477,17470,17476,398
2024-01-24T04:00:00.000Z,17475,17476,17471,17475,204
2024-01-24T04:30:00.000Z,17476,17479,17473,17476,219
2024-01-24T05:00:00.000Z,17477,17484,17472,17484,433
2024-01-24T05:30:00.000Z,17483,17491,17482,17485,340
2024-01-24T06:00:00.000Z,17486,17503,17483,17498,619
2024-01-24T06:30:00.000Z,17499,17513,17495,17502,466
2024-01-24T07:00:00.000Z,17503,17510,17499,17503,797
2024-01-24T07:30:00.000Z,17504,17524,17503,17515,1124
2024-01-24T08:00:00.000Z,17517,17523,17510,17515,1859
2024-01-24T08:30:00.000Z,17514,17535,17514,17531,1394
2024-01-24T09:00:00.000Z,17531,17547,17525,17539,1201
2024-01-24T09:30:00.000Z,17539,17548,17536,17543,1008
2024-01-24T10:00:00.000Z,17542,17547,17529,17532,811
2024-01-24T10:30:00.000Z,17532,17537,17525,17534,695
2024-01-24T11:00:00.000Z,17533,17544,17525,17530,798
2024-01-24T11:30:00.000Z,17531,17536,17526,17528,778
2024-01-24T12:00:00.000Z,17527,17538,17524,17534,873
2024-01-24T12:30:00.000Z,17534,17553,17534,17546,807
2024-01-24T13:00:00.000Z,17545,17572,17544,17570,1343
2024-01-24T13:30:00.000Z,17571,17574,17538,17546,1210
2024-01-24T14:00:00.000Z,17546,17576,17543,17574,1155
2024-01-24T14:30:00.000Z,17575,17577,17520,17552,5157
2024-01-24T15:00:00.000Z,17553,17600,17521,17598,4156
2024-01-24T15:30:00.000Z,17599,17647,17591,17618,3805
2024-01-24T16:00:00.000Z,17619,17625,17571,17591,3703
2024-01-24T16:30:00.000Z,17591,17636,17584,17632,2890
2024-01-24T17:00:00.000Z,17633,17655,17618,17645,2712
2024-01-24T17:30:00.000Z,17646,17675,17646,17667,2374
2024-01-24T18:00:00.000Z,17666,17666,17604,17641,3534
2024-01-24T18:30:00.000Z,17641,17642,17579,17597,3508
2024-01-24T19:00:00.000Z,17597,17601,17516,17529,3575
2024-01-24T19:30:00.000Z,17530,17573,17521,17546,3267
2024-01-24T20:00:00.000Z,17546,17565,17497,17499,3558
2024-01-24T20:30:00.000Z,17499,17547,17487,17509,3563
2024-01-24T21:00:00.000Z,17507,17516,17453,17478,1882
2024-01-24T21:30:00.000Z,17477,17516,17477,17512,657
2024-01-24T23:00:00.000Z,17503,17512,17495,17495,687
2024-01-24T23:30:00.000Z,17496,17505,17491,17502,610
2024-01-25T00:00:00.000Z,17502,17503,17485,17495,988
2024-01-25T00:30:00.000Z,17495,17508,17493,17508,591
2024-01-25T01:00:00.000Z,17508,17520,17488,17492,975
2024-01-25T01:30:00.000Z,17491,17498,17476,17493,1290
2024-01-25T02:00:00.000Z,17493,17503,17486,17497,1055
2024-01-25T02:30:00.000Z,17497,17497,17474,17487,806
2024-01-25T03:00:00.000Z,17487,17492,17479,17485,638
2024-01-25T03:30:00.000Z,17486,17494,17485,17490,425
2024-01-25T04:00:00.000Z,17491,17502,17489,17501,350
2024-01-25T04:30:00.000Z,17500,17502,17494,17495,256
2024-01-25T05:00:00.000Z,17494,17502,17489,17500,715
2024-01-25T05:30:00.000Z,17499,17512,17497,17511,650
2024-01-25T06:00:00.000Z,17510,17512,17499,17507,732
2024-01-25T06:30:00.000Z,17507,17515,17500,17508,643
2024-01-25T07:00:00.000Z,17507,17532,17505,17518,885
2024-01-25T07:30:00.000Z,17518,17523,17512,17513,749
2024-01-25T08:00:00.000Z,17512,17517,17488,17508,2105
2024-01-25T08:30:00.000Z,17507,17540,17505,17520,1480
2024-01-25T09:00:00.000Z,17521,17526,17501,17509,1427
2024-01-25T09:30:00.000Z,17508,17526,17508,17513,1042
2024-01-25T10:00:00.000Z,17512,17513,17499,17504,1150
2024-01-25T10:30:00.000Z,17504,17507,17496,17502,892
2024-01-25T11:00:00.000Z,17503,17507,17495,17504,959
2024-01-25T11:30:00.000Z,17504,17533,17500,17532,1309
2024-01-25T12:00:00.000Z,17532,17548,17521,17533,1185
2024-01-25T12:30:00.000Z,17532,17545,17520,17522,968
2024-01-25T13:00:00.000Z,17523,17543,17522,17535,1511
2024-01-25T13:30:00.000Z,17535,17600,17503,17592,3076
2024-01-25T14:00:00.000Z,17591,17612,17583,17606,2169
2024-01-25T14:30:00.000Z,17607,17611,17546,17554,5316
2024-01-25T15:00:00.000Z,17554,17620,17534,17615,4518
2024-01-25T15:30:00.000Z,17616,17623,17561,17593,4616
2024-01-25T16:00:00.000Z,17592,17612,17569,17609,3689
2024-01-25T16:30:00.000Z,17608,17637,17588,17609,3231
2024-01-25T17:00:00.000Z,17610,17616,17553,17564,3739
2024-01-25T17:30:00.000Z,17564,17571,17518,17536,3804
2024-01-25T18:00:00.000Z,17536,17566,17496,17513,4104
2024-01-25T18:30:00.000Z,17512,17530,17456,17462,3831
2024-01-25T19:00:00.000Z,17459,17465,17427,17460,4047
2024-01-25T19:30:00.000Z,17459,17494,17443,17494,3557
2024-01-25T20:00:00.000Z,17494,17503,17475,17483,3099
2024-01-25T20:30:00.000Z,17484,17524,17477,17523,3145
2024-01-25T21:00:00.000Z,17523,17535,17472,17488,1543
2024-01-25T21:30:00.000Z,17488,17496,17464,17464,812
2024-01-25T23:00:00.000Z,17450,17454,17418,17420,934
2024-01-25T23:30:00.000Z,17421,17438,17419,17430,582
2024-01-26T00:00:00.000Z,17431,17437,17417,17424,844
2024-01-26T00:30:00.000Z,17425,17433,17418,17418,609
2024-01-26T01:00:00.000Z,17416,17417,17397,17409,964
2024-01-26T01:30:00.000Z,17409,17409,17396,17407,892
2024-01-26T02:00:00.000Z,17407,17423,17407,17421,495
2024-01-26T02:30:00.000Z,17422,17428,17405,17406,427
2024-01-26T03:00:00.000Z,17406,17415,17406,17408,467
2024-01-26T03:30:00.000Z,17409,17414,17401,17405,487
2024-01-26T04:00:00.000Z,17406,17407,17383,17389,525
2024-01-26T04:30:00.000Z,17388,17394,17371,17379,579
2024-01-26T05:00:00.000Z,17379,17402,17377,17399,530
2024-01-26T05:30:00.000Z,17403,17410,17393,17393,691
2024-01-26T06:00:00.000Z,17394,17395,17367,17376,940
2024-01-26T06:30:00.000Z,17370,17393,17368,17387,744
2024-01-26T07:00:00.000Z,17388,17399,17373,17384,1024
2024-01-26T07:30:00.000Z,17384,17388,17355,17359,1077
2024-01-26T08:00:00.000Z,17359,17379,17354,17371,1957
2024-01-26T08:30:00.000Z,17371,17384,17368,17371,1261
2024-01-26T09:00:00.000Z,17371,17394,17356,17393,1264
2024-01-26T09:30:00.000Z,17394,17421,17384,17420,1098
2024-01-26T10:00:00.000Z,17425,17434,17407,17431,1140
2024-01-26T10:30:00.000Z,17432,17433,17413,17422,997
2024-01-26T11:00:00.000Z,17422,17429,17409,17429,959
2024-01-26T11:30:00.000Z,17431,17442,17422,17440,991
2024-01-26T12:00:00.000Z,17439,17469,17436,17465,1161
2024-01-26T12:30:00.000Z,17465,17478,17451,17453,1010
2024-01-26T13:00:00.000Z,17454,17474,17448,17456,1326
2024-01-26T13:30:00.000Z,17455,17499,17427,17485,3276
2024-01-26T14:00:00.000Z,17486,17486,17421,17446,2346
2024-01-26T14:30:00.000Z,17445,17458,17405,17437,5241
2024-01-26T15:00:00.000Z,17436,17470,17392,17468,4671
2024-01-26T15:30:00.000Z,17469,17514,17466,17514,3536
2024-01-26T16:00:00.000Z,17514,17517,17482,17498,3340
2024-01-26T16:30:00.000Z,17498,17511,17465,17497,3131
2024-01-26T17:00:00.000Z,17498,17519,17481,17486,2765
2024-01-26T17:30:00.000Z,17485,17485,17403,17416,3545
2024-01-26T18:00:00.000Z,17415,17437,17402,17431,2926
2024-01-26T18:30:00.000Z,17431,17437,17392,17406,2848
2024-01-26T19:00:00.000Z,17407,17433,17404,17417,2551
2024-01-26T19:30:00.000Z,17417,17461,17402,17450,2653
2024-01-26T20:00:00.000Z,17451,17455,17423,17427,2353
2024-01-26T20:30:00.000Z,17426,17432,17404,17416,2617
2024-01-26T21:00:00.000Z,17416,17419,17395,17397,746
2024-01-26T21:30:00.000Z,17398,17398,17395,17395,26
