time,open,high,low,close,volume
2023-10-09T01:00:00.000Z,59363.2892,59721.7752,59341.4278,59606.2178,2245
2023-10-09T01:15:00.000Z,59606.2178,59678.0854,59562.9406,59648.9973,709
2023-10-09T01:30:00.000Z,59648.9973,59700.2163,59601.8559,59659.8873,570
2023-10-09T01:45:00.000Z,59659.8873,59749.9529,59659.8873,59740.3319,541
2023-10-09T02:00:00.000Z,59740.3319,59754.0585,59686.9991,59716.0871,817
2023-10-09T02:30:00.000Z,59717.9375,59723.6443,59679.3731,59713.6795,605
2023-10-09T02:45:00.000Z,59713.6795,59713.6795,59656.8483,59667.207,473
2023-10-09T03:00:00.000Z,59667.207,59695.6949,59641.9495,59641.9495,693
2023-10-09T03:15:00.000Z,59641.9495,59658.2361,59618.7207,59635.7113,407
2023-10-09T05:30:00.000Z,59599.1348,59631.3846,59566.3702,59614.9253,630
2023-10-09T05:45:00.000Z,59614.9253,59633.6546,59558.4191,59587.5759,858
2023-10-09T06:00:00.000Z,59587.5759,59610.357,59555.1551,59609.7069,1011
2023-10-09T06:15:00.000Z,59609.7069,59620.922,59591.0463,59600.8736,623
2023-10-09T06:30:00.000Z,59600.8736,59621.0595,59581.544,59617.3329,528
2023-10-09T06:45:00.000Z,59617.3329,59703.5271,59617.3329,59663.4455,437
2023-10-09T13:00:00.000Z,59518.0399,59538.7758,59324.4004,59349.8846,1387
2023-10-09T13:15:00.000Z,59349.8846,59399.1245,59333.8589,59389.6661,540
2023-10-09T13:30:00.000Z,59389.6661,59449.4445,59380.2731,59410.6616,1251
2023-10-09T13:45:00.000Z,59410.6616,59516.2322,59357.8924,59484.393,1873
2023-10-09T14:00:00.000Z,59484.393,59502.9667,59377.1363,59415.3465,545
2023-10-09T14:15:00.000Z,59415.3465,59512.0154,59408.7792,59495.6786,351
2023-10-09T14:30:00.000Z,59495.6786,59552.6909,59495.6786,59514.1594,506
2023-10-09T14:45:00.000Z,59514.1594,59533.633,59457.0817,59517.2308,407
2023-10-09T15:00:00.000Z,59517.2308,59533.0763,59513.7175,59526.4436,163
2023-10-09T15:15:00.000Z,59526.4436,59526.4436,59442.7523,59458.778,306
2023-10-09T15:30:00.000Z,59458.778,59477.6949,59441.9993,59441.9993,260
2023-10-09T15:45:00.000Z,59441.9993,59465.0343,59439.1082,59447.7483,128
2023-10-09T16:00:00.000Z,59447.7483,59454.3156,59401.4488,59401.4488,198
2023-10-09T16:15:00.000Z,59401.4488,59414.7143,59388.8536,59388.8536,141
2023-10-09T16:30:00.000Z,59388.8536,59398.312,59388.8536,59392.5298,90
2023-10-09T16:45:00.000Z,59392.5298,59392.6446,59340.6604,59358.8576,270
2023-10-10T01:00:00.000Z,59437.6652,59526.4102,59437.6652,59504.5701,381
2023-10-10T01:15:00.000Z,59504.5701,59537.5054,59481.4365,59503.9974,904
2023-10-10T01:30:00.000Z,59503.9974,59532.6344,59472.5449,59482.3798,1269
2023-10-10T01:45:00.000Z,59482.3798,59500.1984,59420.2589,59423.15,1363
2023-10-10T02:00:00.000Z,59423.15,59459.2221,59335.4542,59347.8038,1148
2023-10-10T02:30:00.000Z,59354.3711,59386.8978,59326.9071,59366.8515,762
2023-10-10T02:45:00.000Z,59366.8515,59373.4188,59061.9546,59105.8323,1793
2023-10-10T03:00:00.000Z,59105.8323,59123.5268,58955.8696,59071.5207,1371
2023-10-10T03:15:00.000Z,59071.5207,59071.5207,58891.1843,59026.0199,1138
2023-10-10T05:30:00.000Z,58999.7507,59080.3867,58972.9454,58998.4571,1068
2023-10-10T05:45:00.000Z,58998.4571,59001.937,58925.4416,58947.315,816
2023-10-10T06:00:00.000Z,58947.315,58956.9697,58818.819,58858.1544,1370
2023-10-10T06:15:00.000Z,58858.1544,58888.0676,58797.498,58833.9567,1023
2023-10-10T06:30:00.000Z,58833.9567,58859.5063,58769.1066,58812.3289,883
2023-10-10T06:45:00.000Z,58812.3289,58831.3766,58736.4914,58791.8407,1012
2023-10-10T13:00:00.000Z,58679.0239,58709.6865,58532.1685,58703.1644,1728
2023-10-10T13:15:00.000Z,58703.1644,58742.2694,58647.6679,58729.7312,1231
2023-10-10T13:30:00.000Z,58729.7312,58791.8073,58696.923,58726.7543,1363
2023-10-10T13:45:00.000Z,58726.7543,58805.8108,58713.1741,58795.916,1132
2023-10-10T14:00:00.000Z,58795.916,58862.0709,58779.1357,58838.4533,1278
2023-10-10T14:15:00.000Z,58838.4533,58838.4533,58765.3025,58785.3473,883
2023-10-10T14:30:00.000Z,58785.3473,58818.1556,58762.0679,58774.9166,669
2023-10-10T14:45:00.000Z,58774.9166,58785.0367,58729.0066,58748.7408,537
2023-10-10T15:00:00.000Z,58748.7408,58827.068,58738.8162,58810.6213,608
2023-10-10T15:15:00.000Z,58810.6213,58817.1434,58718.0124,58718.0124,514
2023-10-10T15:30:00.000Z,58718.0124,58768.4175,58698.3012,58758.5504,924
2023-10-10T15:45:00.000Z,58758.5504,58857.6373,58729.1235,58857.5223,412
2023-10-10T16:00:00.000Z,58857.5223,59012.9208,58857.5223,58946.9086,824
2023-10-10T16:15:00.000Z,58946.9086,58976.9354,58927.4849,58947.2191,332
2023-10-10T16:30:00.000Z,58947.2191,58973.671,58927.6229,58967.1489,137
2023-10-10T16:45:00.000Z,58967.1489,59001.2223,58947.6677,58994.7002,192
2023-10-11T01:00:00.000Z,59001.2223,59056.5555,58960.9948,59053.2059,800
2023-10-11T01:15:00.000Z,59053.2059,59092.6282,59033.4486,59043.5112,932
2023-10-11T01:30:00.000Z,59043.5112,59043.5112,58963.9764,59007.2728,1241
2023-10-11T01:45:00.000Z,59007.2728,59052.4812,59007.2728,59016.8869,824
2023-10-11T02:00:00.000Z,59016.8869,59046.0396,58997.2907,59000.6932,780
2023-10-11T02:30:00.000Z,59000.6932,59065.7739,58996.8421,59062.7969,855
2023-10-11T02:45:00.000Z,59062.7969,59072.411,58990.4627,58993.5546,429
2023-10-11T03:00:00.000Z,58993.5546,59006.1457,58924.4735,58934.0875,570
2023-10-11T03:15:00.000Z,58934.0875,58956.9137,58905.1303,58953.1478,348
2023-10-11T05:30:00.000Z,58953.1478,59003.0814,58912.469,58914.0428,749
2023-10-11T05:45:00.000Z,58914.0428,58953.1202,58858.3462,58913.3643,723
2023-10-11T06:00:00.000Z,58913.3643,58948.9011,58818.6247,58942.379,855
2023-10-11T06:15:00.000Z,58942.379,58953.4307,58904.3137,58913.9278,469
2023-10-11T06:30:00.000Z,58913.9278,59071.9624,58887.9245,59071.9624,686
2023-10-11T06:45:00.000Z,59071.9624,59217.429,59062.3483,59166.9238,963
2023-10-11T13:00:00.000Z,59009.034,59057.4181,58909.3199,59001.4318,1130
2023-10-11T13:15:00.000Z,59001.4318,59106.6903,58972.2107,59093.6419,891
2023-10-11T13:30:00.000Z,59093.6419,59097.0074,59024.8891,59080.8755,442
2023-10-11T13:45:00.000Z,59080.8755,59163.3045,59060.957,59081.0656,738
2023-10-11T14:00:00.000Z,59081.0656,59081.0656,58998.8434,58998.8434,512
2023-10-11T14:15:00.000Z,58998.8434,59089.9305,58985.8526,59067.7288,603
2023-10-11T14:30:00.000Z,59067.7288,59070.945,58972.2107,58978.8499,504
2023-10-11T14:45:00.000Z,58978.8499,59000.9365,58951.837,58955.3183,144
2023-10-11T15:00:00.000Z,58955.3183,58958.2461,58870.6061,58886.7555,209
2023-10-11T15:15:00.000Z,58886.7555,58921.8155,58854.3758,58921.8155,248
2023-10-11T15:30:00.000Z,58921.8155,58924.9741,58829.7436,58832.9941,222
2023-10-11T15:45:00.000Z,58832.9941,58855.6335,58819.8882,58842.6194,247
2023-10-11T16:00:00.000Z,58842.6194,58894.8025,58829.571,58885.1197,137
2023-10-11T16:15:00.000Z,58885.1197,58885.1197,58767.3824,58773.6997,297
2023-10-11T16:30:00.000Z,58773.6997,58802.8938,58767.3824,58802.8938,118
2023-10-11T16:45:00.000Z,58802.8938,58815.8503,58764.0131,58788.7791,262
2023-10-12T01:00:00.000Z,58798.4619,58865.3868,58796.1045,58836.2065,470
2023-10-12T01:15:00.000Z,58836.2065,58861.8312,58800.1728,58819.6536,784
2023-10-12T01:30:00.000Z,58819.6536,58898.3944,58770.2489,58898.3944,1080
2023-10-12T01:45:00.000Z,58898.3944,58931.6671,58886.0489,58905.6622,573
2023-10-12T02:00:00.000Z,58905.6622,58918.5205,58832.6101,58832.8002,493
2023-10-12T02:30:00.000Z,58819.7519,58908.1355,58813.262,58869.3467,986
2023-10-12T02:45:00.000Z,58869.3467,58907.8704,58855.8198,58888.4472,528
2023-10-12T03:00:00.000Z,58888.4472,59016.4777,58888.4472,58993.8958,1118
2023-10-12T03:15:00.000Z,58993.8958,59087.3216,58987.3141,59087.3216,971
2023-10-12T05:30:00.000Z,59093.8458,59126.2655,59047.9049,59050.2456,773
2023-10-12T05:45:00.000Z,59050.2456,59050.2456,58964.3928,58981.0375,656
2023-10-12T06:00:00.000Z,58981.0375,59049.1976,58961.4818,59030.4422,591
2023-10-12T06:15:00.000Z,59030.4422,59092.6134,59023.9181,59070.3542,308
2023-10-12T06:30:00.000Z,59070.3542,59198.177,59063.83,59175.5377,741
2023-10-12T06:45:00.000Z,59175.5377,59231.2021,59150.1031,59201.8652,700
2023-10-12T13:00:00.000Z,59003.5512,59025.528,58922.9971,59003.2352,1318
2023-10-12T13:15:00.000Z,59003.2352,59003.2352,58911.5966,58944.04,767
2023-10-12T13:30:00.000Z,58944.04,58950.5369,58798.0452,58798.0452,1390
2023-10-12T13:45:00.000Z,58798.0452,58873.8928,58798.0452,58802.4582,880
2023-10-12T14:00:00.000Z,58802.4582,58811.0161,58719.0069,58791.5482,1132
2023-10-12T14:15:00.000Z,58791.5482,58807.705,58732.163,58732.163,862
2023-10-12T14:30:00.000Z,58732.163,58757.4889,58712.0515,58731.4916,495
2023-10-12T14:45:00.000Z,58731.4916,58731.4916,58672.7826,58691.8521,499
2023-10-12T15:00:00.000Z,58691.8521,58698.3814,58636.4215,58662.1456,244
2023-10-12T15:15:00.000Z,58662.1456,58678.5154,58636.0234,58662.3586,162
2023-10-12T15:30:00.000Z,58662.3586,58707.8561,58659.0151,58704.5126,100
2023-10-12T15:45:00.000Z,58704.5126,58734.3995,58688.2956,58724.9898,231
2023-10-12T16:00:00.000Z,58724.9898,58744.8006,58698.775,58711.7182,127
2023-10-12T16:15:00.000Z,58711.7182,58740.8783,58711.7182,58711.7182,60
2023-10-12T16:30:00.000Z,58711.7182,58721.4334,58685.9015,58721.4334,106
2023-10-12T16:45:00.000Z,58721.4334,58744.708,58702.3037,58725.3232,210
2023-10-13T01:00:00.000Z,58738.0763,58781.1892,58689.1476,58708.5275,503
2023-10-13T01:15:00.000Z,58708.5275,58731.0333,58672.5648,58708.1895,833
2023-10-13T01:30:00.000Z,58708.1895,58708.1895,58421.4745,58525.4451,1956
2023-10-13T01:45:00.000Z,58525.4451,58639.0613,58497.2341,58609.0119,873
2023-10-13T02:00:00.000Z,58609.0119,58761.8695,58576.7909,58761.8695,922
2023-10-13T02:30:00.000Z,58755.4929,58781.004,58693.0096,58781.004,561
2023-10-13T02:45:00.000Z,58781.004,58807.6124,58762.0825,58774.9884,758
2023-10-13T03:00:00.000Z,58774.9884,58875.9537,58774.8356,58797.985,507
2023-10-13T03:15:00.000Z,58797.985,58833.3365,58764.7498,58817.999,335
2023-10-13T05:30:00.000Z,58811.6224,58887.0117,58801.7172,58818.3324,1257
2023-10-13T05:45:00.000Z,58818.3324,58837.9625,58767.9729,58787.6862,622
2023-10-13T06:00:00.000Z,58787.6862,58787.6862,58685.9293,58761.3509,681
2023-10-13T06:15:00.000Z,58761.3509,58771.1312,58722.1976,58771.1312,182
2023-10-13T06:30:00.000Z,58771.1312,58831.035,58751.6911,58831.035,263
2023-10-13T06:45:00.000Z,58831.035,58880.4871,58819.1338,58838.5134,605
2023-10-13T13:00:00.000Z,58812.8476,58812.8476,58655.6287,58728.2538,1000
2023-10-13T13:15:00.000Z,58728.2538,58728.2538,58563.1372,58589.0058,1450
2023-10-13T13:30:00.000Z,58589.0058,58671.5718,58576.9901,58583.1674,612
2023-10-13T13:45:00.000Z,58583.1674,58641.7335,58546.7295,58546.7295,578
2023-10-13T14:00:00.000Z,58546.7295,58561.7999,58441.7953,58467.4476,1163
2023-10-13T14:15:00.000Z,58467.4476,58526.2379,58431.6355,58483.4458,510
2023-10-13T14:30:00.000Z,58483.4458,58526.0711,58477.4093,58487.0061,257
2023-10-13T14:45:00.000Z,58487.0061,58487.0061,58345.4046,58427.3087,677
2023-10-13T15:00:00.000Z,58427.3087,58536.2623,58423.7484,58516.615,463
2023-10-13T15:15:00.000Z,58516.615,58526.1285,58477.7221,58526.1285,256
2023-10-13T15:30:00.000Z,58526.1285,58535.866,58510.7766,58520.5142,243
2023-10-13T15:45:00.000Z,58520.5142,58520.5142,58468.0366,58519.0599,185
2023-10-13T16:00:00.000Z,58519.0599,58526.1805,58503.1451,58516.4429,78
2023-10-13T16:15:00.000Z,58516.4429,58516.4429,58480.9696,58487.2042,105
2023-10-13T16:30:00.000Z,58487.2042,58528.7714,58481.027,58528.7714,89
2023-10-13T16:45:00.000Z,58528.7714,58570.7399,58519.5395,58522.0521,298
2023-10-16T01:00:00.000Z,58522.0521,58763.8079,58522.0521,58718.3989,1117
2023-10-16T01:15:00.000Z,58718.3989,58718.3989,58665.3844,58701.9732,911
2023-10-16T01:30:00.000Z,58701.9732,58711.7681,58636.354,58681.8203,895
2023-10-16T01:45:00.000Z,58681.8203,58701.2955,58664.9621,58673.0262,493
2023-10-16T02:00:00.000Z,58673.0262,58813.0536,58669.4085,58808.143,679
2023-10-16T02:30:00.000Z,58808.143,58861.0428,58808.143,58838.2888,562
2023-10-16T02:45:00.000Z,58838.2888,58877.3798,58799.0831,58814.7424,411
2023-10-16T03:00:00.000Z,58814.7424,58828.0403,58785.2483,58804.7234,223
2023-10-16T03:15:00.000Z,58804.7234,58810.9006,58765.5437,58784.5966,359
2023-10-16T05:30:00.000Z,58784.5966,58840.056,58775.9016,58784.7947,577
2023-10-16T05:45:00.000Z,58784.7947,58784.7947,58735.794,58755.3265,630
2023-10-16T06:00:00.000Z,58755.3265,58826.6174,58755.3265,58826.6174,635
2023-10-16T06:15:00.000Z,58826.6174,58905.7065,58816.8798,58870.8795,570
2023-10-16T06:30:00.000Z,58870.8795,58949.166,58870.8795,58946.5491,522
2023-10-16T06:45:00.000Z,58946.5491,58950.0834,58903.5016,58950.0834,468
2023-10-16T13:00:00.000Z,58955.034,58955.034,58763.5769,58783.0446,875
2023-10-16T13:15:00.000Z,58783.0446,58806.7115,58731.5192,58737.5194,577
2023-10-16T13:30:00.000Z,58737.5194,58753.3189,58641.2531,58651.0525,954
2023-10-16T13:45:00.000Z,58651.0525,58696.5811,58614.9234,58627.1202,641
2023-10-16T14:00:00.000Z,58627.1202,58679.7819,58610.7209,58640.8532,458
2023-10-16T14:15:00.000Z,58640.8532,58640.8532,58567.9308,58626.5859,565
2023-10-16T14:30:00.000Z,58626.5859,58650.987,58611.4619,58621.2613,280
2023-10-16T14:45:00.000Z,58621.2613,58641.1221,58576.1291,58615.3922,584
2023-10-16T15:00:00.000Z,58615.3922,58739.8366,58615.3922,58707.3147,595
2023-10-16T15:15:00.000Z,58707.3147,58726.9135,58683.7856,58691.3841,298
2023-10-16T15:30:00.000Z,58691.3841,58703.3844,58651.859,58677.4579,129
2023-10-16T15:45:00.000Z,58677.4579,58687.4539,58626.1291,58632.1293,266
2023-10-16T16:00:00.000Z,58632.1293,58654.183,58632.1293,58654.183,74
2023-10-16T16:15:00.000Z,58654.183,58663.9824,58654.183,58663.9824,48
2023-10-16T16:30:00.000Z,58663.9824,58720.7823,58663.9824,58720.7823,198
2023-10-16T16:45:00.000Z,58720.7823,58726.8479,58684.7808,58704.3762,230
2023-10-17T01:00:00.000Z,58704.3762,58704.3762,58577.3235,58600.987,928
2023-10-17T01:15:00.000Z,58600.987,58626.517,58581.3227,58616.852,1069
2023-10-17T01:30:00.000Z,58616.852,58636.8507,58527.258,58546.9223,954
2023-10-17T01:45:00.000Z,58546.9223,58566.7244,58517.2587,58541.1255,786
2023-10-17T02:00:00.000Z,58541.1255,58560.8553,58505.0585,58534.8531,537
2023-10-17T02:30:00.000Z,58528.853,58528.853,58431.8017,58460.6621,1084
2023-10-17T02:45:00.000Z,58460.6621,58498.93,58427.2682,58498.93,1133
2023-10-17T03:00:00.000Z,58498.93,58595.3928,58492.9299,58589.3927,804
2023-10-17T03:15:00.000Z,58589.3927,58648.7165,58583.3926,58632.1907,868
2023-10-17T05:30:00.000Z,58445.4008,58475.7422,58346.4852,58451.4721,2061
2023-10-17T05:45:00.000Z,58451.4721,58545.1997,58445.472,58525.6009,994
2023-10-17T06:00:00.000Z,58525.6009,58561.6646,58481.9388,58541.7348,573
2023-10-17T06:15:00.000Z,58541.7348,58551.6652,58417.5559,58431.6734,587
2023-10-17T06:30:00.000Z,58431.6734,58431.6734,58273.9446,58345.4788,1021
2023-10-17T06:45:00.000Z,58345.4788,58347.6796,58230.4237,58260.4933,702
2023-10-17T13:00:00.000Z,58220.4346,58395.3367,58220.4346,58385.2086,1196
2023-10-17T13:15:00.000Z,58385.2086,58415.1409,58335.409,58365.2137,833
2023-10-17T13:30:00.000Z,58365.2137,58505.0768,58365.2137,58481.0475,1266
2023-10-17T13:45:00.000Z,58481.0475,58610.397,58465.2071,58580.979,1228
2023-10-17T14:00:00.000Z,58580.979,58807.7573,58580.979,58778.2079,1123
2023-10-17T14:15:00.000Z,58778.2079,58835.8989,58695.71,58786.6718,761
2023-10-17T14:30:00.000Z,58786.6718,58872.9488,58784.8687,58837.0552,561
2023-10-17T14:45:00.000Z,58837.0552,58862.5046,58732.1179,58737.9553,544
2023-10-17T15:00:00.000Z,58737.9553,58741.9239,58661.5462,58686.9956,382
2023-10-17T15:15:00.000Z,58686.9956,58700.9016,58641.7372,58645.7058,230
2023-10-17T15:30:00.000Z,58645.7058,58760.3871,58645.7058,58744.7437,632
2023-10-17T15:45:00.000Z,58744.7437,58760.7006,58701.354,58754.8632,354
2023-10-17T16:00:00.000Z,58754.8632,58760.7006,58715.1286,58750.5154,148
2023-10-17T16:15:00.000Z,58750.5154,58790.4471,58740.7094,58764.9977,244
2023-10-17T16:30:00.000Z,58764.9977,58786.989,58764.9977,58771.3457,94
2023-10-17T16:45:00.000Z,58771.3457,58836.0848,58771.3457,58798.8987,264
2023-10-18T01:00:00.000Z,58851.4351,58933.0681,58848.5199,58895.4501,652
2023-10-18T01:15:00.000Z,58895.4501,58966.7219,58870.0007,58936.7896,830
2023-10-18T01:30:00.000Z,58936.7896,58940.7582,58848.528,58877.8804,646
2023-10-18T01:45:00.000Z,58877.8804,58907.4298,58867.881,58887.5587,494
2023-10-18T02:00:00.000Z,58887.5587,59126.2045,58887.5587,59083.2559,1989
2023-10-18T02:30:00.000Z,59089.0933,59132.5487,59063.6439,59112.933,731
2023-10-18T02:45:00.000Z,59112.933,59112.933,59053.2616,59092.9962,738
2023-10-18T03:00:00.000Z,59092.9962,59136.5173,59061.7095,59066.9743,464
2023-10-18T03:15:00.000Z,59066.9743,59072.8117,58997.7411,59011.7785,579
2023-10-18T05:30:00.000Z,59023.4532,59192.0999,59023.4532,59107.0956,1061
2023-10-18T05:45:00.000Z,59107.0956,59150.3614,59083.6426,59103.2546,513
2023-10-18T06:00:00.000Z,59103.2546,59285.4243,59103.2546,59192.7418,966
2023-10-18T06:15:00.000Z,59192.7418,59238.0003,59192.7418,59218.5122,542
2023-10-18T06:30:00.000Z,59218.5122,59242.0928,59139.67,59147.6073,457
2023-10-18T06:45:00.000Z,59147.6073,59147.6073,59061.0056,59134.1417,822
2023-10-18T13:00:00.000Z,59090.3553,59110.0941,58981.5409,59100.2173,865
2023-10-18T13:15:00.000Z,59100.2173,59149.4539,59029.4792,59120.0446,837
2023-10-18T13:30:00.000Z,59120.0446,59120.0446,59039.5769,59070.4645,894
2023-10-18T13:45:00.000Z,59070.4645,59115.5386,59060.735,59090.218,636
2023-10-18T14:00:00.000Z,59090.218,59140.8591,59054.947,59115.6859,530
2023-10-18T14:15:00.000Z,59115.6859,59115.6859,59036.7453,59036.7453,367
2023-10-18T14:30:00.000Z,59036.7453,59056.3516,58891.0894,58926.2868,1167
2023-10-18T14:45:00.000Z,58926.2868,58961.5578,58797.9134,58803.5541,942
2023-10-18T15:00:00.000Z,58803.5541,58888.0617,58789.5885,58862.8148,593
2023-10-18T15:15:00.000Z,58862.8148,58907.6679,58852.938,58872.5442,219
2023-10-18T15:30:00.000Z,58872.5442,58888.1353,58816.9806,58857.8186,371
2023-10-18T15:45:00.000Z,58857.8186,58907.3739,58832.4981,58891.9302,251
2023-10-18T16:00:00.000Z,58891.9302,58900.4024,58841.289,58846.9297,140
2023-10-18T16:15:00.000Z,58846.9297,58872.2503,58821.5355,58830.971,221
2023-10-18T16:30:00.000Z,58830.971,58860.5277,58826.8085,58860.5277,103
2023-10-18T16:45:00.000Z,58860.5277,58950.3501,58860.5277,58928.0596,392
2023-10-19T01:00:00.000Z,58928.0596,58941.8042,58833.2333,58917.0475,918
2023-10-19T01:15:00.000Z,58917.0475,58942.2944,58866.9036,58892.3714,1212
2023-10-19T01:30:00.000Z,58892.3714,58921.9281,58872.4706,58882.2737,957
2023-10-19T01:45:00.000Z,58882.2737,58882.2737,58816.7356,58822.3762,714
2023-10-19T02:00:00.000Z,58822.3762,58917.3485,58822.2289,58882.4458,855
2023-10-19T02:30:00.000Z,58882.4458,58906.631,58847.6649,58872.9118,406
2023-10-19T02:45:00.000Z,58872.9118,58906.7046,58871.5073,58886.9511,779
2023-10-19T03:00:00.000Z,58886.9511,58926.2868,58866.5848,58866.5848,434
2023-10-19T03:15:00.000Z,58866.5848,58872.2991,58731.1981,58766.6901,782
2023-10-19T05:30:00.000Z,58741.4432,58826.3425,58731.4927,58766.5428,670
2023-10-19T05:45:00.000Z,58766.5428,58807.4055,58646.9674,58791.9618,1355
2023-10-19T06:00:00.000Z,58791.9618,58891.8565,58780.5331,58866.4623,646
2023-10-19T06:15:00.000Z,58866.4623,59007.4726,58866.4623,58970.7893,405
2023-10-19T06:30:00.000Z,58970.7893,58982.218,58887.6863,58918.6475,443
2023-10-19T06:45:00.000Z,58918.6475,58918.6475,58839.707,58905.5715,576
2023-10-19T13:00:00.000Z,59130.4303,59130.4303,58980.8327,59011.2214,743
2023-10-19T13:15:00.000Z,59011.2214,59081.7709,58967.7416,58971.993,418
2023-10-19T13:30:00.000Z,58971.993,58987.2814,58898.422,58967.2083,998
2023-10-19T13:45:00.000Z,58967.2083,58991.1174,58942.0074,58967.3261,553
2023-10-19T14:00:00.000Z,58967.3261,58977.2077,58896.5722,58932.0514,788
2023-10-19T14:15:00.000Z,58932.0514,58932.0514,58852.5901,58902.1155,651
2023-10-19T14:30:00.000Z,58902.1155,58911.3461,58828.0735,58842.2064,798
2023-10-19T14:45:00.000Z,58842.2064,58909.9674,58832.3249,58845.259,530
2023-10-19T15:00:00.000Z,58845.259,58976.2964,58845.259,58974.9177,669
2023-10-19T15:15:00.000Z,58974.9177,59075.1117,58955.3035,59051.7209,731
2023-10-19T15:30:00.000Z,59051.7209,59096.7717,59036.4758,59056.1645,582
2023-10-19T15:45:00.000Z,59056.1645,59071.6017,59021.113,59026.6687,266
2023-10-19T16:00:00.000Z,59026.6687,59130.6056,58982.0046,59097.0506,1075
2023-10-19T16:15:00.000Z,59097.0506,59156.4886,59067.8959,59081.9544,301
2023-10-19T16:30:00.000Z,59081.9544,59091.7615,58941.1495,58977.6665,577
2023-10-19T16:45:00.000Z,58977.6665,59184.4943,58977.6665,59173.3829,317
2023-10-20T01:00:00.000Z,59048.1604,59048.1604,58957.1447,58991.415,828
2023-10-20T01:15:00.000Z,58991.415,59012.2158,58908.1424,58991.3716,779
2023-10-20T01:30:00.000Z,58991.3716,59040.5561,58981.4157,59021.413,595
2023-10-20T01:45:00.000Z,59021.413,59061.4846,59005.7835,59025.7821,491
2023-10-20T02:00:00.000Z,59025.7821,59025.7821,58937.0926,58956.7068,723
2023-10-20T02:30:00.000Z,58956.7068,59045.1051,58946.8997,59015.3861,587
2023-10-20T02:45:00.000Z,59015.3861,59051.4109,59005.9013,59025.7388,712
2023-10-20T03:00:00.000Z,59025.7388,59025.7388,58961.7704,58961.8448,439
2023-10-20T03:15:00.000Z,58961.8448,58985.0348,58887.5982,58919.5576,545
2023-10-20T05:30:00.000Z,58854.8616,58875.7057,58806.3861,58826.1492,1106
2023-10-20T05:45:00.000Z,58826.1492,58916.3873,58826.1492,58900.8756,564
2023-10-20T06:00:00.000Z,58900.8756,58900.8756,58732.5673,58738.2718,769
2023-10-20T06:15:00.000Z,58738.2718,58762.2119,58626.2683,58631.8241,919
2023-10-20T06:30:00.000Z,58631.8241,58641.2778,58521.7448,58568.3951,1322
2023-10-20T06:45:00.000Z,58568.3951,58568.3951,58475.5199,58538.6948,862
2023-10-20T13:00:00.000Z,58678.1261,58734.2224,58606.2849,58684.3376,1021
2023-10-20T13:15:00.000Z,58684.3376,58723.7485,58644.7876,58650.5993,784
2023-10-20T13:30:00.000Z,58650.5993,58709.9243,58605.4474,58620.8112,1258
2023-10-20T13:45:00.000Z,58620.8112,58803.3232,58611.0492,58769.1239,825
2023-10-20T14:00:00.000Z,58769.1239,58853.5747,58769.1239,58803.3232,1205
2023-10-20T14:15:00.000Z,58803.3232,58803.3232,58646.3135,58650.5993,703
2023-10-20T14:30:00.000Z,58650.5993,58744.9376,58650.5993,58719.6863,269
2023-10-20T14:45:00.000Z,58719.6863,58734.9246,58690.2748,58719.5608,299
2023-10-20T15:00:00.000Z,58719.5608,58764.7126,58704.5736,58729.4483,201
2023-10-20T15:15:00.000Z,58729.4483,58739.2103,58700.1623,58715.5261,283
2023-10-20T15:30:00.000Z,58715.5261,58739.5869,58695.6255,58709.7988,281
2023-10-20T15:45:00.000Z,58709.7988,58709.7988,58630.0103,58680.2618,209
2023-10-20T16:00:00.000Z,58680.2618,58680.2618,58585.2938,58605.0727,146
2023-10-20T16:15:00.000Z,58605.0727,58668.4325,58594.2457,58629.259,191
2023-10-20T16:30:00.000Z,58629.259,58668.558,58614.8347,58614.8347,129
2023-10-20T16:45:00.000Z,58614.8347,58669.4975,58614.0208,58649.5969,203
2023-10-23T01:00:00.000Z,58601.4404,58622.8433,58405.3905,58469.0994,1366
2023-10-23T01:15:00.000Z,58469.0994,58494.6017,58409.7037,58439.3662,1168
2023-10-23T01:30:00.000Z,58439.3662,58469.015,58419.4794,58419.4794,1187
2023-10-23T01:45:00.000Z,58419.4794,58434.8432,58239.939,58254.4751,1859
2023-10-23T02:00:00.000Z,58254.4751,58324.8095,58244.7131,58260.0631,773
2023-10-23T02:30:00.000Z,58260.0631,58290.5121,58204.4648,58209.941,1054
2023-10-23T02:45:00.000Z,58209.941,58255.0654,58160.5035,58254.9399,904
2023-10-23T03:00:00.000Z,58254.9399,58265.6413,58235.1648,58260.2906,605
2023-10-23T03:15:00.000Z,58260.2906,58270.7508,58225.8638,58236.3142,595
2023-10-23T05:30:00.000Z,58236.3142,58250.3756,58127.5653,58191.5527,758
2023-10-23T05:45:00.000Z,58191.5527,58216.092,58161.4841,58181.7945,360
2023-10-23T06:00:00.000Z,58181.7945,58285.3752,58181.7945,58251.6779,709
2023-10-23T06:15:00.000Z,58251.6779,58311.311,58246.3272,58266.5357,460
2023-10-23T06:30:00.000Z,58266.5357,58266.5357,58186.6667,58201.7795,567
2023-10-23T06:45:00.000Z,58201.7795,58261.4399,58151.4299,58151.4299,544
2023-10-23T13:00:00.000Z,58375.1815,58646.062,58375.1815,58570.888,2159
2023-10-23T13:15:00.000Z,58570.888,58650.2353,58566.2776,58621.0617,884
2023-10-23T13:30:00.000Z,58621.0617,58640.6565,58398.1054,58398.1054,1344
2023-10-23T13:45:00.000Z,58398.1054,58469.1409,58333.7424,58459.4403,990
2023-10-23T14:00:00.000Z,58459.4403,58543.8778,58435.2351,58504.8819,1037
2023-10-23T14:15:00.000Z,58504.8819,58557.9951,58485.4808,58505.0755,430
2023-10-23T14:30:00.000Z,58505.0755,58527.8239,58425.5346,58527.3442,753
2023-10-23T14:45:00.000Z,58527.3442,58527.8239,58459.92,58465.0101,444
2023-10-23T15:00:00.000Z,58465.0101,58543.9701,58465.0101,58534.2695,216
2023-10-23T15:15:00.000Z,58534.2695,58603.3354,58524.9563,58588.7383,487
2023-10-23T15:30:00.000Z,58588.7383,58672.9821,58583.8419,58638.2094,524
2023-10-23T15:45:00.000Z,58638.2094,58751.7485,58638.2094,58736.9578,278
2023-10-23T16:00:00.000Z,58736.9578,58810.0347,58736.9578,58781.5178,405
2023-10-23T16:15:00.000Z,58781.5178,58810.5272,58771.3376,58786.1283,115
2023-10-23T16:30:00.000Z,58786.1283,58786.1283,58726.3426,58731.2684,147
2023-10-23T16:45:00.000Z,58731.2684,58767.2443,58726.1783,58767.2443,199
2023-10-24T01:00:00.000Z,58767.2443,58767.2443,58651.0469,58690.6238,1074
2023-10-24T01:15:00.000Z,58690.6238,58734.2301,58655.565,58655.565,1444
2023-10-24T01:30:00.000Z,58655.565,58665.2656,58600.8102,58639.9998,1229
2023-10-24T01:45:00.000Z,58639.9998,58645.2835,58564.9697,58585.0442,594
2023-10-24T02:00:00.000Z,58585.0442,58659.4397,58570.2535,58649.9328,872
2023-10-24T02:30:00.000Z,58752.4247,58938.7773,58714.5818,58880.834,1633
2023-10-24T02:45:00.000Z,58880.834,58905.0392,58786.5024,58791.5925,459
2023-10-24T03:00:00.000Z,58791.5925,58825.7842,58759.8315,58775.3467,336
2023-10-24T03:15:00.000Z,58775.3467,58834.8337,58761.1574,58795.0632,342
2023-10-24T05:30:00.000Z,58795.0632,58810.2412,58756.0673,58780.7522,573
2023-10-24T05:45:00.000Z,58780.7522,58884.22,58780.7522,58855.1183,679
2023-10-24T06:00:00.000Z,58855.1183,58938.9748,58855.1183,58910.4153,1215
2023-10-24T06:15:00.000Z,58910.4153,59004.9018,58895.6247,58995.6937,954
2023-10-24T06:30:00.000Z,58995.6937,59021.4851,58942.2983,58985.888,990
2023-10-24T06:45:00.000Z,58985.888,59014.9897,58941.3134,58960.7145,1289
2023-10-24T13:00:00.000Z,58963.3185,59054.2362,58920.1305,58944.4399,1201
2023-10-24T13:15:00.000Z,58944.4399,59003.2833,58939.369,58948.9439,809
2023-10-24T13:30:00.000Z,58948.9439,58999.1689,58919.9491,58949.9811,784
2023-10-24T13:45:00.000Z,58949.9811,59186.9892,58879.6918,59177.3276,1890
2023-10-24T14:00:00.000Z,59177.3276,59308.9261,59172.5836,59264.1615,1678
2023-10-24T14:15:00.000Z,59264.1615,59398.5911,59224.5547,59377.4281,1214
2023-10-24T14:30:00.000Z,59377.4281,59393.1413,59250.667,59279.4784,487
2023-10-24T14:45:00.000Z,59279.4784,59402.0624,59279.4784,59354.515,457
2023-10-24T15:00:00.000Z,59354.515,59373.6647,59310.4042,59329.5539,250
2023-10-24T15:15:00.000Z,59329.5539,59396.5778,59324.0693,59373.5779,277
2023-10-24T15:30:00.000Z,59373.5779,59373.5779,59264.659,59279.3916,560
2023-10-24T15:45:00.000Z,59279.3916,59313.9275,59274.8876,59299.5219,157
2023-10-24T16:00:00.000Z,59299.5219,59323.8293,59284.8761,59299.195,223
2023-10-24T16:15:00.000Z,59299.195,59313.9275,59254.8441,59264.7458,289
2023-10-24T16:30:00.000Z,59264.7458,59288.6396,59249.6864,59288.6396,273
2023-10-24T16:45:00.000Z,59288.6396,59293.4704,59240.0248,59243.9618,261
2023-10-25T01:00:00.000Z,59312.38,59438.3059,59297.8876,59428.6443,3706
2023-10-25T01:15:00.000Z,59428.6443,59472.7551,59414.5202,59447.9888,1034
2023-10-25T01:30:00.000Z,59447.9888,59526.7329,59423.5734,59526.7329,1781
2023-10-25T01:45:00.000Z,59526.7329,59597.3109,59517.1581,59587.7361,2214
2023-10-25T02:00:00.000Z,59587.7361,59592.5669,59483.8775,59502.3349,1577
2023-10-25T02:30:00.000Z,59502.3349,59507.1658,59442.7299,59467.9311,1070
2023-10-25T02:45:00.000Z,59467.9311,59492.4785,59414.0053,59423.5802,1004
2023-10-25T03:00:00.000Z,59423.5802,59452.5342,59384.8565,59389.6873,734
2023-10-25T03:15:00.000Z,59389.6873,59413.2542,59349.4267,59402.5455,825
2023-10-25T05:30:00.000Z,59402.5455,59412.6873,59333.7136,59396.6193,1086
2023-10-25T05:45:00.000Z,59396.6193,59401.777,59352.5085,59401.777,1061
2023-10-25T06:00:00.000Z,59401.777,59442.1109,59388.8388,59403.2445,755
2023-10-25T06:15:00.000Z,59403.2445,59476.5774,59398.4137,59442.1282,827
2023-10-25T06:30:00.000Z,59442.1282,59456.4471,59393.1866,59393.1866,553
2023-10-25T06:45:00.000Z,59393.1866,59432.5881,59366.1513,59375.813,690
2023-10-25T13:00:00.000Z,59331.7348,59338.7654,59208.5923,59257.3236,11700
2023-10-25T13:15:00.000Z,59257.3236,59264.9299,59197.6839,59206.4448,578
2023-10-25T13:30:00.000Z,59206.4448,59310.2742,59184.6904,59202.2121,941
2023-10-25T13:45:00.000Z,59202.2121,59258.6135,59170.5552,59223.2143,786
2023-10-25T14:00:00.000Z,59223.2143,59223.2143,59118.6711,59138.4954,661
2023-10-25T14:15:00.000Z,59138.4954,59194.5199,59134.5033,59150.7157,263
2023-10-25T14:30:00.000Z,59150.7157,59251.527,59127.274,59242.7662,353
2023-10-25T14:45:00.000Z,59242.7662,59242.7662,59190.7392,59208.2609,269
2023-10-25T15:00:00.000Z,59208.2609,59305.1666,59173.3809,59280.2852,499
2023-10-25T15:15:00.000Z,59280.2852,59284.2774,59213.2026,59241.7879,199
2023-10-25T15:30:00.000Z,59241.7879,59262.7636,59229.0349,59262.7636,130
2023-10-25T15:45:00.000Z,59262.7636,59286.2053,59215.5053,59229.0349,167
2023-10-25T16:00:00.000Z,59229.0349,59251.7,59210.7366,59233.027,89
2023-10-25T16:15:00.000Z,59233.027,59241.7879,59205.5921,59214.3561,183
2023-10-25T16:30:00.000Z,59214.3561,59230.7265,59210.364,59211.511,173
2023-10-25T16:45:00.000Z,59211.511,59211.511,59097.168,59097.168,418
2023-10-26T01:00:00.000Z,59097.168,59129.9087,59070.8855,59101.3235,608
2023-10-26T01:15:00.000Z,59101.3235,59159.6453,59084.5784,59155.6531,647
2023-10-26T01:30:00.000Z,59155.6531,59175.4775,59139.8209,59149.7331,718
2023-10-26T01:45:00.000Z,59149.7331,59154.5018,59077.5005,59097.863,680
2023-10-26T02:00:00.000Z,59097.863,59124.7588,59052.9075,59056.8996,546
2023-10-26T02:30:00.000Z,59035.3858,59086.2581,59008.4901,59071.5773,453
2023-10-26T02:45:00.000Z,59071.5773,59091.4016,58985.985,59005.8093,564
2023-10-26T03:00:00.000Z,59005.8093,59044.3067,58996.272,58999.3512,375
2023-10-26T03:15:00.000Z,58999.3512,59025.9999,58946.7775,59013.785,867
2023-10-26T05:30:00.000Z,59000.2555,59092.3145,59000.2555,59071.5363,475
2023-10-26T05:45:00.000Z,59071.5363,59131.5361,59071.5363,59106.0491,589
2023-10-26T06:00:00.000Z,59106.0491,59106.0491,58973.5582,59026.743,730
2023-10-26T06:15:00.000Z,59026.743,59145.6989,59025.5916,59113.2357,1022
2023-10-26T06:30:00.000Z,59113.2357,59149.4315,59078.8137,59078.8137,564
2023-10-26T06:45:00.000Z,59078.8137,59144.7514,59067.7491,59104.5559,708
2023-10-26T13:00:00.000Z,59170.9196,59184.8308,59054.1353,59117.8831,2027
2023-10-26T13:15:00.000Z,59117.8831,59165.6639,59089.8915,59147.5593,859
2023-10-26T13:30:00.000Z,59147.5593,59167.3333,59076.2278,59129.2434,800
2023-10-26T13:45:00.000Z,59129.2434,59147.5745,59089.9067,59089.9067,674
2023-10-26T14:00:00.000Z,59089.9067,59104.641,59018.0959,59044.1916,1073
2023-10-26T14:15:00.000Z,59044.1916,59072.4098,58978.5479,58996.5917,640
2023-10-26T14:30:00.000Z,58996.5917,59143.1834,58988.3741,59134.981,923
2023-10-26T14:45:00.000Z,59134.981,59158.3356,59097.3441,59111.8833,723
2023-10-26T15:00:00.000Z,59111.8833,59117.299,59079.1939,59079.1939,437
2023-10-26T15:15:00.000Z,59079.1939,59079.1939,59027.9373,59050.5133,396
2023-10-26T15:30:00.000Z,59050.5133,59050.5133,59019.9919,59036.2006,117
2023-10-26T15:45:00.000Z,59036.2006,59036.2006,58990.1043,59009.8784,227
2023-10-26T16:00:00.000Z,59009.8784,59018.0959,58940.5629,58948.7804,240
2023-10-26T16:15:00.000Z,58948.7804,58978.4415,58948.7804,58972.3463,143
2023-10-26T16:30:00.000Z,58972.3463,59000.1114,58968.5545,58978.4415,107
2023-10-26T16:45:00.000Z,58978.4415,58991.9242,58926.054,58936.5749,173
2023-10-27T01:00:00.000Z,58944.1586,59014.5977,58929.6193,58974.7624,1259
2023-10-27T01:15:00.000Z,58974.7624,58981.0688,58937.0646,58953.062,634
2023-10-27T01:30:00.000Z,58953.062,58956.8538,58892.8187,58915.3643,922
2023-10-27T01:45:00.000Z,58915.3643,58966.7409,58901.0363,58930.5012,721
2023-10-27T02:00:00.000Z,58930.5012,59041.2303,58922.5254,59041.2303,989
2023-10-27T02:30:00.000Z,59047.552,59133.2497,59047.552,59111.5494,877
2023-10-27T02:45:00.000Z,59111.5494,59114.1279,59056.4601,59066.3471,589
2023-10-27T03:00:00.000Z,59066.3471,59110.7739,59053.4164,59061.6492,357
2023-10-27T03:15:00.000Z,59061.6492,59078.0844,59040.1906,59056.4297,409
2023-10-27T05:30:00.000Z,59087.9866,59234.5783,59087.9866,59220.2656,979
2023-10-27T05:45:00.000Z,59220.2656,59294.1725,59208.4978,59282.3896,797
2023-10-27T06:00:00.000Z,59282.3896,59312.081,59268.6955,59284.059,799
2023-10-27T06:15:00.000Z,59284.059,59310.3812,59251.0287,59310.3812,401
2023-10-27T06:30:00.000Z,59310.3812,59399.5467,59302.2092,59363.5336,1053
2023-10-27T06:45:00.000Z,59363.5336,59390.0519,59342.0446,59381.4804,877
2023-10-27T13:00:00.000Z,59598.4492,59810.3177,59598.4492,59778.5562,2894
2023-10-27T13:15:00.000Z,59778.5562,59838.8396,59763.6071,59791.0701,1256
2023-10-27T13:30:00.000Z,59791.0701,59831.4632,59732.6111,59778.804,1136
2023-10-27T13:45:00.000Z,59778.804,59788.685,59700.7107,59747.9334,747
2023-10-27T14:00:00.000Z,59747.9334,59762.6103,59669.924,59749.077,659
2023-10-27T14:15:00.000Z,59749.077,59779.9057,59729.315,59778.783,631
2023-10-27T14:30:00.000Z,59778.783,59778.783,59698.4864,59728.1504,919
2023-10-27T14:45:00.000Z,59728.1504,59777.6394,59728.1504,59747.9754,499
2023-10-27T15:00:00.000Z,59747.9754,59747.9754,59687.7929,59707.2447,342
2023-10-27T15:15:00.000Z,59707.2447,59744.819,59670.7721,59722.2738,520
2023-10-27T15:30:00.000Z,59722.2738,59736.9087,59692.6098,59727.0487,324
2023-10-27T15:45:00.000Z,59727.0487,59738.0104,59699.3554,59736.9507,94
2023-10-27T16:00:00.000Z,59736.9507,59743.7173,59720.303,59727.0697,82
2023-10-27T16:15:00.000Z,59727.0697,59727.0697,59696.5932,59712.3718,66
2023-10-27T16:30:00.000Z,59712.3718,59712.3718,59604.1247,59660.7535,276
2023-10-27T16:45:00.000Z,59660.7535,59729.843,59660.7535,59693.9972,151
2023-10-30T01:00:00.000Z,59686.0469,59713.8674,59641.5553,59671.0151,1566
2023-10-30T01:15:00.000Z,59671.0151,59692.184,59633.4198,59685.4174,898
2023-10-30T01:30:00.000Z,59685.4174,59816.6519,59685.4174,59793.2376,1453
2023-10-30T01:45:00.000Z,59793.2376,59839.6348,59783.3566,59821.8435,819
2023-10-30T02:00:00.000Z,59821.8435,59853.0504,59765.0971,59777.0327,950
2023-10-30T02:30:00.000Z,59769.1434,59814.5441,59765.139,59803.5404,308
2023-10-30T02:45:00.000Z,59803.5404,59847.9663,59801.5487,59832.724,276
2023-10-30T03:00:00.000Z,59832.724,59832.724,59763.41,59791.9723,343
2023-10-30T03:15:00.000Z,59791.9723,59821.6993,59782.0913,59797.1624,347
2023-10-30T05:30:00.000Z,59796.0397,59810.6536,59759.7788,59801.9535,386
2023-10-30T05:45:00.000Z,59801.9535,59911.3293,59801.9535,59904.5627,814
2023-10-30T06:00:00.000Z,59904.5627,59924.6017,59880.5354,59898.1498,622
2023-10-30T06:15:00.000Z,59898.1498,59910.0016,59876.3961,59906.9082,525
2023-10-30T06:30:00.000Z,59906.9082,59913.6748,59858.5419,59858.5419,430
2023-10-30T06:45:00.000Z,59858.5419,59896.1372,59800.3365,59800.3365,684
2023-10-30T13:00:00.000Z,60292.2414,60336.3464,60113.5142,60126.1544,2275
2023-10-30T13:15:00.000Z,60126.1544,60132.8412,60027.0039,60047.714,1504
2023-10-30T13:30:00.000Z,60047.714,60057.0991,60000.4335,60002.2567,1041
2023-10-30T13:45:00.000Z,60002.2567,60102.532,59998.1509,60075.1351,951
2023-10-30T14:00:00.000Z,60075.1351,60085.0526,59991.4641,59998.1509,959
2023-10-30T14:15:00.000Z,59998.1509,60005.7371,59886.2679,59900.7749,769
2023-10-30T14:30:00.000Z,59900.7749,59911.8415,59830.4287,59891.3411,779
2023-10-30T14:45:00.000Z,59891.3411,59929.5062,59852.6193,59870.0986,632
2023-10-30T15:00:00.000Z,59870.0986,59915.8987,59847.9811,59848.8805,697
2023-10-30T15:15:00.000Z,59848.8805,59882.9641,59811.6148,59882.9641,560
2023-10-30T15:30:00.000Z,59882.9641,59947.9824,59867.7917,59935.758,579
2023-10-30T15:45:00.000Z,59935.758,59945.6754,59889.9336,59897.5198,342
2023-10-30T16:00:00.000Z,59897.5198,59921.7103,59847.473,59847.473,257
2023-10-30T16:15:00.000Z,59847.473,59849.78,59701.0663,59787.455,556
2023-10-30T16:30:00.000Z,59787.455,59834.7355,59782.2488,59802.0813,315
2023-10-30T16:45:00.000Z,59802.0813,59887.1842,59802.0813,59854.4108,432
2023-10-31T01:00:00.000Z,59854.4108,59854.4108,59733.5319,59825.2814,1670
2023-10-31T01:15:00.000Z,59825.2814,59878.7858,59819.0069,59872.0504,1014
2023-10-31T01:30:00.000Z,59872.0504,59881.9679,59738.6703,59738.6946,1292
2023-10-31T01:45:00.000Z,59738.6946,59780.4861,59734.0807,59747.2533,675
2023-10-31T02:00:00.000Z,59747.2533,59780.4618,59696.458,59696.458,473
2023-10-31T02:30:00.000Z,59696.458,59696.458,59650.077,59677.6783,642
2023-10-31T02:45:00.000Z,59677.6783,59692.8507,59588.6063,59618.1247,920
2023-10-31T03:00:00.000Z,59618.1247,59632.422,59591.6273,59598.314,354
2023-10-31T03:15:00.000Z,59598.314,59641.8801,59571.7923,59640.9806,723
2023-10-31T05:30:00.000Z,59620.0209,59732.5206,59612.4103,59707.4307,623
2023-10-31T05:45:00.000Z,59707.4307,59771.2425,59693.3831,59737.1832,871
2023-10-31T06:00:00.000Z,59737.1832,59760.4255,59730.7461,59730.7461,381
2023-10-31T06:15:00.000Z,59730.7461,59768.0604,59721.7524,59742.4381,360
2023-10-31T06:30:00.000Z,59742.4381,59791.1261,59742.4381,59773.5981,407
2023-10-31T06:45:00.000Z,59773.5981,59800.0955,59760.4742,59778.2352,500
2023-10-31T13:00:00.000Z,59755.9548,59783.3982,59668.8063,59709.8284,1279
2023-10-31T13:15:00.000Z,59709.8284,59749.4715,59651.5001,59676.0749,1109
2023-10-31T13:30:00.000Z,59676.0749,59697.7319,59589.5604,59687.8435,1158
2023-10-31T13:45:00.000Z,59687.8435,59755.4505,59687.8435,59721.6969,1173
2023-10-31T14:00:00.000Z,59721.6969,59805.0117,59681.2547,59797.6834,862
2023-10-31T14:15:00.000Z,59797.6834,59838.7056,59760.69,59760.69,645
2023-10-31T14:30:00.000Z,59760.69,59786.9362,59721.6671,59744.7331,382
2023-10-31T14:45:00.000Z,59744.7331,59770.4888,59718.3377,59725.6362,491
2023-10-31T15:00:00.000Z,59725.6362,59761.9199,59643.8303,59664.2765,687
2023-10-31T15:15:00.000Z,59664.2765,59712.3885,59654.0303,59712.3885,461
2023-10-31T15:30:00.000Z,59712.3885,59756.4388,59712.3885,59738.0814,292
2023-10-31T15:45:00.000Z,59738.0814,59773.745,59723.4546,59767.1562,223
2023-10-31T16:00:00.000Z,59767.1562,59803.44,59727.4535,59727.4535,190
2023-10-31T16:15:00.000Z,59727.4535,59796.4098,59726.714,59789.8508,145
2023-10-31T16:30:00.000Z,59789.8508,59804.2093,59753.269,59753.269,227
2023-10-31T16:45:00.000Z,59753.269,59799.4113,59753.269,59777.5159,199
2023-11-01T01:00:00.000Z,59777.5159,59809.3191,59735.2041,59802.8198,952
2023-11-01T01:15:00.000Z,59802.8198,59865.6287,59787.0225,59842.4032,1306
2023-11-01T01:30:00.000Z,59842.4032,59907.7617,59829.2853,59886.576,1137
2023-11-01T01:45:00.000Z,59886.576,59886.576,59717.9663,59733.7637,803
2023-11-01T02:00:00.000Z,59733.7637,59740.3226,59568.4536,59596.4175,1124
2023-11-01T02:30:00.000Z,59609.5354,59673.0838,59602.2369,59670.8653,330
2023-11-01T02:45:00.000Z,59670.8653,59680.044,59618.7842,59634.492,294
2023-11-01T03:00:00.000Z,59634.492,59694.061,59627.933,59658.4869,322
2023-11-01T03:15:00.000Z,59658.4869,59700.5901,59642.7791,59687.4722,397
2023-11-01T05:30:00.000Z,59694.0311,59723.0462,59666.4055,59674.9342,450
2023-11-01T05:45:00.000Z,59674.9342,59674.9342,59646.6586,59658.457,463
2023-11-01T06:00:00.000Z,59658.457,59769.2781,59658.457,59769.2781,474
2023-11-01T06:15:00.000Z,59769.2781,59788.0931,59737.9818,59762.7191,304
2023-11-01T06:30:00.000Z,59762.7191,59771.9276,59740.3927,59765.3389,313
2023-11-01T06:45:00.000Z,59765.3389,59765.3389,59720.6457,59760.2291,338
2023-11-01T13:00:00.000Z,59805.027,59992.2487,59805.027,59951.0412,1303
2023-11-01T13:15:00.000Z,59951.0412,59951.0412,59882.2249,59920.6315,692
2023-11-01T13:30:00.000Z,59920.6315,59938.9009,59830.0604,59933.3764,727
2023-11-01T13:45:00.000Z,59933.3764,59984.3052,59924.1437,59952.3837,576
2023-11-01T14:00:00.000Z,59952.3837,60055.9609,59948.175,60049.5291,1191
2023-11-01T14:15:00.000Z,60049.5291,60153.8176,60030.3407,60100.6687,860
2023-11-01T14:30:00.000Z,60100.6687,60157.8155,60100.642,60138.6537,396
2023-11-01T14:45:00.000Z,60138.6537,60145.0321,60052.4101,60052.4101,415
2023-11-01T15:00:00.000Z,60052.4101,60058.7885,59955.4873,59975.9916,704
2023-11-01T15:15:00.000Z,59975.9916,59996.0606,59933.4564,59988.7098,694
2023-11-01T15:30:00.000Z,59988.7098,59988.7098,59911.3455,59911.3722,391
2023-11-01T15:45:00.000Z,59911.3722,59937.5584,59900.877,59930.5488,174
2023-11-01T16:00:00.000Z,59930.5488,59936.2425,59917.6853,59929.8642,139
2023-11-01T16:15:00.000Z,59929.8642,59929.8642,59815.7118,59815.7118,398
2023-11-01T16:30:00.000Z,59815.7118,59829.3758,59796.8112,59804.4521,350
2023-11-01T16:45:00.000Z,59804.4521,59836.4121,59788.841,59801.2692,227
2023-11-02T01:00:00.000Z,59916.0797,60068.6524,59916.0797,60057.4726,758
2023-11-02T01:15:00.000Z,60057.4726,60085.2507,60021.1199,60027.4982,1081
2023-11-02T01:30:00.000Z,60027.4982,60087.2511,59999.9962,60084.3701,1332
2023-11-02T01:45:00.000Z,60084.3701,60084.3701,60008.6243,60054.6183,701
2023-11-02T02:00:00.000Z,60054.6183,60054.6183,59960.9851,59982.9478,729
2023-11-02T02:30:00.000Z,59982.9478,60020.6579,59967.5327,60017.1457,450
2023-11-02T02:45:00.000Z,60017.1457,60017.1457,59969.5599,59987.4206,420
2023-11-02T03:00:00.000Z,59987.4206,60026.4317,59981.0423,60017.1724,490
2023-11-02T03:15:00.000Z,60017.1724,60071.8212,60017.1724,60059.6809,446
2023-11-02T05:30:00.000Z,59867.1988,60005.2547,59867.1988,60005.2547,611
2023-11-02T05:45:00.000Z,60005.2547,60037.8993,59980.3843,59991.8252,705
2023-11-02T06:00:00.000Z,59991.8252,60010.9751,59925.2854,59931.6638,933
2023-11-02T06:15:00.000Z,59931.6638,59931.6638,59903.8858,59914.6836,526
2023-11-02T06:30:00.000Z,59914.6836,59954.3526,59914.6836,59947.9475,576
2023-11-02T06:45:00.000Z,59947.9475,59966.3862,59913.3411,59947.7125,477
2023-11-02T13:00:00.000Z,60058.1909,60147.3451,60031.9622,60087.6682,1318
2023-11-02T13:15:00.000Z,60087.6682,60112.5863,60025.7778,60035.1017,1493
2023-11-02T13:30:00.000Z,60035.1017,60153.4858,60016.4152,60052.9954,1250
2023-11-02T13:45:00.000Z,60052.9954,60091.5316,60035.7346,60082.2765,661
2023-11-02T14:00:00.000Z,60082.2765,60082.2765,59966.308,59984.8783,917
2023-11-02T14:15:00.000Z,59984.8783,60012.9273,59966.2693,59988.0092,642
2023-11-02T14:30:00.000Z,59988.0092,60071.8854,59966.2306,60040.8215,506
2023-11-02T14:45:00.000Z,60040.8215,60040.8215,59965.0035,60008.4919,473
2023-11-02T15:00:00.000Z,60008.4919,60033.4487,59993.0138,60020.9854,445
2023-11-02T15:15:00.000Z,60020.9854,60060.4592,59993.0138,60054.2662,610
2023-11-02T15:30:00.000Z,60054.2662,60082.2378,60044.9424,60082.2378,348
2023-11-02T15:45:00.000Z,60082.2378,60082.2378,60036.8456,60049.3004,247
2023-11-02T16:00:00.000Z,60049.3004,60061.725,60034.4688,60041.3333,131
2023-11-02T16:15:00.000Z,60041.3333,60041.3333,59954.3092,59960.5022,211
2023-11-02T16:30:00.000Z,59960.5022,60015.2268,59954.279,60005.9029,242
2023-11-02T16:45:00.000Z,60005.9029,60037.014,59977.9313,60033.767,147
2023-11-03T01:00:00.000Z,60133.7233,60182.1727,60118.2536,60151.5348,831
2023-11-03T01:15:00.000Z,60151.5348,60194.4375,60142.2581,60188.2446,729
2023-11-03T01:30:00.000Z,60188.2446,60254.579,60169.5968,60253.946,1728
2023-11-03T01:45:00.000Z,60253.946,60266.995,60228.5498,60254.579,658
2023-11-03T02:00:00.000Z,60254.579,60315.4357,60222.3518,60312.3048,968
2023-11-03T02:30:00.000Z,60312.3048,60410.393,60312.3048,60363.6878,877
2023-11-03T02:45:00.000Z,60363.6878,60369.8807,60322.1116,60332.6626,426
2023-11-03T03:00:00.000Z,60332.6626,60338.8556,60258.9167,60258.9167,748
2023-11-03T03:15:00.000Z,60258.9167,60291.6471,60249.5928,60271.2253,584
2023-11-03T05:30:00.000Z,60271.2253,60353.184,60271.2253,60330.2084,603
2023-11-03T05:45:00.000Z,60330.2084,60371.7106,60324.024,60365.5176,458
2023-11-03T06:00:00.000Z,60365.5176,60371.1164,60344.493,60355.5609,622
2023-11-03T06:15:00.000Z,60355.5609,60367.9468,60278.1149,60293.5157,483
2023-11-03T06:30:00.000Z,60293.5157,60340.0963,60284.2305,60340.0963,183
2023-11-03T06:45:00.000Z,60340.0963,60369.2564,60298.7353,60298.7353,486
2023-11-03T13:00:00.000Z,60213.2448,60213.2448,59936.6896,59975.5095,1986
2023-11-03T13:15:00.000Z,59975.5095,60021.3679,59869.7419,59885.6631,1538
2023-11-03T13:30:00.000Z,59885.6631,60078.0632,59885.6631,60026.7695,1041
2023-11-03T13:45:00.000Z,60026.7695,60150.6377,60020.8439,60128.2293,1207
2023-11-03T14:00:00.000Z,60128.2293,60183.1516,60041.8535,60041.8535,1831
2023-11-03T14:15:00.000Z,60041.8535,60110.8861,60017.1817,60048.3072,625
2023-11-03T14:30:00.000Z,60048.3072,60061.8894,59981.2056,60031.9103,635
2023-11-03T14:45:00.000Z,60031.9103,60095.8357,59999.3063,60095.8357,720
2023-11-03T15:00:00.000Z,60095.8357,60105.2655,60065.3181,60081.1637,496
2023-11-03T15:15:00.000Z,60081.1637,60121.4056,60074.6345,60108.6605,364
2023-11-03T15:30:00.000Z,60108.6605,60121.4056,60065.2803,60074.6345,343
2023-11-03T15:45:00.000Z,60074.6345,60086.4857,60024.4684,60030.394,556
2023-11-03T16:00:00.000Z,60030.394,60040.9176,59972.0431,59974.5778,498
2023-11-03T16:15:00.000Z,59974.5778,59980.4656,59962.7266,59965.2613,170
2023-11-03T16:30:00.000Z,59965.2613,59965.2613,59915.9178,59937.7226,426
2023-11-03T16:45:00.000Z,59937.7226,59967.4827,59917.2075,59923.1331,200
2023-11-06T01:00:00.000Z,59939.8649,59939.8649,59829.9862,59890.0346,1338
2023-11-06T01:15:00.000Z,59890.0346,59913.7747,59807.6156,59913.7747,1280
2023-11-06T01:30:00.000Z,59913.7747,59967.9689,59907.8491,59926.5576,1617
2023-11-06T01:45:00.000Z,59926.5576,59994.8663,59926.5576,59954.3866,986
2023-11-06T02:00:00.000Z,59954.3866,60019.229,59954.3866,60013.3411,545
2023-11-06T02:30:00.000Z,60013.3411,60032.0118,59985.9199,60008.0192,554
2023-11-06T02:45:00.000Z,60008.0192,60013.907,59982.4912,60013.907,268
2023-11-06T03:00:00.000Z,60013.907,60087.0474,60013.907,60058.9847,605
2023-11-06T03:15:00.000Z,60058.9847,60091.5699,60041.408,60066.8982,398
2023-11-06T05:30:00.000Z,60088.179,60138.3074,60044.2708,60053.625,917
2023-11-06T05:45:00.000Z,60053.625,60097.571,60016.8872,60073.0125,700
2023-11-06T06:00:00.000Z,60073.0125,60122.9899,60073.0125,60089.1149,160
2023-11-06T06:15:00.000Z,60089.1149,60089.1149,60014.2434,60043.7049,439
2023-11-06T06:30:00.000Z,60043.7049,60097.5333,60043.7049,60091.6077,237
2023-11-06T06:45:00.000Z,60091.6077,60136.3386,60091.6077,60110.9994,324
2023-11-06T13:00:00.000Z,60301.5448,60301.5448,60186.635,60278.2479,1258
2023-11-06T13:15:00.000Z,60278.2479,60332.9575,60253.859,60295.5343,1066
2023-11-06T13:30:00.000Z,60295.5343,60384.1974,60295.5343,60313.4139,1101
2023-11-06T13:45:00.000Z,60313.4139,60353.3466,60303.9391,60347.6876,714
2023-11-06T14:00:00.000Z,60347.6876,60407.1063,60289.1412,60304.2018,1088
2023-11-06T14:15:00.000Z,60304.2018,60332.9838,60280.4636,60332.9838,760
2023-11-06T14:30:00.000Z,60332.9838,60348.8371,60264.8465,60298.6004,894
2023-11-06T14:45:00.000Z,60298.6004,60298.9572,60240.7413,60277.6812,1111
2023-11-06T15:00:00.000Z,60277.6812,60296.3744,60173.5539,60180.9658,469
2023-11-06T15:15:00.000Z,60180.9658,60224.0113,60180.9658,60199.6224,280
2023-11-06T15:30:00.000Z,60199.6224,60231.7068,60186.5882,60222.3419,340
2023-11-06T15:45:00.000Z,60222.3419,60243.0614,60207.2813,60222.3785,258
2023-11-06T16:00:00.000Z,60222.3785,60222.3785,60179.1499,60197.953,162
2023-11-06T16:15:00.000Z,60197.953,60231.6336,60197.953,60226.0112,163
2023-11-06T16:30:00.000Z,60226.0112,60233.6965,60190.6143,60228.0375,183
2023-11-06T16:45:00.000Z,60228.0375,60262.3844,60209.3442,60247.397,149
2023-11-07T01:00:00.000Z,60213.4431,60267.9702,60189.9846,60237.9589,836
2023-11-07T01:15:00.000Z,60237.9589,60273.902,60196.8298,60273.902,1142
2023-11-07T01:30:00.000Z,60273.902,60273.902,60194.8035,60206.1581,1150
2023-11-07T01:45:00.000Z,60206.1581,60209.9007,60140.6768,60172.3677,921
2023-11-07T02:00:00.000Z,60172.3677,60172.3677,60114.8757,60114.8757,566
2023-11-07T02:30:00.000Z,60114.8757,60135.5953,60105.5474,60135.5587,492
2023-11-07T02:45:00.000Z,60135.5587,60148.6295,60116.8654,60148.6295,408
2023-11-07T03:00:00.000Z,60148.6295,60152.3355,60110.2032,60123.1643,434
2023-11-07T03:15:00.000Z,60123.1643,60138.1516,60066.775,60077.19,509
2023-11-07T05:30:00.000Z,60071.531,60107.3476,60039.8766,60097.9461,508
2023-11-07T05:45:00.000Z,60097.9461,60114.1196,60064.2289,60112.1299,707
2023-11-07T06:00:00.000Z,60112.1299,60158.9546,60108.424,60136.5554,549
2023-11-07T06:15:00.000Z,60136.5554,60140.2247,60073.0373,60082.3657,602
2023-11-07T06:30:00.000Z,60082.3657,60091.7306,60006.4533,60013.5088,689
2023-11-07T06:45:00.000Z,60013.5088,60022.8738,59957.6863,59999.3718,420
2023-11-07T13:00:00.000Z,59807.0639,59868.4831,59734.5025,59868.4292,1294
2023-11-07T13:15:00.000Z,59868.4292,59868.9575,59789.7208,59819.9179,801
2023-11-07T13:30:00.000Z,59819.9179,59922.0087,59805.0835,59916.5703,644
2023-11-07T13:45:00.000Z,59916.5703,59955.7395,59884.4784,59922.537,1203
2023-11-07T14:00:00.000Z,59922.537,59922.5909,59815.3304,59866.2145,690
2023-11-07T14:15:00.000Z,59866.2145,59909.3451,59856.7645,59890.499,679
2023-11-07T14:30:00.000Z,59890.499,59893.8781,59773.6716,59783.65,988
2023-11-07T14:45:00.000Z,59783.65,59812.8947,59769.8182,59779.2682,608
2023-11-07T15:00:00.000Z,59779.2682,59808.991,59771.4067,59787.0254,567
2023-11-07T15:15:00.000Z,59787.0254,59787.0254,59632.9401,59664.5037,1507
2023-11-07T15:30:00.000Z,59664.5037,59817.8588,59655.1616,59733.456,565
2023-11-07T15:45:00.000Z,59733.456,59872.5549,59733.456,59867.1166,287
2023-11-07T16:00:00.000Z,59867.1166,59918.0547,59850.6936,59918.0547,244
2023-11-07T16:15:00.000Z,59918.0547,59918.0547,59869.5937,59880.5243,295
2023-11-07T16:30:00.000Z,59880.5243,59975.7562,59880.5243,59965.8282,326
2023-11-07T16:45:00.000Z,59965.8282,59994.0164,59928.6078,59928.6078,216
2023-11-08T01:00:00.000Z,59928.8776,59971.6844,59914.3054,59941.9653,1095
2023-11-08T01:15:00.000Z,59941.9653,59947.4576,59872.5488,59881.8369,663
2023-11-08T01:30:00.000Z,59881.8369,59928.8712,59867.1104,59919.4752,438
2023-11-08T01:45:00.000Z,59919.4752,59971.9478,59868.5911,59930.5137,611
2023-11-08T02:00:00.000Z,59930.5137,60003.834,59912.2462,59998.3957,469
2023-11-08T02:30:00.000Z,60007.7378,60010.4332,59952.4719,59974.0033,482
2023-11-08T02:45:00.000Z,59974.0033,59974.0033,59917.6809,59945.8691,1169
2023-11-08T03:00:00.000Z,59945.8691,59951.3614,59901.3695,59910.7116,890
2023-11-08T03:15:00.000Z,59910.7116,59923.9575,59880.9888,59890.3849,765
2023-11-08T05:30:00.000Z,59848.9508,59853.5383,59782.2736,59791.6157,1128
2023-11-08T05:45:00.000Z,59791.6157,59797.054,59760.3117,59764.2155,620
2023-11-08T06:00:00.000Z,59764.2155,59834.2719,59764.2155,59834.164,601
2023-11-08T06:15:00.000Z,59834.164,59920.3134,59834.164,59905.2733,395
2023-11-08T06:30:00.000Z,59905.2733,59959.2228,59895.9312,59943.8601,431
2023-11-08T06:45:00.000Z,59943.8601,60011.2751,59943.8601,59980.8723,413
2023-11-08T13:00:00.000Z,59819.1722,59948.4041,59819.1722,59897.4473,1189
2023-11-08T13:15:00.000Z,59897.4473,59949.4529,59851.8981,59929.5368,759
2023-11-08T13:30:00.000Z,59929.5368,59958.4801,59919.6757,59930.3407,718
2023-11-08T13:45:00.000Z,59930.3407,59986.8133,59910.339,59953.2445,694
2023-11-08T14:00:00.000Z,59953.2445,59967.946,59911.6027,59962.6459,731
2023-11-08T14:15:00.000Z,59962.6459,60005.4868,59876.4607,59881.8255,835
2023-11-08T14:30:00.000Z,59881.8255,59881.8255,59801.027,59848.0336,915
2023-11-08T14:45:00.000Z,59848.0336,59848.0336,59736.8472,59736.8472,666
2023-11-08T15:00:00.000Z,59736.8472,59751.5487,59690.2064,59710.3373,670
2023-11-08T15:15:00.000Z,59710.3373,59719.674,59651.6169,59690.4859,451
2023-11-08T15:30:00.000Z,59690.4859,59713.3251,59622.9532,59637.5255,441
2023-11-08T15:45:00.000Z,59637.5255,59645.9426,59575.5085,59580.8087,566
2023-11-08T16:00:00.000Z,59580.8087,59582.137,59473.3575,59545.9463,712
2023-11-08T16:15:00.000Z,59545.9463,59603.6825,59523.1717,59547.3391,543
2023-11-08T16:30:00.000Z,59547.3391,59584.8799,59540.5815,59545.9463,201
2023-11-08T16:45:00.000Z,59545.9463,59588.9164,59505.6973,59573.9564,184
2023-11-09T01:00:00.000Z,59514.8791,59564.16,59474.0029,59519.0713,1312
2023-11-09T01:15:00.000Z,59519.0713,59553.6242,59500.2686,59529.5214,1092
2023-11-09T01:30:00.000Z,59529.5214,59583.8611,59520.12,59570.5525,1348
2023-11-09T01:45:00.000Z,59570.5525,59585.5635,59531.8338,59541.1705,973
2023-11-09T02:00:00.000Z,59541.1705,59550.5072,59516.0719,59525.4086,630
2023-11-09T02:30:00.000Z,59521.3721,59554.6613,59495.941,59495.941,377
2023-11-09T02:45:00.000Z,59495.941,59495.941,59401.5889,59410.9256,567
2023-11-09T03:00:00.000Z,59410.9256,59435.5528,59368.8886,59430.2526,933
2023-11-09T03:15:00.000Z,59430.2526,59467.707,59383.3962,59383.3962,515
2023-11-09T05:30:00.000Z,59363.4592,59417.554,59334.6662,59417.554,1024
2023-11-09T05:45:00.000Z,59417.554,59438.1747,59355.631,59370.3325,994
2023-11-09T06:00:00.000Z,59370.3325,59423.078,59349.8064,59413.6767,744
2023-11-09T06:15:00.000Z,59413.6767,59487.4945,59404.2108,59483.458,565
2023-11-09T06:30:00.000Z,59483.458,59497.025,59450.0184,59471.5076,676
2023-11-09T06:45:00.000Z,59471.5076,59471.5076,59438.2829,59460.8636,474
