time,open,high,low,close,volume
2023-08-14T13:00:00.000Z,11281.9502,11313.5093,11275.302,11306.9607,3064
2023-08-14T13:30:00.000Z,11306.9607,11306.9607,11290.3877,11306.9522,875
2023-08-14T14:00:00.000Z,11306.9522,11328.3895,11300.304,11317.1514,2216
2023-08-14T14:30:00.000Z,11317.1514,11328.6269,11312.1061,11328.6269,1162
2023-08-15T01:00:00.000Z,11325.3029,11325.3029,11308.7923,11317.0527,1134
2023-08-15T01:30:00.000Z,11317.0527,11330.2494,11308.7923,11318.6649,1444
2023-08-15T02:00:00.000Z,11318.6649,11321.989,11307.18,11313.8282,516
2023-08-15T02:30:00.000Z,11313.8282,11320.3768,11307.18,11312.1164,921
2023-08-15T03:00:00.000Z,11312.1164,11398.2229,11312.1164,11394.8988,4582
2023-08-15T05:30:00.000Z,11384.9266,11386.7437,11292.446,11300.7065,6704
2023-08-15T06:00:00.000Z,11300.7065,11318.4347,11287.2045,11315.1107,3189
2023-08-15T06:30:00.000Z,11315.1107,11333.5192,11305.5134,11305.5134,2099
2023-08-15T13:00:00.000Z,11298.6316,11331.4139,11298.6316,11318.2606,2556
2023-08-15T13:30:00.000Z,11318.2606,11326.4731,11298.4973,11301.7691,1775
2023-08-15T14:00:00.000Z,11301.7691,11305.0409,11288.6157,11291.8613,2020
2023-08-15T14:30:00.000Z,11291.8613,11303.2082,11276.8028,11276.8028,2018
2023-08-16T01:00:00.000Z,11280.0746,11283.3464,11212.0666,11220.1941,5888
2023-08-16T01:30:00.000Z,11220.1941,11292.8935,11213.5842,11281.3797,4380
2023-08-16T02:00:00.000Z,11281.3797,11309.6583,11274.8362,11309.6583,1631
2023-08-16T02:30:00.000Z,11306.3866,11311.4888,11298.174,11303.2762,2065
2023-08-16T03:00:00.000Z,11303.2762,11306.548,11291.7255,11301.6072,816
2023-08-16T05:30:00.000Z,11301.6072,11303.2762,11265.1767,11281.6019,1914
2023-08-16T06:00:00.000Z,11281.6019,11281.6166,11266.8605,11273.404,1261
2023-08-16T06:30:00.000Z,11273.404,11298.2975,11273.404,11280.2033,1739
2023-08-16T13:00:00.000Z,11292.6809,11360.8166,11288.0002,11347.7148,4355
2023-08-16T13:30:00.000Z,11347.7148,11347.7148,11311.5491,11321.2025,2372
2023-08-16T14:00:00.000Z,11321.2025,11329.35,11308.0884,11327.8564,1005
2023-08-16T14:30:00.000Z,11327.8564,11352.5664,11319.6966,11342.913,2066
2023-08-17T01:00:00.000Z,11333.2596,11336.4774,11299.8715,11303.0894,1674
2023-08-17T01:30:00.000Z,11303.0894,11303.0894,11235.154,11289.6221,5452
2023-08-17T02:00:00.000Z,11289.6221,11299.5061,11269.854,11279.7381,1558
2023-08-17T02:30:00.000Z,11279.7381,11294.5983,11274.6934,11274.6934,1320
2023-08-17T03:00:00.000Z,11274.6934,11319.3862,11259.9111,11301.3081,2397
2023-08-17T05:30:00.000Z,11298.0903,11309.5364,11294.6419,11299.6524,990
2023-08-17T06:00:00.000Z,11299.6524,11339.2568,11284.8263,11339.2568,3161
2023-08-17T06:30:00.000Z,11339.2568,11342.4746,11283.0679,11299.6057,4396
2023-08-17T13:00:00.000Z,11308.5026,11396.4744,11305.3575,11340.9273,8576
2023-08-17T13:30:00.000Z,11340.9273,11349.0153,11312.9801,11334.099,3378
2023-08-17T14:00:00.000Z,11334.099,11339.0419,11311.1823,11324.2132,2874
2023-08-17T14:30:00.000Z,11324.2132,11369.0075,11317.9934,11362.3441,11766
2023-08-18T01:00:00.000Z,11359.199,11427.0231,11329.9921,11346.1681,4542
2023-08-18T01:30:00.000Z,11346.1681,11364.0957,11341.2252,11359.1528,1325
2023-08-18T02:00:00.000Z,11359.1528,11364.0953,11356.0073,11364.0953,289
2023-08-18T02:30:00.000Z,11364.0953,11364.0953,11339.3809,11349.2319,1571
2023-08-18T03:00:00.000Z,11349.2319,11363.9682,11334.3109,11360.3727,1190
2023-08-18T05:30:00.000Z,11357.2276,11363.5178,11331.1658,11337.8775,1535
2023-08-18T06:00:00.000Z,11337.8775,11341.0226,11264.7438,11282.6497,4762
2023-08-18T06:30:00.000Z,11282.6497,11295.6805,11254.6214,11257.7665,3291
2023-08-18T13:00:00.000Z,11257.3846,11336.8689,11254.9618,11336.8689,5250
2023-08-18T13:30:00.000Z,11336.8689,11380.3056,11325.793,11373.5338,5081
2023-08-18T14:00:00.000Z,11373.5338,11382.16,11302.861,11325.7706,5820
2023-08-18T14:30:00.000Z,11325.7706,11353.0067,11318.4103,11326.4551,4638
2023-08-21T01:00:00.000Z,11342.6153,11362.9339,11308.5946,11328.2259,3317
2023-08-21T01:30:00.000Z,11328.2259,11354.2565,11311.5381,11351.1549,1675
2023-08-21T02:00:00.000Z,11351.1549,11364.1428,11343.1101,11364.1428,1256
2023-08-21T02:30:00.000Z,11364.1428,11364.1782,11340.0934,11345.0607,1880
2023-08-21T03:00:00.000Z,11345.0607,11368.1116,11330.8993,11340.7856,4797
2023-08-21T05:30:00.000Z,11346.9889,11368.7443,11345.7288,11357.6219,1536
2023-08-21T06:00:00.000Z,11357.6219,11360.7236,11339.0677,11345.8524,1239
2023-08-21T06:30:00.000Z,11345.8524,11401.6581,11343.9756,11401.6581,2995
2023-08-21T13:00:00.000Z,11413.6443,11434.5426,11308.0169,11348.6805,6127
2023-08-21T13:30:00.000Z,11348.6805,11396.9907,11338.7978,11362.4014,2976
2023-08-21T14:00:00.000Z,11362.4014,11380.4033,11362.4014,11370.4825,1342
2023-08-21T14:30:00.000Z,11370.4825,11378.4273,11360.5662,11374.5807,1196
2023-08-22T01:00:00.000Z,11374.5807,11403.0733,11365.4468,11387.1403,2992
2023-08-22T01:30:00.000Z,11387.1403,11402.0083,11371.7786,11381.6231,3173
2023-08-22T02:00:00.000Z,11381.6231,11381.6231,11371.7404,11376.6817,779
2023-08-22T02:30:00.000Z,11376.6817,11378.5859,11355.6306,11365.4842,2679
2023-08-22T03:00:00.000Z,11365.4842,11398.2389,11360.4238,11394.107,1928
2023-08-22T05:30:00.000Z,11394.107,11411.9681,11377.5032,11390.4836,4095
2023-08-22T06:00:00.000Z,11390.4836,11412.1306,11385.5198,11397.3726,2244
2023-08-22T06:30:00.000Z,11397.3726,11545.3431,11392.4312,11436.9849,9248
2023-08-22T13:00:00.000Z,11436.8306,11486.8289,11392.3462,11462.1084,7558
2023-08-22T13:30:00.000Z,11462.1084,11492.8444,11442.3218,11470.0886,3817
2023-08-22T14:00:00.000Z,11470.0886,11476.9819,11457.2055,11462.165,1365
2023-08-22T14:30:00.000Z,11462.165,11498.9222,11462.1347,11480.2636,3468
2023-08-23T01:00:00.000Z,11489.2482,11514.9966,11455.2566,11500.1643,4820
2023-08-23T01:30:00.000Z,11500.1643,11546.6608,11472.4886,11487.3209,6515
2023-08-23T02:00:00.000Z,11487.3209,11492.2753,11452.7226,11475.4938,1497
2023-08-23T02:30:00.000Z,11475.4938,11482.0989,11446.7328,11469.2158,2604
2023-08-23T03:00:00.000Z,11469.2158,11516.7075,11469.2158,11474.304,4731
2023-08-23T05:30:00.000Z,11474.304,11546.5694,11472.3908,11529.7879,13153
2023-08-23T06:00:00.000Z,11529.7879,11586.6418,11494.1336,11562.0182,11223
2023-08-23T06:30:00.000Z,11562.0182,11705.5378,11520.1557,11520.1557,14853
2023-08-23T13:00:00.000Z,11538.1036,11574.5588,11504.0891,11531.1655,7095
2023-08-23T13:30:00.000Z,11531.1655,11601.0682,11523.3079,11578.3028,4739
2023-08-23T14:00:00.000Z,11578.3028,11595.0015,11558.5151,11593.0222,3324
2023-08-23T14:30:00.000Z,11593.0222,11609.8607,11560.3917,11584.0862,9842
2023-08-24T01:00:00.000Z,11599.0535,11629.6483,11575.2533,11585.1471,27408
2023-08-24T01:30:00.000Z,11585.1471,11601.9412,11557.4191,11574.1874,7520
2023-08-24T02:00:00.000Z,11574.1874,11596.9684,11567.287,11589.0281,3863
2023-08-24T02:30:00.000Z,11589.0281,11652.4244,11574.1874,11634.5902,8070
2023-08-24T03:00:00.000Z,11634.5902,11634.5902,11577.5141,11623.0762,6095
2023-08-24T05:30:00.000Z,11626.0697,11641.8238,11597.2346,11602.1815,4505
2023-08-24T06:00:00.000Z,11602.1815,11624.9163,11566.4669,11607.0821,5784
2023-08-24T06:30:00.000Z,11607.0821,11623.8711,11558.6105,11561.6039,4723
2023-08-24T13:00:00.000Z,11586.0845,11601.9421,11533.14,11551.9935,9167
2023-08-24T13:30:00.000Z,11551.9935,11613.745,11528.1236,11576.1416,6331
2023-08-24T14:00:00.000Z,11576.1416,11581.1004,11561.0202,11566.0704,1326
2023-08-24T14:30:00.000Z,11566.0704,11583.8678,11561.0769,11561.0769,1927
2023-08-25T01:00:00.000Z,11572.9251,11583.834,11553.1661,11580.9115,6679
2023-08-25T01:30:00.000Z,11580.9115,11605.6661,11573.0007,11605.6661,2246
2023-08-25T02:00:00.000Z,11605.6661,11618.5257,11595.7686,11615.5636,1968
2023-08-25T02:30:00.000Z,11615.5636,11623.4744,11604.6908,11618.5257,3506
2023-08-25T03:00:00.000Z,11618.5257,11687.9058,11607.6528,11676.6737,13978
2023-08-25T05:30:00.000Z,11676.6737,11816.0732,11676.6737,11774.5974,16281
2023-08-25T06:00:00.000Z,11774.5974,11824.4758,11754.6961,11764.5936,7637
2023-08-25T06:30:00.000Z,11764.5936,11873.5006,11764.5936,11851.8253,11538
2023-08-25T13:00:00.000Z,11861.3266,11867.333,11806.5707,11850.2715,6569
2023-08-25T13:30:00.000Z,11850.2715,11901.0338,11845.3202,11865.3195,6247
2023-08-25T14:00:00.000Z,11865.3195,11889.086,11855.4168,11886.0829,3022
2023-08-25T14:30:00.000Z,11886.0829,11886.0829,11840.4982,11846.5046,3262
2023-08-28T01:00:00.000Z,11896.1798,12172.3911,11896.1798,12001.4513,20399
2023-08-28T01:30:00.000Z,12001.4513,12026.2403,11943.566,11963.3116,5955
2023-08-28T02:00:00.000Z,11963.3116,11999.026,11956.4122,11987.2722,2599
2023-08-28T02:30:00.000Z,11990.2754,12024.0547,11982.4447,11999.2981,2208
2023-08-28T03:00:00.000Z,11999.2981,11999.2981,11933.3791,11943.2817,4151
2023-08-28T05:30:00.000Z,11946.2849,11958.2003,11888.13,11893.1885,4677
2023-08-28T06:00:00.000Z,11893.1885,11928.1154,11765.766,11851.3272,6385
2023-08-28T06:30:00.000Z,11851.3272,11983.8288,11815.6156,11913.4598,7386
2023-08-28T13:00:00.000Z,11928.102,11929.0802,11808.3946,11894.0215,6191
2023-08-28T13:30:00.000Z,11894.0215,12019.7151,11880.1485,11996.8764,6299
2023-08-28T14:00:00.000Z,11996.8764,12014.8963,11969.0244,11985.0365,4301
2023-08-28T14:30:00.000Z,11985.0365,12026.7418,11957.3104,12020.7934,3782
2023-08-29T01:00:00.000Z,12011.8708,12060.5129,11961.3888,12017.7467,4426
2023-08-29T01:30:00.000Z,12017.7467,12021.7189,11914.447,11925.3458,3534
2023-08-29T02:00:00.000Z,11925.3458,11956.941,11906.4391,11955.1462,1346
2023-08-29T02:30:00.000Z,11955.1462,12008.8735,11955.1462,12000.8672,2215
2023-08-29T03:00:00.000Z,12000.8672,12000.8672,11973.1161,11973.1161,977
2023-08-29T05:30:00.000Z,11979.0645,12013.8512,11973.0531,12005.9896,1974
2023-08-29T06:00:00.000Z,12005.9896,12095.658,11976.2071,12069.0558,7138
2023-08-29T06:30:00.000Z,12069.0558,12073.0082,12037.3576,12056.9701,4176
2023-08-29T13:00:00.000Z,12033.1343,12125.9904,12033.1343,12086.3425,7463
2023-08-29T13:30:00.000Z,12086.3425,12121.1497,12075.4376,12103.241,3354
2023-08-29T14:00:00.000Z,12103.241,12106.2347,12076.3397,12099.1983,1866
2023-08-29T14:30:00.000Z,12099.1983,12104.1269,12076.3833,12090.3144,1598
2023-08-30T01:00:00.000Z,12093.3081,12096.1507,12048.7373,12064.3124,4290
2023-08-30T01:30:00.000Z,12064.3124,12068.2249,11931.9625,11964.6886,9669
2023-08-30T02:00:00.000Z,11964.6886,12041.1209,11958.7012,12041.1209,4244
2023-08-30T02:30:00.000Z,12041.1209,12064.1097,12009.4973,12037.3385,3935
2023-08-30T03:00:00.000Z,12037.3385,12059.1597,12006.4711,12006.4711,2759
2023-08-30T05:30:00.000Z,12004.5148,12049.1652,11978.568,12049.1652,4250
2023-08-30T06:00:00.000Z,12049.1652,12049.1652,12026.3684,12044.2445,1594
2023-08-30T06:30:00.000Z,12044.2445,12115.0274,12044.2445,12073.3464,9629
2023-08-30T13:00:00.000Z,12091.0717,12102.89,11999.1407,12054.2503,9289
2023-08-30T13:30:00.000Z,12054.2503,12068.9459,12004.3639,12063.0476,4438
2023-08-30T14:00:00.000Z,12063.0476,12066.0286,12033.2797,12033.2797,2196
2023-08-30T14:30:00.000Z,12033.2797,12056.9793,12011.4116,12011.4116,3248
2023-08-31T01:00:00.000Z,12023.3356,12080.8399,12023.3356,12058.1531,3742
2023-08-31T01:30:00.000Z,12058.1531,12073.0371,12025.2451,12043.1418,2724
2023-08-31T02:00:00.000Z,12043.1418,12043.1418,12015.3436,12027.2148,1041
2023-08-31T02:30:00.000Z,12027.2148,12043.0782,12023.2849,12023.2849,2371
2023-08-31T03:00:00.000Z,12023.2849,12036.1355,12000.3233,12024.2139,2885
2023-08-31T05:30:00.000Z,12024.2139,12078.9675,12016.2822,12070.9721,5355
2023-08-31T06:00:00.000Z,12070.9721,12143.5352,12056.12,12101.9872,6215
2023-08-31T06:30:00.000Z,12101.9872,12127.0667,12089.1048,12116.1802,4171
2023-08-31T13:00:00.000Z,12207.9466,12384.0587,12162.875,12321.639,23700
2023-08-31T13:30:00.000Z,12321.639,12492.1116,12295.9196,12473.3914,16953
2023-08-31T14:00:00.000Z,12473.3914,13050.7938,12459.6183,12948.5112,51238
2023-08-31T14:30:00.000Z,12948.5112,13261.8138,12874.7539,13261.8138,31443
2023-09-01T01:00:00.000Z,13261.8138,13261.8138,13261.7107,13261.8138,1503
2023-09-01T01:30:00.000Z,13261.8138,13261.8138,13261.8138,13261.8138,360
2023-09-01T02:00:00.000Z,13261.8138,13261.8138,13261.8138,13261.8138,159
2023-09-01T02:30:00.000Z,13261.8138,13261.8138,13261.8138,13261.8138,96
2023-09-01T03:00:00.000Z,13261.8138,13261.8138,13261.8138,13261.8138,27
2023-09-01T05:30:00.000Z,13261.8138,13261.8138,13261.8138,13261.8138,111
2023-09-01T06:00:00.000Z,13261.8138,13261.8138,13261.8138,13261.8138,133
2023-09-01T06:30:00.000Z,13261.8138,13261.8138,13261.8138,13261.8138,89
2023-09-01T13:00:00.000Z,13835.9522,14332.002,13718.7207,14235.4551,126872
2023-09-01T13:30:00.000Z,14235.4551,14325.2929,13911.5434,14094.4958,68909
2023-09-01T14:00:00.000Z,14094.4958,14192.7429,14057.6255,14094.6305,28228
2023-09-01T14:30:00.000Z,14094.6305,14329.4759,14088.3411,14233.7677,36272
2023-09-04T01:00:00.000Z,14256.2753,14279.9052,13667.6409,13882.4002,66246
2023-09-04T01:30:00.000Z,13882.4002,13920.7286,13796.1123,13877.377,22353
2023-09-04T02:00:00.000Z,13877.377,13994.4313,13830.5436,13930.8472,14465
2023-09-04T02:30:00.000Z,13942.9821,13959.8655,13849.0609,13864.6055,13342
2023-09-04T03:00:00.000Z,13864.6055,13928.7483,13786.6174,13840.6051,14400
2023-09-04T05:30:00.000Z,13834.3156,13878.3184,13572.2984,13633.9945,53068
2023-09-04T06:00:00.000Z,13633.9945,13775.1825,13611.8511,13634.3096,32062
2023-09-04T06:30:00.000Z,13634.3096,13757.2895,13471.139,13533.6413,48305
2023-09-04T13:00:00.000Z,13638.2016,13771.6464,13424.1295,13727.89,70604
2023-09-04T13:30:00.000Z,13727.89,14160.638,13727.89,14087.1576,118209
2023-09-04T14:00:00.000Z,14087.1576,14316.6812,14044.9344,14221.3291,145873
2023-09-04T14:30:00.000Z,14221.3291,14334.3973,14095.8928,14125.7067,99100
2023-09-05T01:00:00.000Z,14134.6319,14267.6772,14071.2262,14242.6959,49160
2023-09-05T01:30:00.000Z,14242.6959,14249.5319,14133.6059,14223.1137,26483
2023-09-05T02:00:00.000Z,14223.1137,14258.4953,14168.3898,14249.1317,13712
2023-09-05T02:30:00.000Z,14252.1968,14292.2675,14143.5281,14237.6096,36169
2023-09-05T03:00:00.000Z,14237.6096,14265.2441,13980.3323,14133.7927,71924
2023-09-05T05:30:00.000Z,14136.8578,14192.7487,14055.5915,14109.0367,29387
2023-09-05T06:00:00.000Z,14109.0367,14129.8653,13972.7558,14026.4646,33397
2023-09-05T06:30:00.000Z,14026.4646,14203.2596,13989.6711,14177.7982,50710
2023-09-05T13:00:00.000Z,14132.5514,14216.7512,13963.2277,14120.4991,88178
2023-09-05T13:30:00.000Z,14120.4991,14290.9407,14091.9369,14225.1756,76166
2023-09-05T14:00:00.000Z,14225.1756,14497.2754,14208.668,14328.2853,137511
2023-09-05T14:30:00.000Z,14328.2853,14390.3534,14175.2444,14188.1271,46379
2023-09-06T01:00:00.000Z,14222.2378,14280.2821,14145.9411,14185.1175,38144
2023-09-06T01:30:00.000Z,14185.1175,14211.5994,14108.5096,14188.5543,30508
2023-09-06T02:00:00.000Z,14188.5543,14236.8116,14185.1305,14193.892,8809
2023-09-06T02:30:00.000Z,14190.6713,14218.6634,14152.6347,14187.7444,15244
2023-09-06T03:00:00.000Z,14187.7444,14204.2533,13983.399,14049.6969,48705
2023-09-06T05:30:00.000Z,14043.2555,14194.6853,14043.2555,14146.3009,30161
2023-09-06T06:00:00.000Z,14146.3009,14176.3287,13921.5253,14008.3471,48778
2023-09-06T06:30:00.000Z,14008.3471,14069.9081,13914.0796,14069.9081,39114
2023-09-06T13:00:00.000Z,14102.7638,14176.4435,13998.4836,14062.3645,64360
2023-09-06T13:30:00.000Z,14062.3645,14146.7469,14062.3645,14082.2247,25606
2023-09-06T14:00:00.000Z,14082.2247,14120.1865,14032.5796,14108.6567,26097
2023-09-06T14:30:00.000Z,14108.6567,14110.293,13964.2712,14040.1568,35885
2023-09-07T01:00:00.000Z,14056.5066,14069.8432,13927.2893,14005.179,35695
2023-09-07T01:30:00.000Z,14005.179,14010.1145,13847.2913,13903.5342,35578
2023-09-07T02:00:00.000Z,13903.5342,13935.192,13785.7621,13822.2096,24280
2023-09-07T02:30:00.000Z,13823.8751,13868.6053,13770.7145,13782.3208,29299
2023-09-07T03:00:00.000Z,13782.3208,13795.4617,13376.4036,13540.0176,95021
2023-09-07T05:30:00.000Z,13513.7968,13695.7279,13465.5289,13623.0983,43868
2023-09-07T06:00:00.000Z,13623.0983,13770.467,13616.4974,13746.0284,38378
2023-09-07T06:30:00.000Z,13746.0284,13995.6735,13651.4382,13995.6735,74877
2023-09-07T13:00:00.000Z,14018.2668,14263.0456,13944.1078,14132.0249,110143
2023-09-07T13:30:00.000Z,14132.0249,14144.7208,13512.6368,13653.6024,131306
2023-09-07T14:00:00.000Z,13653.6024,13718.302,13561.0452,13564.3351,58067
2023-09-07T14:30:00.000Z,13564.3351,13710.2244,13551.1799,13564.3414,40192
2023-09-08T01:00:00.000Z,13552.7944,13690.4409,13533.0418,13655.669,23472
2023-09-08T01:30:00.000Z,13655.669,13732.168,13594.5028,13639.3373,15529
2023-09-08T02:00:00.000Z,13639.3373,13688.8313,13616.1576,13665.6632,6859
2023-09-08T02:30:00.000Z,13668.9532,13673.9494,13489.3672,13536.0834,25314
2023-09-08T03:00:00.000Z,13536.0834,13572.0429,13472.5935,13557.2677,18136
2023-09-08T05:30:00.000Z,13560.5577,13821.1569,13535.8384,13713.8126,41189
2023-09-08T06:00:00.000Z,13713.8126,13766.8413,13626.0957,13660.9836,36867
2023-09-08T06:30:00.000Z,13660.9836,13698.9179,13446.0636,13468.8387,38504
2023-09-08T13:00:00.000Z,13566.1371,13590.8967,13250.5428,13434.6512,59807
2023-09-08T13:30:00.000Z,13434.6512,13607.2303,13361.6469,13519.8172,36795
2023-09-08T14:00:00.000Z,13519.8172,13584.3972,13463.7331,13529.9124,23464
2023-09-08T14:30:00.000Z,13529.9124,13622.385,13483.844,13584.3135,21708
2023-09-11T01:00:00.000Z,13590.7943,13674.5336,13563.6606,13641.5128,23099
2023-09-11T01:30:00.000Z,13641.5128,13767.799,13578.5244,13725.0606,25241
2023-09-11T02:00:00.000Z,13725.0606,13761.8327,13668.6688,13706.4306,8839
2023-09-11T02:30:00.000Z,13709.671,13719.6738,13615.412,13636.7959,10579
2023-09-11T03:00:00.000Z,13636.7959,13692.9761,13626.9055,13636.5975,6901
2023-09-11T05:30:00.000Z,13654.6736,13771.1564,13609.0345,13650.132,17704
2023-09-11T06:00:00.000Z,13650.132,13696.1995,13528.8507,13581.7171,16930
2023-09-11T06:30:00.000Z,13581.7171,13609.4341,13515.302,13579.436,12856
2023-09-11T13:00:00.000Z,13647.8062,14070.4324,13647.8062,13959.1784,78647
2023-09-11T13:30:00.000Z,13959.1784,13960.6212,13835.3706,13871.6617,29677
2023-09-11T14:00:00.000Z,13871.6617,13950.9436,13868.4327,13929.8532,15148
2023-09-11T14:30:00.000Z,13929.8532,13936.5393,13842.6098,13888.5662,14143
2023-09-12T01:00:00.000Z,13932.1617,14012.8952,13875.509,13969.6185,26586
2023-09-12T01:30:00.000Z,13969.6185,13981.2949,13885.2595,13903.0786,13221
2023-09-12T02:00:00.000Z,13903.0786,14145.036,13873.5694,14092.7665,23633
2023-09-12T02:30:00.000Z,14091.027,14097.3752,13941.713,13955.0146,22884
2023-09-12T03:00:00.000Z,13955.0146,14029.4628,13941.9141,14021.0372,10189
2023-09-12T05:30:00.000Z,14024.2444,14084.455,13976.7017,14051.5086,17016
2023-09-12T06:00:00.000Z,14051.5086,14056.3814,13868.8044,13875.1526,26187
2023-09-12T06:30:00.000Z,13875.1526,14072.9921,13875.1526,14059.9826,30767
2023-09-12T13:00:00.000Z,14068.0069,14084.5778,13893.8921,13936.758,25390
2023-09-12T13:30:00.000Z,13936.758,13968.0586,13790.5854,13823.6017,24855
2023-09-12T14:00:00.000Z,13823.6017,13848.342,13732.6885,13808.5751,25857
2023-09-12T14:30:00.000Z,13808.5751,13846.3003,13778.5582,13805.2269,14479
2023-09-13T01:00:00.000Z,13818.4898,13902.9516,13801.869,13891.3568,11510
2023-09-13T01:30:00.000Z,13891.3568,13930.9914,13835.055,13859.878,9708
2023-09-13T02:00:00.000Z,13859.878,13869.7079,13815.0984,13818.4142,4237
2023-09-13T02:30:00.000Z,13818.4142,13856.2929,13760.3589,13790.0532,13523
2023-09-13T03:00:00.000Z,13790.0532,13831.5113,13644.0212,13759.7575,24701
2023-09-13T05:30:00.000Z,13766.389,13773.0204,13519.054,13608.1874,25687
2023-09-13T06:00:00.000Z,13608.1874,13686.0625,13545.4042,13595.0815,24661
2023-09-13T06:30:00.000Z,13595.0815,13683.2578,13552.0914,13660.2093,20170
2023-09-13T13:00:00.000Z,13724.3995,13736.0866,13613.841,13676.962,20830
2023-09-13T13:30:00.000Z,13676.962,13718.1046,13598.8145,13636.9052,16299
2023-09-13T14:00:00.000Z,13636.9052,13653.4302,13565.874,13603.6063,16580
2023-09-13T14:30:00.000Z,13603.6063,13636.8666,13580.5684,13585.6165,9389
2023-09-14T01:00:00.000Z,13582.3665,13679.6481,13541.0936,13663.2543,14859
2023-09-14T01:30:00.000Z,13663.2543,13684.5524,13630.05,13666.6111,8723
2023-09-14T02:00:00.000Z,13666.6111,13686.399,13600.6175,13616.8831,5194
2023-09-14T02:30:00.000Z,13616.8831,13616.9472,13509.3831,13557.1867,12064
2023-09-14T03:00:00.000Z,13557.1867,13618.0701,13518.9123,13586.5415,9038
2023-09-14T05:30:00.000Z,13586.5415,13679.4112,13583.2915,13598.7375,12338
2023-09-14T06:00:00.000Z,13598.7375,13849.3265,13593.6464,13809.8216,27540
2023-09-14T06:30:00.000Z,13809.8216,13841.2966,13753.77,13827.9151,20740
2023-09-14T13:00:00.000Z,13909.7409,13948.2485,13748.2166,13784.3345,26394
2023-09-14T13:30:00.000Z,13784.3345,13815.6041,13757.7501,13784.1549,8496
2023-09-14T14:00:00.000Z,13784.1549,13787.4542,13696.3272,13756.1066,12783
2023-09-14T14:30:00.000Z,13756.1066,13792.4209,13706.4083,13722.9003,13340
2023-09-15T01:00:00.000Z,13752.657,13797.248,13672.9827,13754.3552,11078
2023-09-15T01:30:00.000Z,13754.3552,13764.2532,13684.5987,13722.7315,5442
2023-09-15T02:00:00.000Z,13722.7315,13780.4705,13719.4323,13754.3197,3062
2023-09-15T02:30:00.000Z,13754.3197,13765.8468,13644.8625,13696.0986,9913
2023-09-15T03:00:00.000Z,13696.0986,13769.2995,13645.0539,13736.1177,10670
2023-09-15T05:30:00.000Z,13739.4169,13759.213,13646.6927,13691.2183,15034
2023-09-15T06:00:00.000Z,13691.2183,13792.3341,13691.2183,13759.2236,12008
2023-09-15T06:30:00.000Z,13759.2236,13946.9815,13759.2236,13783.0405,27786
2023-09-15T13:00:00.000Z,13801.1004,13847.8804,13605.9679,13695.0993,24486
2023-09-15T13:30:00.000Z,13695.0993,13766.2091,13680.2732,13741.4503,9511
2023-09-15T14:00:00.000Z,13741.4503,13801.1293,13718.4192,13738.0843,9851
2023-09-15T14:30:00.000Z,13738.0843,13762.8033,13651.9262,13738.1615,11758
2023-09-18T01:00:00.000Z,13731.6278,13824.1163,13622.1826,13761.5597,15441
2023-09-18T01:30:00.000Z,13761.5597,13903.9551,13721.8047,13833.072,15217
2023-09-18T02:00:00.000Z,13833.072,13895.9509,13826.4411,13853.0179,4079
2023-09-18T02:30:00.000Z,13853.0179,13856.2847,13713.7235,13789.5334,7272
2023-09-18T03:00:00.000Z,13789.5334,13814.2983,13705.2095,13748.1789,10133
2023-09-18T05:30:00.000Z,13741.6452,13809.3995,13731.6091,13763.3932,5891
2023-09-18T06:00:00.000Z,13763.3932,13814.6169,13763.3932,13794.7188,3778
2023-09-18T06:30:00.000Z,13794.7188,13794.7188,13730.2843,13784.8693,5971
2023-09-18T13:00:00.000Z,13813.7467,13960.0314,13781.7336,13834.4556,35698
2023-09-18T13:30:00.000Z,13834.4556,13860.9571,13796.6499,13809.7678,8560
2023-09-18T14:00:00.000Z,13809.7678,13829.5547,13741.9395,13789.6302,10991
2023-09-18T14:30:00.000Z,13789.6302,13811.172,13781.6868,13796.4503,3578
2023-09-19T01:00:00.000Z,13802.9655,13865.7474,13794.7612,13831.1312,7394
2023-09-19T01:30:00.000Z,13831.1312,13869.1355,13761.6323,13771.5257,6270
2023-09-19T02:00:00.000Z,13771.5257,13791.4331,13726.7199,13748.1958,6623
2023-09-19T02:30:00.000Z,13746.5067,13782.4,13717.9391,13741.0581,5949
2023-09-19T03:00:00.000Z,13741.0581,13780.7987,13737.8004,13757.7602,3884
2023-09-19T05:30:00.000Z,13761.0179,13772.8023,13733.2506,13739.8644,4335
2023-09-19T06:00:00.000Z,13739.8644,13777.7929,13706.8826,13743.0342,7461
2023-09-19T06:30:00.000Z,13743.0342,13762.8136,13658.6033,13668.3762,6720
2023-09-19T13:00:00.000Z,13648.2165,13762.377,13645.5222,13741.0615,10956
2023-09-19T13:30:00.000Z,13741.0615,13741.0615,13679.8874,13716.1825,6331
2023-09-19T14:00:00.000Z,13716.1825,13740.8416,13701.2512,13731.0475,3424
2023-09-19T14:30:00.000Z,13731.0475,13850.6388,13711.2616,13763.0086,14104
2023-09-20T01:00:00.000Z,13739.9629,13767.6925,13698.5552,13718.1359,6330
2023-09-20T01:30:00.000Z,13718.1359,13744.4725,13695.0435,13734.6927,3997
2023-09-20T02:00:00.000Z,13734.6927,13741.2126,13565.7053,13610.0649,6181
2023-09-20T02:30:00.000Z,13608.4915,13662.743,13568.8326,13599.8971,12949
2023-09-20T03:00:00.000Z,13599.8971,13674.2878,13596.6372,13624.7486,8168
2023-09-20T05:30:00.000Z,13621.4887,13659.7155,13613.5114,13616.7962,4297
2023-09-20T06:00:00.000Z,13616.7962,13659.5276,13508.8328,13553.2778,11557
2023-09-20T06:30:00.000Z,13553.2778,13564.8241,13518.7471,13531.8876,7295
2023-09-20T13:00:00.000Z,13471.4853,13493.7371,13239.3497,13385.4604,36540
2023-09-20T13:30:00.000Z,13385.4604,13385.4604,13300.8409,13320.6606,10894
2023-09-20T14:00:00.000Z,13320.6606,13342.1639,13255.907,13288.8179,7507
2023-09-20T14:30:00.000Z,13288.8179,13343.6144,13278.9944,13322.161,7927
2023-09-21T01:00:00.000Z,13262.5791,13471.6372,13262.5791,13405.6928,15262
2023-09-21T01:30:00.000Z,13405.6928,13436.9819,13347.7255,13367.4426,7031
2023-09-21T02:00:00.000Z,13367.4426,13413.6364,13367.4426,13403.9415,2434
2023-09-21T02:30:00.000Z,13402.2692,13433.8265,13389.0136,13430.552,3480
2023-09-21T03:00:00.000Z,13430.552,13453.6215,13324.5978,13334.4213,8276
2023-09-21T05:30:00.000Z,13337.6958,13393.8533,13301.2708,13342.5132,6963
2023-09-21T06:00:00.000Z,13342.5132,13385.659,13327.9516,13334.5006,5509
2023-09-21T06:30:00.000Z,13334.5006,13334.5006,13095.5451,13166.1449,21133
2023-09-21T13:00:00.000Z,13214.8301,13329.8845,13205.15,13293.9583,14677
2023-09-21T13:30:00.000Z,13293.9583,13311.8994,13255.8478,13282.0886,4965
2023-09-21T14:00:00.000Z,13282.0886,13321.6281,13250.7687,13293.7479,6205
2023-09-21T14:30:00.000Z,13293.7479,13312.0105,13272.4885,13297.719,3775
2023-09-22T01:00:00.000Z,13294.4923,13315.4269,13287.413,13297.4135,4105
2023-09-22T01:30:00.000Z,13297.4135,13302.3567,13252.6969,13297.2077,4410
2023-09-22T02:00:00.000Z,13297.2077,13330.549,13297.2077,13327.3223,2387
2023-09-22T02:30:00.000Z,13327.3223,13376.891,13327.3223,13337.8071,4846
2023-09-22T03:00:00.000Z,13337.8071,13453.554,13327.9207,13440.7772,8067
2023-09-22T05:30:00.000Z,13440.7772,13440.7772,13381.1607,13410.8912,3489
2023-09-22T06:00:00.000Z,13410.8912,13462.2781,13402.7212,13439.2784,5037
2023-09-22T06:30:00.000Z,13439.2784,13468.8595,13416.3035,13457.5205,7323
2023-09-22T13:00:00.000Z,13486.5694,13532.6208,13380.5818,13388.7231,14099
2023-09-22T13:30:00.000Z,13388.7231,13423.3469,13385.5247,13395.3358,3487
2023-09-22T14:00:00.000Z,13395.3358,13416.5358,13350.5643,13350.5643,3953
2023-09-22T14:30:00.000Z,13350.5643,13383.7047,13307.8038,13373.5285,6935
2023-09-25T01:00:00.000Z,13376.4366,13413.3856,13327.6039,13338.6533,5679
2023-09-25T01:30:00.000Z,13338.6533,13341.8517,13272.9418,13276.1402,4454
2023-09-25T02:00:00.000Z,13276.1402,13300.8546,13276.1402,13277.8846,1957
2023-09-25T02:30:00.000Z,13274.6862,13315.6833,13261.3116,13300.5008,2496
2023-09-25T03:00:00.000Z,13300.5008,13315.3295,13196.2217,13220.9361,5526
2023-09-25T05:30:00.000Z,13202.0378,13289.958,13200.8882,13235.5255,4812
2023-09-25T06:00:00.000Z,13235.5255,13250.3541,13019.1696,13045.3005,13548
2023-09-25T06:30:00.000Z,13045.3005,13196.0425,13043.7293,13174.8171,10701
2023-09-25T13:00:00.000Z,13163.8859,13163.8859,13052.8738,13064.0526,9724
2023-09-25T13:30:00.000Z,13064.0526,13085.1865,12998.1105,13017.8163,9333
2023-09-25T14:00:00.000Z,13017.8163,13030.5481,12972.9977,12985.9769,8280
2023-09-25T14:30:00.000Z,12985.9769,12994.0433,12809.8198,12819.2864,18123
2023-09-26T01:00:00.000Z,12822.4419,12917.2909,12822.4419,12902.6455,7809
2023-09-26T01:30:00.000Z,12902.6455,12935.662,12879.662,12922.5549,5779
2023-09-26T02:00:00.000Z,12922.5549,12930.6025,12900.1148,12914.5224,1997
2023-09-26T02:30:00.000Z,12911.3668,12918.9627,12828.2169,12856.5902,5476
2023-09-26T03:00:00.000Z,12856.5902,12883.5794,12787.3927,12812.2764,7569
2023-09-26T05:30:00.000Z,12812.2764,12871.618,12784.4161,12847.273,6188
2023-09-26T06:00:00.000Z,12847.273,12853.5841,12799.0285,12818.9142,4883
2023-09-26T06:30:00.000Z,12818.9142,12837.0286,12730.0669,12802.7576,10988
