time,open,high,low,close,volume
2016-01-04T16:00:00.000Z,2215.2271,2283.979,2200.4375,2246.7019,8108
2016-01-05T16:00:00.000Z,2247.3372,2286.0068,2242.0952,2270.8948,7290
2016-01-06T16:00:00.000Z,2255.7502,2255.7502,2127.3335,2132.1375,2193
2016-01-07T16:00:00.000Z,2185.3015,2223.1965,2119.2397,2175.3367,8960
2016-01-10T16:00:00.000Z,2151.4199,2168.0017,2087.7427,2091.3196,9446
2016-01-11T16:00:00.000Z,2114.8843,2135.3833,2094.9048,2101.7083,8882
2016-01-12T16:00:00.000Z,2129.8894,2138.2917,2072.8242,2076.1794,10307
2016-01-13T16:00:00.000Z,2023.6887,2105.2529,2023.6887,2096.5742,11679
2016-01-14T16:00:00.000Z,2084.2703,2088.0996,2019.5211,2032.3434,11149
2016-01-17T16:00:00.000Z,2006.1682,2053.3792,2004.4025,2013.6829,7392
2016-01-18T16:00:00.000Z,2023.1505,2080.7363,2007.5612,2069.7239,7927
2016-01-19T16:00:00.000Z,2053.1997,2063.5652,2007.7086,2024.5278,8217
2016-01-20T16:00:00.000Z,2024.7175,2056.8013,1973.1891,1981.3842,9075
2016-01-21T16:00:00.000Z,2013.6781,2021.5759,1976.7692,2012.6439,8821
2016-01-24T16:00:00.000Z,2015.9706,2023.9656,1996.6215,2005.7711,6534
2016-01-25T16:00:00.000Z,1995.1344,1999.0359,1898.5856,1904.7753,8485
2016-01-26T16:00:00.000Z,1918.6733,1925.866,1874.692,1905.5052,8868
2016-01-27T16:00:00.000Z,1902.1757,1918.6353,1872.5719,1881.0139,7468
2016-01-28T16:00:00.000Z,1885.1686,1953.8622,1884.0786,1936.9578,8794
2016-01-31T16:00:00.000Z,1939.4697,1942.3274,1889.0179,1908.4849,7083
2016-02-01T16:00:00.000Z,1907.3976,1955.7896,1907.3976,1943.4641,7111
2016-02-02T16:00:00.000Z,1925.4827,1929.7653,1900.6294,1922.8536,6886
2016-02-03T16:00:00.000Z,1939.606,1961.1301,1929.0759,1950.4941,7533
2016-02-04T16:00:00.000Z,1942.5865,1951.2153,1931.576,1933.4296,5538
2016-02-14T16:00:00.000Z,1899.9944,1929.4702,1890.6136,1915.8837,7519
2016-02-15T16:00:00.000Z,1924.953,1979.8297,1924.953,1967.0645,8803
2016-02-16T16:00:00.000Z,1961.7932,1989.2129,1959.7549,1977.2988,8573
2016-02-17T16:00:00.000Z,1996.0354,2000.3345,1973.1953,1976.882,8424
2016-02-18T16:00:00.000Z,1969.5375,1979.6998,1961.2188,1971.3339,8238
2016-02-21T16:00:00.000Z,1987.9033,2020.557,1972.8118,2006.6997,7614
2016-02-22T16:00:00.000Z,2002.2701,2007.5236,1971.8855,1987.5237,7009
2016-02-23T16:00:00.000Z,1984.4525,2004.3833,1967.3799,1998.5421,7532
2016-02-24T16:00:00.000Z,1994.2295,2000.2906,1882.1791,1896.8622,9787
2016-02-25T16:00:00.000Z,1919.525,1928.1421,1897.3304,1918.2756,8112
2016-02-28T16:00:00.000Z,1910.179,1916.3848,1854.1885,1892.1777,9221
2016-02-29T16:00:00.000Z,1893.7218,1953.6852,1892.187,1933.4268,10140
2016-03-01T16:00:00.000Z,1942.4924,2012.6202,1942.4924,2011.5055,10221
2016-03-02T16:00:00.000Z,2010.343,2020.6401,1996.7135,2010.1792,8264
2016-03-03T16:00:00.000Z,2009.1593,2082.1404,2007.4135,2081.7612,11942
2016-03-06T16:00:00.000Z,2097.6299,2114.2542,2067.4302,2086.2043,9730
2016-03-07T16:00:00.000Z,2080.292,2084.7964,2007.9856,2081.6577,9986
2016-03-08T16:00:00.000Z,2045.0255,2060.4653,2023.5914,2053.9326,9437
2016-03-09T16:00:00.000Z,2052.5574,2072.3909,2023.8718,2023.8718,8244
2016-03-10T16:00:00.000Z,2022.3947,2037.3558,2007.0258,2028.4806,8973
2016-03-13T16:00:00.000Z,2046.4618,2090.2947,2040.3715,2044.4579,11024
2016-03-14T16:00:00.000Z,2047.3088,2054.5928,2020.2286,2052.1284,11120
2016-03-15T16:00:00.000Z,2047.8624,2079.1309,2041.4731,2068.6494,12488
2016-03-16T16:00:00.000Z,2091.0769,2122.7656,2067.6538,2098.0635,14153
2016-03-17T16:00:00.000Z,2099.2676,2134.0767,2092.8213,2114.3196,11982
2016-03-20T16:00:00.000Z,2120.9551,2189.5254,2119.9258,2162.9229,9393
2016-03-21T16:00:00.000Z,2158.9482,2167.698,2145.4302,2148.9082,6729
2016-03-22T16:00:00.000Z,2154.6064,2166.4861,2130.3826,2147.2644,7337
2016-03-23T16:00:00.000Z,2135.7219,2135.7219,2089.1846,2109.6809,7552
2016-03-24T16:00:00.000Z,2113.1523,2131.9404,2113.1523,2119.5952,6185
2016-03-27T16:00:00.000Z,2125.2205,2147.7263,2093.0034,2094.5847,7115
2016-03-28T16:00:00.000Z,2104.3245,2112.1057,2074.4539,2084.0825,7375
2016-03-29T16:00:00.000Z,2104.8218,2142.1553,2102.5642,2138.8198,8776
2016-03-30T16:00:00.000Z,2148.9487,2155.4429,2126.0977,2141.0999,7658
2016-03-31T16:00:00.000Z,2136.229,2148.3572,2098.5725,2148.3,8885
2016-04-04T16:00:00.000Z,2132.957,2173.2715,2126.5713,2158.5532,8353
2016-04-05T16:00:00.000Z,2149.4246,2158.0352,2142.7346,2149.7332,6101
2016-04-06T16:00:00.000Z,2158.9736,2164.8933,2119.7659,2124.2683,7696
2016-04-07T16:00:00.000Z,2113.9644,2120.7703,2097.9714,2107.6145,7181
2016-04-10T16:00:00.000Z,2122.2278,2152.2922,2122.0417,2129.2505,8383
2016-04-11T16:00:00.000Z,2131.7805,2132.7485,2118.2039,2126.5977,8212
2016-04-12T16:00:00.000Z,2142.6138,2185.9478,2138.6821,2156.844,11893
2016-04-13T16:00:00.000Z,2172.5583,2181.4341,2158.8267,2169.1633,11175
2016-04-14T16:00:00.000Z,2170.9299,2180.1697,2164.6821,2169.2134,9904
2016-04-17T16:00:00.000Z,2158.478,2160.3816,2134.2998,2141.7112,6282
2016-04-18T16:00:00.000Z,2155.0498,2159.4141,2136.0315,2145.8584,5849
2016-04-19T16:00:00.000Z,2149.396,2154.3933,2072.405,2111.9197,8865
2016-04-20T16:00:00.000Z,2112.8423,2151.6082,2108.7905,2126.8052,8219
2016-04-21T16:00:00.000Z,2116.5969,2143.9304,2113.1086,2138.2947,6750
2016-04-24T16:00:00.000Z,2130.0645,2132.667,2104.9192,2126.5178,6315
2016-04-25T16:00:00.000Z,2130.2109,2148.7356,2114.6299,2130.6313,6285
2016-04-26T16:00:00.000Z,2134.3379,2137.2515,2113.7305,2120.6082,5269
2016-04-27T16:00:00.000Z,2127.3428,2129.9983,2107.9392,2113.5657,5386
2016-04-28T16:00:00.000Z,2116.156,2123.0674,2110.0828,2112.1584,4731
2016-05-02T16:00:00.000Z,2115.7649,2150.959,2103.8865,2142.2102,6780
2016-05-03T16:00:00.000Z,2137.2336,2139.408,2126.426,2135.6743,5271
2016-05-04T16:00:00.000Z,2130.2773,2133.6653,2124.2751,2132.0874,4716
2016-05-05T16:00:00.000Z,2131.2786,2133.2776,2079.7969,2079.7969,6963
2016-05-08T16:00:00.000Z,2076.8464,2077.8303,2042.4727,2046.9395,6809
2016-05-09T16:00:00.000Z,2040.418,2061.8567,2038.5497,2049.6147,5963
2016-05-10T16:00:00.000Z,2054.6196,2064.6487,2044.6814,2054.4104,6041
2016-05-11T16:00:00.000Z,2050.1729,2063.6267,2031.4978,2058.3689,6558
2016-05-12T16:00:00.000Z,2056.1277,2064.7917,2048.7405,2054.3008,6065
2016-05-15T16:00:00.000Z,2049.7249,2061.5398,2038.1306,2058.2297,6801
2016-05-16T16:00:00.000Z,2059.9368,2062.9822,2043.8828,2054.5254,7529
2016-05-17T16:00:00.000Z,2043.7758,2052.1545,2022.928,2046.6221,9494
2016-05-18T16:00:00.000Z,2042.4514,2057.6602,2039.3853,2044.3209,8593
2016-05-19T16:00:00.000Z,2038.5906,2053.7683,2034.7057,2051.5466,6930
2016-05-22T16:00:00.000Z,2049.7642,2067.4163,2046.7053,2050.5295,5053
2016-05-23T16:00:00.000Z,2049.0103,2051.0566,2032.8579,2038.3452,4958
2016-05-24T16:00:00.000Z,2051.2393,2056.0347,2040.361,2042.8541,5034
2016-05-25T16:00:00.000Z,2044.8901,2059.7529,2031.6921,2043.6483,5605
2016-05-26T16:00:00.000Z,2045.4698,2053.0144,2040.8555,2049.0505,4352
2016-05-29T16:00:00.000Z,2048.4705,2064.0806,2036.0334,2061.9954,5289
2016-05-30T16:00:00.000Z,2062.1377,2136.3677,2062.1377,2132.9729,8520
2016-05-31T16:00:00.000Z,2133.1086,2135.0405,2114.8201,2115.7419,6378
2016-06-01T16:00:00.000Z,2117.4468,2125.0723,2108.1492,2113.7893,4559
2016-06-02T16:00:00.000Z,2124.0762,2134.4182,2113.2644,2129.5789,5664
2016-06-05T16:00:00.000Z,2130.6934,2137.1399,2113.9949,2117.2368,5159
2016-06-06T16:00:00.000Z,2121.5708,2125.3123,2115.3069,2117.4512,4321
2016-06-07T16:00:00.000Z,2118.3713,2118.3713,2099.1475,2111.3235,4884
2016-06-12T16:00:00.000Z,2087.7871,2094.4893,2045.4318,2045.7615,7443
2016-06-13T16:00:00.000Z,2047.3607,2073.5417,2046.2216,2065.7925,8027
2016-06-14T16:00:00.000Z,2046.5381,2086.7627,2042.804,2069.3503,9131
2016-06-15T16:00:00.000Z,2060.9229,2067.3113,2051.1589,2057.4993,7936
2016-06-16T16:00:00.000Z,2055.4231,2078.1155,2055.1838,2063.592,8668
2016-06-19T16:00:00.000Z,2062.2351,2066.3101,2043.4159,2058.155,4824
2016-06-20T16:00:00.000Z,2061.3096,2089.8958,2053.1548,2057.7507,5696
2016-06-21T16:00:00.000Z,2056.8752,2072.4897,2052.3069,2069.5107,4718
2016-06-22T16:00:00.000Z,2072.1531,2072.5742,2055.1865,2062.9785,4844
2016-06-23T16:00:00.000Z,2061.7141,2077.927,2014.1735,2037.1219,6390
2016-06-26T16:00:00.000Z,2044.9647,2063.2383,2042.6768,2061.875,4787
2016-06-27T16:00:00.000Z,2056.6831,2069.9565,2050.6287,2068.1316,4296
2016-06-28T16:00:00.000Z,2070.7178,2092.0376,2070.7178,2088.9324,5169
2016-06-29T16:00:00.000Z,2094.0293,2101.5554,2089.5054,2090.7952,4701
2016-06-30T16:00:00.000Z,2095.9292,2103.1418,2093.3296,2094.6104,4690
2016-07-03T16:00:00.000Z,2091.7815,2139.6025,2091.7815,2128.9712,5742
2016-07-04T16:00:00.000Z,2130.011,2141.8511,2127.4385,2135.9722,4628
2016-07-05T16:00:00.000Z,2130.0088,2134.4587,2116.4927,2132.9753,4771
2016-07-06T16:00:00.000Z,2132.7153,2139.1223,2123.543,2133.4529,4642
2016-07-07T16:00:00.000Z,2128.012,2132.7278,2121.3018,2125.6501,5561
2016-07-10T16:00:00.000Z,2134.0024,2154.8887,2129.3748,2135.7817,7317
2016-07-11T16:00:00.000Z,2137.1235,2187.3613,2136.7944,2185.7937,8132
2016-07-12T16:00:00.000Z,2188.595,2210.8879,2181.9634,2184.3386,9734
2016-07-13T16:00:00.000Z,2184.2319,2188.324,2173.6541,2183.9209,7897
2016-07-14T16:00:00.000Z,2184.1572,2192.6323,2176.1057,2182.9387,7267
2016-07-17T16:00:00.000Z,2180.9058,2192.2542,2170.1497,2171.2607,4148
2016-07-18T16:00:00.000Z,2171.8667,2178.6277,2145.4041,2153.6506,5054
2016-07-19T16:00:00.000Z,2152.9275,2161.2627,2146.5669,2147.0532,4168
2016-07-20T16:00:00.000Z,2149.1245,2167.7395,2148.4836,2161.124,4641
2016-07-21T16:00:00.000Z,2158.2678,2159.803,2138.52,2139.7517,4543
2016-07-24T16:00:00.000Z,2143.9915,2150.8022,2138.7974,2142.7639,3957
2016-07-25T16:00:00.000Z,2137.4946,2172.2351,2134.5439,2170.3274,5079
2016-07-26T16:00:00.000Z,2168.7285,2175.2273,2069.9707,2147.2742,7271
2016-07-27T16:00:00.000Z,2144.5117,2159.26,2137.8438,2154.1118,6037
2016-07-28T16:00:00.000Z,2152.8279,2156.0256,2138.1431,2145.9812,5013
2016-07-31T16:00:00.000Z,2145.5662,2147.3425,2127.5554,2133.3489,4577
2016-08-01T16:00:00.000Z,2136.9885,2142.0427,2127.9346,2134.0281,3296
2016-08-02T16:00:00.000Z,2127.5222,2140.1248,2124.8584,2132.176,3499
2016-08-03T16:00:00.000Z,2132.5605,2134.9758,2117.1523,2131.8088,3595
2016-08-04T16:00:00.000Z,2130.969,2149.8723,2125.8855,2138.3181,4047
2016-08-07T16:00:00.000Z,2138.292,2149.1362,2128.7109,2147.7004,3890
2016-08-08T16:00:00.000Z,2146.2786,2165.2415,2146.1074,2161.0127,4071
2016-08-09T16:00:00.000Z,2161.884,2166.9343,2157.6504,2161.2988,3580
2016-08-10T16:00:00.000Z,2160.5474,2201.8484,2159.5193,2166.1506,6267
2016-08-11T16:00:00.000Z,2164.3442,2213.9617,2164.3442,2209.8018,6387
2016-08-14T16:00:00.000Z,2216.9309,2307.3049,2212.8721,2276.9851,9260
2016-08-15T16:00:00.000Z,2290.5798,2295.9094,2251.6284,2256.7273,10392
2016-08-16T16:00:00.000Z,2256.7083,2269.9912,2238.1755,2249.5061,8535
2016-08-17T16:00:00.000Z,2248.9644,2269.9495,2227.9707,2238.8003,7658
2016-08-18T16:00:00.000Z,2240.7278,2245.3855,2224.1519,2241.4658,6287
2016-08-21T16:00:00.000Z,2242.3323,2249.3525,2225.4512,2230.1997,4271
2016-08-22T16:00:00.000Z,2228.8689,2248.2776,2221.0605,2231.2544,5353
2016-08-23T16:00:00.000Z,2233.3608,2238.8713,2212.0466,2220.8347,4915
2016-08-24T16:00:00.000Z,2215.9226,2215.9226,2192.8347,2207.425,5513
2016-08-25T16:00:00.000Z,2208.7637,2222.5415,2204.968,2206.1956,4699
2016-08-28T16:00:00.000Z,2207.7546,2207.7546,2187.8008,2200.6489,4585
2016-08-29T16:00:00.000Z,2204.1914,2220.5562,2202.4353,2213.8137,4328
2016-08-30T16:00:00.000Z,2211.1677,2229.7117,2208.5972,2222.3708,4444
2016-08-31T16:00:00.000Z,2220.5879,2223.7717,2206.3772,2207.2866,4353
2016-09-01T16:00:00.000Z,2205.3359,2218.5417,2205.3359,2214.3752,5051
2016-09-04T16:00:00.000Z,2219.1409,2234.9558,2216.6843,2216.8281,5056
2016-09-05T16:00:00.000Z,2219.7258,2232.5266,2203.1353,2224.7854,6096
2016-09-06T16:00:00.000Z,2224.6494,2237.2649,2222.1873,2228.5378,5662
2016-09-07T16:00:00.000Z,2228.0002,2229.8164,2222.3811,2225.2173,5218
2016-09-08T16:00:00.000Z,2224.7529,2229.9348,2218.0627,2219.886,5837
2016-09-11T16:00:00.000Z,2189.7429,2190.301,2161.3025,2177.667,9794
2016-09-12T16:00:00.000Z,2180.2107,2183.9897,2173.7317,2176.0557,9859
2016-09-13T16:00:00.000Z,2169.8433,2170.4373,2152.7388,2154.2314,9760
2016-09-18T16:00:00.000Z,2154.75,2169.9995,2154.75,2168.0427,7149
2016-09-19T16:00:00.000Z,2166.4355,2166.5173,2158.8308,2164.7896,3466
2016-09-20T16:00:00.000Z,2164.9795,2171.8906,2162.2783,2168.9248,3536
2016-09-21T16:00:00.000Z,2176.1072,2196.4724,2174.124,2181.8513,4467
2016-09-22T16:00:00.000Z,2182.0547,2185.239,2178.1941,2178.1941,3898
2016-09-25T16:00:00.000Z,2174.6157,2174.6157,2154.3367,2155.8411,5433
2016-09-26T16:00:00.000Z,2151.948,2165.9846,2150.9773,2162.7261,5165
2016-09-27T16:00:00.000Z,2162.373,2162.8416,2153.4319,2157.6216,4077
2016-09-28T16:00:00.000Z,2160.6646,2175.5493,2160.6646,2167.5952,4343
2016-09-29T16:00:00.000Z,2164.6658,2173.3091,2161.323,2167.8254,3429
2016-10-09T16:00:00.000Z,2178.4727,2200.7803,2175.3938,2192.8835,5529
2016-10-10T16:00:00.000Z,2192.9104,2200.6013,2191.4307,2197.6169,5070
2016-10-11T16:00:00.000Z,2194.7905,2194.7905,2187.0522,2189.8076,4006
2016-10-12T16:00:00.000Z,2187.6599,2196.2073,2183.6047,2187.5608,4115
2016-10-13T16:00:00.000Z,2187.5779,2198.9146,2181.2725,2197.6406,4980
2016-10-16T16:00:00.000Z,2195.0847,2195.0847,2162.7983,2176.0979,6045
2016-10-17T16:00:00.000Z,2175.4133,2210.7432,2175.4133,2209.823,7789
2016-10-18T16:00:00.000Z,2210.896,2218.1809,2203.2061,2205.9517,9222
2016-10-19T16:00:00.000Z,2207.447,2215.1743,2206.6365,2210.7209,8846
2016-10-20T16:00:00.000Z,2209.9128,2234.2148,2206.0205,2220.7466,7863
2016-10-23T16:00:00.000Z,2220.2014,2269.0305,2220.2014,2254.0034,5861
2016-10-24T16:00:00.000Z,2253.9524,2256.3462,2246.3086,2248.3291,3660
2016-10-25T16:00:00.000Z,2249.0974,2254.3484,2236.9224,2240.7378,3881
2016-10-26T16:00:00.000Z,2241.564,2242.3372,2229.1165,2236.9006,4096
2016-10-27T16:00:00.000Z,2237.2073,2258.9229,2236.6689,2241.7104,5088
2016-10-30T16:00:00.000Z,2238.1941,2239.855,2217.6775,2237.124,3493
2016-10-31T16:00:00.000Z,2237.3525,2251.8625,2233.9126,2248.5437,4046
2016-11-01T16:00:00.000Z,2241.9258,2243.3882,2229.5481,2233.6108,3626
2016-11-02T16:00:00.000Z,2231.207,2269.8611,2229.9629,2257.2295,5289
2016-11-03T16:00:00.000Z,2257.0649,2271.3105,2253.0122,2257.5134,4291
2016-11-06T16:00:00.000Z,2261.4299,2267.4558,2253.7253,2262.1965,3795
2016-11-07T16:00:00.000Z,2267.6389,2285.208,2264.1025,2273.5918,5155
2016-11-08T16:00:00.000Z,2273.3403,2274.3218,2223.7114,2255.2424,7377
2016-11-09T16:00:00.000Z,2270.3843,2287.9568,2270.3843,2278.9133,6206
2016-11-10T16:00:00.000Z,2275.239,2305.0364,2271.2427,2300.6042,7084
2016-11-13T16:00:00.000Z,2295.3027,2326.5374,2292.7632,2306.4255,8086
2016-11-14T16:00:00.000Z,2306.7595,2308.4773,2295.3542,2300.6841,6934
2016-11-15T16:00:00.000Z,2307.1155,2307.395,2292.3164,2296.7366,8067
2016-11-16T16:00:00.000Z,2292.7126,2301.8789,2281.8408,2301.3167,8774
2016-11-17T16:00:00.000Z,2300.9165,2308.2534,2291.5046,2295.3313,6966
2016-11-20T16:00:00.000Z,2295.1248,2332.156,2290.2185,2316.207,5364
2016-11-21T16:00:00.000Z,2319.6587,2337.8049,2319.6587,2337.5803,5317
2016-11-22T16:00:00.000Z,2337.49,2355.5947,2331.2024,2344.5732,5370
2016-11-23T16:00:00.000Z,2341.1899,2361.9851,2339.2891,2350.6917,4673
2016-11-24T16:00:00.000Z,2353.79,2386.7314,2340.1941,2385.2405,5265
2016-11-27T16:00:00.000Z,2393.1904,2416.5356,2386.9761,2398.0515,5958
2016-11-28T16:00:00.000Z,2392.4729,2452.8552,2385.5889,2439.092,6989
2016-11-29T16:00:00.000Z,2430.0276,2446.3518,2410.4233,2414.9392,7752
2016-11-30T16:00:00.000Z,2419.157,2446.7644,2411.9731,2428.5579,6238
2016-12-01T16:00:00.000Z,2424.791,2430.7153,2400.2705,2407.4421,7415
2016-12-04T16:00:00.000Z,2376.103,2386.9744,2360.4041,2365.5002,7184
2016-12-05T16:00:00.000Z,2370.2539,2375.5957,2359.9121,2361.0435,4987
2016-12-06T16:00:00.000Z,2362.3508,2367.4404,2354.1887,2363.3357,4953
2016-12-07T16:00:00.000Z,2370.0757,2373.1453,2363.3333,2367.886,4904
2016-12-08T16:00:00.000Z,2366.7485,2408.1611,2358.061,2399.7847,6803
2016-12-11T16:00:00.000Z,2399.1123,2411.8242,2356.3191,2371.2937,9459
2016-12-12T16:00:00.000Z,2366.5425,2373.3169,2350.3381,2360.7715,9631
2016-12-13T16:00:00.000Z,2360.3408,2375.1411,2347.553,2348.0425,10122
2016-12-14T16:00:00.000Z,2340.7832,2344.8733,2289.8267,2297.186,12472
2016-12-15T16:00:00.000Z,2296.1108,2305.8684,2287.1606,2288.6196,8768
2016-12-18T16:00:00.000Z,2289.5527,2289.5527,2269.9783,2275.1936,4437
2016-12-19T16:00:00.000Z,2274.9646,2279.8179,2242.7808,2259.5054,5833
2016-12-20T16:00:00.000Z,2265.0891,2288.0142,2262.5349,2283.1443,5245
2016-12-21T16:00:00.000Z,2279.5938,2282.7986,2264.7051,2271.6804,3921
2016-12-22T16:00:00.000Z,2270.3147,2273.6414,2249.7432,2256.2649,3865
2016-12-25T16:00:00.000Z,2247.8882,2280.2593,2229.9282,2275.6548,4798
2016-12-26T16:00:00.000Z,2273.5522,2283.9326,2265.1042,2267.1436,3850
2016-12-27T16:00:00.000Z,2267.1785,2271.8779,2252.7866,2260.2581,4159
2016-12-28T16:00:00.000Z,2255.0608,2271.9712,2251.9072,2258.8567,4472
2016-12-29T16:00:00.000Z,2262.9651,2277.012,2262.9651,2267.0591,3919
2017-01-02T16:00:00.000Z,2270.6091,2304.9441,2267.1584,2291.9841,5091
2017-01-03T16:00:00.000Z,2290.8193,2311.2075,2289.4717,2306.6443,5953
2017-01-04T16:00:00.000Z,2311.5823,2314.9937,2303.9622,2305.9924,5109
2017-01-05T16:00:00.000Z,2307.324,2311.3757,2297.2383,2297.2383,4192
2017-01-08T16:00:00.000Z,2297.9067,2311.2366,2297.6465,2305.8018,3953
2017-01-09T16:00:00.000Z,2305.6431,2310.1038,2298.6814,2300.5896,4802
2017-01-10T16:00:00.000Z,2302.209,2307.5715,2289.7803,2291.1309,5599
2017-01-11T16:00:00.000Z,2291.0088,2297.8953,2280.0342,2282.8423,5822
2017-01-12T16:00:00.000Z,2282.6936,2306.8481,2282.6936,2296.7646,5827
2017-01-15T16:00:00.000Z,2295.4185,2322.334,2277.3501,2317.0991,10538
2017-01-16T16:00:00.000Z,2310.5447,2323.3428,2310.5447,2317.7424,10179
2017-01-17T16:00:00.000Z,2319.0586,2348.4963,2317.3208,2336.895,10317
2017-01-18T16:00:00.000Z,2333.0823,2343.8455,2324.6953,2327.8357,11214
2017-01-19T16:00:00.000Z,2328.8689,2347.5132,2328.5232,2347.1497,8159
2017-01-22T16:00:00.000Z,2350.5134,2358.6614,2337.8345,2344.116,4145
2017-01-23T16:00:00.000Z,2347.1692,2350.8674,2340.6599,2349.3464,3929
2017-01-24T16:00:00.000Z,2343.6353,2356.1699,2339.2974,2355.897,3904
2017-01-25T16:00:00.000Z,2355.8625,2371.4851,2355.8625,2362.2375,3899
2017-02-02T16:00:00.000Z,2365.5435,2367.2493,2335.1658,2338.8848,3851
2017-02-05T16:00:00.000Z,2341.8826,2348.2397,2332.4839,2339.583,5268
2017-02-06T16:00:00.000Z,2338.6509,2343.1792,2326.8955,2330.2673,4582
2017-02-07T16:00:00.000Z,2329.1458,2341.4656,2316.8469,2340.4636,5703
2017-02-08T16:00:00.000Z,2339.7568,2359.0281,2337.0349,2347.4238,5967
2017-02-09T16:00:00.000Z,2351.6084,2365.6638,2351.6084,2358.0479,6709
2017-02-12T16:00:00.000Z,2360.5544,2373.0718,2360.5544,2367.0696,7941
2017-02-13T16:00:00.000Z,2368.0947,2369.614,2360.3081,2362.8005,7966
2017-02-14T16:00:00.000Z,2364.7456,2375.3416,2361.8191,2361.8191,10753
2017-02-15T16:00:00.000Z,2366.217,2369.8564,2357.7256,2365.8311,8679
2017-02-16T16:00:00.000Z,2371.1458,2383.7842,2352.0767,2353.2852,9066
2017-02-19T16:00:00.000Z,2355.3176,2389.0115,2354.8088,2389.0115,8192
2017-02-20T16:00:00.000Z,2390.9375,2401.9597,2383.3989,2385.406,8243
2017-02-21T16:00:00.000Z,2384.6182,2389.5007,2380.0869,2387.8965,6178
2017-02-22T16:00:00.000Z,2386.6553,2392.9944,2371.4575,2376.6143,7127
2017-02-23T16:00:00.000Z,2374.2249,2379.5706,2367.0105,2377.2004,6566
2017-02-26T16:00:00.000Z,2375.5837,2377.1399,2355.021,2361.3208,6192
2017-02-27T16:00:00.000Z,2361.3386,2370.583,2351.2466,2357.5273,5773
2017-02-28T16:00:00.000Z,2360.7988,2373.7197,2357.9561,2359.2573,7215
2017-03-01T16:00:00.000Z,2365.1609,2371.6418,2340.7522,2342.0198,7366
2017-03-02T16:00:00.000Z,2340.7107,2341.1067,2328.3311,2331.8752,6888
2017-03-05T16:00:00.000Z,2333.2861,2343.1826,2329.1497,2334.739,6978
2017-03-06T16:00:00.000Z,2336.0432,2342.3081,2332.1765,2339.6646,6197
2017-03-07T16:00:00.000Z,2336.5034,2348.9048,2335.6309,2342.8386,7018
2017-03-08T16:00:00.000Z,2338.24,2339.0249,2317.2212,2327.5056,9197
2017-03-09T16:00:00.000Z,2326.1719,2330.2056,2321.9119,2321.9119,8916
2017-03-12T16:00:00.000Z,2322.3381,2344.9636,2312.5142,2344.0503,14886
2017-03-13T16:00:00.000Z,2341.3083,2346.4136,2231.8438,2338.51,12024
2017-03-14T16:00:00.000Z,2335.5056,2342.2983,2332.2434,2338.1848,13237
2017-03-15T16:00:00.000Z,2346.3174,2367.1338,2346.3174,2357.6091,15922
2017-03-16T16:00:00.000Z,2358.6355,2360.6462,2325.5034,2330.8223,12569
2017-03-19T16:00:00.000Z,2334.6311,2338.2502,2323.2898,2332.1001,6353
2017-03-20T16:00:00.000Z,2333.5515,2340.1694,2329.8787,2337.7407,6760
2017-03-21T16:00:00.000Z,2332.4551,2334.9016,2313.0579,2321.3425,7723
2017-03-22T16:00:00.000Z,2324.2378,2340.9951,2320.6089,2329.2178,8666
2017-03-23T16:00:00.000Z,2331.8599,2363.7202,2329.2764,2354.7551,9121
2017-03-26T16:00:00.000Z,2352.8003,2366.0979,2343.7124,2346.998,9105
2017-03-27T16:00:00.000Z,2354.1401,2357.8071,2341.1819,2342.0942,6619
2017-03-28T16:00:00.000Z,2345.7051,2351.9688,2337.4043,2345.041,6875
2017-03-29T16:00:00.000Z,2342.0327,2346.199,2328.1455,2335.1079,8591
2017-03-30T16:00:00.000Z,2334.2554,2349.5745,2331.9795,2347.2397,6795
2017-04-04T16:00:00.000Z,2359.3782,2373.8843,2355.0803,2372.8984,8836
2017-04-05T16:00:00.000Z,2372.5996,2378.2356,2362.0437,2372.7083,6764
2017-04-06T16:00:00.000Z,2371.729,2378.3123,2363.7556,2372.0388,6749
2017-04-09T16:00:00.000Z,2372.5081,2375.8096,2364.8127,2366.2456,6100
2017-04-10T16:00:00.000Z,2364.8801,2371.0483,2342.4792,2363.3425,10156
2017-04-11T16:00:00.000Z,2364.8777,2370.4546,2347.8645,2357.6987,7833
2017-04-12T16:00:00.000Z,2351.7485,2362.5046,2351.3809,2356.7646,7629
2017-04-13T16:00:00.000Z,2355.6128,2356.8479,2334.2024,2337.9102,8399
2017-04-16T16:00:00.000Z,2334.5708,2342.2642,2326.3792,2339.6653,11965
2017-04-17T16:00:00.000Z,2338.8232,2338.8232,2323.0867,2323.0867,11622
2017-04-18T16:00:00.000Z,2317.1877,2321.1741,2299.1443,2305.5452,12762
2017-04-19T16:00:00.000Z,2306.8342,2315.8691,2304.4534,2314.9229,11672
2017-04-20T16:00:00.000Z,2313.1599,2322.7363,2312.5596,2318.6523,10041
2017-04-23T16:00:00.000Z,2316.5078,2319.988,2302.4644,2310.8037,7600
2017-04-24T16:00:00.000Z,2314.1577,2323.575,2313.9834,2320.8621,6457
2017-04-25T16:00:00.000Z,2322.2661,2335.0137,2320.8499,2322.3145,7229
2017-04-26T16:00:00.000Z,2318.5471,2329.4888,2310.2119,2327.363,7394
2017-04-27T16:00:00.000Z,2325.9043,2329.8918,2315.4849,2322.6777,5903
2017-05-01T16:00:00.000Z,2323.2239,2328.3037,2314.7974,2314.8489,4886
2017-05-02T16:00:00.000Z,2315.7847,2322.571,2308.0811,2309.8162,5768
2017-05-03T16:00:00.000Z,2308.6792,2315.0085,2301.7273,2302.4717,6338
2017-05-04T16:00:00.000Z,2301.4932,2303.3125,2280.1204,2295.084,8095
2017-05-07T16:00:00.000Z,2294.2319,2301.127,2283.0957,2298.6794,7902
2017-05-08T16:00:00.000Z,2294.3518,2302.8662,2293.0879,2298.8508,6831
2017-05-09T16:00:00.000Z,2301.4404,2314.5034,2301.4404,2303.3359,8602
2017-05-10T16:00:00.000Z,2300.3503,2318.6011,2299.9824,2317.2847,9600
2017-05-11T16:00:00.000Z,2318.762,2351.877,2315.0691,2349.0142,11800
2017-05-14T16:00:00.000Z,2355.1646,2369.7065,2353.9355,2355.0674,10580
2017-05-15T16:00:00.000Z,2353.52,2362.2661,2344.3516,2362.2637,10617
2017-05-16T16:00:00.000Z,2357.4592,2359.7466,2343.4778,2343.4778,11070
2017-05-17T16:00:00.000Z,2333.9087,2340.9963,2330.6367,2334.9431,11530
2017-05-18T16:00:00.000Z,2335.5151,2340.3982,2333.5813,2337.0532,8374
2017-05-21T16:00:00.000Z,2334.2668,2356.7644,2332.2048,2349.9958,7068
2017-05-22T16:00:00.000Z,2350.9241,2381.7185,2348.5447,2378.5623,9032
2017-05-23T16:00:00.000Z,2374.7136,2384.1694,2356.947,2376.4851,10002
2017-05-24T16:00:00.000Z,2375.783,2452.7285,2375.783,2452.707,13094
2017-05-25T16:00:00.000Z,2447.0876,2462.6233,2434.4307,2448.8403,10756
2017-05-30T16:00:00.000Z,2459.5098,2487.072,2437.574,2458.1343,10711
2017-05-31T16:00:00.000Z,2458.5437,2476.6272,2445.9482,2475.8071,9222
2017-06-01T16:00:00.000Z,2475.6882,2482.804,2452.1567,2455.3198,9562
2017-06-04T16:00:00.000Z,2452.8306,2455.4182,2424.1223,2425.9685,9244
2017-06-05T16:00:00.000Z,2426.0171,2446.5896,2423.853,2440.7363,9243
2017-06-06T16:00:00.000Z,2442.467,2469.8027,2440.9016,2461.3201,10271
2017-06-07T16:00:00.000Z,2456.4897,2491.5378,2451.8613,2486.4226,11620
2017-06-08T16:00:00.000Z,2486.0261,2514.9702,2483.929,2498.2695,11462
2017-06-11T16:00:00.000Z,2495.1865,2518.3374,2484.5635,2490.1438,12690
2017-06-12T16:00:00.000Z,2490.2349,2491.8889,2467.8198,2488.572,12778
2017-06-13T16:00:00.000Z,2483.8899,2483.8899,2453.6484,2456.8147,13427
2017-06-14T16:00:00.000Z,2453.1675,2463.345,2433.8982,2439.3835,13742
2017-06-15T16:00:00.000Z,2437.2195,2451.2898,2424.0171,2425.6711,13006
2017-06-18T16:00:00.000Z,2428.1128,2463.865,2423.5845,2462.6323,10136
2017-06-19T16:00:00.000Z,2466.3652,2472.666,2443.5251,2450.4058,9117
2017-06-20T16:00:00.000Z,2462.323,2474.769,2439.8521,2474.7673,10919
2017-06-21T16:00:00.000Z,2472.0916,2518.2183,2469.9841,2484.4102,13671
2017-06-22T16:00:00.000Z,2487.876,2512.1721,2469.4927,2510.9512,12598
2017-06-25T16:00:00.000Z,2510.6936,2536.0571,2509.3818,2520.6135,11401
2017-06-26T16:00:00.000Z,2519.2405,2534.1421,2504.9412,2529.698,10353
2017-06-27T16:00:00.000Z,2523.3855,2533.8403,2509.1355,2509.9546,10258
2017-06-28T16:00:00.000Z,2517.9976,2531.5281,2507.6777,2526.9539,10105
2017-06-29T16:00:00.000Z,2516.0288,2527.0386,2512.0967,2519.0183,8574
2017-07-02T16:00:00.000Z,2521.5537,2523.3169,2496.7358,2504.9028,9537
2017-07-03T16:00:00.000Z,2505.5137,2505.7034,2475.9246,2476.304,10630
2017-07-04T16:00:00.000Z,2478.6331,2527.0342,2478.0073,2526.6587,10629
2017-07-05T16:00:00.000Z,2525.3545,2537.3738,2506.8643,2525.0459,10717
2017-07-06T16:00:00.000Z,2522.3757,2526.5537,2510.3184,2517.4592,9171
2017-07-09T16:00:00.000Z,2514.1418,2536.5364,2510.7649,2529.9216,9064
2017-07-10T16:00:00.000Z,2530.2244,2580.1978,2527.7861,2562.9453,12539
2017-07-11T16:00:00.000Z,2564.4927,2592.0281,2540.979,2549.2893,15230
2017-07-12T16:00:00.000Z,2558.3354,2593.252,2554.5447,2592.9993,12792
2017-07-13T16:00:00.000Z,2594.1963,2622.8184,2586.1335,2622.594,12184
2017-07-16T16:00:00.000Z,2627.1187,2657.8386,2598.6746,2628.1702,16521
2017-07-17T16:00:00.000Z,2625.7947,2638.2378,2596.8206,2615.6926,15540
2017-07-18T16:00:00.000Z,2618.304,2659.8159,2616.2336,2659.8159,17075
2017-07-19T16:00:00.000Z,2656.585,2669.0266,2644.3899,2668.5342,17186
2017-07-20T16:00:00.000Z,2664.2893,2664.2893,2637.2502,2641.6716,13939
2017-07-23T16:00:00.000Z,2637.5442,2669.9658,2633.8608,2662.9382,11380
2017-07-24T16:00:00.000Z,2662.3486,2670.8586,2640.793,2642.7036,11211
2017-07-25T16:00:00.000Z,2644.5479,2663.2463,2619.1887,2631.9277,12906
2017-07-26T16:00:00.000Z,2631.116,2641.8347,2614.9119,2633.0972,11148
2017-07-27T16:00:00.000Z,2630.2222,2642.8142,2621.4412,2635.8259,8954
2017-07-30T16:00:00.000Z,2637.7375,2648.5974,2626.229,2638.7034,8562
2017-07-31T16:00:00.000Z,2642.9053,2683.3176,2638.3484,2682.0493,11634
2017-08-01T16:00:00.000Z,2682.6321,2698.5442,2680.6492,2687.7761,10857
2017-08-02T16:00:00.000Z,2685.55,2695.4048,2646.3538,2647.3264,11893
2017-08-03T16:00:00.000Z,2648.6814,2658.2141,2627.5344,2627.9065,10118
2017-08-06T16:00:00.000Z,2631.8713,2645.7791,2616.7551,2636.6599,9701
2017-08-07T16:00:00.000Z,2640.2734,2643.563,2622.7917,2638.1987,8961
2017-08-08T16:00:00.000Z,2633.8916,2636.5081,2616.9011,2618.8794,8962
2017-08-09T16:00:00.000Z,2620.5786,2636.5247,2587.0586,2607.2615,12560
2017-08-10T16:00:00.000Z,2600.3982,2602.165,2562.228,2562.9338,12820
2017-08-13T16:00:00.000Z,2569.781,2594.9636,2565.9321,2586.8604,11681
2017-08-14T16:00:00.000Z,2589.1458,2618.4958,2588.7742,2604.5295,12112
2017-08-15T16:00:00.000Z,2601.1289,2601.1289,2584.0549,2591.4749,12322
2017-08-16T16:00:00.000Z,2597.3184,2609.0522,2590.4456,2603.9895,12369
2017-08-17T16:00:00.000Z,2599.9106,2624.2363,2594.0454,2616.6716,12611
2017-08-20T16:00:00.000Z,2621.6604,2638.2676,2612.4944,2617.5481,8354
2017-08-21T16:00:00.000Z,2624.5586,2646.0754,2618.9907,2644.8257,9105
2017-08-22T16:00:00.000Z,2644.658,2677.7429,2642.8342,2664.7908,9634
2017-08-23T16:00:00.000Z,2665.4402,2677.4041,2647.644,2652.9275,8878
2017-08-24T16:00:00.000Z,2652.145,2719.1851,2650.7161,2715.7578,12409
2017-08-27T16:00:00.000Z,2726.8328,2776.1533,2723.8486,2746.0854,12973
2017-08-28T16:00:00.000Z,2743.0828,2753.9949,2734.373,2747.3496,9118
2017-08-29T16:00:00.000Z,2749.978,2772.4788,2729.3679,2733.3057,10383
2017-08-30T16:00:00.000Z,2736.2119,2744.2129,2716.1338,2726.5715,10638
2017-08-31T16:00:00.000Z,2729.7617,2746.1165,2711.0049,2719.8411,9711
2017-09-03T16:00:00.000Z,2720.4597,2725.458,2705.063,2720.0544,8902
2017-09-04T16:00:00.000Z,2722.7202,2749.4778,2719.6936,2735.4089,9849
2017-09-05T16:00:00.000Z,2732.5925,2733.9507,2712.5701,2717.925,9608
2017-09-06T16:00:00.000Z,2723.7693,2729.1621,2695.5522,2696.9302,9281
2017-09-07T16:00:00.000Z,2701.6008,2709.1582,2684.8303,2691.2185,9207
2017-09-10T16:00:00.000Z,2699.9233,2718.0007,2680.9517,2686.6536,11869
2017-09-11T16:00:00.000Z,2694.3269,2706.1221,2683.4858,2703.0669,13683
2017-09-12T16:00:00.000Z,2702.136,2704.7493,2689.0095,2695.5483,11993
2017-09-13T16:00:00.000Z,2698.6169,2705.6057,2672.6411,2679.0432,14568
2017-09-14T16:00:00.000Z,2678.8528,2687.8135,2668.7209,2681.5862,14512
2017-09-17T16:00:00.000Z,2689.77,2712.6489,2689.2612,2694.9387,9274
2017-09-18T16:00:00.000Z,2698.8855,2705.3398,2675.3032,2682.626,10193
2017-09-19T16:00:00.000Z,2681.8621,2690.7507,2675.3574,2680.2422,9276
2017-09-20T16:00:00.000Z,2679.6577,2706.929,2675.3579,2690.9749,10334
2017-09-21T16:00:00.000Z,2685.833,2699.9146,2676.0227,2688.5803,9637
2017-09-24T16:00:00.000Z,2686.3271,2694.3525,2677.7092,2686.3579,8433
2017-09-25T16:00:00.000Z,2686.0972,2695.0742,2684.3872,2690.3386,6478
2017-09-26T16:00:00.000Z,2690.5002,2690.5002,2671.7478,2673.4561,7738
2017-09-27T16:00:00.000Z,2675.2075,2678.8926,2663.8438,2677.7966,7019
2017-09-28T16:00:00.000Z,2679.9778,2698.4541,2678.6853,2689.7151,8059
2017-10-08T16:00:00.000Z,2747.6023,2755.1348,2703.0481,2707.6335,10595
2017-10-09T16:00:00.000Z,2711.5723,2722.8496,2691.7786,2706.4192,10326
2017-10-10T16:00:00.000Z,2712.1965,2725.7336,2708.0854,2718.7141,9507
2017-10-11T16:00:00.000Z,2718.79,2732.9387,2712.5645,2727.321,8576
2017-10-12T16:00:00.000Z,2726.0042,2731.2344,2721.7781,2728.8962,7507
2017-10-15T16:00:00.000Z,2733.9788,2747.4224,2729.7844,2734.4343,11878
2017-10-16T16:00:00.000Z,2736.2302,2743.0503,2730.1023,2734.2061,10185
2017-10-17T16:00:00.000Z,2736.1514,2755.5151,2734.6047,2754.2488,13018
2017-10-18T16:00:00.000Z,2756.2681,2760.177,2752.6865,2756.0911,12269
2017-10-19T16:00:00.000Z,2754.2271,2754.2271,2742.5806,2743.8716,11233
2017-10-22T16:00:00.000Z,2752.8918,2753.7209,2737.2959,2746.792,6237
2017-10-23T16:00:00.000Z,2745.123,2766.9712,2742.2488,2757.8469,9183
2017-10-24T16:00:00.000Z,2758.3171,2763.3394,2752.2185,2757.9878,7352
2017-10-25T16:00:00.000Z,2761.0046,2794.1267,2756.1714,2785.7585,9777
2017-10-26T16:00:00.000Z,2785.0925,2824.8308,2783.6501,2824.3608,9868
2017-10-29T16:00:00.000Z,2823.3953,2832.5342,2791.4431,2805.3491,13397
2017-10-30T16:00:00.000Z,2800.825,2804.8474,2792.3438,2803.2056,7986
2017-10-31T16:00:00.000Z,2807.5686,2825.7083,2790.74,2796.5576,10522
2017-11-01T16:00:00.000Z,2797.9746,2802.801,2784.948,2802.1633,8972
2017-11-02T16:00:00.000Z,2801.7908,2804.8958,2780.0037,2799.8821,10369
2017-11-05T16:00:00.000Z,2800.0706,2802.2869,2784.0117,2798.71,9192
2017-11-06T16:00:00.000Z,2801.624,2836.678,2801.615,2831.7258,10701
2017-11-07T16:00:00.000Z,2831.3398,2853.7324,2822.884,2827.5166,11105
2017-11-08T16:00:00.000Z,2828.1333,2840.8254,2821.5725,2839.7693,8618
2017-11-09T16:00:00.000Z,2837.5483,2875.594,2834.8743,2871.9099,10656
2017-11-12T16:00:00.000Z,2878.7388,2893.8516,2876.2144,2882.3516,10300
2017-11-13T16:00:00.000Z,2885.166,2889.3125,2866.8157,2868.7273,11953
2017-11-14T16:00:00.000Z,2862.4565,2873.3308,2854.2415,2856.8933,12438
2017-11-15T16:00:00.000Z,2856.6711,2891.5559,2855.4583,2887.9165,13711
2017-11-16T16:00:00.000Z,2887.9617,2935.1104,2885.6321,2934.7463,14282
2017-11-19T16:00:00.000Z,2929.5298,2950.2141,2906.7468,2949.1628,12379
2017-11-20T16:00:00.000Z,2944.2034,3027.2422,2941.4624,3004.9087,14111
2017-11-21T16:00:00.000Z,3019.8132,3052.7053,3005.8162,3025.2725,13924
2017-11-22T16:00:00.000Z,3023.2605,3036.0647,2922.302,2945.6086,16652
2017-11-23T16:00:00.000Z,2954.397,2964.0701,2923.9048,2946.6104,14176
2017-11-26T16:00:00.000Z,2945.4578,2946.2285,2897.9048,2920.1252,14958
2017-11-27T16:00:00.000Z,2915.1392,2920.9863,2889.6501,2906.1208,11633
2017-11-28T16:00:00.000Z,2918.7798,2929.6836,2867.72,2897.9841,14251
2017-11-29T16:00:00.000Z,2891.519,2909.8301,2859.2156,2862.1702,13772
2017-11-30T16:00:00.000Z,2867.8894,2874.4397,2838.4409,2844.9041,13179
2017-12-03T16:00:00.000Z,2837.4294,2878.0911,2828.2412,2862.9524,12823
2017-12-04T16:00:00.000Z,2856.4063,2922.3364,2853.1287,2909.5244,14977
2017-12-05T16:00:00.000Z,2905.5085,2905.5085,2846.4583,2871.8892,14960
2017-12-06T16:00:00.000Z,2873.5022,2883.9509,2830.8115,2846.1516,14008
2017-12-07T16:00:00.000Z,2848.6125,2883.0503,2839.2856,2872.5125,13380
2017-12-10T16:00:00.000Z,2876.4807,2906.3743,2867.0874,2906.3743,12621
2017-12-11T16:00:00.000Z,2905.7471,2911.4707,2855.2524,2856.3784,13580
2017-12-12T16:00:00.000Z,2860.0146,2890.2781,2846.4819,2880.8127,14570
2017-12-13T16:00:00.000Z,2886.0833,2891.6917,2851.9854,2862.0173,14910
2017-12-14T16:00:00.000Z,2861.0081,2861.3953,2826.0315,2831.0781,16301
2017-12-17T16:00:00.000Z,2835.7151,2861.7361,2833.0149,2844.5139,10658
2017-12-18T16:00:00.000Z,2846.7944,2889.0225,2846.2043,2887.3533,10311
2017-12-19T16:00:00.000Z,2889.8604,2901.0947,2877.2656,2889.3113,10123
2017-12-20T16:00:00.000Z,2882.564,2928.4277,2875.4478,2913.5847,12105
2017-12-21T16:00:00.000Z,2913.6465,2919.0596,2893.9636,2896.8364,8713
2017-12-24T16:00:00.000Z,2896.8623,2934.6904,2887.8298,2895.7644,11447
2017-12-25T16:00:00.000Z,2898.6482,2921.4209,2890.4058,2917.2227,11273
2017-12-26T16:00:00.000Z,2915.0176,2916.4404,2847.1309,2851.2485,12522
2017-12-27T16:00:00.000Z,2858.6997,2889.1074,2850.428,2874.7612,11294
2017-12-28T16:00:00.000Z,2879.6714,2894.4966,2867.7949,2877.8408,9176
2018-01-01T16:00:00.000Z,2882.1292,2927.7532,2882.1292,2926.9114,11597
2018-01-02T16:00:00.000Z,2928.6704,2958.385,2923.2024,2930.0706,13015
2018-01-03T16:00:00.000Z,2935.2056,2947.9426,2925.8677,2936.3862,10947
2018-01-04T16:00:00.000Z,2938.5249,2953.1221,2932.3552,2950.9661,10330
2018-01-07T16:00:00.000Z,2953.99,2966.0476,2943.2864,2958.1414,10073
2018-01-08T16:00:00.000Z,2957.7173,2986.6514,2957.4873,2986.6514,9924
2018-01-09T16:00:00.000Z,2986.9824,3009.2942,2976.2434,3007.0713,12155
2018-01-10T16:00:00.000Z,3002.9114,3018.3081,2994.9368,3006.7048,10883
2018-01-11T16:00:00.000Z,3009.6914,3034.2849,3007.6179,3034.1484,11156
2018-01-14T16:00:00.000Z,3038.7314,3079.1008,3033.7432,3058.7122,14722
2018-01-15T16:00:00.000Z,3057.0708,3085.4099,3050.2166,3085.4099,15077
2018-01-16T16:00:00.000Z,3086.0725,3142.6392,3077.5811,3088.3792,20846
2018-01-17T16:00:00.000Z,3108.3799,3140.7776,3101.4812,3126.6445,19089
2018-01-18T16:00:00.000Z,3144.4397,3156.158,3124.157,3137.0027,18999
2018-01-21T16:00:00.000Z,3131.8176,3158.4365,3129.3096,3152.2468,14144
2018-01-22T16:00:00.000Z,3163.7019,3201.2942,3163.7019,3200.5664,15606
2018-01-23T16:00:00.000Z,3207.0383,3219.0425,3169.5886,3194.6006,17562
2018-01-24T16:00:00.000Z,3194.3101,3194.3101,3147.1165,3170.5396,16860
2018-01-25T16:00:00.000Z,3168.0056,3218.3296,3167.5488,3196.2954,15385
2018-01-28T16:00:00.000Z,3206.3052,3217.1414,3124.5154,3134.644,18938
2018-01-29T16:00:00.000Z,3131.2637,3145.5969,3093.6489,3093.926,15690
2018-01-30T16:00:00.000Z,3084.0901,3133.7056,3082.8965,3132.1042,17743
2018-01-31T16:00:00.000Z,3133.6526,3153.1716,3115.0591,3146.7002,16986
2018-02-01T16:00:00.000Z,3127.9915,3169.8984,3096.9817,3166.1265,17813
2018-02-04T16:00:00.000Z,3125.8342,3202.1692,3125.5002,3200.5652,16978
2018-02-05T16:00:00.000Z,3158.2305,3171.3264,3103.6868,3110.9534,23879
2018-02-06T16:00:00.000Z,3153.4495,3177.8213,3019.8945,3022.3848,27631
2018-02-07T16:00:00.000Z,3008.4189,3031.1394,2915.1038,2939.2168,23992
2018-02-08T16:00:00.000Z,2886.658,2887.8638,2681.6292,2771.8254,30494
2018-02-11T16:00:00.000Z,2786.54,2818.7861,2767.9031,2789.429,22157
2018-02-12T16:00:00.000Z,2819.3899,2879.9875,2819.3899,2839.1782,19930
2018-02-13T16:00:00.000Z,2849.2324,2876.0217,2839.7041,2866.9485,15076
2018-02-21T16:00:00.000Z,2912.0754,2926.5623,2891.6777,2917.6367,14049
2018-02-22T16:00:00.000Z,2928.3662,2958.2153,2920.3923,2954.3967,13528
2018-02-25T16:00:00.000Z,2972.938,2988.6238,2931.9658,2973.1133,15548
2018-02-26T16:00:00.000Z,2981.3171,2982.4565,2915.1506,2918.0542,15721
2018-02-27T16:00:00.000Z,2900.0464,2906.7932,2861.1584,2868.7424,16712
2018-02-28T16:00:00.000Z,2853.4456,2909.3767,2849.804,2886.4326,16326
2018-03-01T16:00:00.000Z,2863.0059,2889.4229,2851.2178,2861.6062,14505
2018-03-04T16:00:00.000Z,2869.9302,2897.7749,2838.5847,2855.7041,15003
2018-03-05T16:00:00.000Z,2880.4475,2897.342,2833.7004,2896.5237,17698
2018-03-06T16:00:00.000Z,2893.3474,2926.4907,2859.2803,2872.8713,17702
2018-03-07T16:00:00.000Z,2883.9954,2903.8743,2866.1462,2899.2507,15341
2018-03-08T16:00:00.000Z,2907.5837,2919.4551,2888.2424,2907.7566,14193
2018-03-11T16:00:00.000Z,2926.5605,2931.0239,2901.0364,2909.3772,15351
2018-03-12T16:00:00.000Z,2913.0352,2922.646,2868.7273,2871.249,17684
2018-03-13T16:00:00.000Z,2866.0386,2877.6838,2855.9204,2863.0898,16874
2018-03-14T16:00:00.000Z,2854.4858,2894.9294,2853.5847,2894.7439,17653
2018-03-15T16:00:00.000Z,2892.0703,2909.77,2865.9155,2868.0139,16922
2018-03-18T16:00:00.000Z,2865.8218,2893.6089,2852.5056,2893.5071,13009
2018-03-19T16:00:00.000Z,2878.8481,2903.7539,2870.2529,2895.7969,13101
2018-03-20T16:00:00.000Z,2922.3059,2927.6135,2870.1729,2878.8235,15177
2018-03-21T16:00:00.000Z,2888.8108,2898.855,2841.7327,2854.0161,16020
2018-03-22T16:00:00.000Z,2777.6467,2785.9167,2717.0215,2727.3889,20452
2018-03-25T16:00:00.000Z,2738.9631,2753.0066,2691.3816,2722.6262,18636
2018-03-26T16:00:00.000Z,2756.1667,2763.9561,2710.0811,2733.106,16202
2018-03-27T16:00:00.000Z,2709.4739,2737.905,2663.1299,2663.8701,18339
2018-03-28T16:00:00.000Z,2678.3235,2741.8398,2640.3354,2727.5408,21228
2018-03-29T16:00:00.000Z,2726.5984,2733.4407,2704.2463,2707.428,14935
2018-04-01T16:00:00.000Z,2711.3921,2748.7949,2689.4028,2691.1553,15938
2018-04-02T16:00:00.000Z,2676.8223,2705.4956,2669.8762,2696.3784,16334
2018-04-03T16:00:00.000Z,2703.7068,2725.6753,2687.095,2692.0876,14710
2018-04-08T16:00:00.000Z,2703.6208,2718.7803,2683.1091,2711.7334,13858
2018-04-09T16:00:00.000Z,2713.4277,2777.9485,2704.906,2776.4424,18073
2018-04-10T16:00:00.000Z,2777.7742,2794.2998,2761.7092,2773.5408,16241
2018-04-11T16:00:00.000Z,2777.3723,2777.75,2738.6582,2740.394,14533
2018-04-12T16:00:00.000Z,2750.7307,2763.3359,2708.8733,2712.9045,15660
2018-04-15T16:00:00.000Z,2712.3171,2716.1565,2647.7007,2647.7007,17228
2018-04-16T16:00:00.000Z,2655.2974,2679.6445,2617.2346,2624.6968,20153
2018-04-17T16:00:00.000Z,2656.9119,2657.1633,2618.1414,2639.7007,22933
2018-04-18T16:00:00.000Z,2650.1858,2689.6685,2645.252,2679.394,20531
2018-04-19T16:00:00.000Z,2671.6006,2673.4978,2621.2354,2630.677,20949
2018-04-22T16:00:00.000Z,2629.8997,2667.283,2625.5085,2658.6917,18054
2018-04-23T16:00:00.000Z,2667.9966,2734.3806,2667.9197,2721.5994,18828
2018-04-24T16:00:00.000Z,2710.0898,2718.168,2694.0867,2700.1362,13999
2018-04-25T16:00:00.000Z,2710.2266,2719.0852,2647.2434,2658.7061,15901
2018-04-26T16:00:00.000Z,2669.4656,2670.8577,2609.4614,2647.939,18540
2018-05-01T16:00:00.000Z,2664.7832,2671.1431,2634.9575,2653.4683,14005
2018-05-02T16:00:00.000Z,2643.877,2671.9946,2623.9575,2657.8303,15719
2018-05-03T16:00:00.000Z,2658.8516,2666.5427,2635.5781,2636.2131,12613
2018-05-06T16:00:00.000Z,2647.5298,2678.3601,2628.6948,2674.0313,15256
2018-05-07T16:00:00.000Z,2679.1389,2728.1968,2675.7185,2715.6589,16357
2018-05-08T16:00:00.000Z,2716.5745,2719.6643,2697.9048,2709.3857,12497
2018-05-09T16:00:00.000Z,2719.76,2737.3113,2705.3865,2725.3467,13766
2018-05-10T16:00:00.000Z,2734.5112,2737.1641,2715.5254,2720.1062,13221
2018-05-13T16:00:00.000Z,2732.7424,2756.0686,2729.1702,2747.655,14567
2018-05-14T16:00:00.000Z,2751.9023,2752.8765,2722.8835,2741.554,14535
2018-05-15T16:00:00.000Z,2732.3936,2736.8867,2700.6636,2704.9004,15318
2018-05-16T16:00:00.000Z,2712.5454,2713.6296,2686.2969,2687.2319,15933
2018-05-17T16:00:00.000Z,2691.2578,2729.8005,2680.3499,2728.9021,17297
2018-05-20T16:00:00.000Z,2748.3101,2758.1484,2723.1143,2730.4482,13927
2018-05-21T16:00:00.000Z,2731.3848,2732.7483,2694.0376,2711.2087,12875
2018-05-22T16:00:00.000Z,2699.3755,2703.7544,2660.5579,2661.325,14002
2018-05-23T16:00:00.000Z,2662.8645,2677.2627,2644.4619,2645.6504,12751
2018-05-24T16:00:00.000Z,2649.1335,2667.4873,2633.3064,2643.054,12996
2018-05-27T16:00:00.000Z,2648.9807,2675.6624,2641.822,2660.6692,14633
2018-05-28T16:00:00.000Z,2652.0989,2662.5205,2624.5986,2641.7876,15392
2018-05-29T16:00:00.000Z,2617.3311,2623.3005,2583.2495,2585.0952,16360
2018-05-30T16:00:00.000Z,2603.5142,2642.6821,2600.7813,2637.1016,17027
2018-05-31T16:00:00.000Z,2633.5874,2640.3926,2613.782,2625.0388,15373
2018-06-03T16:00:00.000Z,2637.2561,2674.3848,2637.2561,2669.9019,14800
2018-06-04T16:00:00.000Z,2667.7278,2688.2261,2658.4509,2679.5459,14093
2018-06-05T16:00:00.000Z,2678.9768,2678.9768,2666.7927,2671.1938,10894
2018-06-06T16:00:00.000Z,2679.1575,2704.0193,2675.0071,2679.3601,13742
2018-06-07T16:00:00.000Z,2669.6921,2669.6921,2621.1099,2630.1135,13365
2018-06-10T16:00:00.000Z,2626.7708,2652.1331,2619.1443,2647.322,14824
2018-06-11T16:00:00.000Z,2646.2898,2681.6631,2637.9509,2671.988,16639
2018-06-12T16:00:00.000Z,2665.9341,2669.2043,2647.3921,2651.6326,14964
2018-06-13T16:00:00.000Z,2643.8582,2679.5762,2641.6741,2655.5901,17732
2018-06-14T16:00:00.000Z,2649.6233,2667.8772,2646.3125,2646.6094,19303
2018-06-18T16:00:00.000Z,2610.2737,2627.9783,2531.3572,2556.729,19372
2018-06-19T16:00:00.000Z,2557.5439,2582.4185,2544.2017,2571.7927,14878
2018-06-20T16:00:00.000Z,2572.5918,2604.7073,2546.4233,2551.8792,16428
2018-06-21T16:00:00.000Z,2546.2085,2566.6106,2535.2471,2557.4131,15115
2018-06-24T16:00:00.000Z,2561.6516,2570.1799,2499.5952,2500.3127,15436
2018-06-25T16:00:00.000Z,2488.9927,2495.321,2440.1516,2477.7085,17521
2018-06-26T16:00:00.000Z,2475.4897,2489.1804,2404.7258,2412.5789,18304
2018-06-27T16:00:00.000Z,2399.0894,2441.3674,2390.6399,2402.2217,17804
2018-06-28T16:00:00.000Z,2408.9741,2462.4521,2408.9741,2454.9805,17326
2018-07-01T16:00:00.000Z,2450.0579,2450.3188,2324.3694,2340.6514,19607
2018-07-02T16:00:00.000Z,2362.7161,2371.5044,2299.3762,2359.2754,21416
2018-07-03T16:00:00.000Z,2357.0171,2379.2041,2334.3447,2342.1841,16847
2018-07-04T16:00:00.000Z,2342.2839,2374.4849,2322.2268,2341.4084,19630
2018-07-05T16:00:00.000Z,2347.6851,2401.5762,2322.5144,2378.7971,22385
2018-07-08T16:00:00.000Z,2394.3325,2453.01,2391.6763,2452.7891,17891
2018-07-09T16:00:00.000Z,2456.9106,2458.8096,2426.2263,2446.9546,16551
2018-07-10T16:00:00.000Z,2396.2991,2419.0081,2375.0762,2408.3271,18647
2018-07-11T16:00:00.000Z,2408.3479,2480.2742,2408.3479,2461.8884,17275
2018-07-12T16:00:00.000Z,2468.1367,2470.4202,2453.2957,2462.0977,12663
2018-07-15T16:00:00.000Z,2461.8176,2477.8918,2430.1877,2441.7375,16629
2018-07-16T16:00:00.000Z,2442.177,2446.157,2411.4604,2428.1809,17412
2018-07-17T16:00:00.000Z,2440.3096,2460.948,2414.3186,2415.9934,19236
2018-07-18T16:00:00.000Z,2431.3481,2454.6528,2418.1399,2430.7949,18966
2018-07-19T16:00:00.000Z,2425.7544,2501.0344,2409.7129,2493.7839,23711
2018-07-22T16:00:00.000Z,2487.8142,2533.2837,2483.8535,2522.2222,17979
2018-07-23T16:00:00.000Z,2530.876,2579.0088,2530.7681,2558.6995,17855
2018-07-24T16:00:00.000Z,2572.7275,2572.7275,2548.7856,2555.335,13690
2018-07-25T16:00:00.000Z,2563.3428,2574.9312,2522.8359,2524.0972,15955
2018-07-26T16:00:00.000Z,2527.1616,2543.033,2515.2666,2529.8892,14188
2018-07-29T16:00:00.000Z,2531.5818,2565.3896,2520.2285,2541.6033,17059
2018-07-30T16:00:00.000Z,2538.8542,2560.4429,2526.9067,2547.6604,15182
2018-07-31T16:00:00.000Z,2561.5195,2576.7703,2485.2178,2485.2178,20140
2018-08-01T16:00:00.000Z,2482.9573,2488.9587,2411.3562,2435.1252,21330
2018-08-02T16:00:00.000Z,2436.7781,2450.9836,2406.2439,2406.7729,17290
2018-08-05T16:00:00.000Z,2416.5134,2447.9663,2391.3767,2407.6409,19712
2018-08-06T16:00:00.000Z,2420.606,2481.6377,2411.4048,2479.5635,19285
2018-08-07T16:00:00.000Z,2477.4983,2481.5232,2437.1245,2443.4949,17435
2018-08-08T16:00:00.000Z,2437.3833,2512.9419,2435.8616,2501.6375,19395
2018-08-09T16:00:00.000Z,2507.2427,2518.0098,2482.5122,2500.7466,16120
2018-08-12T16:00:00.000Z,2484.344,2488.019,2438.2551,2475.8433,19482
2018-08-13T16:00:00.000Z,2478.1724,2484.7559,2450.667,2469.3052,18523
2018-08-14T16:00:00.000Z,2465.0461,2467.9871,2398.9143,2402.5505,19997
2018-08-15T16:00:00.000Z,2376.8433,2435.1765,2360.8547,2407.1909,25151
2018-08-16T16:00:00.000Z,2426.9307,2431.7295,2367.6797,2374.1025,20326
2018-08-19T16:00:00.000Z,2382.8872,2413.052,2370.4341,2410.7856,18822
2018-08-20T16:00:00.000Z,2412.835,2464.3909,2412.0083,2448.6826,18151
2018-08-21T16:00:00.000Z,2452.5564,2455.5168,2432.2234,2449.6443,14180
2018-08-22T16:00:00.000Z,2451.4292,2476.0847,2429.2632,2455.7148,19611
2018-08-23T16:00:00.000Z,2447.5879,2495.8638,2435.7454,2474.7861,19525
2018-08-26T16:00:00.000Z,2490.9583,2522.1714,2480.3374,2518.918,17820
2018-08-27T16:00:00.000Z,2523.5769,2533.9973,2503.0393,2508.1008,13903
2018-08-28T16:00:00.000Z,2505.613,2515.1909,2499.3384,2505.2932,12279
2018-08-29T16:00:00.000Z,2508.4753,2522.1768,2478.4109,2483.5259,14917
2018-08-30T16:00:00.000Z,2464.8831,2494.6548,2456.6711,2470.9817,17723
2018-09-02T16:00:00.000Z,2463.9478,2473.1345,2443.7642,2461.4636,15211
2018-09-03T16:00:00.000Z,2462.6313,2511.4622,2448.9753,2502.3401,19265
2018-09-04T16:00:00.000Z,2492.6379,2495.905,2432.7949,2434.1917,17748
2018-09-05T16:00:00.000Z,2432.2996,2452.3081,2407.6985,2413.5972,18537
2018-09-06T16:00:00.000Z,2427.0122,2461.5562,2416.0342,2441.8955,19857
2018-09-09T16:00:00.000Z,2434.5591,2445.7163,2414.1765,2418.5178,15664
2018-09-10T16:00:00.000Z,2418.9458,2429.9075,2390.7302,2399.9507,17064
2018-09-11T16:00:00.000Z,2392.635,2406.5005,2378.2773,2386.0159,16506
2018-09-12T16:00:00.000Z,2418.6855,2427.5747,2389.7668,2421.8113,19874
2018-09-13T16:00:00.000Z,2426.5234,2441.4792,2416.4492,2430.2866,16441
2018-09-16T16:00:00.000Z,2419.4592,2421.5417,2402.4895,2403.9517,13996
2018-09-17T16:00:00.000Z,2397.4851,2471.9597,2396.0315,2468.9866,21480
2018-09-18T16:00:00.000Z,2464.2771,2508.8916,2463.7278,2489.3621,22559
2018-09-19T16:00:00.000Z,2495.5334,2508.8865,2490.1814,2496.011,18463
2018-09-20T16:00:00.000Z,2505.0581,2587.6365,2497.3291,2587.1536,25159
2018-09-24T16:00:00.000Z,2571.1899,2574.3049,2549.5828,2560.6797,15551
2018-09-25T16:00:00.000Z,2571.7966,2623.6335,2568.8313,2595.7954,21198
2018-09-26T16:00:00.000Z,2595.0784,2598.2449,2572.7224,2585.938,16812
2018-09-27T16:00:00.000Z,2595.7905,2632.5449,2592.4004,2612.6072,20187
2018-10-07T16:00:00.000Z,2548.1458,2560.5283,2488.0288,2488.9382,21443
2018-10-08T16:00:00.000Z,2492.3281,2521.9121,2486.5894,2504.0181,19491
2018-10-09T16:00:00.000Z,2510.5903,2529.9482,2479.5361,2504.9072,20424
2018-10-10T16:00:00.000Z,2426.8755,2454.2893,2371.1567,2392.0586,26210
2018-10-11T16:00:00.000Z,2407.8887,2462.2119,2399.1379,2452.0283,24177
2018-10-14T16:00:00.000Z,2451.5618,2456.4487,2414.9712,2421.0867,19338
2018-10-15T16:00:00.000Z,2429.8674,2470.3704,2414.2366,2426.0913,23539
2018-10-16T16:00:00.000Z,2462.8364,2465.3235,2388.4265,2433.8259,29570
2018-10-17T16:00:00.000Z,2421.1345,2425.1301,2376.6907,2376.6907,25284
2018-10-18T16:00:00.000Z,2367.2573,2453.1013,2357.8987,2438.1514,32198
2018-10-21T16:00:00.000Z,2471.3716,2577.7051,2471.3716,2554.9607,28916
2018-10-22T16:00:00.000Z,2553.429,2557.3459,2459.5637,2468.8113,26351
2018-10-23T16:00:00.000Z,2469.7385,2540.8162,2469.7385,2483.4961,29877
2018-10-24T16:00:00.000Z,2431.1868,2497.6833,2425.6089,2493.0972,27663
2018-10-25T16:00:00.000Z,2501.1506,2512.6287,2450.6606,2473.6377,26916
2018-10-28T16:00:00.000Z,2476.2695,2481.6943,2383.3279,2394.6968,25887
2018-10-29T16:00:00.000Z,2396.093,2455.6235,2395.4343,2424.1138,28802
2018-10-30T16:00:00.000Z,2433.9075,2467.9065,2419.4299,2452.2686,25599
2018-10-31T16:00:00.000Z,2482.4729,2506.533,2459.1121,2462.9556,26574
2018-11-01T16:00:00.000Z,2529.7297,2549.6917,2494.5662,2548.6343,29334
2018-11-04T16:00:00.000Z,2524.73,2532.7249,2496.0837,2514.6238,22365
2018-11-05T16:00:00.000Z,2516.6953,2517.252,2486.6294,2503.9109,20012
2018-11-06T16:00:00.000Z,2511.282,2529.967,2479.9045,2485.1729,24482
2018-11-07T16:00:00.000Z,2507.7993,2520.1306,2486.8577,2494.7646,21610
2018-11-08T16:00:00.000Z,2478.8943,2478.8943,2438.8755,2439.9751,21032
2018-11-11T16:00:00.000Z,2438.3765,2454.3682,2430.7366,2448.3469,19893
2018-11-12T16:00:00.000Z,2421.2424,2481.4094,2419.759,2465.751,25078
2018-11-13T16:00:00.000Z,2464.2573,2465.5398,2424.7014,2430.613,23154
2018-11-14T16:00:00.000Z,2436.4275,2465.1814,2430.97,2463.5596,24273
2018-11-15T16:00:00.000Z,2463.4561,2489.4465,2444.3303,2465.9775,25243
2018-11-18T16:00:00.000Z,2471.6665,2502.7124,2469.3381,2501.6599,20111
2018-11-19T16:00:00.000Z,2487.9207,2492.5718,2447.8303,2458.0242,20767
2018-11-20T16:00:00.000Z,2440.7703,2465.8784,2439.373,2455.6497,17370
2018-11-21T16:00:00.000Z,2461.687,2461.8604,2426.28,2442.8682,18251
2018-11-22T16:00:00.000Z,2435.8169,2448.7227,2405.7708,2407.5457,18835
2018-11-25T16:00:00.000Z,2415.7627,2430.1284,2398.1169,2411.2205,17440
2018-11-26T16:00:00.000Z,2415.2766,2421.542,2391.7725,2397.958,16776
2018-11-27T16:00:00.000Z,2401.1074,2435.05,2400.1365,2425.3999,19085
2018-11-28T16:00:00.000Z,2438.0774,2444.1672,2409.5388,2414.2617,17752
2018-11-29T16:00:00.000Z,2414.8403,2440.719,2412.8464,2434.5962,18812
2018-12-02T16:00:00.000Z,2496.6367,2506.8792,2473.9937,2491.7539,22601
2018-12-03T16:00:00.000Z,2489.0146,2508.6926,2484.0945,2503.3623,24203
2018-12-04T16:00:00.000Z,2479.1702,2503.1279,2479.1702,2492.751,25023
2018-12-05T16:00:00.000Z,2466.8381,2471.7302,2444.7559,2447.2095,25044
2018-12-06T16:00:00.000Z,2455.7278,2457.3123,2437.4871,2437.4871,17195
2018-12-09T16:00:00.000Z,2425.4312,2437.6816,2411.1343,2421.3347,18590
2018-12-10T16:00:00.000Z,2422.8386,2430.3135,2415.6536,2427.5208,15967
2018-12-11T16:00:00.000Z,2443.3464,2443.479,2424.8713,2431.6394,19823
2018-12-12T16:00:00.000Z,2435.6531,2477.8408,2434.3716,2465.4958,26323
2018-12-13T16:00:00.000Z,2454.7571,2457.8386,2432.3855,2434.1702,23083
2018-12-16T16:00:00.000Z,2435.0591,2444.4551,2423.5242,2436.083,24079
2018-12-17T16:00:00.000Z,2425.1829,2438.3596,2397.738,2404.01,28171
2018-12-18T16:00:00.000Z,2409.8188,2412.2622,2370.9133,2377.6648,25755
2018-12-19T16:00:00.000Z,2375.3052,2382.2397,2323.4783,2341.8394,35256
2018-12-20T16:00:00.000Z,2338.8521,2339.4417,2296.0334,2311.3013,33225
2018-12-23T16:00:00.000Z,2305.3838,2324.9951,2294.6248,2315.0625,23376
2018-12-24T16:00:00.000Z,2288.6172,2319.2056,2257.0955,2305.7759,31759
2018-12-25T16:00:00.000Z,2303.8911,2309.998,2280.9875,2287.4653,23073
2018-12-26T16:00:00.000Z,2317.4236,2322.4939,2280.9451,2291.3318,27371
2018-12-27T16:00:00.000Z,2294.5203,2319.1609,2288.2502,2289.9331,27208
2019-01-01T16:00:00.000Z,2300.0239,2303.9255,2254.8611,2264.2468,25355
2019-01-02T16:00:00.000Z,2263.4443,2297.0972,2262.5471,2270.9607,25004
2019-01-03T16:00:00.000Z,2263.3176,2323.4517,2257.2615,2320.3054,33228
2019-01-06T16:00:00.000Z,2330.8792,2337.615,2311.0286,2317.0295,27269
2019-01-07T16:00:00.000Z,2318.6011,2318.6011,2304.1394,2311.51,20570
2019-01-08T16:00:00.000Z,2326.957,2365.2188,2325.2124,2335.3025,32092
2019-01-09T16:00:00.000Z,2332.3647,2352.5066,2324.6016,2338.5664,24558
2019-01-10T16:00:00.000Z,2348.4011,2367.7363,2340.4258,2359.0676,26580
2019-01-13T16:00:00.000Z,2352.8899,2357.3445,2334.8765,2336.03,21110
2019-01-14T16:00:00.000Z,2341.1267,2381.8379,2338.8621,2379.2854,30872
2019-01-15T16:00:00.000Z,2376.95,2385.5027,2367.0593,2382.8826,24293
2019-01-16T16:00:00.000Z,2387.3105,2401.6052,2369.9143,2372.7544,30991
2019-01-17T16:00:00.000Z,2386.7595,2423.0513,2384.4548,2416.8706,37391
2019-01-20T16:00:00.000Z,2417.5989,2448.6802,2417.5989,2436.7358,26820
2019-01-21T16:00:00.000Z,2435.7334,2435.7334,2401.6267,2407.668,24279
2019-01-22T16:00:00.000Z,2405.6506,2421.2805,2396.5432,2399.3328,23784
2019-01-23T16:00:00.000Z,2405.6501,2421.3501,2389.4961,2415.4568,27674
2019-01-24T16:00:00.000Z,2425.1089,2457.6335,2423.2668,2443.2239,29893
2019-01-27T16:00:00.000Z,2458.9941,2477.4844,2431.6558,2441.313,26650
2019-01-28T16:00:00.000Z,2438.542,2466.7781,2431.0576,2460.2214,30869
2019-01-29T16:00:00.000Z,2450.9058,2467.6995,2445.687,2450.8711,24769
2019-01-30T16:00:00.000Z,2461.1816,2489.5232,2457.6809,2488.2683,29766
2019-01-31T16:00:00.000Z,2503.4919,2508.1938,2481.7002,2507.4353,27755
2019-02-10T16:00:00.000Z,2489.8557,2529.782,2489.1235,2524.9619,26762
2019-02-11T16:00:00.000Z,2525.2095,2539.6809,2517.3647,2534.2808,26087
2019-02-12T16:00:00.000Z,2536.9951,2594.8967,2529.7122,2585.4841,35675
2019-02-13T16:00:00.000Z,2581.4971,2592.8533,2573.2087,2582.8064,29917
2019-02-14T16:00:00.000Z,2575.4548,2578.0796,2524.4185,2527.1458,33752
2019-02-17T16:00:00.000Z,2550.6318,2588.0918,2547.0935,2585.4651,28273
2019-02-18T16:00:00.000Z,2590.0327,2620.8523,2571.0552,2580.5466,35702
2019-02-19T16:00:00.000Z,2592.6882,2604.7144,2575.7646,2591.5334,28345
2019-02-20T16:00:00.000Z,2587.0781,2620.0288,2569.7834,2580.6052,35916
2019-02-21T16:00:00.000Z,2579.9104,2634.3994,2560.7317,2634.3994,37685
2019-02-24T16:00:00.000Z,2661.5615,2836.9036,2658.457,2836.9036,56638
2019-02-25T16:00:00.000Z,2824.269,2826.8799,2736.4016,2751.6697,57616
2019-02-26T16:00:00.000Z,2760.6948,2803.033,2730.8394,2759.9202,53959
2019-02-27T16:00:00.000Z,2760.4517,2781.0164,2747.8206,2756.7344,40248
2019-02-28T16:00:00.000Z,2781.1167,2831.585,2756.9443,2826.1375,49379
2019-03-03T16:00:00.000Z,2846.1829,2923.3025,2823.4102,2838.4641,60802
2019-03-04T16:00:00.000Z,2841.7551,2850.47,2818.4189,2839.4871,45032
2019-03-05T16:00:00.000Z,2841.6531,2862.7688,2800.1309,2840.5608,51116
2019-03-06T16:00:00.000Z,2835.8176,2835.9246,2779.5645,2797.542,52788
2019-03-07T16:00:00.000Z,2737.1084,2762.6667,2693.019,2696.8633,60001
2019-03-10T16:00:00.000Z,2705.5813,2724.3538,2680.3979,2710.3799,48010
2019-03-11T16:00:00.000Z,2739.3289,2768.9985,2707.2361,2721.6497,55499
2019-03-12T16:00:00.000Z,2734.2239,2758.7644,2701.3057,2730.2727,64667
2019-03-13T16:00:00.000Z,2731.459,2764.3508,2724.2178,2734.1379,58180
2019-03-14T16:00:00.000Z,2744.9741,2793.5515,2744.9446,2765.2744,59743
2019-03-17T16:00:00.000Z,2776.9209,2843.1853,2761.5828,2837.8667,45111
2019-03-18T16:00:00.000Z,2842.1365,2856.7349,2807.2737,2813.1489,40782
2019-03-19T16:00:00.000Z,2804.8674,2843.6841,2793.9045,2819.6931,48171
2019-03-20T16:00:00.000Z,2826.0076,2833.4419,2803.7974,2804.3933,43554
2019-03-21T16:00:00.000Z,2810.6799,2824.2468,2776.9287,2804.0598,41804
2019-03-24T16:00:00.000Z,2758.6887,2771.7661,2712.8804,2715.3286,46405
2019-03-25T16:00:00.000Z,2737.1892,2741.0891,2696.6821,2712.8552,39694
2019-03-26T16:00:00.000Z,2724.124,2753.1404,2720.3784,2736.9592,38683
2019-03-27T16:00:00.000Z,2720.3027,2742.5977,2706.3127,2735.9946,36500
2019-03-28T16:00:00.000Z,2747.873,2851.5273,2745.6763,2837.3496,48153
2019-03-31T16:00:00.000Z,2867.063,2917.4592,2867.063,2892.4963,45496
2019-04-01T16:00:00.000Z,2898.7356,2909.2183,2882.4402,2893.3782,32643
2019-04-02T16:00:00.000Z,2880.032,2933.2302,2872.1279,2923.6489,36933
2019-04-03T16:00:00.000Z,2932.0913,2968.2888,2920.7449,2959.8811,45059
2019-04-07T16:00:00.000Z,2991.635,3019.3147,2942.5098,2963.6987,49337
2019-04-08T16:00:00.000Z,2970.1074,2986.3501,2949.5251,2968.6968,40790
2019-04-09T16:00:00.000Z,2959.0107,3003.0476,2941.5813,2981.4236,44529
2019-04-10T16:00:00.000Z,2984.834,3005.1694,2915.1418,2928.3003,51342
2019-04-11T16:00:00.000Z,2925.2893,2938.8411,2909.3865,2927.2471,38677
2019-04-14T16:00:00.000Z,2980.2305,3002.75,2913.3232,2914.0396,59707
2019-04-15T16:00:00.000Z,2913.4417,3030.3735,2908.5728,3030.0835,64532
2019-04-16T16:00:00.000Z,3018.8674,3042.6633,2998.1262,3014.9866,53647
2019-04-17T16:00:00.000Z,3013.6902,3021.4272,2995.9089,3004.5208,43810
2019-04-18T16:00:00.000Z,3018.9988,3059.9836,2984.321,3038.2417,64688
2019-04-21T16:00:00.000Z,3044.2051,3055.7314,2957.1345,2974.6494,63734
2019-04-22T16:00:00.000Z,2967.9392,3010.7246,2966.8142,2980.832,53996
2019-04-23T16:00:00.000Z,2998.1301,3001.4202,2928.2952,2970.6213,63874
2019-04-24T16:00:00.000Z,2961.9551,2975.1218,2929.4331,2930.666,55337
2019-04-25T16:00:00.000Z,2916.2185,2935.5552,2891.0063,2891.0063,54558
2019-04-28T16:00:00.000Z,2907.8499,2972.8481,2903.9658,2937.1365,68358
2019-04-29T16:00:00.000Z,2928.7014,2952.3638,2919.7612,2945.4763,50353
2019-05-05T16:00:00.000Z,2852.9392,2877.6265,2761.0945,2792.0171,76828
2019-05-06T16:00:00.000Z,2817.6704,2834.4148,2773.717,2802.5569,64401
2019-05-07T16:00:00.000Z,2751.1914,2793.5681,2747.0081,2758.2295,57091
2019-05-08T16:00:00.000Z,2743.7788,2749.4663,2675.0862,2694.2107,69304
2019-05-09T16:00:00.000Z,2732.6748,2791.3643,2682.5066,2776.5586,84962
2019-05-12T16:00:00.000Z,2743.8596,2754.7422,2721.3633,2731.646,50130
2019-05-13T16:00:00.000Z,2714.8164,2757.489,2707.9729,2712.1089,58958
2019-05-14T16:00:00.000Z,2737.0691,2785.0642,2731.3391,2768.9678,58024
2019-05-15T16:00:00.000Z,2755.3657,2778.6304,2751.8235,2774.4741,49067
2019-05-16T16:00:00.000Z,2776.3462,2779.5388,2716.843,2724.0911,57007
2019-05-19T16:00:00.000Z,2717.7607,2732.6643,2675.6316,2693.2158,54696
2019-05-20T16:00:00.000Z,2702.3943,2744.1353,2695.531,2710.5981,51398
2019-05-21T16:00:00.000Z,2714.8079,2717.0125,2683.6365,2700.5647,44560
2019-05-22T16:00:00.000Z,2685.6121,2692.0337,2648.7847,2662.2832,49505
2019-05-23T16:00:00.000Z,2681.5515,2704.2209,2668.0352,2675.5488,46665
2019-05-26T16:00:00.000Z,2671.998,2710.9216,2641.8311,2698.5957,56994
2019-05-27T16:00:00.000Z,2699.1973,2734.9331,2696.1201,2711.8857,49139
2019-05-28T16:00:00.000Z,2701.7058,2757.0127,2698.175,2725.4316,51669
2019-05-29T16:00:00.000Z,2730.0835,2730.8672,2693.032,2718.6982,48617
2019-05-30T16:00:00.000Z,2713.2886,2742.4341,2702.3635,2702.3635,44959
2019-06-02T16:00:00.000Z,2717.8003,2745.25,2702.3074,2721.9636,51723
2019-06-03T16:00:00.000Z,2722.7161,2728.0669,2694.4121,2704.5935,42886
2019-06-04T16:00:00.000Z,2727.791,2730.7346,2693.9849,2698.3237,45149
2019-06-05T16:00:00.000Z,2701.5767,2707.5608,2682.1714,2683.7151,43925
2019-06-09T16:00:00.000Z,2703.6213,2726.3296,2693.3896,2717.5435,47755
2019-06-10T16:00:00.000Z,2727.802,2794.8286,2724.6257,2790.6509,55425
2019-06-11T16:00:00.000Z,2780.4407,2787.9683,2774.9915,2781.1294,38471
2019-06-12T16:00:00.000Z,2779.5259,2788.3198,2754.2649,2775.1526,43043
2019-06-13T16:00:00.000Z,2777.8713,2796.0911,2761.186,2765.1995,35061
2019-06-16T16:00:00.000Z,2766.6116,2791.8132,2766.3933,2774.0916,40816
2019-06-17T16:00:00.000Z,2779.1943,2787.2341,2762.1785,2783.1917,42087
2019-06-18T16:00:00.000Z,2848.3826,2860.7954,2826.6167,2827.9089,52121
2019-06-19T16:00:00.000Z,2830.9106,2946.6506,2830.0793,2924.1509,77592
2019-06-20T16:00:00.000Z,2918.8777,2939.1807,2913.3535,2921.1519,55023
2019-06-23T16:00:00.000Z,2916.9648,2934.1458,2905.3342,2923.2019,37626
2019-06-24T16:00:00.000Z,2923.8096,2923.9849,2853.3411,2881.522,55106
2019-06-25T16:00:00.000Z,2868.6604,2889.1692,2866.0967,2877.9214,33887
2019-06-26T16:00:00.000Z,2891.2732,2928.8721,2888.1553,2915.1396,48166
2019-06-27T16:00:00.000Z,2912.5591,2916.7986,2894.1467,2915.8489,40261
2019-06-30T16:00:00.000Z,2979.7542,2993.4197,2958.6511,2981.3542,50226
2019-07-01T16:00:00.000Z,2977.2161,2984.6401,2968.4836,2979.4341,27880
2019-07-02T16:00:00.000Z,2969.9988,2972.3181,2943.386,2953.5784,36750
2019-07-03T16:00:00.000Z,2961.4019,2964.9343,2927.469,2943.3672,37060
2019-07-04T16:00:00.000Z,2944.4167,2957.0835,2931.7661,2950.9724,32398
2019-07-07T16:00:00.000Z,2934.8533,2934.8533,2866.9519,2884.3708,50080
2019-07-08T16:00:00.000Z,2890.1772,2896.4412,2864.0691,2874.0146,34340
2019-07-09T16:00:00.000Z,2890.1968,2892.1245,2861.2344,2873.1023,30623
2019-07-10T16:00:00.000Z,2891.46,2912.9624,2868.741,2878.7388,40895
2019-07-11T16:00:00.000Z,2880.1973,2911.9053,2875.5657,2898.7654,42893
2019-07-14T16:00:00.000Z,2879.3872,2920.7239,2842.8511,2895.8872,59788
2019-07-15T16:00:00.000Z,2894.6152,2904.9182,2879.1226,2881.3306,35801
2019-07-16T16:00:00.000Z,2870.9219,2888.2007,2861.0181,2870.7144,39587
2019-07-17T16:00:00.000Z,2859.8967,2871.7063,2853.051,2859.7727,40868
2019-07-18T16:00:00.000Z,2877.2004,2907.105,2874.3633,2894.9739,49620
2019-07-21T16:00:00.000Z,2896.8118,2906.115,2868.9524,2878.1008,37338
2019-07-22T16:00:00.000Z,2882.668,2889.853,2871.4641,2877.0024,27759
2019-07-23T16:00:00.000Z,2892.7734,2926.0168,2892.7734,2903.5178,40619
2019-07-24T16:00:00.000Z,2910.6741,2930.0745,2902.6194,2929.9673,32845
2019-07-25T16:00:00.000Z,2917.9717,2940.6299,2917.6655,2932.7671,27923
2019-07-28T16:00:00.000Z,2929.1995,2933.2549,2918.1345,2927.0344,26704
2019-07-29T16:00:00.000Z,2933.4094,2953.5881,2933.4094,2939.7229,30787
2019-07-30T16:00:00.000Z,2928.8064,2928.8064,2905.9272,2913.6646,33381
2019-07-31T16:00:00.000Z,2900.3987,2909.2893,2875.4353,2886.3835,34785
2019-08-01T16:00:00.000Z,2830.8125,2847.125,2825.9814,2841.231,35250
2019-08-04T16:00:00.000Z,2817.7219,2825.7561,2780.9939,2786.2607,41398
2019-08-05T16:00:00.000Z,2737.6047,2765.554,2717.3994,2755.3184,51974
2019-08-06T16:00:00.000Z,2764.2935,2765.4124,2730.6428,2732.0515,36456
2019-08-07T16:00:00.000Z,2757.0376,2770.3479,2748.9326,2761.374,38800
2019-08-08T16:00:00.000Z,2777.7146,2778.1003,2742.9204,2753.5908,36480
2019-08-11T16:00:00.000Z,2758.584,2794.8208,2758.584,2791.0188,42003
2019-08-12T16:00:00.000Z,2776.646,2784.6294,2765.0134,2772.8054,33646
2019-08-13T16:00:00.000Z,2810.9541,2814.0496,2785.8894,2786.8542,33155
2019-08-14T16:00:00.000Z,2746.9939,2801.1243,2746.8962,2796.5381,43627
2019-08-15T16:00:00.000Z,2798.7336,2824.7805,2783.5137,2804.1836,45424
2019-08-18T16:00:00.000Z,2814.7295,2861.281,2802.2681,2857.688,42786
2019-08-19T16:00:00.000Z,2848.1685,2866.3184,2848.0154,2856.0129,29679
2019-08-20T16:00:00.000Z,2851.8284,2859.6816,2849.8809,2856.9873,22688
2019-08-21T16:00:00.000Z,2864.3477,2866.8206,2845.7961,2859.1987,26226
2019-08-22T16:00:00.000Z,2861.1689,2905.1619,2857.4771,2895.5984,40088
2019-08-25T16:00:00.000Z,2853.938,2873.7542,2843.696,2855.228,38145
2019-08-26T16:00:00.000Z,2869.0977,2903.9575,2866.4192,2875.5696,41978
2019-08-27T16:00:00.000Z,2878.4524,2880.4336,2854.7571,2855.4656,31875
2019-08-28T16:00:00.000Z,2859.3784,2860.5732,2828.1899,2844.72,34561
2019-08-29T16:00:00.000Z,2867.8572,2878.1184,2840.0967,2855.6831,37711
2019-09-01T16:00:00.000Z,2856.6252,2889.8005,2852.0513,2875.3679,35270
2019-09-02T16:00:00.000Z,2879.7173,2884.4717,2866.8352,2876.0857,25394
2019-09-03T16:00:00.000Z,2882.4512,2911.311,2879.3596,2911.1365,42575
2019-09-04T16:00:00.000Z,2933.3086,2984.519,2929.4614,2945.7146,48979
2019-09-05T16:00:00.000Z,2964.6206,2985.3042,2952.5103,2984.6553,36576
2019-09-08T16:00:00.000Z,3003.4492,3006.5833,2973.8569,2977.4048,40456
2019-09-09T16:00:00.000Z,2988.6931,2988.6931,2959.9365,2968.5974,30375
2019-09-10T16:00:00.000Z,2977.2673,2978.2749,2946.7278,2958.488,34865
2019-09-11T16:00:00.000Z,2971.6443,3003.6094,2965.7053,2999.7471,35255
2019-09-15T16:00:00.000Z,3003.5386,3003.7927,2967.668,2983.3486,35862
2019-09-16T16:00:00.000Z,2977.2773,2977.2773,2925.2881,2934.4824,42980
2019-09-17T16:00:00.000Z,2944.3918,2963.5598,2942.282,2949.1086,37018
2019-09-18T16:00:00.000Z,2962.05,2962.05,2936.2698,2954.9834,36690
2019-09-19T16:00:00.000Z,2961.3198,2967.498,2953.99,2960.491,36051
2019-09-22T16:00:00.000Z,2949.2429,2949.2429,2915.3862,2929.7979,31511
2019-09-23T16:00:00.000Z,2937.437,2953.9314,2928.4448,2936.6147,31297
2019-09-24T16:00:00.000Z,2928.9866,2942.2976,2919.6462,2927.0806,29306
2019-09-25T16:00:00.000Z,2936.1184,2949.8875,2924.5762,2928.1055,31905
2019-09-26T16:00:00.000Z,2930.7632,2937.1865,2916.7961,2930.9028,27585
2019-09-29T16:00:00.000Z,2921.0828,2933.707,2883.4844,2884.7983,31281
2019-10-07T16:00:00.000Z,2895.8044,2930.8811,2894.0669,2914.7468,30593
2019-10-08T16:00:00.000Z,2898.4531,2919.6064,2888.5923,2912.2788,31137
2019-10-09T16:00:00.000Z,2910.9209,2934.6372,2903.3516,2928.7908,29934
2019-10-10T16:00:00.000Z,2941.7441,2986.1479,2931.6384,2978.4685,43859
2019-10-13T16:00:00.000Z,2999.9604,3036.5874,2990.8943,3006.373,47083
2019-10-14T16:00:00.000Z,3009.2371,3016.1638,3004.4236,3008.8479,32902
2019-10-15T16:00:00.000Z,3009.3118,3042.2439,2991.6497,2995.8755,45686
2019-10-16T16:00:00.000Z,3004.1738,3016.4004,2996.45,3006.7246,41168
2019-10-17T16:00:00.000Z,3014.7644,3024.7188,2952.9509,2957.1509,50117
2019-10-20T16:00:00.000Z,2950.2393,2969.2668,2941.8142,2962.416,27597
2019-10-21T16:00:00.000Z,2973.9727,2974.7114,2949.8145,2965.0925,31782
2019-10-22T16:00:00.000Z,2963.0027,2971.7212,2934.7778,2944.8044,30252
2019-10-23T16:00:00.000Z,2952.6091,2970.5891,2939.6326,2958.0122,36481
2019-10-24T16:00:00.000Z,2953.0715,2970.5586,2930.5417,2965.9866,38627
2019-10-27T16:00:00.000Z,2970.8691,2986.3748,2960.6458,2977.5879,34067
2019-10-28T16:00:00.000Z,2982.4858,2982.4858,2965.4028,2968.0039,23727
2019-10-29T16:00:00.000Z,2964.8123,2973.8965,2944.1326,2948.7854,28641
2019-10-30T16:00:00.000Z,2959.8538,2962.2119,2945.1338,2954.2478,24917
2019-10-31T16:00:00.000Z,2951.5164,3003.8677,2944.6487,3003.1152,37513
2019-11-03T16:00:00.000Z,3008.6255,3021.7046,3006.0071,3018.8188,28752
2019-11-04T16:00:00.000Z,3020.5964,3070.2556,3011.312,3035.4639,41315
2019-11-05T16:00:00.000Z,3035.5701,3042.9871,3022.4385,3029.4021,28364
2019-11-06T16:00:00.000Z,3029.3381,3049.1851,3019.6868,3031.1855,35480
2019-11-07T16:00:00.000Z,3049.0876,3052.0789,3009.5537,3010.5723,35107
2019-11-10T16:00:00.000Z,2994.1543,2994.9041,2962.8655,2968.0117,34083
2019-11-11T16:00:00.000Z,2977.5771,2979.4033,2954.5476,2968.1624,35647
2019-11-12T16:00:00.000Z,2961.9685,2973.6545,2952.8589,2966.2229,31785
2019-11-13T16:00:00.000Z,2970.1421,2976.8691,2961.991,2963.9543,33155
2019-11-14T16:00:00.000Z,2969.6062,2975.9773,2951.0859,2956.8132,36261
2019-11-17T16:00:00.000Z,2956.1746,2989.1125,2950.1838,2980.3235,30539
2019-11-18T16:00:00.000Z,2974.7017,2999.4663,2972.7407,2999.3186,28380
2019-11-19T16:00:00.000Z,2990.5044,2994.7703,2957.9385,2965.7925,27502
2019-11-20T16:00:00.000Z,2955.1072,2958.2253,2936.0137,2945.1533,29309
2019-11-21T16:00:00.000Z,2955.3203,2968.2971,2907.1826,2914.9595,41260
2019-11-24T16:00:00.000Z,2924.7312,2946.5032,2923.0457,2945.0254,33493
2019-11-25T16:00:00.000Z,2957.4639,2959.6538,2937.489,2941.1489,30396
2019-11-26T16:00:00.000Z,2939.6099,2951.6621,2925.5989,2941.2307,27206
2019-11-27T16:00:00.000Z,2939.6372,2949.5674,2922.5425,2930.6069,25961
2019-11-28T16:00:00.000Z,2921.8252,2931.0354,2882.8301,2891.8113,40058
2019-12-01T16:00:00.000Z,2898.675,2908.2795,2890.9385,2896.8315,25884
2019-12-02T16:00:00.000Z,2889.1406,2906.7278,2873.9397,2906.7278,29214
2019-12-03T16:00:00.000Z,2895.5859,2902.6697,2884.3743,2901.6572,24109
2019-12-04T16:00:00.000Z,2911.5205,2926.676,2907.927,2918.8574,31681
2019-12-05T16:00:00.000Z,2925.4006,2937.0405,2920.7463,2936.2297,25389
2019-12-08T16:00:00.000Z,2939.8201,2941.9805,2925.8757,2934.2034,26621
2019-12-09T16:00:00.000Z,2928.303,2938.4392,2925.7637,2935.6353,21396
2019-12-10T16:00:00.000Z,2942.2834,2950.9221,2931.1328,2948.488,26556
2019-12-11T16:00:00.000Z,2952.9521,2954.74,2936.2122,2937.782,22984
2019-12-12T16:00:00.000Z,2967.3599,3008.9331,2966.342,3004.2051,42119
2019-12-15T16:00:00.000Z,2998.4214,3001.9998,2987.0549,2998.7717,35446
2019-12-16T16:00:00.000Z,3000.9124,3061.6355,2997.4463,3036.4824,46998
2019-12-17T16:00:00.000Z,3037.4536,3051.1775,3030.3411,3031.8105,35372
2019-12-18T16:00:00.000Z,3036.1809,3041.2131,3021.658,3027.4204,35677
2019-12-19T16:00:00.000Z,3033.1892,3043.1216,3023.0134,3024.4526,37100
2019-12-22T16:00:00.000Z,3026.1851,3040.1401,2991.6973,2995.5808,31536
2019-12-23T16:00:00.000Z,2994.7681,3009.0393,2992.0586,3004.1382,21197
2019-12-24T16:00:00.000Z,3003.4355,3003.4355,2984.426,2997.5491,23938
2019-12-25T16:00:00.000Z,2998.5156,3023.7932,2996.0002,3019.4744,27951
2019-12-26T16:00:00.000Z,3021.6814,3063.2615,3021.6814,3028.7637,39017
2019-12-29T16:00:00.000Z,3026.1328,3080.8174,3019.2361,3071.6768,37719
2019-12-30T16:00:00.000Z,3068.5254,3082.2693,3056.8728,3080.1204,27565
2020-01-01T16:00:00.000Z,3097.0042,3122.3264,3091.0315,3101.5664,37139
2020-01-02T16:00:00.000Z,3111.2725,3111.2725,3083.6519,3085.1816,27630
2020-01-05T16:00:00.000Z,3072.9424,3099.2439,3042.4851,3060.1785,40384
2020-01-06T16:00:00.000Z,3071.2695,3091.3496,3066.3152,3077.2356,31970
2020-01-07T16:00:00.000Z,3060.6206,3068.5601,3038.3015,3048.8635,33704
2020-01-08T16:00:00.000Z,3067.1543,3079.5583,3061.5642,3071.6265,29093
2020-01-09T16:00:00.000Z,3082.1113,3086.875,3066.7419,3075.0635,25714
2020-01-12T16:00:00.000Z,3077.1729,3097.7795,3060.2795,3097.7795,32796
2020-01-13T16:00:00.000Z,3106.5173,3118.8904,3086.4045,3092.1304,32291
2020-01-14T16:00:00.000Z,3090.541,3096.5757,3058.7161,3059.5554,35435
2020-01-15T16:00:00.000Z,3069.7251,3069.7251,3044.7468,3054.2805,31161
2020-01-16T16:00:00.000Z,3062.1968,3079.4565,3054.6604,3062.79,35260
2020-01-19T16:00:00.000Z,3079.5427,3084.5808,3066.2068,3078.3604,28968
2020-01-20T16:00:00.000Z,3061.8782,3061.8782,3019.3491,3023.5764,35086
2020-01-21T16:00:00.000Z,3013.2627,3031.5977,2970.9443,3021.4321,39106
2020-01-22T16:00:00.000Z,2994.9602,3000.3933,2907.3684,2930.042,42862
2020-02-02T16:00:00.000Z,2675.0249,2763.8782,2634.2214,2642.7319,68043
2020-02-03T16:00:00.000Z,2687.8069,2780.1372,2687.8069,2775.9419,56494
2020-02-04T16:00:00.000Z,2784.9326,2815.4272,2764.8972,2791.3186,45860
2020-02-05T16:00:00.000Z,2805.2151,2862.824,2791.709,2845.3552,48252
2020-02-06T16:00:00.000Z,2827.4453,2842.4961,2811.1741,2840.6187,36197
2020-02-09T16:00:00.000Z,2818.5447,2842.2693,2812.8386,2829.283,35340
2020-02-10T16:00:00.000Z,2844.7214,2875.1086,2838.4934,2863.8594,37726
2020-02-11T16:00:00.000Z,2859.647,2879.99,2854.5149,2876.9639,29119
2020-02-12T16:00:00.000Z,2875.3557,2892.9744,2856.7761,2864.4524,33254
2020-02-13T16:00:00.000Z,2858.4834,2889.5012,2858.4834,2883.8611,33903
2020-02-16T16:00:00.000Z,2890.9351,2946.9653,2889.6001,2943.6516,41461
2020-02-17T16:00:00.000Z,2929.0586,2937.717,2905.6047,2913.2859,37138
2020-02-18T16:00:00.000Z,2912.1743,2936.8738,2908.0894,2917.28,35443
2020-02-19T16:00:00.000Z,2924.9233,2977.7844,2911.8455,2969.0771,49260
2020-02-20T16:00:00.000Z,2959.2708,2989.8972,2954.3684,2965.9727,43191
2020-02-23T16:00:00.000Z,2950.3682,2953.4221,2913.146,2918.865,38507
2020-02-24T16:00:00.000Z,2891.01,2909.4006,2868.1201,2906.4753,44649
2020-02-25T16:00:00.000Z,2876.5413,2929.679,2866.0476,2904.7498,55975
2020-02-26T16:00:00.000Z,2906.5664,2924.3757,2898.2009,2905.2163,38977
2020-02-27T16:00:00.000Z,2867.698,2878.9702,2805.0867,2813.9609,54496
2020-03-01T16:00:00.000Z,2836.2568,2918.7002,2836.2568,2899.9983,51577
2020-03-02T16:00:00.000Z,2936.9482,2949.0461,2905.3872,2909.2441,43886
2020-03-03T16:00:00.000Z,2911.8008,2942.0962,2907.8589,2942.0962,40859
2020-03-04T16:00:00.000Z,2960.4246,3020.5671,2950.6509,3008.8428,56207
2020-03-05T16:00:00.000Z,2987.418,2995.3823,2952.3613,2953.0769,46671
2020-03-08T16:00:00.000Z,2894.4253,2894.5415,2837.3093,2850.4968,55566
2020-03-09T16:00:00.000Z,2875.4231,2930.95,2840.634,2915.5518,60316
2020-03-10T16:00:00.000Z,2913.9404,2918.5112,2870.2383,2872.3848,43989
2020-03-11T16:00:00.000Z,2841.1216,2849.0166,2805.0898,2835.7163,50794
2020-03-12T16:00:00.000Z,2711.2361,2811.9905,2664.8579,2786.3931,73341
2020-03-15T16:00:00.000Z,2773.7002,2773.7002,2651.5198,2652.0625,60777
2020-03-16T16:00:00.000Z,2704.8347,2718.3281,2602.0396,2650.1831,69043
2020-03-17T16:00:00.000Z,2663.1812,2694.3464,2565.6907,2573.4033,70012
2020-03-18T16:00:00.000Z,2575.4888,2601.2576,2461.7393,2532.5325,87086
2020-03-19T16:00:00.000Z,2579.6792,2591.6619,2533.104,2586.5022,79617
2020-03-22T16:00:00.000Z,2490.707,2544.0139,2484.0122,2516.2834,56991
2020-03-23T16:00:00.000Z,2577.28,2612.3657,2554.0623,2600.8533,64106
2020-03-24T16:00:00.000Z,2653.2776,2676.4546,2639.2012,2651.9233,56093
2020-03-25T16:00:00.000Z,2628.7515,2673.0774,2626.3535,2643.0642,48048
2020-03-26T16:00:00.000Z,2676.3083,2698.738,2660.9722,2662.6201,51640
2020-03-29T16:00:00.000Z,2637.488,2664.1909,2633.002,2660.8884,50873
2020-03-30T16:00:00.000Z,2684.0061,2687.4045,2645.1062,2645.1062,44256
2020-03-31T16:00:00.000Z,2650.3828,2689.7627,2639.1633,2644.2878,46674
2020-04-01T16:00:00.000Z,2633.2646,2688.4912,2628.6235,2686.9722,44274
2020-04-02T16:00:00.000Z,2673.7874,2687.3411,2659.5625,2669.0376,40191
2020-04-06T16:00:00.000Z,2715.8838,2730.1975,2711.7185,2716.7705,40803
2020-04-07T16:00:00.000Z,2711.7288,2718.0425,2698.8525,2705.6702,34318
2020-04-08T16:00:00.000Z,2717.8547,2722.282,2709.2305,2710.998,29430
2020-04-09T16:00:00.000Z,2715.4417,2741.8186,2699.885,2711.2788,46450
2020-04-12T16:00:00.000Z,2708.9041,2708.9041,2694.3323,2696.6284,34589
2020-04-13T16:00:00.000Z,2712.5112,2732.1782,2703.6758,2732.1633,42296
2020-04-14T16:00:00.000Z,2728.4912,2734.2551,2713.1538,2714.1577,41056
2020-04-15T16:00:00.000Z,2704.9353,2722.8645,2704.155,2719.7881,44188
2020-04-16T16:00:00.000Z,2738.2056,2770.0376,2730.6973,2748.5332,57562
2020-04-19T16:00:00.000Z,2745.8892,2753.1396,2733.053,2751.7554,33107
2020-04-20T16:00:00.000Z,2746.5239,2746.5239,2699.2073,2712.1006,39055
2020-04-21T16:00:00.000Z,2703.0017,2732.4548,2698.1304,2732.3982,35219
2020-04-22T16:00:00.000Z,2742.6299,2745.3889,2716.1726,2724.2708,34547
2020-04-23T16:00:00.000Z,2710.2,2721.3538,2703.3096,2718.8577,32312
2020-04-26T16:00:00.000Z,2726.7859,2760.3188,2724.4021,2743.5559,36795
2020-04-27T16:00:00.000Z,2752.2559,2777.6062,2722.8738,2766.1975,44073
2020-04-28T16:00:00.000Z,2764.6089,2788.8528,2758.8008,2783.3176,35406
2020-04-29T16:00:00.000Z,2791.989,2830.9119,2791.989,2817.9094,38910
2020-05-05T16:00:00.000Z,2777.1887,2815.856,2776.6809,2812.0103,38290
2020-05-06T16:00:00.000Z,2809.2983,2811.7827,2795.188,2805.5833,28074
2020-05-07T16:00:00.000Z,2819.875,2838.4912,2813.7185,2823.8462,35472
2020-05-10T16:00:00.000Z,2834.6804,2853.5359,2820.4265,2823.9817,34785
2020-05-11T16:00:00.000Z,2822.2451,2832.7766,2808.3811,2816.9126,32952
2020-05-12T16:00:00.000Z,2811.2556,2820.5774,2795.7805,2818.697,31780
2020-05-13T16:00:00.000Z,2804.3801,2804.3801,2782.1179,2786.2834,34785
2020-05-14T16:00:00.000Z,2790.2917,2797.9651,2767.1833,2767.1833,42892
2020-05-17T16:00:00.000Z,2766.4761,2797.5618,2759.1819,2784.6853,36617
2020-05-18T16:00:00.000Z,2811.9587,2819.0032,2798.7805,2803.5181,28216
2020-05-19T16:00:00.000Z,2803.6733,2810.7871,2792.1768,2802.0845,29360
2020-05-20T16:00:00.000Z,2810.5872,2813.3828,2787.9622,2788.9932,28511
2020-05-21T16:00:00.000Z,2780.8433,2783.7593,2712.0552,2715.093,44487
2020-05-24T16:00:00.000Z,2723.3669,2733.7815,2704.4719,2733.6543,33584
2020-05-25T16:00:00.000Z,2749.4656,2749.4656,2733.7354,2747.4619,29621
2020-05-26T16:00:00.000Z,2747.6455,2754.4048,2732.0447,2739.0056,27206
2020-05-27T16:00:00.000Z,2741.6721,2777.4556,2724.3096,2748.9797,40994
2020-05-28T16:00:00.000Z,2729.8911,2758.1482,2729.8911,2747.1599,33599
2020-05-31T16:00:00.000Z,2777.0166,2814.5662,2777.0166,2807.2554,39236
2020-06-01T16:00:00.000Z,2802.6821,2836.6521,2802.6821,2825.0232,31031
2020-06-02T16:00:00.000Z,2841.8279,2868.0574,2829.3594,2829.3594,35836
2020-06-03T16:00:00.000Z,2843.5122,2845.5334,2821.6677,2827.0295,27462
2020-06-04T16:00:00.000Z,2828.4536,2845.1233,2814.6885,2843.8572,28776
2020-06-07T16:00:00.000Z,2851.8765,2870.7727,2842.8464,2850.0667,36210
2020-06-08T16:00:00.000Z,2850.3279,2873.6563,2846.7959,2866.7297,32837
2020-06-09T16:00:00.000Z,2868.2756,2868.2756,2849.2388,2851.5303,31468
2020-06-10T16:00:00.000Z,2841.1912,2851.885,2806.2813,2815.1904,42147
2020-06-11T16:00:00.000Z,2788.377,2833.6541,2787.0024,2825.3623,42858
2020-06-14T16:00:00.000Z,2802.9902,2813.6099,2765.335,2771.4866,42468
2020-06-15T16:00:00.000Z,2803.1057,2818.2903,2798.188,2813.6108,39851
2020-06-16T16:00:00.000Z,2803.7314,2814.031,2795.7759,2812.0952,33889
2020-06-17T16:00:00.000Z,2797.2563,2829.4055,2788.4961,2827.2324,46219
2020-06-18T16:00:00.000Z,2823.7173,2877.8062,2820.6038,2864.7703,49871
2020-06-21T16:00:00.000Z,2856.6318,2891.9167,2849.3306,2858.4636,39282
2020-06-22T16:00:00.000Z,2842.0083,2868.8069,2835.832,2861.6797,33955
2020-06-23T16:00:00.000Z,2871.7346,2898.4902,2869.1787,2896.5801,33445
2020-06-28T16:00:00.000Z,2891.8945,2896.6838,2857.5313,2874.304,33990
2020-06-29T16:00:00.000Z,2886.9048,2907.0823,2879.6062,2888.4124,38532
2020-06-30T16:00:00.000Z,2902.0537,2967.106,2897.4885,2963.5254,47136
2020-07-01T16:00:00.000Z,2966.2324,3069.897,2964.8472,3061.915,61405
2020-07-02T16:00:00.000Z,3087.7004,3151.7029,3077.0303,3144.981,67642
2020-07-05T16:00:00.000Z,3195.6145,3434.439,3195.4365,3432.3516,98560
2020-07-06T16:00:00.000Z,3480.3032,3535.3181,3373.1475,3375.2668,107455
2020-07-07T16:00:00.000Z,3387.8357,3461.1829,3362.397,3411.3486,97288
2020-07-08T16:00:00.000Z,3413.7107,3437.6816,3385.8479,3419.3823,81185
2020-07-09T16:00:00.000Z,3394.8123,3404.6675,3315.124,3327.7803,80425
2020-07-12T16:00:00.000Z,3335.3147,3422.5674,3317.0313,3374.2395,84123
2020-07-13T16:00:00.000Z,3361.6423,3392.3857,3299.0425,3333.1321,81450
2020-07-14T16:00:00.000Z,3359.3506,3374.8481,3298.4087,3304.3445,80226
2020-07-15T16:00:00.000Z,3312.0098,3328.2151,3129.2532,3138.6057,108894
2020-07-16T16:00:00.000Z,3169.1052,3211.3535,3145.5193,3175.8572,83512
2020-07-19T16:00:00.000Z,3215.7043,3287.8855,3179.1016,3273.0317,77639
2020-07-20T16:00:00.000Z,3294.3525,3294.5581,3256.5603,3270.3054,60168
2020-07-21T16:00:00.000Z,3270.3633,3357.6509,3257.6978,3277.113,79051
2020-07-22T16:00:00.000Z,3249.104,3300.3101,3211.0601,3270.7847,77141
2020-07-23T16:00:00.000Z,3251.3845,3264.7483,3115.9688,3137.0847,82723
2020-07-26T16:00:00.000Z,3169.0942,3189.7244,3129.415,3152.5298,58699
2020-07-27T16:00:00.000Z,3184.4229,3195.2698,3152.3557,3169.1335,51450
2020-07-28T16:00:00.000Z,3166.3616,3244.354,3158.356,3240.2212,62745
2020-07-29T16:00:00.000Z,3241.5837,3260.0691,3220.699,3221.1104,48894
2020-07-30T16:00:00.000Z,3228.9968,3287.042,3179.8193,3226.9058,71057
2020-08-02T16:00:00.000Z,3262.9209,3280.4678,3238.9836,3270.5881,52798
2020-08-03T16:00:00.000Z,3287.9321,3325.3352,3272.3088,3303.739,69323
2020-08-04T16:00:00.000Z,3292.4399,3297.9114,3242.8931,3278.9121,61443
2020-08-05T16:00:00.000Z,3291.0303,3306.4961,3224.595,3276.2791,69471
2020-08-06T16:00:00.000Z,3258.6631,3278.3191,3203.4614,3246.406,65862
2020-08-09T16:00:00.000Z,3240.0557,3294.5261,3212.8618,3269.3308,62053
2020-08-10T16:00:00.000Z,3286.1101,3325.4365,3235.3945,3238.342,68255
2020-08-11T16:00:00.000Z,3237.3435,3255.8306,3182.6938,3234.4146,66773
2020-08-12T16:00:00.000Z,3249.0024,3250.7937,3214.0322,3218.8503,50007
2020-08-13T16:00:00.000Z,3216.3218,3283.1484,3210.8516,3283.1484,57768
2020-08-16T16:00:00.000Z,3294.7224,3396.6133,3292.9287,3364.1084,74110
2020-08-17T16:00:00.000Z,3364.5247,3374.3591,3339.1357,3355.6182,49008
2020-08-18T16:00:00.000Z,3353.8132,3363.3171,3288.7756,3289.2229,59950
2020-08-19T16:00:00.000Z,3265.8062,3273.8057,3237.7446,3254.5359,56731
2020-08-20T16:00:00.000Z,3281.7395,3294.8926,3254.7378,3280.4041,57108
2020-08-23T16:00:00.000Z,3305.5,3319.0918,3275.6084,3278.0291,48140
2020-08-24T16:00:00.000Z,3299.7947,3326.699,3285.3584,3300.1702,46978
2020-08-25T16:00:00.000Z,3301.4739,3317.6174,3252.8604,3259.9543,48453
2020-08-26T16:00:00.000Z,3273.7361,3278.3098,3241.6396,3277.9128,43782
2020-08-27T16:00:00.000Z,3280.0916,3365.7314,3268.0657,3363.9111,62433
2020-08-30T16:00:00.000Z,3386.6631,3406.8071,3314.8057,3320.5901,57389
2020-08-31T16:00:00.000Z,3313.9731,3345.9519,3312.4871,3345.0786,41120
2020-09-01T16:00:00.000Z,3359.4648,3361.4478,3295.0747,3326.0664,57947
2020-09-02T16:00:00.000Z,3325.6626,3360.0063,3304.6182,3319.4236,52842
2020-09-03T16:00:00.000Z,3279.115,3297.2847,3266.375,3283.7124,47387
2020-09-06T16:00:00.000Z,3284.2751,3307.5803,3211.3181,3222.7358,56578
2020-09-07T16:00:00.000Z,3239.9509,3275.5715,3229.2515,3266.4409,49011
2020-09-08T16:00:00.000Z,3226.7075,3248.4756,3189.3616,3208.2305,58430
2020-09-09T16:00:00.000Z,3237.4519,3250.5723,3215.7273,3225.2214,53419
2020-09-10T16:00:00.000Z,3219.05,3249.7041,3210.3926,3242.8027,43768
2020-09-13T16:00:00.000Z,3261.0398,3271.0776,3250.3259,3266.739,41817
2020-09-14T16:00:00.000Z,3266.2693,3294.8386,3252.5143,3287.5675,48614
2020-09-15T16:00:00.000Z,3282.916,3289.5769,3249.4807,3260.0304,49660
2020-09-16T16:00:00.000Z,3252.4694,3254.9529,3218.2719,3224.0614,59492
2020-09-17T16:00:00.000Z,3231.0732,3329.4047,3227.6341,3328.2045,74363
2020-09-20T16:00:00.000Z,3347.2811,3347.2811,3284.2263,3285.2316,50375
2020-09-21T16:00:00.000Z,3267.1221,3296.6085,3221.6754,3238.0281,56001
2020-09-22T16:00:00.000Z,3238.8387,3253.5908,3223.6661,3235.167,39830
2020-09-23T16:00:00.000Z,3224.4562,3229.2642,3174.0313,3182.2459,51126
2020-09-24T16:00:00.000Z,3201.5889,3214.7331,3188.8697,3203.6534,40740
2020-09-27T16:00:00.000Z,3215.4987,3242.7441,3211.5382,3224.1222,39330
2020-09-28T16:00:00.000Z,3241.7927,3243.3905,3219.1561,3223.5978,37719
2020-09-29T16:00:00.000Z,3237.1673,3247.0134,3182.6872,3190.3112,43829
2020-10-08T16:00:00.000Z,3256.5216,3275.4298,3246.487,3253.3093,38519
2020-10-11T16:00:00.000Z,3274.4136,3370.9134,3274.1186,3367.0967,54731
2020-10-12T16:00:00.000Z,3358.9376,3370.3446,3341.1822,3363.4491,41676
2020-10-13T16:00:00.000Z,3355.0903,3355.0903,3336.3301,3349.6988,38649
2020-10-14T16:00:00.000Z,3347.91,3373.6252,3338.4471,3353.802,53468
2020-10-15T16:00:00.000Z,3360.4899,3385.3771,3337.2631,3358.9873,57220
2020-10-18T16:00:00.000Z,3380.4242,3416.3745,3322.4317,3328.9791,57913
2020-10-19T16:00:00.000Z,3329.1479,3339.1555,3321.7422,3335.4684,32851
2020-10-20T16:00:00.000Z,3343.3292,3356.1945,3323.8766,3354.4259,38974
2020-10-21T16:00:00.000Z,3343.196,3355.5443,3296.9004,3345.3526,46588
2020-10-22T16:00:00.000Z,3339.3962,3374.2728,3326.7533,3336.7903,53829
2020-10-25T16:00:00.000Z,3319.5681,3319.5681,3268.3701,3279.9485,48392
2020-10-26T16:00:00.000Z,3279.4541,3280.648,3259.2259,3275.487,34447
2020-10-27T16:00:00.000Z,3272.6662,3306.9285,3265.8716,3296.3128,42570
2020-10-28T16:00:00.000Z,3267.2781,3335.5425,3261.0739,3317.0533,50384
2020-10-29T16:00:00.000Z,3310.1253,3319.5756,3255.3521,3263.3429,51698
2020-11-01T16:00:00.000Z,3271.7412,3289.1426,3241.7555,3256.8451,45659
2020-11-02T16:00:00.000Z,3271.8444,3316.9712,3271.8444,3290.9636,50646
2020-11-03T16:00:00.000Z,3294.7519,3331.4668,3285.6412,3312.7766,46640
2020-11-04T16:00:00.000Z,3356.7836,3375.7668,3331.747,3353.2877,48653
2020-11-05T16:00:00.000Z,3363.7971,3363.7971,3319.0987,3340.8295,40498
2020-11-08T16:00:00.000Z,3373.6531,3420.2252,3371.446,3405.2091,50516
2020-11-09T16:00:00.000Z,3420.2937,3424.307,3385.8122,3400.6989,43799
2020-11-10T16:00:00.000Z,3396.5531,3420.9385,3395.8627,3403.7058,42463
2020-11-11T16:00:00.000Z,3406.8502,3410.8727,3372.1089,3384.5193,40852
2020-11-12T16:00:00.000Z,3366.9801,3367.3939,3305.3244,3324.5528,51067
2020-11-15T16:00:00.000Z,3347.1372,3364.9818,3332.1407,3364.9818,38915
2020-11-16T16:00:00.000Z,3357.9172,3367.5512,3344.6788,3361.8099,37937
2020-11-17T16:00:00.000Z,3363.0894,3395.4358,3357.9801,3371.8141,48451
2020-11-18T16:00:00.000Z,3360.9331,3408.8085,3359.9463,3403.8087,46736
2020-11-19T16:00:00.000Z,3401.1539,3405.3087,3383.6499,3403.0402,39415
2020-11-22T16:00:00.000Z,3419.6279,3481.4337,3412.8359,3462.0222,47859
2020-11-23T16:00:00.000Z,3458.5531,3470.6154,3436.074,3438.3322,40581
2020-11-24T16:00:00.000Z,3458.8869,3470.0637,3407.0784,3407.3546,47902
2020-11-25T16:00:00.000Z,3413.1576,3437.9105,3405.2428,3437.0922,42034
2020-11-26T16:00:00.000Z,3442.536,3506.1347,3433.9591,3503.9861,53959
2020-11-29T16:00:00.000Z,3520.7505,3579.7877,3466.4137,3468.3262,81229
2020-11-30T16:00:00.000Z,3483.3482,3565.6637,3478.6104,3559.6582,64749
2020-12-01T16:00:00.000Z,3559.5423,3575.8241,3525.8224,3546.3757,55930
2020-12-02T16:00:00.000Z,3545.685,3553.7039,3523.4943,3538.3458,48491
2020-12-03T16:00:00.000Z,3539.938,3549.9305,3501.0727,3544.4756,49038
2020-12-06T16:00:00.000Z,3547.3824,3548.176,3489.1953,3509.1346,48680
2020-12-07T16:00:00.000Z,3515.6451,3532.6861,3487.9744,3497.9639,45654
2020-12-08T16:00:00.000Z,3512.4964,3519.9537,3465.6672,3470.8875,55434
2020-12-09T16:00:00.000Z,3464.1317,3477.5952,3438.8315,3456.5784,46180
2020-12-10T16:00:00.000Z,3473.9074,3478.181,3401.6482,3424.1612,53675
2020-12-13T16:00:00.000Z,3435.5654,3467.6299,3428.7785,3463.3096,43297
2020-12-14T16:00:00.000Z,3459.5351,3475.7292,3439.1944,3468.1545,43920
2020-12-15T16:00:00.000Z,3479.6155,3490.738,3466.925,3484.7262,42349
2020-12-16T16:00:00.000Z,3489.7207,3546.9362,3485.0516,3545.1216,57185
2020-12-17T16:00:00.000Z,3534.2971,3546.9987,3496.6757,3513.7689,54418
2020-12-20T16:00:00.000Z,3511.9907,3540.9022,3482.9206,3522.1667,46008
2020-12-21T16:00:00.000Z,3520.2898,3527.0286,3461.9765,3465.85,45773
2020-12-22T16:00:00.000Z,3479.2718,3516.0047,3472.2213,3492.8494,45837
2020-12-23T16:00:00.000Z,3494.1327,3514.5164,3473.3111,3490.2949,38566
2020-12-24T16:00:00.000Z,3475.1404,3519.7234,3467.5769,3518.1447,40189
2020-12-27T16:00:00.000Z,3515.1098,3546.7681,3503.9186,3525.9317,40865
2020-12-28T16:00:00.000Z,3535.1447,3545.6128,3513.5153,3520.1004,37821
2020-12-29T16:00:00.000Z,3514.8783,3569.6158,3514.8783,3569.1601,42289
2020-12-30T16:00:00.000Z,3581.3594,3648.8045,3578.6042,3642.5503,53912
2021-01-03T16:00:00.000Z,3640.8339,3666.266,3608.5439,3639.6569,52320
2021-01-04T16:00:00.000Z,3629.1103,3677.2326,3617.9625,3670.7736,50322
2021-01-05T16:00:00.000Z,3676.9493,3730.9886,3664.2055,3723.6971,57479
2021-01-06T16:00:00.000Z,3743.7172,3810.8467,3723.7779,3810.8467,59050
2021-01-07T16:00:00.000Z,3819.0353,3831.9889,3751.5163,3786.5786,59603
2021-01-10T16:00:00.000Z,3796.9523,3846.4443,3752.6133,3766.1552,59934
2021-01-11T16:00:00.000Z,3762.3495,3914.0913,3758.7599,3914.0913,64255
2021-01-12T16:00:00.000Z,3916.0172,3936.3898,3848.0964,3875.7143,69652
2021-01-13T16:00:00.000Z,3870.5115,3870.5115,3802.5148,3813.7932,67702
2021-01-14T16:00:00.000Z,3834.1776,3869.7817,3785.3385,3814.1713,75980
2021-01-17T16:00:00.000Z,3806.4048,3878.5959,3799.1037,3846.2888,54531
2021-01-18T16:00:00.000Z,3857.1669,3862.0442,3789.8049,3806.8497,55505
2021-01-19T16:00:00.000Z,3811.5038,3835.1377,3781.0733,3805.5218,49717
2021-01-20T16:00:00.000Z,3826.269,3875.002,3806.3957,3846.4881,56586
2021-01-21T16:00:00.000Z,3842.1798,3859.6179,3815.824,3837.5053,47312
2021-01-24T16:00:00.000Z,3836.6971,3891.6748,3816.5004,3880.5275,55537
2021-01-25T16:00:00.000Z,3863.0628,3863.0628,3794.8085,3799.1947,53669
2021-01-26T16:00:00.000Z,3812.8963,3823.5973,3786.2836,3801.9514,42820
2021-01-27T16:00:00.000Z,3759.7743,3766.7315,3713.0445,3732.4342,53354
2021-01-28T16:00:00.000Z,3752.6314,3754.55,3662.7856,3708.4826,59533
2021-01-31T16:00:00.000Z,3713.0141,3734.283,3694.8178,3731.0164,43042
2021-02-01T16:00:00.000Z,3739.6014,3752.8062,3724.5284,3745.3776,39954
2021-02-02T16:00:00.000Z,3740.5696,3777.2087,3728.4282,3758.0009,42101
2021-02-03T16:00:00.000Z,3745.4138,3794.7696,3737.7673,3775.3695,51646
2021-02-04T16:00:00.000Z,3790.4896,3845.8418,3788.8564,3823.2355,55844
2021-02-07T16:00:00.000Z,3842.109,3870.4046,3812.7169,3852.7405,51688
2021-02-08T16:00:00.000Z,3866.7177,3924.1993,3845.1302,3923.5674,51418
2021-02-09T16:00:00.000Z,3942.2243,4018.4044,3932.0011,4004.6438,56494
2021-02-17T16:00:00.000Z,4092.2877,4094.9902,3964.3633,3990.137,64224
2021-02-18T16:00:00.000Z,3974.698,4004.3037,3948.2448,3991.7706,53051
2021-02-21T16:00:00.000Z,3996.7412,3998.2786,3855.7687,3864.2159,58932
2021-02-22T16:00:00.000Z,3846.5868,3922.3406,3846.5868,3871.853,55300
2021-02-23T16:00:00.000Z,3882.9998,3888.5727,3747.9373,3783.7648,61024
2021-02-24T16:00:00.000Z,3824.2538,3852.3796,3798.5965,3835.1699,53136
2021-02-25T16:00:00.000Z,3766.4412,3796.3283,3732.2695,3737.2298,60956
2021-02-28T16:00:00.000Z,3769.3082,3775.5641,3730.237,3765.1051,45900
2021-03-01T16:00:00.000Z,3784.6788,3784.6788,3652.9824,3690.0618,61838
2021-03-02T16:00:00.000Z,3688.3913,3789.2341,3688.3913,3787.4902,54293
2021-03-03T16:00:00.000Z,3749.3191,3758.8558,3659.1731,3684.647,64126
2021-03-04T16:00:00.000Z,3643.9923,3698.113,3600.654,3667.5283,66612
2021-03-07T16:00:00.000Z,3691.5034,3702.2854,3525.6352,3530.8442,66120
2021-03-08T16:00:00.000Z,3550.1986,3569.7095,3466.8634,3486.0193,79983
2021-03-09T16:00:00.000Z,3528.8591,3548.7744,3498.4023,3505.5326,59167
2021-03-10T16:00:00.000Z,3525.6416,3600.2846,3520.8266,3595.7753,61751
2021-03-11T16:00:00.000Z,3608.9932,3612.1715,3562.7168,3592.9376,53795
2021-03-14T16:00:00.000Z,3582.3563,3594.0809,3505.4307,3537.2985,60439
2021-03-15T16:00:00.000Z,3545.0851,3576.3562,3524.112,3558.9342,56014
2021-03-16T16:00:00.000Z,3547.8839,3577.6228,3504.921,3537.995,63424
2021-03-17T16:00:00.000Z,3552.1772,3569.0645,3535.5338,3556.0594,62708
2021-03-18T16:00:00.000Z,3513.5576,3514.3807,3433.2633,3451.9908,74260
2021-03-21T16:00:00.000Z,3454.5453,3496.7494,3432.0286,3479.6436,47763
2021-03-22T16:00:00.000Z,3484.561,3499.0302,3423.0125,3469.406,55918
2021-03-23T16:00:00.000Z,3463.8434,3490.2947,3412.8259,3431.9394,55667
2021-03-24T16:00:00.000Z,3423.2897,3442.4836,3403.6884,3423.7014,47934
2021-03-25T16:00:00.000Z,3443.3745,3498.8068,3440.6464,3482.9856,49539
2021-03-28T16:00:00.000Z,3488.098,3512.3365,3470.2708,3482.6764,46078
2021-03-29T16:00:00.000Z,3488.1084,3523.7735,3479.4866,3522.2695,44185
2021-03-30T16:00:00.000Z,3514.671,3519.5084,3458.3379,3488.5459,46457
2021-03-31T16:00:00.000Z,3498.478,3547.249,3493.3977,3538.7228,47007
2021-04-01T16:00:00.000Z,3550.5581,3569.4892,3532.37,3568.1051,43613
2021-04-05T16:00:00.000Z,3568.8625,3575.1652,3522.7375,3532.3471,44249
2021-04-06T16:00:00.000Z,3538.2504,3543.0864,3482.4416,3501.9322,44367
2021-04-07T16:00:00.000Z,3495.2722,3528.7465,3477.4083,3517.8359,45072
2021-04-08T16:00:00.000Z,3507.4659,3507.4659,3452.6742,3465.1076,48175
2021-04-11T16:00:00.000Z,3464.1719,3474.925,3423.8575,3440.2706,52855
2021-04-12T16:00:00.000Z,3449.8315,3460.2031,3409.7524,3426.2182,54630
2021-04-13T16:00:00.000Z,3433.2269,3448.1463,3409.669,3432.145,51844
2021-04-14T16:00:00.000Z,3412.557,3419.0828,3361.1595,3398.1459,61558
2021-04-15T16:00:00.000Z,3406.6877,3420.7352,3371.2172,3412.6421,62511
2021-04-18T16:00:00.000Z,3403.5858,3484.6964,3381.9927,3480.7282,56056
2021-04-19T16:00:00.000Z,3456.7135,3492.7953,3455.9416,3468.6585,46259
2021-04-20T16:00:00.000Z,3456.3971,3481.4193,3449.6944,3470.2019,41477
2021-04-21T16:00:00.000Z,3478.6551,3484.4686,3430.9954,3445.5235,48755
2021-04-22T16:00:00.000Z,3448.0135,3491.9593,3440.4928,3486.2753,50699
2021-04-25T16:00:00.000Z,3504.1704,3512.3724,3412.9756,3423.2351,61550
2021-04-26T16:00:00.000Z,3432.1607,3445.4324,3412.4209,3437.2651,39748
2021-04-27T16:00:00.000Z,3412.3549,3440.3817,3401.1051,3438.2633,48939
2021-04-28T16:00:00.000Z,3450.2381,3491.5699,3434.9434,3491.2647,52055
2021-04-29T16:00:00.000Z,3481.3679,3493.636,3431.8782,3457.2815,51957
2021-05-05T16:00:00.000Z,3453.0183,3488.6452,3411.7431,3423.5654,55799
2021-05-06T16:00:00.000Z,3435.8217,3441.0441,3369.004,3375.6533,52341
2021-05-09T16:00:00.000Z,3384.4347,3392.4142,3342.9969,3380.2088,48747
2021-05-10T16:00:00.000Z,3360.9269,3420.0879,3349.6271,3411.2381,55326
2021-05-11T16:00:00.000Z,3406.2171,3434.6488,3392.67,3423.4143,48492
2021-05-12T16:00:00.000Z,3401.0153,3410.9238,3366.7292,3388.7337,52485
2021-05-13T16:00:00.000Z,3399.8806,3488.1922,3384.9393,3487.5843,64318
2021-05-16T16:00:00.000Z,3480.4222,3539.1478,3479.7456,3514.0979,57283
2021-05-17T16:00:00.000Z,3525.6087,3529.4426,3498.2346,3511.746,42278
2021-05-18T16:00:00.000Z,3502.1897,3502.1897,3474.5927,3484.1103,45105
2021-05-19T16:00:00.000Z,3483.0128,3507.5675,3465.3197,3496.2236,50065
2021-05-20T16:00:00.000Z,3507.1308,3521.6565,3439.768,3450.0711,63817
2021-05-23T16:00:00.000Z,3447.232,3466.4248,3421.398,3462.8903,45755
2021-05-24T16:00:00.000Z,3469.5033,3625.8181,3469.3165,3620.8255,74811
2021-05-25T16:00:00.000Z,3629.0231,3664.9142,3618.3045,3631.0728,53038
2021-05-26T16:00:00.000Z,3623.1351,3692.9483,3603.7743,3644.6418,63969
2021-05-27T16:00:00.000Z,3644.9343,3669.2357,3595.9952,3630.7163,68399
2021-05-30T16:00:00.000Z,3627.3918,3629.4458,3584.3211,3622.3377,57525
2021-05-31T16:00:00.000Z,3617.0576,3624.2927,3571.5542,3615.8212,58729
2021-06-01T16:00:00.000Z,3624.826,3632.2113,3566.5103,3590.0183,57477
2021-06-02T16:00:00.000Z,3589.6171,3610.034,3549.335,3556.1768,57992
2021-06-03T16:00:00.000Z,3546.0104,3629.7133,3538.5991,3577.0322,72480
2021-06-06T16:00:00.000Z,3578.7756,3581.2735,3543.7325,3566.802,50204
2021-06-07T16:00:00.000Z,3562.4488,3603.9163,3519.1767,3542.5677,66891
2021-06-08T16:00:00.000Z,3542.1701,3563.0853,3529.9171,3549.4721,53774
2021-06-09T16:00:00.000Z,3545.963,3594.6964,3537.8857,3563.9296,68172
2021-06-10T16:00:00.000Z,3570.4286,3575.2451,3531.0553,3534.436,55942
2021-06-14T16:00:00.000Z,3532.9793,3545.3235,3476.2511,3488.6037,55979
2021-06-15T16:00:00.000Z,3488.7712,3491.7854,3441.7518,3455.8917,59393
2021-06-16T16:00:00.000Z,3446.9104,3466.9094,3432.2472,3444.5965,58900
2021-06-17T16:00:00.000Z,3434.5078,3455.5454,3395.0826,3418.3585,80303
2021-06-20T16:00:00.000Z,3402.7806,3423.5104,3373.5334,3399.2056,57730
2021-06-21T16:00:00.000Z,3413.8552,3432.5097,3392.5697,3419.963,55575
2021-06-22T16:00:00.000Z,3426.3282,3460.1771,3420.0352,3428.129,57336
2021-06-23T16:00:00.000Z,3429.5323,3452.8643,3419.9249,3452.5262,43651
2021-06-24T16:00:00.000Z,3458.4855,3522.7292,3453.048,3506.7548,56641
2021-06-27T16:00:00.000Z,3513.8399,3516.2009,3475.0835,3489.6214,44503
2021-06-28T16:00:00.000Z,3487.0815,3488.3625,3447.9526,3458.974,44900
2021-06-29T16:00:00.000Z,3461.2703,3481.4241,3458.7661,3471.184,41546
2021-06-30T16:00:00.000Z,3488.6381,3496.3696,3440.1426,3459.0025,64982
2021-07-01T16:00:00.000Z,3449.6492,3459.509,3367.4728,3371.9249,65175
2021-07-04T16:00:00.000Z,3374.2193,3388.8235,3352.5323,3377.2328,44596
2021-07-05T16:00:00.000Z,3381.197,3391.8391,3348.5549,3390.1402,53197
2021-07-06T16:00:00.000Z,3373.282,3418.4009,3365.6562,3402.7567,57880
2021-07-07T16:00:00.000Z,3410.7462,3413.8196,3343.2648,3353.1698,55450
2021-07-08T16:00:00.000Z,3344.6219,3360.1535,3310.9818,3341.6482,57807
2021-07-11T16:00:00.000Z,3362.7035,3400.2553,3342.6438,3369.5562,66712
2021-07-12T16:00:00.000Z,3373.0728,3408.8172,3370.0764,3383.7,61044
2021-07-13T16:00:00.000Z,3376.5259,3376.5259,3314.539,3327.2032,72448
2021-07-14T16:00:00.000Z,3327.7368,3408.6717,3324.3184,3400.8523,82916
2021-07-15T16:00:00.000Z,3396.5561,3405.3094,3358.2609,3362.7028,68354
2021-07-18T16:00:00.000Z,3348.0411,3383.3928,3305.6032,3377.9633,67359
2021-07-19T16:00:00.000Z,3360.693,3375.1157,3348.1979,3365.6004,50561
2021-07-20T16:00:00.000Z,3374.9928,3407.5701,3365.0214,3376.3734,60924
2021-07-21T16:00:00.000Z,3380.8733,3406.4093,3375.0191,3382.25,46704
2021-07-22T16:00:00.000Z,3384.4802,3385.423,3341.2647,3344.1946,55078
2021-07-25T16:00:00.000Z,3324.4795,3325.6975,3181.8187,3215.0137,79684
2021-07-26T16:00:00.000Z,3218.9719,3231.5102,3099.6187,3112.0222,77637
2021-07-27T16:00:00.000Z,3117.1,3161.63,3086.2189,3141.1079,79297
2021-07-28T16:00:00.000Z,3190.5969,3190.5969,3144.2175,3163.8115,62981
2021-07-29T16:00:00.000Z,3135.65,3142.5094,3098.2129,3113.5419,65887
2021-08-01T16:00:00.000Z,3107.389,3206.5501,3076.3119,3189.708,79759
2021-08-02T16:00:00.000Z,3186.2006,3218.3273,3165.8604,3208.026,60401
2021-08-03T16:00:00.000Z,3199.1828,3223.8221,3190.4666,3198.6105,53344
2021-08-04T16:00:00.000Z,3182.1186,3234.9183,3169.2755,3188.0484,58533
2021-08-05T16:00:00.000Z,3180.7876,3184.865,3149.4069,3175.7466,52488
2021-08-08T16:00:00.000Z,3153.2011,3235.9919,3144.5121,3199.2823,68586
2021-08-09T16:00:00.000Z,3198.5015,3268.4825,3167.5234,3263.0372,85735
2021-08-10T16:00:00.000Z,3253.7502,3276.3922,3227.2388,3228.0142,64970
2021-08-11T16:00:00.000Z,3218.9933,3234.3638,3195.3109,3199.0824,49752
2021-08-12T16:00:00.000Z,3188.5381,3224.8811,3175.7754,3197.9267,55738
2021-08-15T16:00:00.000Z,3201.8824,3227.8067,3184.8535,3206.1072,58036
2021-08-16T16:00:00.000Z,3204.1141,3227.7487,3121.9748,3125.6334,78217
2021-08-17T16:00:00.000Z,3133.9249,3190.2082,3120.1976,3172.2414,70184
2021-08-18T16:00:00.000Z,3159.1993,3166.8744,3112.1666,3124.8666,79956
2021-08-19T16:00:00.000Z,3101.593,3113.5307,3035.2099,3057.0084,86978
2021-08-22T16:00:00.000Z,3072.4892,3104.4921,3060.7389,3085.9226,56992
2021-08-23T16:00:00.000Z,3099.3386,3152.1353,3095.1177,3134.0325,66717
2021-08-24T16:00:00.000Z,3147.9071,3160.2118,3119.279,3137.8045,54762
2021-08-25T16:00:00.000Z,3131.0133,3134.8009,3066.5585,3072.5371,61659
2021-08-26T16:00:00.000Z,3075.0369,3138.4237,3075.0369,3106.6655,66515
2021-08-29T16:00:00.000Z,3123.9848,3128.9401,3074.3369,3097.0108,67018
2021-08-30T16:00:00.000Z,3089.8032,3116.1783,3040.284,3087.5999,76784
2021-08-31T16:00:00.000Z,3081.8184,3179.5327,3055.9209,3164.3282,101327
2021-09-01T16:00:00.000Z,3169.935,3189.319,3145.8043,3162.4384,68086
2021-09-02T16:00:00.000Z,3175.8537,3207.5583,3135.7294,3170.2724,88636
2021-09-05T16:00:00.000Z,3171.8883,3230.6679,3166.3395,3202.6243,76598
2021-09-06T16:00:00.000Z,3200.443,3259.538,3183.6208,3243.2699,84489
2021-09-07T16:00:00.000Z,3239.1548,3253.9315,3198.1997,3206.0144,72892
2021-09-08T16:00:00.000Z,3195.6301,3207.1446,3179.4309,3198.4285,56906
2021-09-09T16:00:00.000Z,3203.3122,3265.1958,3200.8611,3251.8234,84946
2021-09-12T16:00:00.000Z,3241.9824,3271.7949,3217.4274,3238.327,72194
2021-09-13T16:00:00.000Z,3244.1388,3257.9514,3174.901,3184.6965,91029
2021-09-14T16:00:00.000Z,3177.6505,3180.8266,3125.9867,3147.6049,81170
2021-09-15T16:00:00.000Z,3145.9746,3159.6136,3109.0395,3130.3146,93481
2021-09-16T16:00:00.000Z,3126.8043,3164.7228,3108.4714,3163.0524,92329
2021-09-21T16:00:00.000Z,3115.075,3138.1006,3102.2023,3124.6908,67543
2021-09-22T16:00:00.000Z,3141.5795,3169.5777,3116.497,3128.6442,60560
2021-09-23T16:00:00.000Z,3129.6294,3174.35,3126.4511,3152.6736,66434
2021-09-26T16:00:00.000Z,3172.7467,3213.1428,3167.0652,3208.9624,83412
2021-09-27T16:00:00.000Z,3198.5914,3229.5019,3179.7509,3210.0957,59425
2021-09-28T16:00:00.000Z,3186.7549,3225.6906,3160.0266,3217.3166,80604
2021-09-29T16:00:00.000Z,3211.612,3217.1879,3185.5916,3190.5538,55221
2021-10-07T16:00:00.000Z,3224.0596,3263.9707,3218.895,3259.2533,68398
2021-10-10T16:00:00.000Z,3272.3972,3318.1739,3269.9855,3271.1724,65476
2021-10-11T16:00:00.000Z,3261.1852,3285.3585,3234.4451,3258.4923,72181
2021-10-12T16:00:00.000Z,3255.5196,3307.839,3244.1411,3292.0261,66455
2021-10-13T16:00:00.000Z,3291.0719,3306.1475,3261.1426,3269.335,63125
2021-10-14T16:00:00.000Z,3260.6556,3307.6973,3255.1795,3299.8701,70621
2021-10-17T16:00:00.000Z,3298.9446,3299.524,3212.4438,3230.9928,70156
2021-10-18T16:00:00.000Z,3231.0387,3262.7812,3231.0387,3251.0589,52203
2021-10-19T16:00:00.000Z,3268.5973,3284.2383,3240.9102,3257.037,49435
2021-10-20T16:00:00.000Z,3261.2315,3298.2778,3254.4235,3281.2113,64210
2021-10-21T16:00:00.000Z,3296.0234,3342.6365,3288.4741,3316.3764,66050
2021-10-24T16:00:00.000Z,3299.6634,3323.0776,3293.4954,3316.2747,56254
2021-10-25T16:00:00.000Z,3322.4695,3338.1756,3284.4122,3291.9704,62329
2021-10-26T16:00:00.000Z,3279.2405,3279.2405,3239.3121,3247.989,60494
2021-10-27T16:00:00.000Z,3244.8819,3257.5598,3227.831,3253.3185,51894
2021-10-28T16:00:00.000Z,3255.556,3268.6916,3248.0437,3268.1874,48903
2021-10-31T16:00:00.000Z,3241.4921,3270.4185,3233.7942,3256.3814,50194
2021-11-01T16:00:00.000Z,3256.3142,3276.6859,3193.3076,3213.411,76529
2021-11-02T16:00:00.000Z,3216.4391,3226.1783,3176.3175,3182.634,55227
2021-11-03T16:00:00.000Z,3199.7204,3217.3681,3193.3103,3205.9522,46053
2021-11-04T16:00:00.000Z,3199.2382,3233.6113,3192.541,3208.8539,50614
2021-11-07T16:00:00.000Z,3210.7609,3223.4212,3188.6292,3194.864,49284
2021-11-08T16:00:00.000Z,3211.2691,3223.0509,3176.2932,3188.9914,54139
2021-11-09T16:00:00.000Z,3183.4236,3185.6434,3124.146,3170.8306,65508
2021-11-10T16:00:00.000Z,3170.5751,3244.4284,3166.6976,3242.303,67844
2021-11-11T16:00:00.000Z,3247.7254,3251.8067,3222.4831,3231.1737,49120
2021-11-14T16:00:00.000Z,3239.0932,3251.5414,3218.0235,3232.2405,45959
2021-11-15T16:00:00.000Z,3235.1011,3250.7925,3213.6438,3231.534,56385
2021-11-16T16:00:00.000Z,3225.8885,3235.082,3204.7231,3209.7918,54847
2021-11-17T16:00:00.000Z,3201.9782,3203.6748,3167.8471,3177.4345,64787
2021-11-18T16:00:00.000Z,3175.452,3227.8087,3173.188,3218.0028,73049
2021-11-21T16:00:00.000Z,3226.8168,3234.4025,3214.5094,3217.4547,40568
2021-11-22T16:00:00.000Z,3212.9592,3244.5084,3209.7833,3229.7226,43976
2021-11-23T16:00:00.000Z,3233.8967,3258.9936,3219.9075,3242.7159,49201
2021-11-24T16:00:00.000Z,3245.1544,3245.9397,3218.3003,3221.1059,41460
2021-11-25T16:00:00.000Z,3213.4438,3213.4438,3184.3262,3187.6301,44749
2021-11-28T16:00:00.000Z,3176.1596,3194.9556,3166.5637,3193.1963,46270
2021-11-29T16:00:00.000Z,3196.3145,3204.6,3156.8198,3172.8273,46557
2021-11-30T16:00:00.000Z,3179.1904,3191.7916,3172.543,3185.4995,38164
2021-12-01T16:00:00.000Z,3183.1375,3207.1335,3169.9894,3196.9803,47404
2021-12-02T16:00:00.000Z,3198.7747,3225.2572,3195.0521,3224.484,50893
2021-12-05T16:00:00.000Z,3238.2417,3257.4341,3228.2949,3233.3013,56199
2021-12-06T16:00:00.000Z,3257.97,3269.4537,3241.2203,3259.8417,53194
2021-12-07T16:00:00.000Z,3261.392,3315.8952,3250.4967,3314.235,59637
2021-12-08T16:00:00.000Z,3318.3413,3411.6993,3315.548,3365.8174,80229
2021-12-09T16:00:00.000Z,3353.8758,3372.4021,3352.0182,3368.7078,56845
2021-12-12T16:00:00.000Z,3408.1207,3442.1218,3371.132,3373.0326,76603
2021-12-13T16:00:00.000Z,3365.3915,3382.6315,3356.6753,3363.3775,55720
2021-12-14T16:00:00.000Z,3355.2479,3372.2108,3327.393,3328.1392,61288
2021-12-15T16:00:00.000Z,3332.1296,3344.5018,3320.4437,3343.474,71024
2021-12-16T16:00:00.000Z,3340.5173,3347.7585,3296.787,3297.1688,72098
2021-12-19T16:00:00.000Z,3289.1162,3317.6018,3270.8584,3279.0911,55412
2021-12-20T16:00:00.000Z,3282.0734,3298.6814,3274.7704,3290.8025,46218
2021-12-21T16:00:00.000Z,3297.8328,3306.6768,3274.406,3277.3137,40465
2021-12-22T16:00:00.000Z,3284.8174,3311.5584,3269.1691,3310.8358,49835
2021-12-23T16:00:00.000Z,3313.8859,3323.5982,3294.2019,3301.5526,45150
2021-12-26T16:00:00.000Z,3301.6684,3314.0185,3288.0318,3308.9814,43263
2021-12-27T16:00:00.000Z,3312.057,3333.3757,3304.8707,3326.1838,52242
2021-12-28T16:00:00.000Z,3331.1872,3331.1872,3255.5697,3255.7475,57829
2021-12-29T16:00:00.000Z,3259.2481,3299.189,3253.271,3283.7544,50493
2021-12-30T16:00:00.000Z,3293.4609,3305.2523,3282.3916,3285.0448,41525
2022-01-03T16:00:00.000Z,3296.4745,3296.4745,3228.782,3271.845,60527
2022-01-04T16:00:00.000Z,3270.2993,3301.5335,3251.6303,3266.9498,62925
2022-01-05T16:00:00.000Z,3260.2168,3266.1639,3204.8904,3216.859,60292
2022-01-06T16:00:00.000Z,3222.6568,3249.1573,3222.6568,3229.2496,48979
2022-01-09T16:00:00.000Z,3228.9502,3251.1947,3210.4512,3243.897,47290
2022-01-10T16:00:00.000Z,3238.814,3260.5475,3218.4224,3222.1847,52069
2022-01-11T16:00:00.000Z,3234.1047,3258.152,3225.4133,3249.9287,46298
2022-01-12T16:00:00.000Z,3258.4535,3262.3622,3187.0763,3187.1709,63141
2022-01-13T16:00:00.000Z,3180.8989,3187.0642,3138.5929,3139.0812,63762
2022-01-16T16:00:00.000Z,3144.7512,3164.349,3138.3977,3151.3829,49831
2022-01-17T16:00:00.000Z,3152.3985,3204.1323,3141.9802,3190.5325,69122
2022-01-18T16:00:00.000Z,3198.393,3211.2312,3182.3988,3192.8523,60432
2022-01-19T16:00:00.000Z,3196.1933,3267.1833,3196.1933,3241.7651,81189
2022-01-20T16:00:00.000Z,3237.7113,3250.2359,3219.1807,3235.5734,65673
2022-01-23T16:00:00.000Z,3225.9068,3232.6714,3197.1394,3224.6422,52967
2022-01-24T16:00:00.000Z,3208.6291,3209.8407,3148.2385,3149.632,60162
2022-01-25T16:00:00.000Z,3166.5421,3179.9897,3140.8381,3170.6642,53226
2022-01-26T16:00:00.000Z,3167.4914,3167.4957,3120.7582,3129.1181,64449
2022-01-27T16:00:00.000Z,3141.7395,3147.7758,3002.3,3031.5622,77126
2022-02-06T16:00:00.000Z,3083.9206,3131.5622,3081.8932,3113.9104,58306
2022-02-07T16:00:00.000Z,3109.3313,3122.8688,3059.4228,3119.1352,56222
2022-02-08T16:00:00.000Z,3123.9767,3147.9263,3109.1108,3140.3929,55885
2022-02-09T16:00:00.000Z,3144.0172,3149.3129,3124.8416,3147.387,48861
2022-02-10T16:00:00.000Z,3135.3415,3176.0671,3131.7792,3140.2958,65075
2022-02-13T16:00:00.000Z,3132.1081,3137.538,3097.2328,3106.6164,58393
2022-02-14T16:00:00.000Z,3104.4253,3129.2299,3100.3754,3117.3977,51798
2022-02-15T16:00:00.000Z,3134.3535,3146.8727,3125.9552,3134.617,53514
2022-02-16T16:00:00.000Z,3134.9374,3158.8486,3132.5978,3136.7966,52803
2022-02-17T16:00:00.000Z,3124.7267,3164.428,3121.1158,3162.9995,50698
2022-02-20T16:00:00.000Z,3156.9013,3160.2975,3127.2551,3148.9561,43959
2022-02-21T16:00:00.000Z,3122.3575,3122.3591,3081.7512,3100.2067,52755
2022-02-22T16:00:00.000Z,3109.4615,3121.3939,3090.9421,3119.6889,39338
2022-02-23T16:00:00.000Z,3096.9602,3103.6559,3038.9979,3062.2992,60478
2022-02-24T16:00:00.000Z,3082.1586,3109.2455,3063.8471,3072.4287,51790
2022-02-27T16:00:00.000Z,3071.8164,3080.2938,3048.2643,3079.6288,40199
2022-02-28T16:00:00.000Z,3094.6015,3132.2145,3094.6015,3124.4387,50990
2022-03-01T16:00:00.000Z,3107.7728,3115.393,3099.7301,3108.4638,36054
2022-03-02T16:00:00.000Z,3122.083,3128.4401,3090.2426,3097.3168,38811
2022-03-03T16:00:00.000Z,3069.797,3078.0677,3049.5503,3067.5828,53843
2022-03-06T16:00:00.000Z,3040.3732,3040.3732,2964.6012,2969.5433,63063
2022-03-07T16:00:00.000Z,2987.9618,3002.1619,2907.8365,2922.18,76598
2022-03-08T16:00:00.000Z,2947.7806,2961.5323,2780.9036,2896.131,91375
2022-03-09T16:00:00.000Z,2942.4761,2958.8666,2917.1539,2920.7154,61218
2022-03-10T16:00:00.000Z,2887.7001,2938.1946,2834.2504,2935.0454,81409
2022-03-13T16:00:00.000Z,2888.2763,2907.7954,2836.2701,2836.7715,74340
2022-03-14T16:00:00.000Z,2796.3678,2815.7986,2644.689,2651.5631,114208
2022-03-15T16:00:00.000Z,2707.1,2827.5482,2674.7873,2817.1179,116576
2022-03-16T16:00:00.000Z,2880.1644,2898.3315,2841.8818,2851.4785,96390
2022-03-17T16:00:00.000Z,2833.9566,2910.2061,2833.8588,2895.625,81421
2022-03-20T16:00:00.000Z,2894.1066,2898.0664,2836.9958,2862.2859,57523
2022-03-21T16:00:00.000Z,2862.248,2897.8037,2858.7464,2868.1913,54030
2022-03-22T16:00:00.000Z,2880.1005,2897.46,2859.5116,2883.9904,58834
2022-03-23T16:00:00.000Z,2866.6765,2894.4833,2855.2151,2873.1857,49590
2022-03-24T16:00:00.000Z,2872.363,2889.3214,2827.5042,2827.7657,57466
2022-03-27T16:00:00.000Z,2801.3092,2849.8708,2773.0981,2834.135,66413
2022-03-28T16:00:00.000Z,2841.3399,2857.7232,2819.1542,2821.1155,44958
2022-03-29T16:00:00.000Z,2848.0343,2906.1723,2844.0862,2906.0902,62328
2022-03-30T16:00:00.000Z,2891.4683,2902.1786,2882.9981,2887.3054,43401
2022-03-31T16:00:00.000Z,2872.7009,2946.4054,2864.4171,2929.8328,65413
2022-04-05T16:00:00.000Z,2911.7407,2926.5787,2893.1698,2910.8884,57614
2022-04-06T16:00:00.000Z,2896.8766,2931.2891,2881.6854,2885.889,57432
2022-04-07T16:00:00.000Z,2889.8541,2919.81,2879.156,2915.4077,53682
2022-04-10T16:00:00.000Z,2893.7471,2893.9151,2824.9868,2835.3392,69503
2022-04-11T16:00:00.000Z,2847.6656,2886.2884,2817.5106,2881.321,70909
2022-04-12T16:00:00.000Z,2867.8163,2902.1617,2862.315,2875.5964,59995
2022-04-13T16:00:00.000Z,2901.4335,2941.4154,2891.03,2925.1626,74084
2022-04-14T16:00:00.000Z,2905.7941,2942.1942,2905.7941,2928.7603,66244
2022-04-17T16:00:00.000Z,2895.5329,2900.4148,2865.8501,2881.9201,64008
2022-04-18T16:00:00.000Z,2881.7174,2894.5869,2830.282,2851.0943,63609
2022-04-19T16:00:00.000Z,2852.1507,2857.9358,2817.7455,2820.8831,63642
2022-04-20T16:00:00.000Z,2813.5494,2838.2662,2769.9164,2785.9472,78661
2022-04-21T16:00:00.000Z,2766.353,2812.9355,2759.6313,2799.1516,67245
2022-04-24T16:00:00.000Z,2739.2506,2765.5156,2660.7682,2664.501,86340
2022-04-25T16:00:00.000Z,2678.5163,2719.3869,2656.5367,2667.2005,86086
2022-04-26T16:00:00.000Z,2668.1949,2721.7962,2668.1949,2715.9845,80602
2022-04-27T16:00:00.000Z,2706.7438,2755.5823,2706.3411,2752.6468,70052
2022-04-28T16:00:00.000Z,2760.0622,2808.5937,2725.0668,2796.4184,79892
2022-05-04T16:00:00.000Z,2795.3815,2814.5714,2780.021,2781.2149,47722
2022-05-05T16:00:00.000Z,2744.7014,2752.0301,2694.8564,2697.6729,68622
2022-05-08T16:00:00.000Z,2685.962,2695.9721,2652.6245,2669.5215,57200
2022-05-09T16:00:00.000Z,2634.1432,2719.7671,2622.799,2700.2632,77323
2022-05-10T16:00:00.000Z,2700.0983,2748.9444,2697.6247,2717.7262,72785
2022-05-11T16:00:00.000Z,2708.859,2720.1623,2692.6236,2697.5987,54397
2022-05-12T16:00:00.000Z,2726.6719,2741.0358,2710.1005,2727.912,54352
2022-05-15T16:00:00.000Z,2744.5028,2747.2825,2686.7973,2696.9593,56960
2022-05-16T16:00:00.000Z,2709.3833,2735.265,2705.0582,2733.552,51117
2022-05-17T16:00:00.000Z,2738.6265,2741.7771,2696.0975,2723.2867,59863
2022-05-18T16:00:00.000Z,2697.5053,2731.6654,2695.5003,2722.0902,59518
2022-05-19T16:00:00.000Z,2741.6014,2791.9095,2740.9629,2791.1665,77395
2022-05-22T16:00:00.000Z,2794.3753,2794.9862,2739.6595,2750.236,58202
2022-05-23T16:00:00.000Z,2751.0618,2756.3395,2705.771,2709.1751,57739
2022-05-24T16:00:00.000Z,2716.0404,2724.6591,2699.1226,2714.2943,48709
2022-05-25T16:00:00.000Z,2715.5535,2732.5191,2683.8245,2708.7541,62217
2022-05-26T16:00:00.000Z,2733.2043,2762.9661,2723.6656,2732.6765,58847
2022-05-29T16:00:00.000Z,2750.9649,2763.507,2736.0918,2743.2393,47533
2022-05-30T16:00:00.000Z,2743.537,2789.9419,2738.061,2778.4858,58220
2022-05-31T16:00:00.000Z,2779.0712,2781.5079,2752.5729,2764.594,44647
2022-06-01T16:00:00.000Z,2750.485,2760.7317,2741.0463,2759.7128,49081
2022-06-05T16:00:00.000Z,2760.3625,2794.1851,2726.1651,2793.1443,70097
2022-06-06T16:00:00.000Z,2787.4208,2838.17,2783.1545,2816.042,59893
2022-06-07T16:00:00.000Z,2823.4336,2862.6696,2821.165,2849.8331,65223
2022-06-08T16:00:00.000Z,2845.2539,2865.8792,2830.5346,2838.2958,63515
2022-06-09T16:00:00.000Z,2818.0926,2880.2459,2813.2106,2869.2037,71638
2022-06-12T16:00:00.000Z,2838.7596,2843.6097,2797.9753,2816.1558,75756
2022-06-13T16:00:00.000Z,2794.0358,2859.6195,2781.7551,2859.4405,85972
2022-06-14T16:00:00.000Z,2862.0694,2948.5213,2856.9958,2897.7379,109548
2022-06-15T16:00:00.000Z,2906.7644,2911.6463,2858.7098,2861.9427,82102
2022-06-16T16:00:00.000Z,2852.3507,2908.8909,2850.2004,2901.409,89496
2022-06-19T16:00:00.000Z,2900.0602,2918.3547,2863.6971,2880.1983,68469
2022-06-20T16:00:00.000Z,2878.2386,2913.7597,2866.9102,2890.1887,68161
2022-06-21T16:00:00.000Z,2892.2999,2897.354,2856.1872,2857.971,57801
2022-06-22T16:00:00.000Z,2868.2178,2909.9025,2865.8323,2902.7982,63965
2022-06-23T16:00:00.000Z,2916.2971,2953.79,2909.9015,2943.3543,67671
2022-06-26T16:00:00.000Z,2960.0871,3007.2803,2959.8896,2977.385,63946
2022-06-27T16:00:00.000Z,2976.7201,3017.2587,2961.0423,3006.9666,50301
2022-06-28T16:00:00.000Z,2996.5657,3019.304,2974.0499,2981.6153,60910
2022-06-29T16:00:00.000Z,2982.3882,3066.6426,2982.1764,3034.3591,68908
2022-06-30T16:00:00.000Z,3044.4125,3047.8649,3008.0431,3021.7159,55450
2022-07-03T16:00:00.000Z,3011.4338,3029.8085,2984.2464,3027.7367,51494
2022-07-04T16:00:00.000Z,3043.9131,3061.1027,2990.815,3024.9759,68741
2022-07-05T16:00:00.000Z,3014.3701,3018.8406,2957.6941,2972.0843,66857
2022-07-06T16:00:00.000Z,2969.1374,2985.4754,2948.9542,2965.1404,51748
2022-07-07T16:00:00.000Z,2986.9313,3003.9828,2967.6786,2968.3479,59538
2022-07-10T16:00:00.000Z,2952.24,2952.24,2912.0684,2923.5876,58926
2022-07-11T16:00:00.000Z,2927.2314,2936.2397,2895.3822,2905.5443,61074
2022-07-12T16:00:00.000Z,2907.7014,2915.4256,2883.6809,2895.4519,57652
2022-07-13T16:00:00.000Z,2889.7665,2900.0442,2860.7666,2874.7207,74422
2022-07-14T16:00:00.000Z,2866.5563,2910.9809,2829.9557,2830.75,87496
2022-07-17T16:00:00.000Z,2840.0586,2880.016,2819.6818,2871.3747,58176
2022-07-18T16:00:00.000Z,2866.1531,2868.2918,2826.2549,2857.4593,54720
2022-07-19T16:00:00.000Z,2875.7536,2881.4657,2856.4125,2862.6579,42298
2022-07-20T16:00:00.000Z,2852.2691,2862.6498,2829.5689,2829.8869,44505
2022-07-21T16:00:00.000Z,2841.5435,2873.6523,2824.8505,2849.048,67452
2022-07-24T16:00:00.000Z,2848.9412,2848.9412,2827.9664,2838.7056,45095
2022-07-25T16:00:00.000Z,2850.3555,2864.9246,2842.9694,2850.1368,46084
2022-07-26T16:00:00.000Z,2844.0085,2845.4444,2820.6767,2826.9402,41340
2022-07-27T16:00:00.000Z,2841.5264,2868.1093,2817.0145,2823.3279,62151
2022-07-28T16:00:00.000Z,2829.9319,2855.8511,2781.1565,2784.5571,70106
2022-07-31T16:00:00.000Z,2779.2273,2792.686,2762.4022,2777.2087,51010
2022-08-01T16:00:00.000Z,2749.9793,2749.9793,2703.7785,2731.5985,66095
2022-08-02T16:00:00.000Z,2741.8362,2754.7887,2706.7825,2713.6293,56003
2022-08-03T16:00:00.000Z,2730.0929,2748.1284,2718.9562,2740.0437,60197
2022-08-04T16:00:00.000Z,2748.8259,2781.8042,2735.9004,2777.7873,54723
2022-08-07T16:00:00.000Z,2767.3533,2776.5254,2750.8646,2762.464,40642
2022-08-08T16:00:00.000Z,2764.9444,2769.1247,2752.4854,2761.9975,33829
2022-08-09T16:00:00.000Z,2757.4948,2767.2275,2718.4729,2728.6603,49069
2022-08-10T16:00:00.000Z,2739.9769,2793.4486,2736.9208,2789.4012,63159
2022-08-11T16:00:00.000Z,2787.5368,2807.8884,2779.8762,2800.136,45405
2022-08-14T16:00:00.000Z,2791.073,2817.6399,2781.9736,2785.2481,48907
2022-08-15T16:00:00.000Z,2791.6927,2799.9418,2764.9932,2769.7575,54798
2022-08-16T16:00:00.000Z,2773.9258,2797.6671,2751.3964,2785.9769,63667
2022-08-17T16:00:00.000Z,2782.1813,2788.7952,2753.3346,2762.8398,53639
2022-08-18T16:00:00.000Z,2761.4861,2779.3791,2755.1025,2759.0506,58742
2022-08-21T16:00:00.000Z,2750.6744,2776.0572,2745.1087,2757.9715,48450
2022-08-22T16:00:00.000Z,2760.5325,2767.2739,2731.0181,2740.2956,47435
2022-08-23T16:00:00.000Z,2745.2823,2758.9062,2707.9314,2711.4392,54122
2022-08-24T16:00:00.000Z,2721.3148,2765.5825,2713.3094,2759.9872,62224
2022-08-25T16:00:00.000Z,2763.9226,2772.2322,2753.6794,2760.529,44386
2022-08-28T16:00:00.000Z,2737.953,2747.1854,2727.1866,2738.2995,46310
2022-08-29T16:00:00.000Z,2739.9668,2747.5051,2710.1619,2734.3894,47896
2022-08-30T16:00:00.000Z,2724.5948,2790.6863,2721.3475,2767.2207,70037
2022-08-31T16:00:00.000Z,2757.7212,2767.0162,2734.8423,2740.3104,54650
2022-09-01T16:00:00.000Z,2745.2336,2747.8244,2700.8705,2715.5229,56962
2022-09-04T16:00:00.000Z,2704.2011,2712.61,2679.0483,2705.2349,54338
2022-09-05T16:00:00.000Z,2714.3705,2731.8749,2707.3832,2728.0419,54476
2022-09-06T16:00:00.000Z,2717.3137,2725.4743,2709.7031,2719.7,43027
2022-09-07T16:00:00.000Z,2723.933,2733.7084,2710.7332,2710.7332,42793
2022-09-08T16:00:00.000Z,2721.0373,2772.2489,2718.7482,2768.6236,66223
2022-09-12T16:00:00.000Z,2777.8038,2790.4658,2759.0841,2772.5414,63699
2022-09-13T16:00:00.000Z,2750.4732,2769.9095,2747.2162,2755.298,61087
2022-09-14T16:00:00.000Z,2763.0981,2776.585,2739.14,2751.827,84765
2022-09-15T16:00:00.000Z,2743.2283,2748.5005,2693.3824,2694.1891,88574
2022-09-18T16:00:00.000Z,2691.6959,2705.0973,2679.7545,2688.0961,49889
2022-09-19T16:00:00.000Z,2697.7219,2701.9894,2674.5079,2682.0376,36396
2022-09-20T16:00:00.000Z,2676.1966,2681.1111,2648.0364,2657.2073,54008
2022-09-21T16:00:00.000Z,2644.2478,2657.1846,2629.0438,2637.9114,50867
2022-09-22T16:00:00.000Z,2637.394,2658.4225,2626.2249,2639.1714,63240
2022-09-25T16:00:00.000Z,2627.1309,2659.1145,2619.5282,2620.9164,56690
2022-09-26T16:00:00.000Z,2627.8932,2653.0922,2616.4548,2647.3062,49795
2022-09-27T16:00:00.000Z,2638.6979,2644.153,2615.3068,2619.1249,44988
2022-09-28T16:00:00.000Z,2640.5663,2651.9673,2602.0094,2616.9537,56888
2022-09-29T16:00:00.000Z,2626.4631,2641.4527,2613.3996,2614.4043,53682
2022-10-09T16:00:00.000Z,2619.4725,2620.1138,2544.8557,2550.6396,59679
2022-10-10T16:00:00.000Z,2555.9895,2561.1003,2539.1291,2543.8908,50636
2022-10-11T16:00:00.000Z,2543.5993,2562.9682,2483.2015,2559.7831,76104
2022-10-12T16:00:00.000Z,2541.1206,2547.6987,2518.5109,2530.2172,65847
2022-10-13T16:00:00.000Z,2551.4942,2604.6751,2550.0588,2592.7482,74836
2022-10-16T16:00:00.000Z,2583.4773,2589.6835,2565.9835,2584.2189,57521
2022-10-17T16:00:00.000Z,2598.4736,2606.0801,2567.1978,2570.6378,58087
2022-10-18T16:00:00.000Z,2565.0735,2577.2245,2517.471,2517.7808,74289
2022-10-19T16:00:00.000Z,2500.0676,2540.2112,2496.8175,2505.829,83200
2022-10-20T16:00:00.000Z,2510.3515,2517.6734,2475.8856,2485.7718,74190
2022-10-23T16:00:00.000Z,2474.0984,2501.6851,2378.5,2388.7367,102445
2022-10-24T16:00:00.000Z,2389.3124,2436.0488,2378.6312,2395.4426,83737
2022-10-25T16:00:00.000Z,2400.046,2448.2195,2392.4238,2401.3853,86908
2022-10-26T16:00:00.000Z,2420.6639,2442.1442,2381.4869,2381.8998,80045
2022-10-27T16:00:00.000Z,2372.8472,2385.7581,2323.1642,2329.7165,85256
2022-10-30T16:00:00.000Z,2304.5218,2330.5659,2285.3041,2294.5764,78892
2022-10-31T16:00:00.000Z,2311.4037,2406.7682,2311.4037,2405.5347,98825
2022-11-01T16:00:00.000Z,2390.323,2441.696,2383.1768,2421.3618,85410
2022-11-02T16:00:00.000Z,2408.1268,2413.1553,2376.3563,2387.8871,69651
2022-11-03T16:00:00.000Z,2389.8764,2486.698,2389.8764,2473.3677,93796
2022-11-06T16:00:00.000Z,2457.0384,2497.3481,2453.896,2479.7298,70690
2022-11-07T16:00:00.000Z,2480.6263,2489.3249,2448.6601,2464.324,58613
2022-11-08T16:00:00.000Z,2468.7422,2478.8238,2436.307,2441.6119,58505
2022-11-09T16:00:00.000Z,2427.464,2461.8013,2419.0093,2448.887,70697
2022-11-10T16:00:00.000Z,2521.118,2555.9664,2489.3648,2518.6317,105240
2022-11-13T16:00:00.000Z,2555.8656,2584.959,2534.909,2539.9709,94209
2022-11-14T16:00:00.000Z,2536.9065,2599.9959,2528.3205,2588.3841,93733
2022-11-15T16:00:00.000Z,2580.7811,2600.3727,2571.2818,2580.2923,67859
2022-11-16T16:00:00.000Z,2571.882,2576.2307,2533.6556,2566.2843,78493
2022-11-17T16:00:00.000Z,2574.5971,2578.7363,2546.8964,2555.396,64435
2022-11-20T16:00:00.000Z,2529.6854,2529.6854,2490.1557,2523.9863,62024
2022-11-21T16:00:00.000Z,2529.1262,2564.7443,2512.2235,2535.4154,71676
2022-11-22T16:00:00.000Z,2530.6687,2563.1659,2527.415,2541.2206,73841
2022-11-23T16:00:00.000Z,2562.4959,2570.7624,2519.5567,2523.0506,60686
2022-11-24T16:00:00.000Z,2523.1329,2563.7614,2518.4108,2554.1172,65384
2022-11-27T16:00:00.000Z,2501.6495,2516.1138,2465.018,2508.2325,92476
2022-11-28T16:00:00.000Z,2543.1157,2618.8952,2542.7536,2615.2453,100286
2022-11-29T16:00:00.000Z,2602.3861,2628.6029,2600.4804,2612.721,61796
2022-11-30T16:00:00.000Z,2668.1863,2689.236,2632.5931,2633.6237,79406
2022-12-01T16:00:00.000Z,2634.5092,2640.7879,2620.2439,2622.5817,56712
2022-12-04T16:00:00.000Z,2659.2358,2684.8599,2639.6328,2678.6649,75806
2022-12-05T16:00:00.000Z,2667.198,2709.2573,2663.2198,2687.9817,76455
2022-12-06T16:00:00.000Z,2682.6853,2714.9295,2660.6075,2671.5659,85668
2022-12-07T16:00:00.000Z,2672.949,2687.4651,2666.1491,2680.1444,59110
2022-12-08T16:00:00.000Z,2684.2955,2720.8696,2667.7309,2712.0623,84227
2022-12-11T16:00:00.000Z,2696.29,2704.6383,2674.9487,2680.5074,69869
2022-12-12T16:00:00.000Z,2680.8023,2696.9521,2675.5829,2683.4173,69954
2022-12-13T16:00:00.000Z,2683.3842,2708.8175,2671.1554,2702.0798,91872
2022-12-14T16:00:00.000Z,2705.3255,2713.6854,2673.7199,2689.2044,90857
2022-12-15T16:00:00.000Z,2680.9099,2706.3554,2679.0214,2698.4747,82759
2022-12-18T16:00:00.000Z,2706.1123,2716.5647,2650.8906,2660.8696,68166
2022-12-19T16:00:00.000Z,2652.5813,2657.3122,2589.0612,2613.5845,77320
2022-12-20T16:00:00.000Z,2620.1025,2628.0232,2612.0001,2615.3117,49876
2022-12-21T16:00:00.000Z,2639.7974,2654.5499,2617.1159,2631.1767,55681
2022-12-22T16:00:00.000Z,2615.3743,2645.4772,2607.874,2629.9116,57394
2022-12-25T16:00:00.000Z,2633.8608,2641.2212,2615.0864,2618.5811,44884
2022-12-26T16:00:00.000Z,2642.6696,2656.7227,2632.9492,2647.5866,52335
2022-12-27T16:00:00.000Z,2643.2591,2660.2065,2634.2904,2652.2935,45718
2022-12-28T16:00:00.000Z,2639.4278,2640.6767,2613.244,2634.7045,54014
2022-12-29T16:00:00.000Z,2646.8156,2662.2496,2645.3292,2651.1144,47626
2023-01-02T16:00:00.000Z,2640.9392,2661.5357,2615.7828,2653.2846,62750
2023-01-03T16:00:00.000Z,2658.2076,2667.1999,2645.589,2659.4365,46180
2023-01-04T16:00:00.000Z,2677.9488,2713.0936,2674.9934,2710.7942,64967
2023-01-05T16:00:00.000Z,2712.0656,2731.3646,2707.6348,2724.3115,54609
2023-01-08T16:00:00.000Z,2740.5067,2757.8156,2730.5798,2748.4478,56982
2023-01-09T16:00:00.000Z,2748.2133,2755.4035,2738.5715,2740.5111,46174
2023-01-10T16:00:00.000Z,2746.1206,2767.5032,2740.5566,2745.2641,54939
2023-01-11T16:00:00.000Z,2754.1663,2760.4811,2740.2126,2752.0617,47055
2023-01-12T16:00:00.000Z,2759.9993,2803.4581,2758.2442,2803.0248,70547
2023-01-15T16:00:00.000Z,2804.8632,2893.9604,2803.1781,2855.6246,106191
2023-01-16T16:00:00.000Z,2855.0589,2859.5381,2832.9083,2845.713,61579
2023-01-17T16:00:00.000Z,2849.7115,2859.4271,2821.8911,2822.2049,61764
2023-01-18T16:00:00.000Z,2818.2001,2833.4314,2796.1319,2830.0153,76644
2023-01-19T16:00:00.000Z,2842.4191,2860.9564,2833.5778,2846.6746,67186
2023-01-29T16:00:00.000Z,2902.8017,2904.2357,2842.0059,2844.3313,71305
2023-01-30T16:00:00.000Z,2849.3309,2864.7221,2819.1122,2824.6032,63130
2023-01-31T16:00:00.000Z,2833.9709,2835.0862,2787.7404,2833.1134,77560
2023-02-01T16:00:00.000Z,2840.0533,2840.0843,2805.4495,2824.6271,59363
2023-02-02T16:00:00.000Z,2806.4693,2806.8366,2757.6666,2780.6792,77069
2023-02-05T16:00:00.000Z,2748.999,2748.999,2722.0536,2736.0117,73209
2023-02-06T16:00:00.000Z,2750.4113,2757.335,2733.8337,2744.3492,56677
2023-02-07T16:00:00.000Z,2749.2715,2767.4532,2734.1077,2736.4312,50884
2023-02-08T16:00:00.000Z,2731.9554,2774.8464,2730.8393,2768.6455,69357
2023-02-09T16:00:00.000Z,2762.3717,2762.7961,2745.3178,2755.2968,57472
2023-02-12T16:00:00.000Z,2746.9372,2777.7461,2737.9852,2773.9096,71216
2023-02-13T16:00:00.000Z,2774.7038,2784.7089,2765.6446,2784.1753,45024
2023-02-14T16:00:00.000Z,2784.52,2789.6052,2752.9865,2756.1193,62643
2023-02-15T16:00:00.000Z,2761.7488,2796.7793,2728.6187,2746.2993,96344
2023-02-16T16:00:00.000Z,2746.317,2767.0966,2716.321,2719.6543,80159
2023-02-19T16:00:00.000Z,2726.9805,2801.2836,2719.4951,2798.627,78321
2023-02-20T16:00:00.000Z,2795.9784,2816.4504,2787.5705,2811.1819,68316
2023-02-21T16:00:00.000Z,2798.6197,2805.3621,2770.3565,2773.734,62102
2023-02-22T16:00:00.000Z,2782.7541,2796.5805,2760.1321,2771.6523,58374
2023-02-23T16:00:00.000Z,2768.1938,2770.8062,2725.0352,2732.6816,68297
2023-02-26T16:00:00.000Z,2718.661,2743.3636,2716.2805,2729.5753,55406
2023-02-27T16:00:00.000Z,2737.8418,2746.6922,2703.2812,2744.3964,65455
2023-02-28T16:00:00.000Z,2741.361,2791.4912,2735.6475,2775.7301,81483
2023-03-01T16:00:00.000Z,2769.2418,2788.674,2765.2756,2774.3078,47748
2023-03-02T16:00:00.000Z,2785.9395,2790.5263,2760.57,2776.4775,52441
2023-03-05T16:00:00.000Z,2772.609,2775.412,2735.7119,2743.678,60539
2023-03-06T16:00:00.000Z,2740.6971,2761.527,2708.4726,2710.9597,82640
2023-03-07T16:00:00.000Z,2697.4499,2704.0566,2680.2821,2691.3611,56788
2023-03-08T16:00:00.000Z,2695.6225,2695.7448,2657.441,2672.3168,67126
2023-03-09T16:00:00.000Z,2648.9287,2669.5984,2631.8148,2633.814,71307
2023-03-12T16:00:00.000Z,2640.5442,2674.5774,2640.5442,2662.5389,75213
2023-03-13T16:00:00.000Z,2658.6359,2659.3213,2626.2262,2645.0759,73442
2023-03-14T16:00:00.000Z,2667.5338,2674.2433,2644.1467,2645.502,75110
2023-03-15T16:00:00.000Z,2629.5578,2650.3487,2621.0242,2622.4159,89979
2023-03-16T16:00:00.000Z,2644.5526,2676.6607,2623.8497,2634.3367,111459
2023-03-19T16:00:00.000Z,2636.124,2648.3289,2615.0254,2616.2519,57863
2023-03-20T16:00:00.000Z,2626.5516,2648.8367,2623.5327,2642.0558,58145
2023-03-21T16:00:00.000Z,2649.3393,2666.4227,2641.6763,2650.7354,55728
2023-03-22T16:00:00.000Z,2647.5219,2669.6768,2643.7563,2669.1893,49166
2023-03-23T16:00:00.000Z,2663.0291,2665.9536,2649.1171,2655.9358,44401
2023-03-26T16:00:00.000Z,2651.9845,2654.5615,2628.0114,2637.615,47946
2023-03-27T16:00:00.000Z,2645.397,2651.1341,2631.6699,2638.3392,41342
2023-03-28T16:00:00.000Z,2656.956,2657.886,2630.7442,2633.2721,47654
2023-03-29T16:00:00.000Z,2636.682,2666.6789,2626.6976,2664.9429,64758
2023-03-30T16:00:00.000Z,2673.6269,2682.3822,2659.1283,2666.4509,53634
2023-04-02T16:00:00.000Z,2668.9284,2674.2665,2652.9547,2664.8458,54606
2023-04-03T16:00:00.000Z,2668.0543,2678.582,2657.1218,2677.3648,48841
2023-04-05T16:00:00.000Z,2667.9049,2673.9849,2656.8727,2663.0646,40773
2023-04-06T16:00:00.000Z,2665.2568,2693.5351,2663.1379,2683.2032,47198
2023-04-09T16:00:00.000Z,2689.6926,2690.4616,2671.7075,2683.5699,45170
2023-04-10T16:00:00.000Z,2688.4778,2693.6555,2668.9718,2676.7238,48296
2023-04-11T16:00:00.000Z,2680.4549,2680.4549,2660.7485,2661.6996,41161
2023-04-12T16:00:00.000Z,2655.369,2673.1568,2647.9601,2663.9963,52494
2023-04-13T16:00:00.000Z,2673.7344,2686.6427,2665.5396,2674.5458,49504
2023-04-16T16:00:00.000Z,2673.9525,2729.5561,2672.0538,2728.9764,68011
2023-04-17T16:00:00.000Z,2725.2649,2747.7159,2724.423,2739.8597,66847
2023-04-18T16:00:00.000Z,2742.9463,2742.9463,2715.6811,2718.5065,55890
2023-04-19T16:00:00.000Z,2717.5508,2719.861,2693.4066,2698.5326,64858
2023-04-20T16:00:00.000Z,2701.4714,2701.4714,2648.5336,2651.1827,79029
2023-04-23T16:00:00.000Z,2652.8813,2653.3496,2604.1451,2613.5936,64808
2023-04-24T16:00:00.000Z,2618.9844,2623.6424,2591.9443,2611.184,65764
2023-04-25T16:00:00.000Z,2607.6379,2621.3227,2603.2478,2608.3457,50990
2023-04-26T16:00:00.000Z,2607.5926,2651.89,2604.685,2642.5767,61594
2023-04-27T16:00:00.000Z,2646.6683,2676.2486,2646.6683,2668.1843,56031
2023-05-03T16:00:00.000Z,2655.7134,2682.2684,2644.8613,2679.2763,52305
2023-05-04T16:00:00.000Z,2683.7887,2690.4803,2659.4838,2671.5381,55364
2023-05-07T16:00:00.000Z,2680.3206,2712.3237,2671.6708,2705.6434,68743
2023-05-08T16:00:00.000Z,2706.9613,2734.88,2688.9782,2688.9782,83593
2023-05-09T16:00:00.000Z,2690.1645,2696.9137,2659.4203,2660.0888,68390
2023-05-10T16:00:00.000Z,2667.7239,2673.7135,2647.5931,2651.8996,47727
2023-05-11T16:00:00.000Z,2648.6024,2657.0901,2614.5981,2614.9157,60836
2023-05-14T16:00:00.000Z,2614.633,2665.5361,2607.5578,2664.5771,71792
2023-05-15T16:00:00.000Z,2665.6755,2671.9,2645.9018,2656.6859,56274
2023-05-16T16:00:00.000Z,2651.1602,2660.2564,2626.6551,2632.5111,60713
2023-05-17T16:00:00.000Z,2638.1999,2651.7379,2615.2673,2626.8753,71077
2023-05-18T16:00:00.000Z,2615.8656,2634.3261,2593.1589,2614.9117,68273
2023-05-21T16:00:00.000Z,2609.333,2651.0983,2606.8468,2633.8252,63455
2023-05-22T16:00:00.000Z,2634.8051,2641.6193,2589.0942,2590.2115,63696
2023-05-23T16:00:00.000Z,2581.316,2586.3215,2546.7727,2546.7727,73891
2023-05-24T16:00:00.000Z,2539.0676,2549.2852,2516.0591,2535.3924,68573
2023-05-25T16:00:00.000Z,2530.9529,2545.7814,2506.4952,2532.8676,63795
2023-05-28T16:00:00.000Z,2542.1406,2545.0107,2511.9246,2525.0183,52247
2023-05-29T16:00:00.000Z,2525.0681,2532.6975,2481.3492,2509.7551,70155
2023-05-30T16:00:00.000Z,2499.3639,2501.7614,2464.2062,2472.613,69806
2023-05-31T16:00:00.000Z,2470.1475,2505.0027,2468.6399,2476.0172,70628
2023-06-01T16:00:00.000Z,2492.5539,2528.3244,2492.4231,2520.8017,71042
2023-06-04T16:00:00.000Z,2515.5731,2521.8866,2498.2616,2506.8956,51783
2023-06-05T16:00:00.000Z,2505.8183,2539.3728,2488.9866,2489.8338,75918
2023-06-06T16:00:00.000Z,2501.4116,2514.4138,2480.4778,2489.782,65714
2023-06-07T16:00:00.000Z,2492.0758,2527.6601,2480.8601,2516.3274,66631
2023-06-08T16:00:00.000Z,2520.1958,2530.0645,2513.8566,2524.1375,55850
2023-06-11T16:00:00.000Z,2516.4839,2532.925,2501.7828,2516.179,71251
2023-06-12T16:00:00.000Z,2509.7126,2529.7771,2502.375,2527.1173,68875
2023-06-13T16:00:00.000Z,2531.6597,2545.5343,2519.638,2520.2245,82247
2023-06-14T16:00:00.000Z,2525.9655,2557.2404,2523.6001,2557.2404,87735
2023-06-15T16:00:00.000Z,2561.8716,2583.215,2558.7677,2576.0523,84387
2023-06-18T16:00:00.000Z,2567.0203,2567.0203,2536.5939,2538.4388,55820
2023-06-19T16:00:00.000Z,2538.2084,2546.1621,2523.4033,2528.3111,46788
2023-06-20T16:00:00.000Z,2520.5425,2529.9544,2497.1382,2497.1382,59069
2023-06-25T16:00:00.000Z,2483.7337,2487.6316,2463.8004,2472.747,58579
2023-06-26T16:00:00.000Z,2476.866,2493.9772,2463.2531,2486.0979,53129
2023-06-27T16:00:00.000Z,2479.6626,2495.1209,2470.1468,2494.8153,56386
2023-06-28T16:00:00.000Z,2495.2923,2497.995,2471.5218,2477.2147,50622
2023-06-29T16:00:00.000Z,2473.1378,2500.3056,2472.0044,2482.9919,53088
2023-07-02T16:00:00.000Z,2488.9162,2526.7364,2488.9162,2519.9335,57844
2023-07-03T16:00:00.000Z,2518.4649,2525.3317,2514.7419,2523.5908,36931
2023-07-04T16:00:00.000Z,2519.6077,2524.2143,2503.4945,2506.8583,44275
2023-07-05T16:00:00.000Z,2502.3675,2515.0105,2483.1097,2488.0439,51329
2023-07-06T16:00:00.000Z,2481.8547,2488.7934,2470.5158,2474.9531,54582
2023-07-09T16:00:00.000Z,2490.0494,2507.9582,2481.2591,2488.3862,53408
2023-07-10T16:00:00.000Z,2499.5226,2510.0996,2492.8303,2505.2308,46753
2023-07-11T16:00:00.000Z,2508.1592,2518.6739,2498.6739,2503.9712,53248
2023-07-12T16:00:00.000Z,2515.6459,2545.2004,2515.6459,2544.9959,62589
2023-07-13T16:00:00.000Z,2552.6693,2554.109,2541.1558,2544.8525,41859
2023-07-16T16:00:00.000Z,2533.6487,2534.8538,2509.1853,2517.3369,53207
2023-07-17T16:00:00.000Z,2520.1883,2524.1577,2505.5883,2515.6291,49734
2023-07-18T16:00:00.000Z,2510.0538,2526.0165,2509.4979,2525.0051,58628
2023-07-19T16:00:00.000Z,2533.8907,2545.0831,2509.337,2512.2866,73928
2023-07-20T16:00:00.000Z,2512.2014,2538.0259,2507.4178,2522.1818,77641
2023-07-23T16:00:00.000Z,2506.6301,2522.4238,2502.1075,2511.4409,42872
2023-07-24T16:00:00.000Z,2553.6028,2589.8927,2553.6028,2589.6314,76224
2023-07-25T16:00:00.000Z,2584.5064,2591.7352,2577.4808,2585.1619,43810
2023-07-26T16:00:00.000Z,2590.5373,2602.4293,2575.2557,2585.2108,56161
2023-07-27T16:00:00.000Z,2575.5801,2670.0387,2573.2996,2662.6002,93438
2023-07-30T16:00:00.000Z,2682.1437,2716.7243,2657.9792,2665.5576,92982
2023-07-31T16:00:00.000Z,2664.8332,2685.1995,2651.6511,2659.4167,56311
2023-08-01T16:00:00.000Z,2654.4626,2667.8334,2626.3651,2634.1642,72806
2023-08-02T16:00:00.000Z,2634.4554,2660.8362,2627.6871,2657.7441,66096
2023-08-03T16:00:00.000Z,2686.1423,2697.5664,2655.1437,2657.542,94803
2023-08-06T16:00:00.000Z,2647.8357,2652.2091,2636.0742,2651.6277,55455
2023-08-07T16:00:00.000Z,2640.9485,2664.8303,2628.542,2646.8948,66387
2023-08-08T16:00:00.000Z,2641.037,2656.0719,2640.3959,2647.3623,50628
2023-08-09T16:00:00.000Z,2643.4414,2651.2049,2622.326,2643.3672,65367
2023-08-10T16:00:00.000Z,2645.3098,2646.5074,2571.5035,2572.9555,90964
2023-08-13T16:00:00.000Z,2543.187,2561.6484,2533.8711,2555.6994,78428
2023-08-14T16:00:00.000Z,2560.3155,2565.9779,2531.2883,2559.4807,78898
2023-08-15T16:00:00.000Z,2547.7591,2561.6947,2539.0687,2539.553,63491
2023-08-16T16:00:00.000Z,2526.1026,2555.2445,2521.2778,2547.1113,81617
2023-08-17T16:00:00.000Z,2549.1403,2558.6951,2516.1626,2516.8016,76232
2023-08-20T16:00:00.000Z,2506.9971,2521.9331,2483.4543,2484.5767,71231
2023-08-21T16:00:00.000Z,2499.1083,2516.6067,2474.253,2502.7874,83097
2023-08-22T16:00:00.000Z,2499.8575,2507.1784,2464.8234,2469.7123,66695
2023-08-23T16:00:00.000Z,2481.6437,2509.7109,2478.4175,2490.4588,64551
2023-08-24T16:00:00.000Z,2481.8335,2517.7791,2481.2698,2500.7353,73309
2023-08-27T16:00:00.000Z,2628.7943,2632.0277,2518.2251,2528.7485,116166
2023-08-28T16:00:00.000Z,2529.3166,2565.3784,2529.3166,2541.1543,86269
2023-08-29T16:00:00.000Z,2549.2031,2553.8598,2529.7118,2531.5391,62278
2023-08-30T16:00:00.000Z,2535.8108,2545.5549,2515.4026,2522.0954,54000
2023-08-31T16:00:00.000Z,2535.8979,2555.4329,2533.1531,2541.6504,55681
2023-09-03T16:00:00.000Z,2566.1854,2593.8692,2555.978,2588.2258,73228
2023-09-04T16:00:00.000Z,2581.52,2581.52,2566.4557,2572.2632,51971
2023-09-05T16:00:00.000Z,2564.1736,2575.7733,2555.9521,2570.2783,47211
2023-09-06T16:00:00.000Z,2565.1971,2565.3169,2539.1827,2541.4836,61858
2023-09-07T16:00:00.000Z,2535.608,2541.361,2521.6981,2526.5472,51015
2023-09-10T16:00:00.000Z,2531.1924,2561.1583,2527.4679,2545.5451,65300
2023-09-11T16:00:00.000Z,2541.9659,2548.3183,2537.1647,2542.9498,47193
2023-09-12T16:00:00.000Z,2546.4054,2554.2663,2516.9411,2533.5069,78552
2023-09-13T16:00:00.000Z,2538.0664,2549.9501,2525.3634,2540.0832,90954
2023-09-14T16:00:00.000Z,2549.7119,2557.7674,2520.3688,2531.0316,92538
2023-09-17T16:00:00.000Z,2525.1111,2548.7907,2516.1285,2548.4999,58044
2023-09-18T16:00:00.000Z,2545.6405,2550.2049,2531.9815,2546.4403,45932
2023-09-19T16:00:00.000Z,2540.5059,2546.3499,2532.7997,2533.7208,45451
2023-09-20T16:00:00.000Z,2526.6043,2536.2758,2506.2469,2507.0647,56297
2023-09-21T16:00:00.000Z,2511.4747,2574.7838,2503.4477,2574.6949,82528
2023-09-24T16:00:00.000Z,2566.6855,2566.6855,2542.7833,2547.6088,48415
2023-09-25T16:00:00.000Z,2546.6322,2552.0415,2529.9307,2531.757,38307
2023-09-26T16:00:00.000Z,2535.0058,2555.4998,2531.5635,2544.2158,53382
2023-09-27T16:00:00.000Z,2549.5683,2551.7937,2516.8448,2518.1045,45592
2023-10-08T16:00:00.000Z,2515.0676,2516.468,2485.5061,2507.7212,54333
2023-10-09T16:00:00.000Z,2525.196,2529.5505,2492.4249,2492.951,51786
2023-10-10T16:00:00.000Z,2508.1267,2515.7979,2497.8961,2502.5989,46579
2023-10-11T16:00:00.000Z,2531.112,2538.7078,2515.3462,2525.5738,58762
2023-10-12T16:00:00.000Z,2508.4809,2511.2378,2495.1365,2500.5053,44468
2023-10-15T16:00:00.000Z,2504.4935,2505.4425,2469.8314,2476.1906,50527
2023-10-16T16:00:00.000Z,2480.7168,2490.3987,2472.4189,2486.2304,49094
2023-10-17T16:00:00.000Z,2480.2728,2490.0881,2472.8194,2475.0613,62205
2023-10-18T16:00:00.000Z,2459.4932,2460.3689,2403.8866,2406.0895,93853
2023-10-19T16:00:00.000Z,2397.5164,2408.6758,2384.0206,2392.8578,80061
2023-10-22T16:00:00.000Z,2383.1537,2396.6398,2351.8121,2369.1801,68804
2023-10-23T16:00:00.000Z,2377.711,2388.5598,2358.9931,2380.5818,66176
2023-10-24T16:00:00.000Z,2408.4858,2418.384,2390.2449,2391.0026,62206
2023-10-25T16:00:00.000Z,2382.6878,2404.7782,2382.6878,2401.3119,53371
2023-10-26T16:00:00.000Z,2394.0745,2435.5239,2389.4221,2426.9242,70160
2023-10-29T16:00:00.000Z,2418.4784,2431.0766,2412.1269,2422.6788,54011
2023-10-30T16:00:00.000Z,2417.28,2422.776,2407.7835,2420.1875,43846
2023-10-31T16:00:00.000Z,2447.3063,2447.3063,2421.5459,2426.322,51708
2023-11-01T16:00:00.000Z,2433.7795,2448.9259,2421.426,2423.3065,46820
2023-11-02T16:00:00.000Z,2427.3291,2451.7615,2425.777,2446.057,52796
2023-11-05T16:00:00.000Z,2460.0289,2469.9258,2453.2622,2464.7076,49823
2023-11-06T16:00:00.000Z,2457.3846,2462.0491,2446.2402,2454.2268,40340
2023-11-07T16:00:00.000Z,2449.7956,2459.1394,2432.8018,2445.6118,47951
2023-11-08T16:00:00.000Z,2440.7249,2454.3484,2436.8253,2446.4175,45424
2023-11-09T16:00:00.000Z,2436.3161,2438.4776,2416.3984,2420.9165,47179
2023-11-12T16:00:00.000Z,2425.848,2428.8288,2403.1267,2416.8081,43295
2023-11-13T16:00:00.000Z,2421.3401,2428.4083,2404.3493,2415.4105,51719
2023-11-14T16:00:00.000Z,2436.4199,2442.0715,2426.9997,2436.1542,61028
2023-11-15T16:00:00.000Z,2431.1141,2434.5686,2407.867,2409.4603,64181
2023-11-16T16:00:00.000Z,2404.7565,2406.3231,2384.7537,2403.8945,65377
2023-11-19T16:00:00.000Z,2407.3917,2421.9198,2388.9734,2412.7147,48431
2023-11-20T16:00:00.000Z,2425.7121,2442.581,2416.9288,2424.2121,66712
2023-11-21T16:00:00.000Z,2416.8182,2422.9322,2402.815,2403.7149,44811
2023-11-22T16:00:00.000Z,2402.4463,2416.8651,2392.4766,2415.2246,49511
2023-11-23T16:00:00.000Z,2409.4927,2411.1192,2393.7194,2398.3024,42513
2023-11-26T16:00:00.000Z,2395.164,2395.4906,2360.0906,2376.4984,54280
2023-11-27T16:00:00.000Z,2373.3925,2379.9264,2365.9459,2377.5889,38521
2023-11-28T16:00:00.000Z,2382.7556,2383.1022,2353.1158,2367.0812,47663
2023-11-29T16:00:00.000Z,2368.0991,2378.3975,2361.1019,2371.8568,47228
2023-11-30T16:00:00.000Z,2368.4985,2370.3279,2336.1377,2353.8735,64042
2023-12-03T16:00:00.000Z,2357.6549,2359.8145,2334.4259,2335.9657,48648
2023-12-04T16:00:00.000Z,2329.2524,2329.2524,2275.1733,2278.549,65088
2023-12-05T16:00:00.000Z,2274.2195,2297.8436,2269.8156,2280.6729,64708
2023-12-06T16:00:00.000Z,2275.5225,2285.4096,2256.7664,2273.9641,64316
2023-12-07T16:00:00.000Z,2276.7036,2290.9793,2271.5384,2280.3857,53712
