time,open,high,low,close,volume
2023-11-27T01:00:00.000Z,467.8811,468.4333,467.8659,468.4323,5050
2023-11-27T01:05:00.000Z,468.4323,468.6509,468.3146,468.5839,3635
2023-11-27T01:10:00.000Z,468.5839,469.0202,468.5286,468.9295,4588
2023-11-27T01:15:00.000Z,468.9295,470.2415,468.8604,469.6271,12954
2023-11-27T01:20:00.000Z,469.6271,470.2627,469.4488,470.2186,8858
2023-11-27T01:25:00.000Z,470.2186,471.5472,470.0146,471.0945,11365
2023-11-27T01:30:00.000Z,471.0945,471.1139,470.5577,471.0458,6825
2023-11-27T01:35:00.000Z,471.0458,471.0458,470.2774,470.6738,5024
2023-11-27T01:40:00.000Z,470.6738,470.7794,470.5205,470.6301,2912
2023-11-27T01:45:00.000Z,470.6301,470.8354,470.2661,470.2768,3710
2023-11-27T01:50:00.000Z,470.2768,470.5251,470.1893,470.2486,3494
2023-11-27T01:55:00.000Z,470.2486,470.4243,470.1668,470.4148,3313
2023-11-27T02:00:00.000Z,470.4148,470.425,469.9813,470.277,4271
2023-11-27T02:05:00.000Z,470.277,470.277,470.1213,470.1967,1176
2023-11-27T02:10:00.000Z,470.1967,470.2183,470.0235,470.0435,1489
2023-11-27T02:30:00.000Z,470.0119,470.316,469.9717,470.272,2739
2023-11-27T02:35:00.000Z,470.272,470.369,470.1796,470.236,1228
2023-11-27T02:40:00.000Z,470.236,470.3247,470.1669,470.3048,1069
2023-11-27T02:45:00.000Z,470.3048,470.3308,470.056,470.1028,1973
2023-11-27T02:50:00.000Z,470.1028,470.3463,470.0719,470.3463,1533
2023-11-27T02:55:00.000Z,470.3463,470.3636,470.2292,470.3076,1335
2023-11-27T03:00:00.000Z,470.3076,470.4012,470.2365,470.3358,976
2023-11-27T03:05:00.000Z,470.3358,470.3866,470.1587,470.2182,1125
2023-11-27T03:10:00.000Z,470.2182,470.2606,470.0504,470.093,1269
2023-11-27T03:15:00.000Z,470.093,470.1272,469.7874,469.878,2139
2023-11-27T03:20:00.000Z,469.878,469.9388,469.854,469.8851,880
2023-11-27T03:25:00.000Z,469.8851,469.8851,469.7513,469.8384,1249
2023-11-27T05:30:00.000Z,470.3152,470.6158,470.2673,470.4725,4834
2023-11-27T05:35:00.000Z,470.4725,470.5494,470.3988,470.4709,1079
2023-11-27T05:40:00.000Z,470.4709,470.5617,470.3849,470.3952,1031
2023-11-27T05:45:00.000Z,470.3952,470.4763,470.3508,470.3867,1121
2023-11-27T05:50:00.000Z,470.3867,470.6651,470.349,470.5906,1777
2023-11-27T05:55:00.000Z,470.5906,470.6402,470.4482,470.4551,1558
2023-11-27T06:00:00.000Z,470.4551,470.4784,470.3408,470.3931,831
2023-11-27T06:05:00.000Z,470.3931,470.5505,470.3625,470.5125,1029
2023-11-27T06:10:00.000Z,470.5125,470.6511,470.4775,470.6384,1057
2023-11-27T06:15:00.000Z,470.6384,470.6694,470.2721,470.2796,2289
2023-11-27T06:20:00.000Z,470.2796,470.3951,470.2389,470.294,1482
2023-11-27T06:25:00.000Z,470.294,470.4565,470.2838,470.4114,900
2023-11-27T06:30:00.000Z,470.4114,470.4709,470.3586,470.4664,1098
2023-11-27T06:35:00.000Z,470.4664,470.4879,470.4097,470.4306,529
2023-11-27T06:40:00.000Z,470.4306,470.6175,470.3873,470.536,1765
2023-11-27T06:45:00.000Z,470.536,470.5539,470.4661,470.4857,1282
2023-11-27T06:50:00.000Z,470.4857,470.5401,470.3754,470.4863,1871
2023-11-27T06:55:00.000Z,470.4863,470.6051,470.4284,470.4796,2439
2023-11-27T13:00:00.000Z,471.1175,471.6086,471.1175,471.3857,8978
2023-11-27T13:05:00.000Z,471.3857,471.6948,471.3635,471.5565,3598
2023-11-27T13:10:00.000Z,471.5565,471.8094,471.4624,471.5453,3491
2023-11-27T13:15:00.000Z,471.5453,471.5655,471.1748,471.2209,3024
2023-11-27T13:20:00.000Z,471.2209,471.3933,471.1532,471.3694,2623
2023-11-27T13:25:00.000Z,471.3694,471.6409,471.3311,471.5915,2586
2023-11-27T13:30:00.000Z,471.5915,471.9584,471.5571,471.7686,5081
2023-11-27T13:35:00.000Z,471.7686,471.7735,471.2315,471.3656,3825
2023-11-27T13:40:00.000Z,471.3656,471.3656,470.6664,471.0193,8001
2023-11-27T13:45:00.000Z,471.0193,471.1825,471.0014,471.0194,2559
2023-11-27T13:50:00.000Z,471.0194,471.1462,470.7266,470.7894,3700
2023-11-27T13:55:00.000Z,470.7894,470.8864,470.6951,470.7597,1938
2023-11-27T14:00:00.000Z,470.7597,471.1462,470.7329,471.1227,2588
2023-11-27T14:05:00.000Z,471.1227,471.1306,470.8956,470.8956,1942
2023-11-27T14:10:00.000Z,470.8956,471.0229,470.8924,470.9262,1169
2023-11-27T14:15:00.000Z,470.9262,471.0579,470.8192,470.9538,1321
2023-11-27T14:20:00.000Z,470.9538,471.1415,470.8876,471.1032,1078
2023-11-27T14:25:00.000Z,471.1032,471.1137,470.9902,471.0493,1084
2023-11-27T14:30:00.000Z,471.0493,471.0794,470.862,470.9927,2550
2023-11-27T14:35:00.000Z,470.9927,471.1856,470.8829,471.0264,2595
2023-11-27T14:40:00.000Z,471.0264,471.0512,470.9361,470.9659,1351
2023-11-27T14:45:00.000Z,470.9659,471.0694,470.8598,470.8598,1258
2023-11-27T14:50:00.000Z,470.8598,470.9474,470.8418,470.8968,910
2023-11-27T14:55:00.000Z,470.8968,471.0968,470.8968,470.9767,1119
2023-11-27T15:00:00.000Z,470.9767,471.5854,470.9767,471.3333,4596
2023-11-27T15:05:00.000Z,471.3333,471.3333,470.6958,470.9305,4815
2023-11-27T15:10:00.000Z,470.9305,471.2661,470.9154,471.1661,2005
2023-11-27T15:15:00.000Z,471.1661,471.6183,471.156,471.3297,2643
2023-11-27T15:20:00.000Z,471.3297,471.3926,471.1615,471.2988,1398
2023-11-27T15:25:00.000Z,471.2988,471.5643,471.2527,471.51,1337
2023-11-27T15:30:00.000Z,471.51,471.5654,471.2522,471.294,2282
2023-11-27T15:35:00.000Z,471.294,471.3371,471.1379,471.1683,1392
2023-11-27T15:40:00.000Z,471.1683,471.2065,470.8914,471.1732,2542
2023-11-27T15:45:00.000Z,471.1732,471.1732,470.9844,471.0101,1660
2023-11-27T15:50:00.000Z,471.0101,471.0337,470.9142,470.9692,885
2023-11-27T15:55:00.000Z,470.9692,471.0301,470.7953,471.0099,1408
2023-11-27T16:00:00.000Z,471.0099,471.0099,470.7229,470.8539,1385
2023-11-27T16:05:00.000Z,470.8539,470.8662,470.5869,470.7971,2240
2023-11-27T16:10:00.000Z,470.7971,470.8851,470.7062,470.7953,1605
2023-11-27T16:15:00.000Z,470.7953,470.7953,470.6215,470.7434,906
2023-11-27T16:20:00.000Z,470.7434,470.7434,470.512,470.5579,911
2023-11-27T16:25:00.000Z,470.5579,470.7112,470.5174,470.6853,780
2023-11-27T16:30:00.000Z,470.6853,470.7843,470.6142,470.6243,623
2023-11-27T16:35:00.000Z,470.6243,470.6581,470.1903,470.2299,2117
2023-11-27T16:40:00.000Z,470.2299,470.5889,470.194,470.5067,1568
2023-11-27T16:45:00.000Z,470.5067,470.8036,470.4966,470.7969,835
2023-11-27T16:50:00.000Z,470.7969,470.9625,470.783,470.9481,1290
2023-11-27T16:55:00.000Z,470.9481,471.0614,470.9371,470.9917,1486
2023-11-27T17:00:00.000Z,470.9917,471.0872,470.9524,471.0872,742
2023-11-27T17:05:00.000Z,471.0872,471.0953,470.9475,470.9846,787
2023-11-27T17:10:00.000Z,470.9846,471.0283,470.9576,470.9936,615
2023-11-27T17:15:00.000Z,470.9936,471.0385,470.9224,471.0385,682
2023-11-27T17:20:00.000Z,471.0385,471.1125,471.0284,471.0533,404
2023-11-27T17:25:00.000Z,471.0533,471.132,471.0308,471.0825,422
2023-11-27T17:30:00.000Z,471.0825,471.0927,471.0287,471.0489,288
2023-11-27T17:35:00.000Z,471.0489,471.0489,470.8893,470.9729,573
2023-11-27T17:40:00.000Z,470.9729,471.0616,470.9594,471.0403,260
2023-11-27T17:45:00.000Z,471.0403,471.2445,471.02,471.2445,647
2023-11-27T17:50:00.000Z,471.2445,471.2579,471.1928,471.2141,249
2023-11-27T17:55:00.000Z,471.2141,471.2332,471.187,471.187,242
2023-11-27T18:00:00.000Z,471.187,471.3735,471.1289,471.2869,955
2023-11-27T18:05:00.000Z,471.2869,471.3308,471.2768,471.3163,214
2023-11-27T18:10:00.000Z,471.3163,471.3288,471.2714,471.3048,160
2023-11-27T18:15:00.000Z,471.3048,471.3295,471.2745,471.3248,274
2023-11-27T18:20:00.000Z,471.3248,471.5026,471.3102,471.4756,460
2023-11-27T18:25:00.000Z,471.4756,471.5121,471.3517,471.4435,994
2023-11-28T01:00:00.000Z,471.7759,472.4765,471.751,472.3568,7277
2023-11-28T01:05:00.000Z,472.3568,472.3568,471.9611,472.0213,3255
2023-11-28T01:10:00.000Z,472.0213,472.1448,471.8428,471.8609,1806
2023-11-28T01:15:00.000Z,471.8609,471.9256,471.665,471.716,2466
2023-11-28T01:20:00.000Z,471.716,471.7238,471.3795,471.4819,1999
2023-11-28T01:25:00.000Z,471.4819,471.6547,471.4074,471.4671,2439
2023-11-28T01:30:00.000Z,471.4671,471.6644,471.4223,471.519,1796
2023-11-28T01:35:00.000Z,471.519,471.6183,471.364,471.6082,1765
2023-11-28T01:40:00.000Z,471.6082,471.8262,471.5969,471.6214,1789
2023-11-28T01:45:00.000Z,471.6214,471.6395,471.3533,471.4954,2287
2023-11-28T01:50:00.000Z,471.4954,471.6934,471.3503,471.6737,1588
2023-11-28T01:55:00.000Z,471.6737,471.7208,471.4807,471.5032,895
2023-11-28T02:00:00.000Z,471.5032,471.518,471.3564,471.4969,1041
2023-11-28T02:05:00.000Z,471.4969,471.5289,471.4219,471.5233,620
2023-11-28T02:10:00.000Z,471.5233,471.5233,471.3987,471.4449,734
2023-11-28T02:30:00.000Z,471.5977,471.815,471.5977,471.7177,1964
2023-11-28T02:35:00.000Z,471.7177,471.7607,471.5206,471.5453,1495
2023-11-28T02:40:00.000Z,471.5453,471.6956,471.5029,471.548,977
2023-11-28T02:45:00.000Z,471.548,471.6294,471.5278,471.6257,589
2023-11-28T02:50:00.000Z,471.6257,471.8092,471.6156,471.6417,1532
2023-11-28T02:55:00.000Z,471.6417,471.6506,471.5297,471.6075,1335
2023-11-28T03:00:00.000Z,471.6075,471.7703,471.5774,471.6559,1783
2023-11-28T03:05:00.000Z,471.6559,471.7793,471.6233,471.7589,1164
2023-11-28T03:10:00.000Z,471.7589,471.8618,471.7129,471.7444,1301
2023-11-28T03:15:00.000Z,471.7444,471.7634,471.6847,471.6982,493
2023-11-28T03:20:00.000Z,471.6982,471.7906,471.6665,471.7092,570
2023-11-28T03:25:00.000Z,471.7092,471.8583,471.7092,471.7725,903
2023-11-28T05:30:00.000Z,471.7522,471.8088,471.6869,471.7493,1248
2023-11-28T05:35:00.000Z,471.7493,471.7655,471.5787,471.7104,1515
2023-11-28T05:40:00.000Z,471.7104,471.9925,471.7104,471.9588,1627
2023-11-28T05:45:00.000Z,471.9588,472.0588,471.8843,471.8843,1709
2023-11-28T05:50:00.000Z,471.8843,471.8944,471.761,471.835,1361
2023-11-28T05:55:00.000Z,471.835,472.0304,471.8114,471.9966,1441
2023-11-28T06:00:00.000Z,471.9966,472.3047,471.8882,472.2208,2828
2023-11-28T06:05:00.000Z,472.2208,472.3251,472.0488,472.0678,1843
2023-11-28T06:10:00.000Z,472.0678,472.1615,471.9539,472.1478,1658
2023-11-28T06:15:00.000Z,472.1478,472.1769,472.0079,472.1304,1288
2023-11-28T06:20:00.000Z,472.1304,472.1947,472.0363,472.0837,764
2023-11-28T06:25:00.000Z,472.0837,472.1474,471.9942,472.0313,1193
2023-11-28T06:30:00.000Z,472.0313,472.1466,471.9996,472.1269,848
2023-11-28T06:35:00.000Z,472.1269,472.189,472.1202,472.1397,846
2023-11-28T06:40:00.000Z,472.1397,472.1498,472.0696,472.092,831
2023-11-28T06:45:00.000Z,472.092,472.1903,472.0717,472.1081,2255
2023-11-28T06:50:00.000Z,472.1081,472.2679,472.1081,472.1419,2194
2023-11-28T06:55:00.000Z,472.1419,472.2499,471.9797,472.0337,2535
2023-11-28T13:00:00.000Z,472.1896,472.2321,471.9423,472.0698,3615
2023-11-28T13:05:00.000Z,472.0698,472.1015,471.9561,472.0085,1657
2023-11-28T13:10:00.000Z,472.0085,472.0269,471.7835,471.8202,1689
2023-11-28T13:15:00.000Z,471.8202,471.9191,471.6715,471.8853,3056
2023-11-28T13:20:00.000Z,471.8853,472.1783,471.8602,472.0417,2757
2023-11-28T13:25:00.000Z,472.0417,472.3951,472.0215,472.3951,2872
2023-11-28T13:30:00.000Z,472.3951,472.4214,472.2285,472.3481,2775
2023-11-28T13:35:00.000Z,472.3481,472.5168,472.2603,472.3432,2852
2023-11-28T13:40:00.000Z,472.3432,473.2495,472.3091,472.8952,7996
2023-11-28T13:45:00.000Z,472.8952,472.9481,472.5906,472.7249,4083
2023-11-28T13:50:00.000Z,472.7249,472.9208,472.7204,472.9208,2407
2023-11-28T13:55:00.000Z,472.9208,473.0694,472.7901,473.0694,2171
2023-11-28T14:00:00.000Z,473.0694,473.3297,473.0003,473.0046,4506
2023-11-28T14:05:00.000Z,473.0046,473.109,472.9175,472.9647,2890
2023-11-28T14:10:00.000Z,472.9647,473.5186,472.9536,473.4854,3897
2023-11-28T14:15:00.000Z,473.4854,473.7803,473.4469,473.7525,4788
2023-11-28T14:20:00.000Z,473.7525,474.182,473.6025,474.1076,6718
2023-11-28T14:25:00.000Z,474.1076,474.1501,473.8604,474.0965,3661
2023-11-28T14:30:00.000Z,474.0965,474.2754,473.7867,473.9009,4754
2023-11-28T14:35:00.000Z,473.9009,473.9669,473.5354,473.9418,4211
2023-11-28T14:40:00.000Z,473.9418,473.9521,473.3706,473.598,7062
2023-11-28T14:45:00.000Z,473.598,474.1176,473.5597,474.0359,4381
2023-11-28T14:50:00.000Z,474.0359,474.1584,473.7095,473.7095,3572
2023-11-28T14:55:00.000Z,473.7095,474.0043,473.6447,473.9015,2639
2023-11-28T15:00:00.000Z,473.9015,474.0638,473.7124,473.7867,4196
2023-11-28T15:05:00.000Z,473.7867,473.8919,473.6171,473.6465,2307
2023-11-28T15:10:00.000Z,473.6465,473.6465,473.3691,473.5315,3308
2023-11-28T15:15:00.000Z,473.5315,473.6979,473.5159,473.5943,1825
2023-11-28T15:20:00.000Z,473.5943,473.707,473.52,473.6438,2013
2023-11-28T15:25:00.000Z,473.6438,473.6885,473.5201,473.5715,1589
2023-11-28T15:30:00.000Z,473.5715,473.844,473.5566,473.8383,1560
2023-11-28T15:35:00.000Z,473.8383,474.1125,473.7465,474.1125,2334
2023-11-28T15:40:00.000Z,474.1125,474.2849,474.0081,474.1852,4494
2023-11-28T15:45:00.000Z,474.1852,474.1852,473.8966,474.0526,2992
2023-11-28T15:50:00.000Z,474.0526,474.2116,474.0446,474.1487,1442
2023-11-28T15:55:00.000Z,474.1487,474.1875,474.0849,474.1273,1345
2023-11-28T16:00:00.000Z,474.1273,474.2369,474.0623,474.2102,1730
2023-11-28T16:05:00.000Z,474.2102,474.7156,474.2,474.7054,3459
2023-11-28T16:10:00.000Z,474.7054,474.7612,474.516,474.5909,2531
2023-11-28T16:15:00.000Z,474.5909,474.8018,474.554,474.7462,2183
2023-11-28T16:20:00.000Z,474.7462,475.1819,474.7181,475.1676,4393
2023-11-28T16:25:00.000Z,475.1676,475.3825,474.9256,474.9369,3287
2023-11-28T16:30:00.000Z,474.9369,475.2349,474.8387,474.8387,2096
2023-11-28T16:35:00.000Z,474.8387,474.9752,474.8352,474.9159,2476
2023-11-28T16:40:00.000Z,474.9159,475.2016,474.9021,475.181,1691
2023-11-28T16:45:00.000Z,475.181,475.5584,475.1616,475.3847,4277
2023-11-28T16:50:00.000Z,475.3847,475.4177,475.2149,475.3723,1801
2023-11-28T16:55:00.000Z,475.3723,475.4768,475.3655,475.4106,1087
2023-11-28T17:00:00.000Z,475.4106,475.5244,475.3415,475.3615,1241
2023-11-28T17:05:00.000Z,475.3615,475.4592,475.2731,475.437,1151
2023-11-28T17:10:00.000Z,475.437,475.843,475.4148,475.7974,1982
2023-11-28T17:15:00.000Z,475.7974,475.9616,475.7394,475.7784,2123
2023-11-28T17:20:00.000Z,475.7784,475.9868,475.6256,475.6831,1960
2023-11-28T17:25:00.000Z,475.6831,475.919,475.6831,475.8939,1037
2023-11-28T17:30:00.000Z,475.8939,475.9713,475.7986,475.8488,975
2023-11-28T17:35:00.000Z,475.8488,476.0657,475.8488,475.9792,1710
2023-11-28T17:40:00.000Z,475.9792,476.1098,475.8506,475.862,1501
2023-11-28T17:45:00.000Z,475.862,475.9318,475.8012,475.8325,788
2023-11-28T17:50:00.000Z,475.8325,475.863,475.67,475.7137,906
2023-11-28T17:55:00.000Z,475.7137,475.7486,475.5839,475.6581,830
2023-11-28T18:00:00.000Z,475.6581,475.8101,475.609,475.6185,1361
2023-11-28T18:05:00.000Z,475.6185,475.677,475.5793,475.6424,534
2023-11-28T18:10:00.000Z,475.6424,475.6562,475.4373,475.5202,1094
2023-11-28T18:15:00.000Z,475.5202,475.6081,475.5121,475.5612,440
2023-11-28T18:20:00.000Z,475.5612,475.6102,475.4758,475.5617,702
2023-11-28T18:25:00.000Z,475.5617,475.7633,475.4854,475.6887,1174
2023-11-29T01:00:00.000Z,476.387,477.3149,476.3753,476.7712,13524
2023-11-29T01:05:00.000Z,476.7712,476.7714,476.3592,476.6019,6029
2023-11-29T01:10:00.000Z,476.6019,476.6183,475.986,476.0874,6576
2023-11-29T01:15:00.000Z,476.0874,476.2478,476.0487,476.1729,3673
2023-11-29T01:20:00.000Z,476.1729,476.3624,476.0152,476.2533,3188
2023-11-29T01:25:00.000Z,476.2533,476.8103,476.1591,476.7668,4497
2023-11-29T01:30:00.000Z,476.7668,477.0626,476.7319,476.9806,4338
2023-11-29T01:35:00.000Z,476.9806,477.0178,476.5585,476.699,2957
2023-11-29T01:40:00.000Z,476.699,476.8708,476.5978,476.5978,2241
2023-11-29T01:45:00.000Z,476.5978,476.656,476.2769,476.4105,3195
2023-11-29T01:50:00.000Z,476.4105,476.5781,476.3031,476.3277,1933
2023-11-29T01:55:00.000Z,476.3277,476.5013,476.3069,476.4896,1684
2023-11-29T02:00:00.000Z,476.4896,476.5749,476.4205,476.5382,1683
2023-11-29T02:05:00.000Z,476.5382,476.5382,476.2818,476.3158,1311
2023-11-29T02:10:00.000Z,476.3158,476.3693,476.2813,476.3517,1088
2023-11-29T02:30:00.000Z,476.2315,476.5703,476.2032,476.5441,2615
2023-11-29T02:35:00.000Z,476.5441,476.704,476.4748,476.6807,2427
2023-11-29T02:40:00.000Z,476.6807,476.8159,476.6058,476.7822,2926
2023-11-29T02:45:00.000Z,476.7822,476.8998,476.5882,476.6555,2201
2023-11-29T02:50:00.000Z,476.6555,476.7006,476.5598,476.6665,1011
2023-11-29T02:55:00.000Z,476.6665,476.8083,476.6552,476.665,1090
2023-11-29T03:00:00.000Z,476.665,476.6945,476.485,476.5125,1053
2023-11-29T03:05:00.000Z,476.5125,476.5564,476.3334,476.3934,1883
2023-11-29T03:10:00.000Z,476.3934,476.5016,476.3831,476.4414,813
2023-11-29T03:15:00.000Z,476.4414,476.4461,476.0415,476.1477,1990
2023-11-29T03:20:00.000Z,476.1477,476.2754,475.9401,475.9652,2029
2023-11-29T03:25:00.000Z,475.9652,476.1442,475.9068,475.9273,1609
2023-11-29T05:30:00.000Z,476.0984,476.3247,475.992,476.0046,2554
2023-11-29T05:35:00.000Z,476.0046,476.1188,475.8446,476.0131,2405
2023-11-29T05:40:00.000Z,476.0131,476.0754,475.9683,475.9974,944
2023-11-29T05:45:00.000Z,475.9974,476.176,475.8785,476.0252,1323
2023-11-29T05:50:00.000Z,476.0252,476.0882,475.9863,476.066,739
2023-11-29T05:55:00.000Z,476.066,476.0874,475.9848,476.0538,994
2023-11-29T06:00:00.000Z,476.0538,476.0905,475.7404,475.7876,2126
2023-11-29T06:05:00.000Z,475.7876,475.9858,475.7711,475.81,1440
2023-11-29T06:10:00.000Z,475.81,475.848,475.663,475.8343,1367
2023-11-29T06:15:00.000Z,475.8343,476.0205,475.8065,475.9489,1247
2023-11-29T06:20:00.000Z,475.9489,476.0756,475.8724,476.0756,750
2023-11-29T06:25:00.000Z,476.0756,476.0966,475.9487,476.0453,1423
2023-11-29T06:30:00.000Z,476.0453,476.1938,475.9288,475.9682,2115
2023-11-29T06:35:00.000Z,475.9682,476.0347,475.7689,475.7839,2955
2023-11-29T06:40:00.000Z,475.7839,476.0272,475.765,475.9793,3925
2023-11-29T06:45:00.000Z,475.9793,476.0982,475.932,475.9834,2862
2023-11-29T06:50:00.000Z,475.9834,476.0691,475.7826,475.9748,3280
2023-11-29T06:55:00.000Z,475.9748,476.0455,475.8079,475.9132,2172
2023-11-29T13:00:00.000Z,475.8401,476.1064,475.8223,475.8888,6017
2023-11-29T13:05:00.000Z,475.8888,475.9637,475.7685,475.8536,2571
2023-11-29T13:10:00.000Z,475.8536,475.9906,475.7873,475.9592,2342
2023-11-29T13:15:00.000Z,475.9592,476.0025,475.7023,475.7068,2566
2023-11-29T13:20:00.000Z,475.7068,476.2375,475.7068,476.2226,4776
2023-11-29T13:25:00.000Z,476.2226,476.4453,476.143,476.1728,3017
2023-11-29T13:30:00.000Z,476.1728,476.2042,475.7008,475.7599,6836
2023-11-29T13:35:00.000Z,475.7599,475.7599,475.2147,475.2493,6669
2023-11-29T13:40:00.000Z,475.2493,475.6682,475.2189,475.6201,4501
2023-11-29T13:45:00.000Z,475.6201,475.7746,475.5898,475.7144,2132
2023-11-29T13:50:00.000Z,475.7144,475.9986,475.6979,475.7747,3181
2023-11-29T13:55:00.000Z,475.7747,476.0058,475.7255,475.7484,2089
2023-11-29T14:00:00.000Z,475.7484,475.8885,475.547,475.7981,4032
2023-11-29T14:05:00.000Z,475.7981,475.9517,475.7796,475.7796,1533
2023-11-29T14:10:00.000Z,475.7796,475.8807,475.6608,475.8555,2227
2023-11-29T14:15:00.000Z,475.8555,476.085,475.7567,476.0363,2282
2023-11-29T14:20:00.000Z,476.0363,476.1334,475.892,476.1186,3020
2023-11-29T14:25:00.000Z,476.1186,476.2911,476.1186,476.1831,2247
2023-11-29T14:30:00.000Z,476.1831,476.4078,476.1659,476.1996,3645
2023-11-29T14:35:00.000Z,476.1996,476.8526,476.1996,476.6306,5457
2023-11-29T14:40:00.000Z,476.6306,476.8325,476.5355,476.6024,4419
2023-11-29T14:45:00.000Z,476.6024,476.7382,476.5476,476.6422,3036
2023-11-29T14:50:00.000Z,476.6422,476.7774,476.5561,476.7092,2592
2023-11-29T14:55:00.000Z,476.7092,476.9292,476.6137,476.6296,3307
2023-11-29T15:00:00.000Z,476.6296,476.9281,476.6296,476.8812,3262
2023-11-29T15:05:00.000Z,476.8812,476.8812,476.2464,476.3174,3438
2023-11-29T15:10:00.000Z,476.3174,476.4173,475.9583,476.3011,4603
2023-11-29T15:15:00.000Z,476.3011,476.4765,476.1085,476.1946,2828
2023-11-29T15:20:00.000Z,476.1946,476.2336,475.9211,475.9813,2970
2023-11-29T15:25:00.000Z,475.9813,476.1797,475.9571,476.1122,1729
2023-11-29T15:30:00.000Z,476.1122,476.1596,475.8151,475.8509,1586
2023-11-29T15:35:00.000Z,475.8509,476.0364,475.8509,475.961,1246
2023-11-29T15:40:00.000Z,475.961,476.1834,475.961,476.1511,1277
2023-11-29T15:45:00.000Z,476.1511,476.3823,476.1511,476.3566,1342
2023-11-29T15:50:00.000Z,476.3566,476.4686,476.3315,476.348,1204
2023-11-29T15:55:00.000Z,476.348,476.348,476.2317,476.3282,763
2023-11-29T16:00:00.000Z,476.3282,476.3629,476.1295,476.1592,1038
2023-11-29T16:05:00.000Z,476.1592,476.1802,475.8904,475.9359,1067
2023-11-29T16:10:00.000Z,475.9359,476.1289,475.9152,476.0806,1071
2023-11-29T16:15:00.000Z,476.0806,476.0981,475.9306,475.9467,788
2023-11-29T16:20:00.000Z,475.9467,476.0025,475.7437,475.987,983
2023-11-29T16:25:00.000Z,475.987,476.069,475.9021,476.0083,817
2023-11-29T16:30:00.000Z,476.0083,476.1183,476.0083,476.0822,598
2023-11-29T16:35:00.000Z,476.0822,476.1301,476.0415,476.086,668
2023-11-29T16:40:00.000Z,476.086,476.1873,476.0448,476.1626,719
2023-11-29T16:45:00.000Z,476.1626,476.2986,476.1236,476.2614,949
2023-11-29T16:50:00.000Z,476.2614,476.2823,476.1773,476.1773,605
2023-11-29T16:55:00.000Z,476.1773,476.3002,476.1602,476.2898,514
2023-11-29T17:00:00.000Z,476.2898,476.3327,476.2299,476.3113,586
2023-11-29T17:05:00.000Z,476.3113,476.4812,476.301,476.4249,823
2023-11-29T17:10:00.000Z,476.4249,476.456,476.3874,476.4501,392
2023-11-29T17:15:00.000Z,476.4501,476.4611,476.1647,476.1647,889
2023-11-29T17:20:00.000Z,476.1647,476.3746,476.1505,476.3746,584
2023-11-29T17:25:00.000Z,476.3746,476.5554,476.3643,476.5053,962
2023-11-29T17:30:00.000Z,476.5053,476.6962,476.5008,476.6066,969
2023-11-29T17:35:00.000Z,476.6066,476.6621,476.5747,476.619,434
2023-11-29T17:40:00.000Z,476.619,476.619,476.4936,476.595,613
2023-11-29T17:45:00.000Z,476.595,476.7335,476.5869,476.6077,401
2023-11-29T17:50:00.000Z,476.6077,476.6122,476.5468,476.5643,216
2023-11-29T17:55:00.000Z,476.5643,476.644,476.5643,476.6004,242
2023-11-29T18:00:00.000Z,476.6004,476.7116,476.6004,476.6696,375
2023-11-29T18:05:00.000Z,476.6696,476.7458,476.6578,476.6578,265
2023-11-29T18:10:00.000Z,476.6578,476.715,476.6533,476.6676,215
2023-11-29T18:15:00.000Z,476.6676,476.6941,476.5069,476.5343,399
2023-11-29T18:20:00.000Z,476.5343,476.584,476.4667,476.584,372
2023-11-29T18:25:00.000Z,476.584,476.7903,476.5088,476.7772,734
2023-11-30T01:00:00.000Z,476.7021,476.7021,476.2424,476.3216,3114
2023-11-30T01:05:00.000Z,476.3216,476.4351,476.2374,476.3008,1581
2023-11-30T01:10:00.000Z,476.3008,476.6821,476.3008,476.4952,2402
2023-11-30T01:15:00.000Z,476.4952,476.551,476.3939,476.4345,1218
2023-11-30T01:20:00.000Z,476.4345,476.6704,476.4345,476.5193,1533
2023-11-30T01:25:00.000Z,476.5193,476.6994,476.4725,476.6973,1877
2023-11-30T01:30:00.000Z,476.6973,476.8202,476.6074,476.6677,2722
2023-11-30T01:35:00.000Z,476.6677,476.6677,476.4108,476.4372,1883
2023-11-30T01:40:00.000Z,476.4372,476.4372,476.3076,476.3553,1190
2023-11-30T01:45:00.000Z,476.3553,476.3668,476.2101,476.2962,1605
2023-11-30T01:50:00.000Z,476.2962,476.3221,476.0506,476.065,2548
2023-11-30T01:55:00.000Z,476.065,476.074,475.8316,475.9618,2338
2023-11-30T02:00:00.000Z,475.9618,476.1131,475.7917,476.0837,2322
2023-11-30T02:05:00.000Z,476.0837,476.0959,475.9634,475.9823,1081
2023-11-30T02:10:00.000Z,475.9823,476.1544,475.9671,476.1544,1679
2023-11-30T02:30:00.000Z,475.9752,475.9752,475.7052,475.7249,3141
2023-11-30T02:35:00.000Z,475.7249,475.8317,475.6851,475.6924,2071
2023-11-30T02:40:00.000Z,475.6924,475.9384,475.6904,475.9384,1337
2023-11-30T02:45:00.000Z,475.9384,476.1236,475.9352,476.0987,2064
2023-11-30T02:50:00.000Z,476.0987,476.1218,475.9744,476.0466,1037
2023-11-30T02:55:00.000Z,476.0466,476.2221,475.9613,476.1114,1746
2023-11-30T03:00:00.000Z,476.1114,476.2152,476.0591,476.0655,1485
2023-11-30T03:05:00.000Z,476.0655,476.1257,475.9887,476.037,951
2023-11-30T03:10:00.000Z,476.037,476.1219,476.0246,476.0818,576
2023-11-30T03:15:00.000Z,476.0818,476.1452,476.0545,476.1349,502
2023-11-30T03:20:00.000Z,476.1349,476.1668,476.0806,476.0937,1086
2023-11-30T03:25:00.000Z,476.0937,476.2029,476.0163,476.1252,1245
2023-11-30T05:30:00.000Z,476.0097,476.0097,475.7795,475.886,2214
2023-11-30T05:35:00.000Z,475.886,475.9983,475.8556,475.9083,1969
2023-11-30T05:40:00.000Z,475.9083,476.1163,475.8174,476.1104,2159
2023-11-30T05:45:00.000Z,476.1104,476.114,475.9454,475.9744,1593
2023-11-30T05:50:00.000Z,475.9744,476.0635,475.8759,475.9333,1214
2023-11-30T05:55:00.000Z,475.9333,476.0007,475.8848,475.9738,1052
2023-11-30T06:00:00.000Z,475.9738,476.1357,475.936,476.0739,1294
2023-11-30T06:05:00.000Z,476.0739,476.1098,476.0034,476.0848,744
2023-11-30T06:10:00.000Z,476.0848,476.0952,475.9434,476.0004,1040
2023-11-30T06:15:00.000Z,476.0004,476.0079,475.8724,475.9668,1145
2023-11-30T06:20:00.000Z,475.9668,476.0876,475.9668,476.0581,1342
2023-11-30T06:25:00.000Z,476.0581,476.0862,475.913,475.9914,1560
2023-11-30T06:30:00.000Z,475.9914,476.0476,475.9403,475.9749,1436
2023-11-30T06:35:00.000Z,475.9749,476.0733,475.961,475.9879,1329
2023-11-30T06:40:00.000Z,475.9879,476.0683,475.9405,475.9643,1462
2023-11-30T06:45:00.000Z,475.9643,476.006,475.9538,475.9788,895
2023-11-30T06:50:00.000Z,475.9788,476.1848,475.9756,476.1731,1800
2023-11-30T06:55:00.000Z,476.1731,476.2431,476.1247,476.205,1631
2023-11-30T13:00:00.000Z,475.8178,475.9689,475.5622,475.9131,4638
2023-11-30T13:05:00.000Z,475.9131,475.9131,475.6914,475.8033,2203
2023-11-30T13:10:00.000Z,475.8033,476.1108,475.7451,476.1108,2008
2023-11-30T13:15:00.000Z,476.1108,476.1707,476.0113,476.0824,2287
2023-11-30T13:20:00.000Z,476.0824,476.1968,475.9304,476.1968,2395
2023-11-30T13:25:00.000Z,476.1968,476.3494,476.1654,476.3494,2463
2023-11-30T13:30:00.000Z,476.3494,476.7888,475.7161,475.7498,13507
2023-11-30T13:35:00.000Z,475.7498,475.8769,475.4023,475.6744,6408
2023-11-30T13:40:00.000Z,475.6744,475.6841,475.1367,475.5153,6543
2023-11-30T13:45:00.000Z,475.5153,475.9181,475.3351,475.6823,4204
2023-11-30T13:50:00.000Z,475.6823,475.6927,475.0146,475.1227,5265
2023-11-30T13:55:00.000Z,475.1227,475.4773,475.1122,475.4773,4123
2023-11-30T14:00:00.000Z,475.4773,475.4773,475.0504,475.3954,5235
2023-11-30T14:05:00.000Z,475.3954,475.6321,475.37,475.5461,2105
2023-11-30T14:10:00.000Z,475.5461,475.7962,475.5097,475.7469,2698
2023-11-30T14:15:00.000Z,475.7469,475.9341,475.644,475.8529,2474
2023-11-30T14:20:00.000Z,475.8529,476.0715,475.8529,476.0202,1769
2023-11-30T14:25:00.000Z,476.0202,476.0352,475.7669,475.8256,1494
2023-11-30T14:30:00.000Z,475.8256,475.8752,475.5612,475.5882,2522
2023-11-30T14:35:00.000Z,475.5882,475.6521,475.2288,475.2423,3188
2023-11-30T14:40:00.000Z,475.2423,475.4628,474.9253,475.1859,5653
2023-11-30T14:45:00.000Z,475.1859,475.5121,475.0297,475.4822,3617
2023-11-30T14:50:00.000Z,475.4822,475.6472,475.301,475.4532,3436
2023-11-30T14:55:00.000Z,475.4532,475.4931,475.3417,475.4446,1989
2023-11-30T15:00:00.000Z,475.4446,475.6555,475.2621,475.3503,3337
2023-11-30T15:05:00.000Z,475.3503,475.3824,474.9411,474.9411,2089
2023-11-30T15:10:00.000Z,474.9411,475.1325,474.912,474.9749,2727
2023-11-30T15:15:00.000Z,474.9749,475.2826,474.9144,475.2472,2504
2023-11-30T15:20:00.000Z,475.2472,475.3235,475.1061,475.2565,1699
2023-11-30T15:25:00.000Z,475.2565,475.4203,475.1435,475.1785,1415
2023-11-30T15:30:00.000Z,475.1785,475.5353,475.1575,475.5175,1652
2023-11-30T15:35:00.000Z,475.5175,475.5721,475.2694,475.3655,1671
2023-11-30T15:40:00.000Z,475.3655,475.376,475.2224,475.3605,993
2023-11-30T15:45:00.000Z,475.3605,475.4985,475.2545,475.2545,1019
2023-11-30T15:50:00.000Z,475.2545,475.3389,475.2447,475.2574,839
2023-11-30T15:55:00.000Z,475.2574,475.3977,475.0252,475.3836,1762
2023-11-30T16:00:00.000Z,475.3836,475.4172,475.3194,475.3588,1170
2023-11-30T16:05:00.000Z,475.3588,475.4552,475.3551,475.4037,641
2023-11-30T16:10:00.000Z,475.4037,475.4523,475.3737,475.4418,580
2023-11-30T16:15:00.000Z,475.4418,475.4735,475.3268,475.4336,768
2023-11-30T16:20:00.000Z,475.4336,475.7406,475.4127,475.7279,1135
2023-11-30T16:25:00.000Z,475.7279,475.7802,475.6337,475.7802,981
2023-11-30T16:30:00.000Z,475.7802,475.7957,475.607,475.6175,714
2023-11-30T16:35:00.000Z,475.6175,475.6997,475.5787,475.6237,414
2023-11-30T16:40:00.000Z,475.6237,475.6342,475.4496,475.4883,648
2023-11-30T16:45:00.000Z,475.4883,475.681,475.4778,475.6555,692
2023-11-30T16:50:00.000Z,475.6555,475.8212,475.6442,475.6772,538
2023-11-30T16:55:00.000Z,475.6772,475.8339,475.6219,475.8107,570
2023-11-30T17:00:00.000Z,475.8107,475.9851,475.8107,475.8726,655
2023-11-30T17:05:00.000Z,475.8726,475.9367,475.8488,475.8638,326
2023-11-30T17:10:00.000Z,475.8638,476.0004,475.7888,475.9854,425
2023-11-30T17:15:00.000Z,475.9854,475.9854,475.8645,475.9109,382
2023-11-30T17:20:00.000Z,475.9109,476.1372,475.9095,476.1372,886
2023-11-30T17:25:00.000Z,476.1372,476.2869,476.0689,476.1855,736
2023-11-30T17:30:00.000Z,476.1855,476.2458,475.9845,475.9845,542
2023-11-30T17:35:00.000Z,475.9845,476.1184,475.9845,476.1184,285
2023-11-30T17:40:00.000Z,476.1184,476.1184,476.0221,476.0326,179
2023-11-30T17:45:00.000Z,476.0326,476.0953,476.0102,476.0708,414
2023-11-30T17:50:00.000Z,476.0708,476.0813,475.8597,475.8611,439
2023-11-30T17:55:00.000Z,475.8611,475.8611,475.5825,475.619,1088
2023-11-30T18:00:00.000Z,475.619,475.804,475.619,475.7048,570
2023-11-30T18:05:00.000Z,475.7048,475.784,475.6667,475.7826,299
2023-11-30T18:10:00.000Z,475.7826,475.8235,475.7195,475.7195,208
2023-11-30T18:15:00.000Z,475.7195,475.7404,475.6152,475.6331,284
2023-11-30T18:20:00.000Z,475.6331,475.6585,475.4099,475.4204,524
2023-11-30T18:25:00.000Z,475.4204,475.5732,475.4121,475.4663,623
2023-12-01T01:00:00.000Z,476.0453,476.4988,476.0029,476.4023,4435
2023-12-01T01:05:00.000Z,476.4023,476.5688,476.2647,476.5501,2084
2023-12-01T01:10:00.000Z,476.5501,476.6383,476.1793,476.2172,2581
2023-12-01T01:15:00.000Z,476.2172,476.3787,476.1334,476.3577,1560
2023-12-01T01:20:00.000Z,476.3577,476.424,476.18,476.18,1189
2023-12-01T01:25:00.000Z,476.18,476.1913,475.9753,476.0089,1434
2023-12-01T01:30:00.000Z,476.0089,476.0972,475.9368,476.0838,925
2023-12-01T01:35:00.000Z,476.0838,476.1198,475.9436,475.9744,765
2023-12-01T01:40:00.000Z,475.9744,476.0935,475.9046,475.9083,1063
2023-12-01T01:45:00.000Z,475.9083,475.9083,475.6266,475.6522,2484
2023-12-01T01:50:00.000Z,475.6522,475.7607,475.6308,475.7491,980
2023-12-01T01:55:00.000Z,475.7491,475.8231,475.7216,475.7574,723
2023-12-01T02:00:00.000Z,475.7574,475.8366,475.6908,475.7097,1020
2023-12-01T02:05:00.000Z,475.7097,475.8019,475.6992,475.7807,781
2023-12-01T02:10:00.000Z,475.7807,475.9774,475.7665,475.9377,891
2023-12-01T02:30:00.000Z,476.0646,476.1314,476.0178,476.0312,1346
2023-12-01T02:35:00.000Z,476.0312,476.1383,476.0037,476.062,1082
2023-12-01T02:40:00.000Z,476.062,476.0724,475.9896,476.0558,540
2023-12-01T02:45:00.000Z,476.0558,476.0668,475.9674,475.9674,584
2023-12-01T02:50:00.000Z,475.9674,475.9778,475.8165,475.8789,874
2023-12-01T02:55:00.000Z,475.8789,475.9879,475.8221,475.9631,747
2023-12-01T03:00:00.000Z,475.9631,476.1076,475.916,475.9982,1089
2023-12-01T03:05:00.000Z,475.9982,476.2285,475.9982,476.1669,898
2023-12-01T03:10:00.000Z,476.1669,476.1924,476.0323,476.1831,699
2023-12-01T03:15:00.000Z,476.1831,476.2413,476.154,476.2323,481
2023-12-01T03:20:00.000Z,476.2323,476.2882,476.1601,476.1702,811
2023-12-01T03:25:00.000Z,476.1702,476.2229,476.0746,476.1654,674
2023-12-01T05:30:00.000Z,476.1608,476.3914,476.1608,476.2977,1192
2023-12-01T05:35:00.000Z,476.2977,476.3866,476.2753,476.3448,818
2023-12-01T05:40:00.000Z,476.3448,476.3491,476.2704,476.3132,459
2023-12-01T05:45:00.000Z,476.3132,476.7754,476.3132,476.6025,3189
2023-12-01T05:50:00.000Z,476.6025,476.622,476.443,476.5822,1069
2023-12-01T05:55:00.000Z,476.5822,476.6106,476.4468,476.525,1188
2023-12-01T06:00:00.000Z,476.525,476.5714,476.4437,476.4983,1082
2023-12-01T06:05:00.000Z,476.4983,476.7317,476.4983,476.7164,1348
2023-12-01T06:10:00.000Z,476.7164,476.7422,476.6232,476.6924,1048
2023-12-01T06:15:00.000Z,476.6924,476.993,476.6924,476.9057,2464
2023-12-01T06:20:00.000Z,476.9057,477.2555,476.8639,476.8668,3097
2023-12-01T06:25:00.000Z,476.8668,476.8918,476.6707,476.7696,1429
2023-12-01T06:30:00.000Z,476.7696,476.7801,476.5595,476.64,858
2023-12-01T06:35:00.000Z,476.64,476.6505,476.1565,476.2931,2542
2023-12-01T06:40:00.000Z,476.2931,476.3996,476.1653,476.2569,2253
2023-12-01T06:45:00.000Z,476.2569,476.4833,476.2569,476.4687,921
2023-12-01T06:50:00.000Z,476.4687,476.4791,476.2517,476.2548,1752
2023-12-01T06:55:00.000Z,476.2548,476.5228,476.2284,476.4021,1793
2023-12-01T13:00:00.000Z,475.818,476.0526,475.7617,475.9337,4920
2023-12-01T13:05:00.000Z,475.9337,476.1079,475.7021,475.8064,3288
2023-12-01T13:10:00.000Z,475.8064,475.8272,475.5455,475.6535,3064
2023-12-01T13:15:00.000Z,475.6535,475.7133,475.506,475.7029,2663
2023-12-01T13:20:00.000Z,475.7029,475.9435,475.5202,475.831,2817
2023-12-01T13:25:00.000Z,475.831,475.831,475.5873,475.5977,2127
2023-12-01T13:30:00.000Z,475.5977,475.6127,475.3451,475.3847,2218
2023-12-01T13:35:00.000Z,475.3847,475.4721,475.1984,475.4502,2150
2023-12-01T13:40:00.000Z,475.4502,475.4548,475.1901,475.3048,1590
2023-12-01T13:45:00.000Z,475.3048,475.4713,475.3048,475.4557,1448
2023-12-01T13:50:00.000Z,475.4557,475.6017,475.4211,475.5164,1029
2023-12-01T13:55:00.000Z,475.5164,475.8105,475.5007,475.6815,1746
2023-12-01T14:00:00.000Z,475.6815,475.8029,475.6409,475.7306,1155
2023-12-01T14:05:00.000Z,475.7306,475.7306,475.3282,475.387,2164
2023-12-01T14:10:00.000Z,475.387,475.3878,475.0565,475.0811,3284
2023-12-01T14:15:00.000Z,475.0811,475.3382,475.0811,475.2838,1357
2023-12-01T14:20:00.000Z,475.2838,475.391,475.2824,475.3368,997
2023-12-01T14:25:00.000Z,475.3368,475.4606,475.2451,475.3245,1364
2023-12-01T14:30:00.000Z,475.3245,475.616,475.1023,475.5833,2584
2023-12-01T14:35:00.000Z,475.5833,475.9095,475.5633,475.8024,3078
2023-12-01T14:40:00.000Z,475.8024,476.0903,475.7186,476.0853,2539
2023-12-01T14:45:00.000Z,476.0853,476.518,476.0455,476.4785,3825
2023-12-01T14:50:00.000Z,476.4785,476.7336,476.23,476.6415,2619
2023-12-01T14:55:00.000Z,476.6415,476.6519,476.4723,476.5537,1651
2023-12-01T15:00:00.000Z,476.5537,477.6155,476.4953,477.3276,10165
2023-12-01T15:05:00.000Z,477.3276,477.3607,476.875,477.2956,4801
2023-12-01T15:10:00.000Z,477.2956,477.6796,477.097,477.1204,4750
2023-12-01T15:15:00.000Z,477.1204,477.3001,476.792,477.265,3584
2023-12-01T15:20:00.000Z,477.265,478.2785,477.265,477.8336,8188
2023-12-01T15:25:00.000Z,477.8336,477.8552,477.3217,477.4875,3619
2023-12-01T15:30:00.000Z,477.4875,477.5277,477.2523,477.5173,2905
2023-12-01T15:35:00.000Z,477.5173,477.5232,477.2637,477.3479,2317
2023-12-01T15:40:00.000Z,477.3479,477.4834,477.2686,477.4834,1812
2023-12-01T15:45:00.000Z,477.4834,477.8446,477.4514,477.8409,1892
2023-12-01T15:50:00.000Z,477.8409,478.0033,477.7049,477.9714,1843
2023-12-01T15:55:00.000Z,477.9714,477.9782,477.627,477.7805,1448
2023-12-01T16:00:00.000Z,477.7805,478.5098,477.1865,478.2153,9660
2023-12-01T16:05:00.000Z,478.2153,478.4288,477.9007,478.1505,4312
2023-12-01T16:10:00.000Z,478.1505,478.8234,478.0009,478.6954,4919
2023-12-01T16:15:00.000Z,478.6954,478.9799,478.6368,478.7126,3650
2023-12-01T16:20:00.000Z,478.7126,478.8843,478.4919,478.8709,2477
2023-12-01T16:25:00.000Z,478.8709,478.9832,478.7062,478.9077,3767
2023-12-01T16:30:00.000Z,478.9077,479.0656,478.7925,478.8506,3272
2023-12-01T16:35:00.000Z,478.8506,478.8993,478.5867,478.8993,2009
2023-12-01T16:40:00.000Z,478.8993,479.0327,478.7523,479.0208,1216
2023-12-01T16:45:00.000Z,479.0208,479.3018,478.9812,479.2396,2662
2023-12-01T16:50:00.000Z,479.2396,479.4079,479.1252,479.3699,1931
2023-12-01T16:55:00.000Z,479.3699,479.3699,479.0414,479.1146,1573
2023-12-01T17:00:00.000Z,479.1146,479.2086,478.9966,478.9966,1123
2023-12-01T17:05:00.000Z,478.9966,479.196,478.9045,479.1893,1197
2023-12-01T17:10:00.000Z,479.1893,479.4005,479.1519,479.3571,1073
2023-12-01T17:15:00.000Z,479.3571,479.4964,479.2668,479.3491,1269
2023-12-01T17:20:00.000Z,479.3491,479.361,479.1674,479.3275,956
2023-12-01T17:25:00.000Z,479.3275,479.5182,479.3238,479.3837,959
2023-12-01T17:30:00.000Z,479.3837,479.4763,479.3201,479.3447,828
2023-12-01T17:35:00.000Z,479.3447,479.5343,479.3325,479.4791,547
2023-12-01T17:40:00.000Z,479.4791,479.6928,479.4545,479.6346,1290
2023-12-01T17:45:00.000Z,479.6346,480.101,479.6346,480.0815,1917
2023-12-01T17:50:00.000Z,480.0815,480.2741,479.9717,480.0383,1930
2023-12-01T17:55:00.000Z,480.0383,480.3765,480.0383,480.3002,1533
2023-12-01T18:00:00.000Z,480.3002,480.335,480.0375,480.057,980
2023-12-01T18:05:00.000Z,480.057,480.3706,480.057,480.3415,871
2023-12-01T18:10:00.000Z,480.3415,480.3731,480.237,480.3372,927
2023-12-01T18:15:00.000Z,480.3372,480.5495,480.3223,480.51,1089
2023-12-01T18:20:00.000Z,480.51,480.51,480.0352,480.1242,1394
2023-12-01T18:25:00.000Z,480.1242,480.507,480.0888,480.474,1577
2023-12-04T01:00:00.000Z,485.4117,487.0308,485.4117,485.6701,23487
2023-12-04T01:05:00.000Z,485.6701,485.6805,483.6288,484.4813,13763
2023-12-04T01:10:00.000Z,484.4813,484.8502,484.2457,484.3141,6232
2023-12-04T01:15:00.000Z,484.3141,485.3955,484.3014,484.8918,8865
2023-12-04T01:20:00.000Z,484.8918,485.1493,484.5316,485.0276,5480
2023-12-04T01:25:00.000Z,485.0276,485.0907,484.6249,484.9643,4066
2023-12-04T01:30:00.000Z,484.9643,484.9643,484.1819,484.2936,4540
2023-12-04T01:35:00.000Z,484.2936,484.3438,483.4527,484.0061,6828
2023-12-04T01:40:00.000Z,484.0061,484.2693,483.8775,484.0411,3506
2023-12-04T01:45:00.000Z,484.0411,484.5796,484.0411,484.4934,3078
2023-12-04T01:50:00.000Z,484.4934,484.7171,484.4621,484.5569,3120
2023-12-04T01:55:00.000Z,484.5569,484.9407,484.5517,484.803,3672
2023-12-04T02:00:00.000Z,484.803,484.8534,484.4727,484.4993,2418
2023-12-04T02:05:00.000Z,484.4993,484.5831,484.2336,484.4291,2715
2023-12-04T02:10:00.000Z,484.4291,484.4408,484.1157,484.1203,1871
2023-12-04T02:30:00.000Z,484.4252,484.4797,484.1996,484.2039,3110
2023-12-04T02:35:00.000Z,484.2039,484.3735,484.0037,484.0072,1983
2023-12-04T02:40:00.000Z,484.0072,484.3151,483.9467,484.2433,1729
2023-12-04T02:45:00.000Z,484.2433,484.3018,484.0998,484.1194,1696
2023-12-04T02:50:00.000Z,484.1194,484.4622,484.0348,484.3864,2088
2023-12-04T02:55:00.000Z,484.3864,484.5455,484.3864,484.503,1353
2023-12-04T03:00:00.000Z,484.503,484.726,484.488,484.5448,2085
2023-12-04T03:05:00.000Z,484.5448,484.6536,484.3903,484.4116,1333
2023-12-04T03:10:00.000Z,484.4116,484.568,484.2522,484.3454,1604
2023-12-04T03:15:00.000Z,484.3454,484.3713,484.0445,484.0657,1762
2023-12-04T03:20:00.000Z,484.0657,484.1792,483.8961,483.902,1527
2023-12-04T03:25:00.000Z,483.902,484.0785,483.8351,483.9841,1317
2023-12-04T05:30:00.000Z,484.5271,484.8734,484.4673,484.8412,4785
2023-12-04T05:35:00.000Z,484.8412,484.9747,484.7167,484.8788,2440
2023-12-04T05:40:00.000Z,484.8788,485.0623,484.8565,484.8565,1942
2023-12-04T05:45:00.000Z,484.8565,484.9167,484.7539,484.7539,1172
2023-12-04T05:50:00.000Z,484.7539,484.7672,484.4827,484.5246,1088
2023-12-04T05:55:00.000Z,484.5246,484.6058,484.1541,484.1645,1278
2023-12-04T06:00:00.000Z,484.1645,484.47,484.0886,484.1131,1560
2023-12-04T06:05:00.000Z,484.1131,484.3751,483.9901,484.3517,1723
2023-12-04T06:10:00.000Z,484.3517,484.3763,484.1245,484.1943,1091
2023-12-04T06:15:00.000Z,484.1943,484.392,484.1879,484.217,1630
2023-12-04T06:20:00.000Z,484.217,484.3195,483.9105,483.9105,2051
2023-12-04T06:25:00.000Z,483.9105,483.9977,483.745,483.9577,2363
2023-12-04T06:30:00.000Z,483.9577,484.0667,483.835,483.9138,1293
2023-12-04T06:35:00.000Z,483.9138,483.9754,483.4077,483.7223,2923
2023-12-04T06:40:00.000Z,483.7223,483.9155,483.5018,483.5631,2044
2023-12-04T06:45:00.000Z,483.5631,483.569,482.6696,482.7905,6387
2023-12-04T06:50:00.000Z,482.7905,482.7905,482.0665,482.1947,4718
2023-12-04T06:55:00.000Z,482.1947,482.3593,481.6372,482.239,4777
2023-12-04T13:00:00.000Z,481.2748,481.7776,480.9858,481.6867,8430
2023-12-04T13:05:00.000Z,481.6867,482.034,481.562,481.5658,4279
2023-12-04T13:10:00.000Z,481.5658,481.5723,481.1741,481.2349,2819
2023-12-04T13:15:00.000Z,481.2349,481.3439,481.02,481.3213,2672
2023-12-04T13:20:00.000Z,481.3213,481.5098,480.9343,481.0461,4615
2023-12-04T13:25:00.000Z,481.0461,481.2308,480.3788,480.4842,7227
2023-12-04T13:30:00.000Z,480.4842,480.5166,479.9861,480.4591,7131
2023-12-04T13:35:00.000Z,480.4591,480.5279,479.4922,479.6474,5963
2023-12-04T13:40:00.000Z,479.6474,480.153,479.6474,480.045,4277
2023-12-04T13:45:00.000Z,480.045,480.0553,479.6682,479.6682,3011
2023-12-04T13:50:00.000Z,479.6682,479.7786,479.0837,479.363,6970
2023-12-04T13:55:00.000Z,479.363,479.5196,479.0783,479.0783,4032
2023-12-04T14:00:00.000Z,479.0783,479.1866,478.2365,478.404,8761
2023-12-04T14:05:00.000Z,478.404,478.7534,478.2551,478.2744,5511
2023-12-04T14:10:00.000Z,478.2744,478.4324,477.5891,477.8321,8188
2023-12-04T14:15:00.000Z,477.8321,478.0706,477.1907,477.5783,9547
2023-12-04T14:20:00.000Z,477.5783,477.5962,476.7264,476.8568,8671
2023-12-04T14:25:00.000Z,476.8568,477.2123,476.5946,477.2123,7458
2023-12-04T14:30:00.000Z,477.2123,477.7207,477.1001,477.6747,7403
2023-12-04T14:35:00.000Z,477.6747,477.7488,477.368,477.5101,4722
2023-12-04T14:40:00.000Z,477.5101,477.597,476.9594,477.1187,4332
2023-12-04T14:45:00.000Z,477.1187,478.0455,477.0338,477.9905,5328
2023-12-04T14:50:00.000Z,477.9905,477.9905,477.5456,477.807,3838
2023-12-04T14:55:00.000Z,477.807,478.1361,477.7596,478.1354,3384
2023-12-04T15:00:00.000Z,478.1354,478.4154,477.9648,478.3893,5589
2023-12-04T15:05:00.000Z,478.3893,478.762,478.2419,478.4903,3650
2023-12-04T15:10:00.000Z,478.4903,478.5285,478.1631,478.2212,3368
2023-12-04T15:15:00.000Z,478.2212,478.4619,478.2046,478.2679,3063
2023-12-04T15:20:00.000Z,478.2679,478.2988,475.8046,476.2123,13353
2023-12-04T15:25:00.000Z,476.2123,476.4218,474.4964,475.4986,17493
2023-12-04T15:30:00.000Z,475.4986,475.6318,473.8849,474.3347,10532
2023-12-04T15:35:00.000Z,474.3347,474.543,473.313,474.215,10869
2023-12-04T15:40:00.000Z,474.215,474.4843,473.5704,474.4843,7368
2023-12-04T15:45:00.000Z,474.4843,474.8744,474.0448,474.4144,5398
2023-12-04T15:50:00.000Z,474.4144,474.4247,473.6699,474.212,5452
2023-12-04T15:55:00.000Z,474.212,474.2432,473.5298,473.6458,4217
2023-12-04T16:00:00.000Z,473.6458,474.2152,473.3475,473.8674,4417
2023-12-04T16:05:00.000Z,473.8674,474.0879,473.7314,474.0397,3696
2023-12-04T16:10:00.000Z,474.0397,474.2921,473.9876,474.1072,2521
2023-12-04T16:15:00.000Z,474.1072,474.1239,473.8483,474.015,1929
2023-12-04T16:20:00.000Z,474.015,474.2003,473.8467,474.106,1587
2023-12-04T16:25:00.000Z,474.106,474.106,473.4586,473.5381,4109
2023-12-04T16:30:00.000Z,473.5381,473.6881,473.3443,473.6534,2011
2023-12-04T16:35:00.000Z,473.6534,473.8669,473.1912,473.3531,2690
2023-12-04T16:40:00.000Z,473.3531,473.5791,473.1044,473.1745,2587
2023-12-04T16:45:00.000Z,473.1745,473.4712,473.0708,473.4066,1786
2023-12-04T16:50:00.000Z,473.4066,473.6447,473.3055,473.3355,2154
2023-12-04T16:55:00.000Z,473.3355,473.6811,473.1817,473.6247,2377
2023-12-04T17:00:00.000Z,473.6247,473.8825,473.6247,473.6955,1546
2023-12-04T17:05:00.000Z,473.6955,474.098,473.6749,474.098,1308
2023-12-04T17:10:00.000Z,474.098,474.2787,473.9704,474.2787,1698
2023-12-04T17:15:00.000Z,474.2787,474.5556,474.2115,474.3947,1680
2023-12-04T17:20:00.000Z,474.3947,474.3993,473.8116,473.8883,1532
2023-12-04T17:25:00.000Z,473.8883,473.9219,473.628,473.7223,1345
2023-12-04T17:30:00.000Z,473.7223,473.8347,473.67,473.6867,812
2023-12-04T17:35:00.000Z,473.6867,473.7176,473.3777,473.6903,1120
2023-12-04T17:40:00.000Z,473.6903,473.713,473.4931,473.6952,675
2023-12-04T17:45:00.000Z,473.6952,473.845,473.6375,473.7691,486
2023-12-04T17:50:00.000Z,473.7691,473.7691,473.6516,473.7093,572
2023-12-04T17:55:00.000Z,473.7093,473.8423,473.7093,473.8049,917
2023-12-04T18:00:00.000Z,473.8049,473.8152,473.6257,473.6984,772
2023-12-04T18:05:00.000Z,473.6984,473.7527,473.3805,473.4682,699
2023-12-04T18:10:00.000Z,473.4682,473.6544,473.4366,473.5552,705
2023-12-04T18:15:00.000Z,473.5552,473.6415,473.4632,473.5697,653
2023-12-04T18:20:00.000Z,473.5697,473.8122,473.5697,473.8029,454
2023-12-04T18:25:00.000Z,473.8029,473.8386,473.431,473.6134,1039
2023-12-05T01:00:00.000Z,475.398,475.6147,475.2406,475.4496,8527
2023-12-05T01:05:00.000Z,475.4496,475.8069,475.3372,475.7641,3777
2023-12-05T01:10:00.000Z,475.7641,475.829,475.6042,475.813,2803
2023-12-05T01:15:00.000Z,475.813,476.1797,475.813,475.9826,3091
2023-12-05T01:20:00.000Z,475.9826,476.1223,475.8798,476.0559,1821
2023-12-05T01:25:00.000Z,476.0559,476.3923,476.0559,476.2878,3407
2023-12-05T01:30:00.000Z,476.2878,476.2958,476.1284,476.1737,1833
2023-12-05T01:35:00.000Z,476.1737,476.1794,475.8551,475.9233,2221
2023-12-05T01:40:00.000Z,475.9233,475.9233,475.7456,475.8364,2167
2023-12-05T01:45:00.000Z,475.8364,476.0272,475.7821,475.977,2858
2023-12-05T01:50:00.000Z,475.977,476.1093,475.9184,475.9739,1499
2023-12-05T01:55:00.000Z,475.9739,476.1011,475.9333,476.04,1036
2023-12-05T02:00:00.000Z,476.04,476.1692,475.9494,475.9724,1418
2023-12-05T02:05:00.000Z,475.9724,476.0488,475.9189,475.9642,625
2023-12-05T02:10:00.000Z,475.9642,476.0817,475.8179,475.8605,874
2023-12-05T02:30:00.000Z,475.8644,475.9593,475.679,475.9028,2365
2023-12-05T02:35:00.000Z,475.9028,475.9914,475.7567,475.9028,1185
2023-12-05T02:40:00.000Z,475.9028,476.0847,475.8742,476.0713,1152
2023-12-05T02:45:00.000Z,476.0713,476.274,476.0713,476.1123,2384
2023-12-05T02:50:00.000Z,476.1123,476.1686,476.0618,476.164,662
2023-12-05T02:55:00.000Z,476.164,476.164,475.8977,475.9272,1731
2023-12-05T03:00:00.000Z,475.9272,476.2152,475.9234,476.1817,1212
2023-12-05T03:05:00.000Z,476.1817,476.2003,476.046,476.0975,562
2023-12-05T03:10:00.000Z,476.0975,476.1468,476.046,476.0758,490
2023-12-05T03:15:00.000Z,476.0758,476.1641,475.9435,476.0057,1263
2023-12-05T03:20:00.000Z,476.0057,476.1915,476.0057,476.1503,991
2023-12-05T03:25:00.000Z,476.1503,476.2218,476.1078,476.2001,1072
2023-12-05T05:30:00.000Z,475.6006,475.6006,475.0775,475.2637,4922
2023-12-05T05:35:00.000Z,475.2637,475.5377,475.2637,475.3565,1883
2023-12-05T05:40:00.000Z,475.3565,475.4356,475.2172,475.3672,1785
2023-12-05T05:45:00.000Z,475.3672,475.4449,475.2426,475.3207,1750
2023-12-05T05:50:00.000Z,475.3207,475.3488,474.9892,475.1766,2969
2023-12-05T05:55:00.000Z,475.1766,475.339,475.1674,475.2767,1453
2023-12-05T06:00:00.000Z,475.2767,475.3557,475.2442,475.3454,992
2023-12-05T06:05:00.000Z,475.3454,475.4525,475.3346,475.3823,1139
2023-12-05T06:10:00.000Z,475.3823,475.4964,475.3317,475.4861,1026
2023-12-05T06:15:00.000Z,475.4861,475.5734,475.4499,475.506,1288
2023-12-05T06:20:00.000Z,475.506,475.6135,475.495,475.5574,1012
2023-12-05T06:25:00.000Z,475.5574,475.5574,475.355,475.4018,1024
2023-12-05T06:30:00.000Z,475.4018,475.4158,475.2705,475.3733,1082
2023-12-05T06:35:00.000Z,475.3733,475.3733,475.1986,475.2905,1572
2023-12-05T06:40:00.000Z,475.2905,475.3768,475.2788,475.3345,1380
2023-12-05T06:45:00.000Z,475.3345,475.6046,475.3345,475.5635,2033
2023-12-05T06:50:00.000Z,475.5635,475.5934,475.3665,475.529,1638
2023-12-05T06:55:00.000Z,475.529,475.707,475.529,475.6576,2166
2023-12-05T13:00:00.000Z,474.5134,474.7795,474.4251,474.5641,5609
2023-12-05T13:05:00.000Z,474.5641,474.6035,474.3522,474.5089,2985
2023-12-05T13:10:00.000Z,474.5089,475.0847,474.3898,474.994,4063
2023-12-05T13:15:00.000Z,474.994,475.0884,474.8495,474.853,2396
2023-12-05T13:20:00.000Z,474.853,474.88,474.5137,474.6911,4319
2023-12-05T13:25:00.000Z,474.6911,475.1309,474.6786,474.8668,4453
2023-12-05T13:30:00.000Z,474.8668,475.0833,474.6739,475.0782,3154
2023-12-05T13:35:00.000Z,475.0782,475.386,474.942,474.9457,3847
2023-12-05T13:40:00.000Z,474.9457,475.1969,474.9242,475.1538,1797
2023-12-05T13:45:00.000Z,475.1538,475.3046,475.0248,475.1109,1401
2023-12-05T13:50:00.000Z,475.1109,475.2719,474.9716,475.2667,1664
2023-12-05T13:55:00.000Z,475.2667,475.3118,475.0972,475.2479,1172
2023-12-05T14:00:00.000Z,475.2479,475.3842,475.1119,475.1398,1732
2023-12-05T14:05:00.000Z,475.1398,475.1508,474.7422,474.8147,2425
2023-12-05T14:10:00.000Z,474.8147,474.8271,474.5186,474.6291,2587
2023-12-05T14:15:00.000Z,474.6291,474.8405,474.6078,474.669,1752
2023-12-05T14:20:00.000Z,474.669,474.669,474.3092,474.4084,2475
2023-12-05T14:25:00.000Z,474.4084,474.4542,474.041,474.1139,2716
2023-12-05T14:30:00.000Z,474.1139,474.2156,473.8869,474.2156,3314
2023-12-05T14:35:00.000Z,474.2156,474.5351,474.1907,474.3286,3068
2023-12-05T14:40:00.000Z,474.3286,474.3286,474.0648,474.1193,1793
2023-12-05T14:45:00.000Z,474.1193,474.1884,473.0338,473.5496,11070
2023-12-05T14:50:00.000Z,473.5496,473.6084,472.9688,473.2191,6307
2023-12-05T14:55:00.000Z,473.2191,473.4196,473.1019,473.3042,2569
2023-12-05T15:00:00.000Z,473.3042,474.8055,473.2841,474.5629,16017
2023-12-05T15:05:00.000Z,474.5629,474.605,473.7515,474.0497,5299
2023-12-05T15:10:00.000Z,474.0497,474.2496,473.4402,473.5743,5692
2023-12-05T15:15:00.000Z,473.5743,473.8218,473.497,473.8023,3555
2023-12-05T15:20:00.000Z,473.8023,474.1611,473.7756,474.0878,2770
2023-12-05T15:25:00.000Z,474.0878,474.1375,473.5933,473.6519,2388
2023-12-05T15:30:00.000Z,473.6519,473.9124,473.3756,473.3957,3378
2023-12-05T15:35:00.000Z,473.3957,473.4334,472.832,472.8458,4843
2023-12-05T15:40:00.000Z,472.8458,472.9829,472.5504,472.5913,7197
2023-12-05T15:45:00.000Z,472.5913,472.9773,472.564,472.7935,3379
2023-12-05T15:50:00.000Z,472.7935,472.8361,472.2773,472.7231,3670
2023-12-05T15:55:00.000Z,472.7231,473.3952,472.7231,473.2569,3318
2023-12-05T16:00:00.000Z,473.2569,473.7396,473.0955,473.7295,2801
2023-12-05T16:05:00.000Z,473.7295,473.7937,473.5182,473.6342,2346
2023-12-05T16:10:00.000Z,473.6342,473.6811,473.3528,473.4586,1782
2023-12-05T16:15:00.000Z,473.4586,473.5998,473.292,473.302,1443
2023-12-05T16:20:00.000Z,473.302,473.4231,473.1084,473.3838,1930
2023-12-05T16:25:00.000Z,473.3838,473.6122,473.3637,473.5118,1357
2023-12-05T16:30:00.000Z,473.5118,473.5453,473.2209,473.2209,1158
2023-12-05T16:35:00.000Z,473.2209,473.3149,473.1218,473.209,1185
2023-12-05T16:40:00.000Z,473.209,473.3754,473.199,473.3269,695
2023-12-05T16:45:00.000Z,473.3269,473.5475,473.1272,473.3421,1115
2023-12-05T16:50:00.000Z,473.3421,473.5209,473.244,473.5022,573
2023-12-05T16:55:00.000Z,473.5022,473.8224,473.4587,473.6641,1123
2023-12-05T17:00:00.000Z,473.6641,473.7726,473.6469,473.7253,405
2023-12-05T17:05:00.000Z,473.7253,474.1408,473.6075,474.0676,1824
2023-12-05T17:10:00.000Z,474.0676,474.3314,473.9481,474.0466,2033
2023-12-05T17:15:00.000Z,474.0466,474.2959,474.0213,474.2786,1098
2023-12-05T17:20:00.000Z,474.2786,474.378,474.1869,474.2242,928
2023-12-05T17:25:00.000Z,474.2242,474.3165,474.1299,474.2045,658
2023-12-05T17:30:00.000Z,474.2045,474.2126,474.0637,474.2126,452
2023-12-05T17:35:00.000Z,474.2126,474.5731,474.2126,474.3919,948
2023-12-05T17:40:00.000Z,474.3919,474.3919,474.1465,474.2411,470
2023-12-05T17:45:00.000Z,474.2411,474.409,474.2272,474.2397,469
2023-12-05T17:50:00.000Z,474.2397,474.3171,474.1042,474.1789,586
2023-12-05T17:55:00.000Z,474.1789,474.1789,474.0023,474.0421,518
2023-12-05T18:00:00.000Z,474.0421,474.3206,474.0091,474.2507,485
2023-12-05T18:05:00.000Z,474.2507,474.2808,474.1413,474.267,301
2023-12-05T18:10:00.000Z,474.267,474.3139,474.1512,474.1957,349
2023-12-05T18:15:00.000Z,474.1957,474.361,474.1957,474.2739,281
2023-12-05T18:20:00.000Z,474.2739,474.5002,474.2591,474.4854,554
2023-12-05T18:25:00.000Z,474.4854,474.4854,474.2468,474.3153,1012
2023-12-06T01:00:00.000Z,474.6092,474.8295,474.295,474.328,5041
2023-12-06T01:05:00.000Z,474.328,474.4979,474.2119,474.3861,2125
2023-12-06T01:10:00.000Z,474.3861,474.5672,474.2674,474.5624,1621
2023-12-06T01:15:00.000Z,474.5624,474.6476,474.4771,474.6115,1078
2023-12-06T01:20:00.000Z,474.6115,474.6249,474.494,474.5189,861
2023-12-06T01:25:00.000Z,474.5189,474.6182,474.3314,474.3314,1141
2023-12-06T01:30:00.000Z,474.3314,474.4201,474.1584,474.3493,1581
2023-12-06T01:35:00.000Z,474.3493,474.485,474.1749,474.2271,1876
2023-12-06T01:40:00.000Z,474.2271,474.2535,474.0134,474.0579,1702
2023-12-06T01:45:00.000Z,474.0579,474.1352,473.9868,474.1352,1384
2023-12-06T01:50:00.000Z,474.1352,474.1863,474.055,474.0822,886
2023-12-06T01:55:00.000Z,474.0822,474.1168,474.0001,474.067,1415
2023-12-06T02:00:00.000Z,474.067,474.068,473.9406,473.9828,1637
2023-12-06T02:05:00.000Z,473.9828,474.072,473.8388,473.9163,2217
2023-12-06T02:10:00.000Z,473.9163,473.9921,473.6956,473.7197,2518
2023-12-06T02:30:00.000Z,473.7983,473.8577,473.4856,473.572,2386
2023-12-06T02:35:00.000Z,473.572,473.5887,473.4939,473.5214,873
2023-12-06T02:40:00.000Z,473.5214,473.8006,473.5214,473.8006,813
2023-12-06T02:45:00.000Z,473.8006,473.8689,473.7144,473.8228,934
2023-12-06T02:50:00.000Z,473.8228,474.0405,473.8228,474.0022,1323
2023-12-06T02:55:00.000Z,474.0022,474.0022,473.8387,473.8933,949
2023-12-06T03:00:00.000Z,473.8933,474.0091,473.8732,473.9689,838
2023-12-06T03:05:00.000Z,473.9689,473.9972,473.9086,473.9459,521
2023-12-06T03:10:00.000Z,473.9459,474.0926,473.9459,474.0358,670
2023-12-06T03:15:00.000Z,474.0358,474.2032,474.0044,474.1283,1125
2023-12-06T03:20:00.000Z,474.1283,474.2518,474.1173,474.2103,635
2023-12-06T03:25:00.000Z,474.2103,474.24,474.0941,474.1435,599
2023-12-06T05:30:00.000Z,474.2813,474.3732,474.1768,474.3032,1800
2023-12-06T05:35:00.000Z,474.3032,474.4673,474.2766,474.4672,906
2023-12-06T05:40:00.000Z,474.4672,474.4709,474.3613,474.4099,914
2023-12-06T05:45:00.000Z,474.4099,474.6766,474.3999,474.6144,1251
2023-12-06T05:50:00.000Z,474.6144,474.6746,474.5155,474.6176,1596
2023-12-06T05:55:00.000Z,474.6176,474.8615,474.6176,474.7207,1750
2023-12-06T06:00:00.000Z,474.7207,474.7307,474.5489,474.6674,1798
2023-12-06T06:05:00.000Z,474.6674,474.7359,474.6057,474.6577,1296
2023-12-06T06:10:00.000Z,474.6577,474.7753,474.6263,474.6489,1527
2023-12-06T06:15:00.000Z,474.6489,474.7409,474.6243,474.6821,2157
2023-12-06T06:20:00.000Z,474.6821,474.8597,474.6699,474.743,1678
2023-12-06T06:25:00.000Z,474.743,474.953,474.6645,474.6683,1829
2023-12-06T06:30:00.000Z,474.6683,474.7995,474.6011,474.6288,1740
2023-12-06T06:35:00.000Z,474.6288,474.7888,474.5719,474.7883,1953
2023-12-06T06:40:00.000Z,474.7883,474.8109,474.621,474.632,1206
2023-12-06T06:45:00.000Z,474.632,474.705,474.622,474.6815,614
2023-12-06T06:50:00.000Z,474.6815,474.8188,474.6535,474.7335,976
2023-12-06T06:55:00.000Z,474.7335,474.9622,474.6993,474.8532,1726
2023-12-06T13:00:00.000Z,474.9336,475.6583,474.9336,475.6541,5100
2023-12-06T13:05:00.000Z,475.6541,475.8055,475.4113,475.6136,3465
2023-12-06T13:10:00.000Z,475.6136,475.7346,475.4826,475.5522,2327
2023-12-06T13:15:00.000Z,475.5522,476.2737,475.3234,476.2277,10011
2023-12-06T13:20:00.000Z,476.2277,476.3019,475.8672,475.9107,5993
2023-12-06T13:25:00.000Z,475.9107,475.9212,475.4348,475.8231,4476
2023-12-06T13:30:00.000Z,475.8231,475.9619,475.5452,475.6748,4734
2023-12-06T13:35:00.000Z,475.6748,475.8607,475.6336,475.773,2504
2023-12-06T13:40:00.000Z,475.773,476.0458,475.7701,475.9623,1816
2023-12-06T13:45:00.000Z,475.9623,476.1778,475.8706,475.8947,3169
2023-12-06T13:50:00.000Z,475.8947,475.9046,475.6987,475.8695,1555
2023-12-06T13:55:00.000Z,475.8695,476.0328,475.8193,475.8952,2429
2023-12-06T14:00:00.000Z,475.8952,476.1438,475.8108,476.0521,2121
2023-12-06T14:05:00.000Z,476.0521,476.1072,475.9176,475.9759,1334
2023-12-06T14:10:00.000Z,475.9759,475.9984,475.8406,475.9543,877
2023-12-06T14:15:00.000Z,475.9543,475.9977,475.7244,475.7343,1776
2023-12-06T14:20:00.000Z,475.7343,476.0064,475.7006,475.9866,1642
2023-12-06T14:25:00.000Z,475.9866,476.4156,475.9601,476.2445,3361
2023-12-06T14:30:00.000Z,476.2445,476.6425,476.1552,476.6238,3161
2023-12-06T14:35:00.000Z,476.6238,476.7111,476.1056,476.1452,4151
2023-12-06T14:40:00.000Z,476.1452,476.3046,475.9379,475.9627,3471
2023-12-06T14:45:00.000Z,475.9627,475.9703,475.3493,475.5399,6999
2023-12-06T14:50:00.000Z,475.5399,476.0107,475.519,475.7285,3888
2023-12-06T14:55:00.000Z,475.7285,475.7865,475.3189,475.3586,4004
2023-12-06T15:00:00.000Z,475.3586,475.5596,474.9087,475.3015,5158
2023-12-06T15:05:00.000Z,475.3015,475.5161,475.1935,475.4709,2522
2023-12-06T15:10:00.000Z,475.4709,475.5939,475.27,475.5444,1905
2023-12-06T15:15:00.000Z,475.5444,475.7403,475.5214,475.653,2254
2023-12-06T15:20:00.000Z,475.653,475.851,475.5609,475.789,2144
2023-12-06T15:25:00.000Z,475.789,475.8127,475.4906,475.6117,1844
2023-12-06T15:30:00.000Z,475.6117,476.1836,475.6117,476.1329,2434
2023-12-06T15:35:00.000Z,476.1329,476.2068,476.0479,476.1335,1724
2023-12-06T15:40:00.000Z,476.1335,476.1483,475.9007,475.9667,1523
2023-12-06T15:45:00.000Z,475.9667,476.377,475.9343,476.2116,1731
2023-12-06T15:50:00.000Z,476.2116,476.2516,476.104,476.1584,1129
2023-12-06T15:55:00.000Z,476.1584,476.2397,476.107,476.1606,660
2023-12-06T16:00:00.000Z,476.1606,476.282,475.93,476.2448,1638
2023-12-06T16:05:00.000Z,476.2448,476.2448,476.0302,476.061,1069
2023-12-06T16:10:00.000Z,476.061,476.1462,475.9852,476.0071,724
2023-12-06T16:15:00.000Z,476.0071,476.0258,475.804,475.9514,1564
2023-12-06T16:20:00.000Z,475.9514,475.9514,475.5627,475.6674,1664
2023-12-06T16:25:00.000Z,475.6674,475.6768,475.4722,475.6041,1358
2023-12-06T16:30:00.000Z,475.6041,475.7216,475.5359,475.5431,1085
2023-12-06T16:35:00.000Z,475.5431,475.6494,475.364,475.6394,1937
2023-12-06T16:40:00.000Z,475.6394,475.8919,475.6394,475.8117,1535
2023-12-06T16:45:00.000Z,475.8117,476.0747,475.8117,476.0698,1009
2023-12-06T16:50:00.000Z,476.0698,476.4932,476.0599,476.2538,1948
2023-12-06T16:55:00.000Z,476.2538,476.5198,476.2489,476.4764,1254
2023-12-06T17:00:00.000Z,476.4764,476.5314,476.1371,476.1657,1646
2023-12-06T17:05:00.000Z,476.1657,476.3102,476.0665,476.1937,1207
2023-12-06T17:10:00.000Z,476.1937,476.2358,476.1325,476.1897,590
2023-12-06T17:15:00.000Z,476.1897,476.2675,476.0365,476.2098,909
2023-12-06T17:20:00.000Z,476.2098,476.2197,476.0454,476.0702,419
2023-12-06T17:25:00.000Z,476.0702,476.1197,475.9247,475.9529,479
2023-12-06T17:30:00.000Z,475.9529,476.1109,475.9522,476.0301,346
2023-12-06T17:35:00.000Z,476.0301,476.1367,475.9849,476.1157,351
2023-12-06T17:40:00.000Z,476.1157,476.3558,476.1157,476.275,715
2023-12-06T17:45:00.000Z,476.275,476.3063,476.1681,476.2537,473
2023-12-06T17:50:00.000Z,476.2537,476.4424,476.2537,476.3702,1217
2023-12-06T17:55:00.000Z,476.3702,476.4174,476.3008,476.4174,232
2023-12-06T18:00:00.000Z,476.4174,476.5364,476.3897,476.4431,604
2023-12-06T18:05:00.000Z,476.4431,476.5317,476.2793,476.5317,603
2023-12-06T18:10:00.000Z,476.5317,476.5317,476.2306,476.2405,526
2023-12-06T18:15:00.000Z,476.2405,476.3998,476.2306,476.3665,537
2023-12-06T18:20:00.000Z,476.3665,476.3665,476.2369,476.3326,590
2023-12-06T18:25:00.000Z,476.3326,476.465,476.2869,476.4192,925
2023-12-07T01:00:00.000Z,476.2236,476.2236,475.7433,475.8035,3143
2023-12-07T01:05:00.000Z,475.8035,475.8788,475.5754,475.6463,2301
2023-12-07T01:10:00.000Z,475.6463,476.0244,475.6111,476.0145,1633
2023-12-07T01:15:00.000Z,476.0145,476.0233,475.7738,475.7738,947
2023-12-07T01:20:00.000Z,475.7738,475.9321,475.7639,475.8143,551
2023-12-07T01:25:00.000Z,475.8143,475.9116,475.7876,475.8177,585
2023-12-07T01:30:00.000Z,475.8177,475.8777,475.6908,475.7342,941
2023-12-07T01:35:00.000Z,475.7342,475.8645,475.7045,475.845,1097
2023-12-07T01:40:00.000Z,475.845,475.8549,475.7199,475.7372,828
2023-12-07T01:45:00.000Z,475.7372,475.7498,475.647,475.6739,1424
2023-12-07T01:50:00.000Z,475.6739,475.742,475.5781,475.6172,1294
2023-12-07T01:55:00.000Z,475.6172,475.7791,475.3352,475.3512,3185
2023-12-07T02:00:00.000Z,475.3512,475.5027,475.3512,475.462,1751
2023-12-07T02:05:00.000Z,475.462,475.6095,475.4383,475.5771,681
2023-12-07T02:10:00.000Z,475.5771,475.6902,475.5699,475.6803,638
2023-12-07T02:30:00.000Z,475.7287,475.9182,475.6697,475.7328,2300
2023-12-07T02:35:00.000Z,475.7328,475.8395,475.5565,475.579,1292
2023-12-07T02:40:00.000Z,475.579,475.6013,475.4605,475.5337,1418
2023-12-07T02:45:00.000Z,475.5337,475.5866,475.4873,475.519,685
2023-12-07T02:50:00.000Z,475.519,475.6456,475.519,475.5885,564
2023-12-07T02:55:00.000Z,475.5885,475.6108,475.5202,475.5419,871
2023-12-07T03:00:00.000Z,475.5419,475.6024,475.3897,475.4799,2109
2023-12-07T03:05:00.000Z,475.4799,475.5315,475.4283,475.4859,1176
2023-12-07T03:10:00.000Z,475.4859,475.5092,475.3226,475.4016,1244
2023-12-07T03:15:00.000Z,475.4016,475.4995,475.3929,475.4825,998
2023-12-07T03:20:00.000Z,475.4825,475.4825,475.29,475.3832,1274
2023-12-07T03:25:00.000Z,475.3832,475.5149,475.3832,475.5013,459
2023-12-07T05:30:00.000Z,475.1566,475.326,475.1461,475.2656,3133
2023-12-07T05:35:00.000Z,475.2656,475.3689,475.2469,475.3241,1008
2023-12-07T05:40:00.000Z,475.3241,475.3496,475.2383,475.2647,1541
2023-12-07T05:45:00.000Z,475.2647,475.4174,475.2437,475.3915,1304
2023-12-07T05:50:00.000Z,475.3915,475.5056,475.3568,475.3795,935
2023-12-07T05:55:00.000Z,475.3795,475.4628,475.3775,475.4117,564
2023-12-07T06:00:00.000Z,475.4117,475.445,475.2522,475.2621,1199
2023-12-07T06:05:00.000Z,475.2621,475.2918,475.1535,475.2583,1074
2023-12-07T06:10:00.000Z,475.2583,475.2933,475.1668,475.2248,601
2023-12-07T06:15:00.000Z,475.2248,475.294,475.2061,475.2654,687
2023-12-07T06:20:00.000Z,475.2654,475.3958,475.2016,475.3062,922
2023-12-07T06:25:00.000Z,475.3062,475.4749,475.306,475.39,968
2023-12-07T06:30:00.000Z,475.39,475.4464,475.2589,475.2843,1032
2023-12-07T06:35:00.000Z,475.2843,475.2843,475.0523,475.0693,1962
2023-12-07T06:40:00.000Z,475.0693,475.0731,474.8823,474.9957,1757
2023-12-07T06:45:00.000Z,474.9957,475.1408,474.9272,475.1201,1528
2023-12-07T06:50:00.000Z,475.1201,475.3982,475.1052,475.3316,1432
2023-12-07T06:55:00.000Z,475.3316,475.7018,475.328,475.682,2513
2023-12-07T13:00:00.000Z,476.1093,476.3213,476.0262,476.1913,3905
2023-12-07T13:05:00.000Z,476.1913,476.2554,476.0547,476.2022,1444
2023-12-07T13:10:00.000Z,476.2022,476.3444,476.0155,476.051,2429
2023-12-07T13:15:00.000Z,476.051,476.2815,476.051,476.2262,885
2023-12-07T13:20:00.000Z,476.2262,476.5395,476.1595,476.3878,3102
2023-12-07T13:25:00.000Z,476.3878,476.6814,476.3878,476.6442,2796
2023-12-07T13:30:00.000Z,476.6442,476.6762,476.0483,476.6118,7118
2023-12-07T13:35:00.000Z,476.6118,477.0281,476.6019,476.7302,5682
2023-12-07T13:40:00.000Z,476.7302,477.3111,476.7192,477.0204,5732
2023-12-07T13:45:00.000Z,477.0204,477.3649,476.9969,477.1855,4028
2023-12-07T13:50:00.000Z,477.1855,477.2399,476.9797,477.1177,2443
2023-12-07T13:55:00.000Z,477.1177,477.1264,476.8665,476.8703,2154
2023-12-07T14:00:00.000Z,476.8703,476.9471,476.4662,476.6525,2563
2023-12-07T14:05:00.000Z,476.6525,476.6525,476.4266,476.4447,1412
2023-12-07T14:10:00.000Z,476.4447,476.5563,476.1181,476.244,3192
2023-12-07T14:15:00.000Z,476.244,476.3242,475.8997,475.9876,5290
2023-12-07T14:20:00.000Z,475.9876,476.239,475.9727,476.0407,3371
2023-12-07T14:25:00.000Z,476.0407,476.3372,476.0407,476.2715,2261
2023-12-07T14:30:00.000Z,476.2715,476.402,476.0656,476.0754,2736
2023-12-07T14:35:00.000Z,476.0754,476.242,475.9929,476.12,1800
2023-12-07T14:40:00.000Z,476.12,476.12,475.5198,475.6758,3845
2023-12-07T14:45:00.000Z,475.6758,475.7367,475.0075,475.2157,7899
2023-12-07T14:50:00.000Z,475.2157,475.4331,474.9169,474.9449,3338
2023-12-07T14:55:00.000Z,474.9449,475.0338,474.7144,474.9889,4410
2023-12-07T15:00:00.000Z,474.9889,475.3098,474.9791,475.222,3382
2023-12-07T15:05:00.000Z,475.222,475.4351,475.0372,475.1092,3000
2023-12-07T15:10:00.000Z,475.1092,475.1944,474.9618,475.1582,2213
2023-12-07T15:15:00.000Z,475.1582,475.4387,475.1187,475.4238,1310
2023-12-07T15:20:00.000Z,475.4238,475.4874,475.2498,475.359,1939
2023-12-07T15:25:00.000Z,475.359,475.6314,475.3544,475.6031,1713
2023-12-07T15:30:00.000Z,475.6031,475.6229,475.469,475.4839,849
2023-12-07T15:35:00.000Z,475.4839,475.7303,475.469,475.5716,1140
2023-12-07T15:40:00.000Z,475.5716,475.6089,475.242,475.3608,1726
2023-12-07T15:45:00.000Z,475.3608,475.4085,475.2152,475.369,875
2023-12-07T15:50:00.000Z,475.369,475.4073,475.2159,475.4073,779
2023-12-07T15:55:00.000Z,475.4073,475.4259,475.215,475.2435,712
2023-12-07T16:00:00.000Z,475.2435,475.3726,475.0785,475.2704,1717
2023-12-07T16:05:00.000Z,475.2704,475.3489,475.1932,475.2439,465
2023-12-07T16:10:00.000Z,475.2439,475.3689,475.1299,475.3442,648
2023-12-07T16:15:00.000Z,475.3442,475.3591,475.1729,475.209,575
2023-12-07T16:20:00.000Z,475.209,475.5388,475.1992,475.3429,1010
2023-12-07T16:25:00.000Z,475.3429,475.3528,475.2178,475.2178,380
2023-12-07T16:30:00.000Z,475.2178,475.2451,474.9596,474.9597,895
2023-12-07T16:35:00.000Z,474.9597,475.0834,474.8801,475.002,814
2023-12-07T16:40:00.000Z,475.002,475.0526,474.8739,475.0378,626
2023-12-07T16:45:00.000Z,475.0378,475.1382,475.0169,475.0217,695
2023-12-07T16:50:00.000Z,475.0217,475.0387,474.8506,474.9747,769
2023-12-07T16:55:00.000Z,474.9747,475.0276,474.9407,474.9543,429
2023-12-07T17:00:00.000Z,474.9543,474.9543,474.3467,474.5448,2621
2023-12-07T17:05:00.000Z,474.5448,474.5448,474.1057,474.2111,2565
2023-12-07T17:10:00.000Z,474.2111,474.3167,474.0753,474.0928,1125
2023-12-07T17:15:00.000Z,474.0928,474.4197,474.0928,474.3204,1292
2023-12-07T17:20:00.000Z,474.3204,474.6231,474.3204,474.4991,1272
2023-12-07T17:25:00.000Z,474.4991,474.6118,474.4889,474.5873,607
2023-12-07T17:30:00.000Z,474.5873,474.7989,474.5476,474.7309,658
2023-12-07T17:35:00.000Z,474.7309,474.7505,474.6167,474.6316,384
2023-12-07T17:40:00.000Z,474.6316,475.1011,474.6266,475.0862,1155
2023-12-07T17:45:00.000Z,475.0862,475.5868,475.0577,475.326,5580
2023-12-07T17:50:00.000Z,475.326,475.4741,475.0852,475.1362,1707
2023-12-07T17:55:00.000Z,475.1362,475.5511,475.0692,475.3848,1229
2023-12-07T18:00:00.000Z,475.3848,475.5058,475.3305,475.4339,647
2023-12-07T18:05:00.000Z,475.4339,475.5338,475.3773,475.4702,361
2023-12-07T18:10:00.000Z,475.4702,475.7776,475.4702,475.7019,1077
2023-12-07T18:15:00.000Z,475.7019,475.7019,475.4858,475.5385,405
2023-12-07T18:20:00.000Z,475.5385,475.8399,475.4814,475.8311,516
2023-12-07T18:25:00.000Z,475.8311,475.8399,475.6278,475.715,986
2023-12-08T01:00:00.000Z,475.8313,475.9716,475.6558,475.9589,2955
2023-12-08T01:05:00.000Z,475.9589,476.0361,475.7571,475.7746,1442
2023-12-08T01:10:00.000Z,475.7746,475.8089,475.6086,475.7518,1522
2023-12-08T01:15:00.000Z,475.7518,476.0335,475.7518,475.9157,1597
2023-12-08T01:20:00.000Z,475.9157,475.9157,475.7678,475.7864,1052
2023-12-08T01:25:00.000Z,475.7864,475.9359,475.7766,475.8207,828
2023-12-08T01:30:00.000Z,475.8207,476.0135,475.8157,475.974,1124
2023-12-08T01:35:00.000Z,475.974,476.0791,475.9528,476.0104,1353
2023-12-08T01:40:00.000Z,476.0104,476.1601,476.0104,476.0841,1552
2023-12-08T01:45:00.000Z,476.0841,476.1252,475.9274,475.9821,1950
2023-12-08T01:50:00.000Z,475.9821,476.1111,475.9796,476.1111,1455
2023-12-08T01:55:00.000Z,476.1111,476.1348,476.0459,476.1013,1096
2023-12-08T02:00:00.000Z,476.1013,476.2367,476.0827,476.1721,2157
2023-12-08T02:05:00.000Z,476.1721,476.2241,476.1237,476.2045,835
2023-12-08T02:10:00.000Z,476.2045,476.2564,476.1371,476.1939,1218
2023-12-08T02:30:00.000Z,476.1536,476.1815,476.1089,476.1433,1046
2023-12-08T02:35:00.000Z,476.1433,476.2254,476.0716,476.144,1324
2023-12-08T02:40:00.000Z,476.144,476.1784,476.0857,476.1359,1259
2023-12-08T02:45:00.000Z,476.1359,476.1409,476.0241,476.1181,1502
2023-12-08T02:50:00.000Z,476.1181,476.1466,476.0822,476.1396,808
2023-12-08T02:55:00.000Z,476.1396,476.171,476.0599,476.1031,902
2023-12-08T03:00:00.000Z,476.1031,476.1031,475.9505,475.9595,1661
2023-12-08T03:05:00.000Z,475.9595,476.0588,475.8604,475.9381,2115
2023-12-08T03:10:00.000Z,475.9381,475.9491,475.7793,475.8942,1417
2023-12-08T03:15:00.000Z,475.8942,476.03,475.8569,476.0102,696
2023-12-08T03:20:00.000Z,476.0102,476.1042,475.9778,476.0795,558
2023-12-08T03:25:00.000Z,476.0795,476.1553,476.0578,476.0914,1019
2023-12-08T05:30:00.000Z,475.9927,476.0731,475.8662,476.0165,1754
2023-12-08T05:35:00.000Z,476.0165,476.1115,475.9958,476.0859,931
2023-12-08T05:40:00.000Z,476.0859,476.1563,476.076,476.0853,878
2023-12-08T05:45:00.000Z,476.0853,476.1248,476.0629,476.0766,559
2023-12-08T05:50:00.000Z,476.0766,476.1245,475.9929,476.0029,1109
2023-12-08T05:55:00.000Z,476.0029,476.0375,475.8981,476.0212,1111
2023-12-08T06:00:00.000Z,476.0212,476.0212,475.922,475.922,748
2023-12-08T06:05:00.000Z,475.922,475.9425,475.8239,475.9326,834
2023-12-08T06:10:00.000Z,475.9326,475.9735,475.9235,475.9577,559
2023-12-08T06:15:00.000Z,475.9577,476.0168,475.8896,475.8929,1163
2023-12-08T06:20:00.000Z,475.8929,475.9684,475.8198,475.908,693
2023-12-08T06:25:00.000Z,475.908,475.9673,475.8786,475.9174,828
2023-12-08T06:30:00.000Z,475.9174,475.9972,475.9074,475.9465,593
2023-12-08T06:35:00.000Z,475.9465,475.9779,475.8804,475.9046,522
2023-12-08T06:40:00.000Z,475.9046,475.9666,475.8656,475.8792,445
2023-12-08T06:45:00.000Z,475.8792,475.9996,475.8792,475.9996,972
2023-12-08T06:50:00.000Z,475.9996,476.0574,475.9709,476.0061,1340
2023-12-08T06:55:00.000Z,476.0061,476.0785,475.903,475.9724,1672
2023-12-08T13:00:00.000Z,475.6936,475.7496,475.2924,475.4069,6804
2023-12-08T13:05:00.000Z,475.4069,475.8222,475.3673,475.8062,1699
2023-12-08T13:10:00.000Z,475.8062,475.9389,475.6728,475.6888,1450
2023-12-08T13:15:00.000Z,475.6888,475.8794,475.6298,475.8245,1459
2023-12-08T13:20:00.000Z,475.8245,475.9111,475.7346,475.7436,1573
2023-12-08T13:25:00.000Z,475.7436,475.7944,475.3832,475.4403,2737
2023-12-08T13:30:00.000Z,475.4403,475.4403,473.5566,473.8864,19541
2023-12-08T13:35:00.000Z,473.8864,473.8938,473.1373,473.7848,9984
2023-12-08T13:40:00.000Z,473.7848,474.8877,473.6443,474.4466,11781
2023-12-08T13:45:00.000Z,474.4466,474.8138,474.2429,474.6094,7451
2023-12-08T13:50:00.000Z,474.6094,474.6191,473.9177,474.133,6062
2023-12-08T13:55:00.000Z,474.133,474.2079,473.6487,473.7414,5138
2023-12-08T14:00:00.000Z,473.7414,473.8671,473.3127,473.4638,6010
2023-12-08T14:05:00.000Z,473.4638,473.6772,473.1733,473.4428,7660
2023-12-08T14:10:00.000Z,473.4428,473.444,472.8201,472.9455,6986
2023-12-08T14:15:00.000Z,472.9455,473.0528,472.4429,472.5972,6336
2023-12-08T14:20:00.000Z,472.5972,472.7845,471.7791,471.9702,8551
2023-12-08T14:25:00.000Z,471.9702,472.2589,471.5142,472.2416,7331
2023-12-08T14:30:00.000Z,472.2416,472.8718,472.0216,472.4531,7336
2023-12-08T14:35:00.000Z,472.4531,472.6898,472.1461,472.1512,3480
2023-12-08T14:40:00.000Z,472.1512,472.5014,472.0684,472.4732,3819
2023-12-08T14:45:00.000Z,472.4732,472.5761,472.3093,472.4246,2838
2023-12-08T14:50:00.000Z,472.4246,472.7958,472.4246,472.5657,4424
2023-12-08T14:55:00.000Z,472.5657,472.651,472.5102,472.5799,1559
2023-12-08T15:00:00.000Z,472.5799,473.087,472.262,472.3709,7645
2023-12-08T15:05:00.000Z,472.3709,472.5706,472.1392,472.5634,2906
2023-12-08T15:10:00.000Z,472.5634,472.7918,472.5219,472.7278,2441
2023-12-08T15:15:00.000Z,472.7278,473.1356,472.6916,472.9949,2983
2023-12-08T15:20:00.000Z,472.9949,473.033,472.7887,472.8463,1908
2023-12-08T15:25:00.000Z,472.8463,473.1608,472.7341,473.0424,1926
2023-12-08T15:30:00.000Z,473.0424,473.1176,472.7975,472.9831,1266
2023-12-08T15:35:00.000Z,472.9831,473.0479,472.615,472.6247,1353
2023-12-08T15:40:00.000Z,472.6247,472.7282,472.5492,472.6701,1807
2023-12-08T15:45:00.000Z,472.6701,472.6798,472.3248,472.3731,1802
2023-12-08T15:50:00.000Z,472.3731,472.4659,472.2744,472.3791,1064
2023-12-08T15:55:00.000Z,472.3791,472.4927,472.3549,472.4733,786
2023-12-08T16:00:00.000Z,472.4733,472.5534,472.1836,472.2655,1185
2023-12-08T16:05:00.000Z,472.2655,472.2752,471.857,472.0878,1964
2023-12-08T16:10:00.000Z,472.0878,472.0975,471.7398,471.8775,2008
2023-12-08T16:15:00.000Z,471.8775,472.131,471.8207,472.0691,1589
2023-12-08T16:20:00.000Z,472.0691,472.0804,471.895,472.0367,909
2023-12-08T16:25:00.000Z,472.0367,472.162,472.0332,472.1447,803
2023-12-08T16:30:00.000Z,472.1447,472.3506,472.0362,472.0815,1349
2023-12-08T16:35:00.000Z,472.0815,472.2003,472.0648,472.0944,571
2023-12-08T16:40:00.000Z,472.0944,472.115,471.8439,471.9857,858
2023-12-08T16:45:00.000Z,471.9857,472.0044,471.7072,471.8427,1057
2023-12-08T16:50:00.000Z,471.8427,472.2023,471.8131,472.1747,1252
2023-12-08T16:55:00.000Z,472.1747,472.1747,471.7021,471.8083,1701
2023-12-08T17:00:00.000Z,471.8083,471.8574,471.2037,471.2534,2663
2023-12-08T17:05:00.000Z,471.2534,471.2585,470.7961,471.0197,4262
2023-12-08T17:10:00.000Z,471.0197,471.0511,470.8128,470.8681,1905
2023-12-08T17:15:00.000Z,470.8681,471.1073,470.7091,471.0677,1907
2023-12-08T17:20:00.000Z,471.0677,471.2084,470.9298,470.9742,1005
2023-12-08T17:25:00.000Z,470.9742,471.188,470.918,471.1047,779
2023-12-08T17:30:00.000Z,471.1047,471.2224,470.9692,471.2224,609
2023-12-08T17:35:00.000Z,471.2224,471.2932,471.0458,471.0871,648
2023-12-08T17:40:00.000Z,471.0871,471.203,471.0871,471.1213,490
2023-12-08T17:45:00.000Z,471.1213,471.3744,471.1116,471.1734,896
2023-12-08T17:50:00.000Z,471.1734,471.2293,470.9987,471.0558,829
2023-12-08T17:55:00.000Z,471.0558,471.1418,471.0234,471.1137,642
2023-12-08T18:00:00.000Z,471.1137,471.1511,471.0027,471.0027,454
2023-12-08T18:05:00.000Z,471.0027,471.1098,471.0027,471.0079,454
2023-12-08T18:10:00.000Z,471.0079,471.0399,470.8883,470.974,505
2023-12-08T18:15:00.000Z,470.974,471.1075,470.9478,471.0502,633
2023-12-08T18:20:00.000Z,471.0502,471.1596,471.0112,471.0509,624
2023-12-08T18:25:00.000Z,471.0509,471.0909,470.9845,471.0487,742
2023-12-11T01:00:00.000Z,472.0643,472.2963,471.6422,471.6828,5426
2023-12-11T01:05:00.000Z,471.6828,471.8028,471.5433,471.7005,2777
2023-12-11T01:10:00.000Z,471.7005,471.7743,471.5625,471.747,1902
2023-12-11T01:15:00.000Z,471.747,471.8631,471.4959,471.6853,2275
2023-12-11T01:20:00.000Z,471.6853,471.7679,471.5278,471.562,1583
2023-12-11T01:25:00.000Z,471.562,471.8314,471.5523,471.7138,1739
2023-12-11T01:30:00.000Z,471.7138,471.733,471.4415,471.5092,1646
2023-12-11T01:35:00.000Z,471.5092,471.7245,471.5092,471.7245,1152
2023-12-11T01:40:00.000Z,471.7245,471.9511,471.7051,471.8275,1840
2023-12-11T01:45:00.000Z,471.8275,472.0213,471.8275,471.9732,1778
2023-12-11T01:50:00.000Z,471.9732,472.1715,471.9164,471.9304,1680
2023-12-11T01:55:00.000Z,471.9304,472.0838,471.882,472.0247,899
2023-12-11T02:00:00.000Z,472.0247,472.228,471.9201,472.216,1251
2023-12-11T02:05:00.000Z,472.216,472.3344,472.1829,472.2019,2092
2023-12-11T02:10:00.000Z,472.2019,472.2638,471.9803,472.0577,2346
2023-12-11T02:30:00.000Z,471.9127,471.9792,471.7505,471.801,2899
2023-12-11T02:35:00.000Z,471.801,471.8681,471.64,471.6811,1527
2023-12-11T02:40:00.000Z,471.6811,471.8989,471.6811,471.8989,1085
2023-12-11T02:45:00.000Z,471.8989,472.0327,471.7536,472.0269,1985
2023-12-11T02:50:00.000Z,472.0269,472.1669,471.9382,472.1227,1772
2023-12-11T02:55:00.000Z,472.1227,472.2456,472.0868,472.2276,1969
2023-12-11T03:00:00.000Z,472.2276,472.4,472.1623,472.3455,1551
2023-12-11T03:05:00.000Z,472.3455,472.6303,472.3455,472.5439,1675
2023-12-11T03:10:00.000Z,472.5439,472.5928,472.4015,472.4525,1712
2023-12-11T03:15:00.000Z,472.4525,472.5866,472.3973,472.5787,935
2023-12-11T03:20:00.000Z,472.5787,472.5787,472.2705,472.361,1356
2023-12-11T03:25:00.000Z,472.361,472.3969,472.2572,472.3886,699
2023-12-11T05:30:00.000Z,472.1841,472.3991,472.1841,472.3566,2088
2023-12-11T05:35:00.000Z,472.3566,472.4422,472.2869,472.3372,1284
2023-12-11T05:40:00.000Z,472.3372,472.5,472.2907,472.4911,1314
2023-12-11T05:45:00.000Z,472.4911,472.619,472.3707,472.619,788
2023-12-11T05:50:00.000Z,472.619,472.619,472.493,472.5027,736
2023-12-11T05:55:00.000Z,472.5027,472.5206,472.3595,472.3787,844
2023-12-11T06:00:00.000Z,472.3787,472.441,472.2818,472.3294,1053
2023-12-11T06:05:00.000Z,472.3294,472.446,472.2876,472.4423,795
2023-12-11T06:10:00.000Z,472.4423,472.4829,472.3811,472.4077,832
2023-12-11T06:15:00.000Z,472.4077,472.415,472.3248,472.3886,1135
2023-12-11T06:20:00.000Z,472.3886,472.4142,472.317,472.383,886
2023-12-11T06:25:00.000Z,472.383,472.5405,472.383,472.484,781
2023-12-11T06:30:00.000Z,472.484,472.5634,472.4369,472.5238,1337
2023-12-11T06:35:00.000Z,472.5238,472.6207,472.4349,472.5963,959
2023-12-11T06:40:00.000Z,472.5963,472.6099,472.353,472.3773,1178
2023-12-11T06:45:00.000Z,472.3773,472.4713,472.3438,472.3566,1694
2023-12-11T06:50:00.000Z,472.3566,472.4778,472.3194,472.4676,1313
2023-12-11T06:55:00.000Z,472.4676,472.5475,472.3343,472.3781,1768
2023-12-11T13:00:00.000Z,471.583,471.583,471.198,471.3437,4465
2023-12-11T13:05:00.000Z,471.3437,471.3856,470.9467,471.0555,3899
2023-12-11T13:10:00.000Z,471.0555,471.232,470.9593,471.1071,2183
2023-12-11T13:15:00.000Z,471.1071,471.1815,470.867,470.9961,2650
2023-12-11T13:20:00.000Z,470.9961,471.5571,470.8428,471.5172,4559
2023-12-11T13:25:00.000Z,471.5172,471.5362,471.2584,471.3535,1847
2023-12-11T13:30:00.000Z,471.3535,471.4406,471.1048,471.4133,2088
2023-12-11T13:35:00.000Z,471.4133,471.5082,471.3326,471.3418,1156
2023-12-11T13:40:00.000Z,471.3418,471.424,471.1268,471.149,1587
2023-12-11T13:45:00.000Z,471.149,471.2266,470.8626,471.0029,3675
2023-12-11T13:50:00.000Z,471.0029,471.0888,470.5487,470.5876,4410
2023-12-11T13:55:00.000Z,470.5876,471.2194,470.5779,471.1946,3785
2023-12-11T14:00:00.000Z,471.1946,471.3969,471.0935,471.1902,2749
2023-12-11T14:05:00.000Z,471.1902,471.2475,470.9825,471.0895,2419
2023-12-11T14:10:00.000Z,471.0895,471.294,470.9818,471.0202,1396
2023-12-11T14:15:00.000Z,471.0202,471.0719,470.7451,470.8548,2841
2023-12-11T14:20:00.000Z,470.8548,470.8548,470.5959,470.6505,2312
2023-12-11T14:25:00.000Z,470.6505,470.8277,470.6294,470.6638,1188
2023-12-11T14:30:00.000Z,470.6638,470.6638,470.1161,470.4639,6888
2023-12-11T14:35:00.000Z,470.4639,470.6067,470.2316,470.3492,3703
2023-12-11T14:40:00.000Z,470.3492,470.6017,470.3395,470.458,2941
2023-12-11T14:45:00.000Z,470.458,470.5126,470.1406,470.3363,2490
2023-12-11T14:50:00.000Z,470.3363,470.3363,469.9492,470.0173,2181
2023-12-11T14:55:00.000Z,470.0173,470.2058,469.9834,470.0729,2276
2023-12-11T15:00:00.000Z,470.0729,470.2441,469.856,469.9328,3230
2023-12-11T15:05:00.000Z,469.9328,470.268,469.9223,470.1923,2048
2023-12-11T15:10:00.000Z,470.1923,470.2148,469.986,470.1035,1360
2023-12-11T15:15:00.000Z,470.1035,470.2484,470.068,470.0774,918
2023-12-11T15:20:00.000Z,470.0774,470.131,469.581,469.6645,2995
2023-12-11T15:25:00.000Z,469.6645,469.687,469.5289,469.658,3046
2023-12-11T15:30:00.000Z,469.658,469.7759,469.563,469.6061,1581
2023-12-11T15:35:00.000Z,469.6061,469.6265,469.4031,469.4354,1989
2023-12-11T15:40:00.000Z,469.4354,469.7735,469.4212,469.692,1551
2023-12-11T15:45:00.000Z,469.692,469.9143,469.6308,469.775,1597
2023-12-11T15:50:00.000Z,469.775,469.8429,469.6051,469.7025,1032
2023-12-11T15:55:00.000Z,469.7025,469.7324,469.5514,469.668,787
2023-12-11T16:00:00.000Z,469.668,469.9221,469.5984,469.8333,1236
2023-12-11T16:05:00.000Z,469.8333,469.8567,469.6465,469.6522,637
2023-12-11T16:10:00.000Z,469.6522,469.7859,469.6001,469.6562,725
2023-12-11T16:15:00.000Z,469.6562,469.7064,469.5082,469.5622,794
2023-12-11T16:20:00.000Z,469.5622,469.6226,469.3501,469.3501,753
2023-12-11T16:25:00.000Z,469.3501,469.4761,469.216,469.4325,1401
2023-12-11T16:30:00.000Z,469.4325,469.6245,469.27,469.5744,1438
2023-12-11T16:35:00.000Z,469.5744,469.7094,469.4534,469.6997,713
2023-12-11T16:40:00.000Z,469.6997,469.7504,469.6661,469.7071,383
2023-12-11T16:45:00.000Z,469.7071,469.7749,469.5111,469.5596,699
2023-12-11T16:50:00.000Z,469.5596,469.6711,469.5596,469.6319,319
2023-12-11T16:55:00.000Z,469.6319,469.6777,469.501,469.5055,976
2023-12-11T17:00:00.000Z,469.5055,469.6508,469.4689,469.6119,1022
2023-12-11T17:05:00.000Z,469.6119,469.6269,469.2975,469.3117,1118
2023-12-11T17:10:00.000Z,469.3117,469.3169,469.1331,469.1542,656
2023-12-11T17:15:00.000Z,469.1542,469.1542,468.859,468.8696,1918
2023-12-11T17:20:00.000Z,468.8696,469.0574,468.8552,468.9236,757
2023-12-11T17:25:00.000Z,468.9236,469.0847,468.9152,468.9353,813
2023-12-11T17:30:00.000Z,468.9353,468.9756,468.8805,468.932,620
2023-12-11T17:35:00.000Z,468.932,468.9814,468.9073,468.9659,369
2023-12-11T17:40:00.000Z,468.9659,469.1063,468.9457,469.0712,615
2023-12-11T17:45:00.000Z,469.0712,469.1297,468.871,468.8823,460
2023-12-11T17:50:00.000Z,468.8823,468.8916,468.5902,468.6211,1397
2023-12-11T17:55:00.000Z,468.6211,468.7881,468.5378,468.6328,927
2023-12-11T18:00:00.000Z,468.6328,468.7945,468.4548,468.7626,1366
2023-12-11T18:05:00.000Z,468.7626,468.8843,468.6846,468.6846,893
2023-12-11T18:10:00.000Z,468.6846,468.8772,468.6502,468.8284,745
2023-12-11T18:15:00.000Z,468.8284,468.8478,468.5255,468.6655,1038
2023-12-11T18:20:00.000Z,468.6655,468.9582,468.6145,468.9333,1621
2023-12-11T18:25:00.000Z,468.9333,469.186,468.7647,469.1304,1679
2023-12-12T01:00:00.000Z,469.782,470.036,469.663,469.8015,4252
2023-12-12T01:05:00.000Z,469.8015,469.8733,469.5964,469.614,1997
2023-12-12T01:10:00.000Z,469.614,469.6335,469.3791,469.494,2112
2023-12-12T01:15:00.000Z,469.494,470.0197,469.494,470.0197,1795
2023-12-12T01:20:00.000Z,470.0197,470.0339,469.8564,469.9573,1244
2023-12-12T01:25:00.000Z,469.9573,470.0497,469.8999,470.036,1031
2023-12-12T01:30:00.000Z,470.036,470.0713,469.8556,470.0445,1268
2023-12-12T01:35:00.000Z,470.0445,470.2133,469.9549,469.9549,1709
2023-12-12T01:40:00.000Z,469.9549,469.9659,469.7997,469.8094,1070
2023-12-12T01:45:00.000Z,469.8094,469.8974,469.7243,469.7243,1179
2023-12-12T01:50:00.000Z,469.7243,469.9372,469.521,469.521,2723
2023-12-12T01:55:00.000Z,469.521,469.6042,469.2656,469.4694,2432
2023-12-12T02:00:00.000Z,469.4694,469.5007,469.0824,469.1521,3980
2023-12-12T02:05:00.000Z,469.1521,469.3988,469.1441,469.2384,1765
2023-12-12T02:10:00.000Z,469.2384,469.3692,469.2036,469.345,972
2023-12-12T02:30:00.000Z,469.3644,469.4747,469.2946,469.4455,1196
2023-12-12T02:35:00.000Z,469.4455,469.7553,469.4455,469.7254,1488
2023-12-12T02:40:00.000Z,469.7254,469.7593,469.5331,469.5755,1533
2023-12-12T02:45:00.000Z,469.5755,469.6054,469.4499,469.5093,773
2023-12-12T02:50:00.000Z,469.5093,469.594,469.5093,469.5709,421
2023-12-12T02:55:00.000Z,469.5709,469.617,469.3535,469.5221,1320
2023-12-12T03:00:00.000Z,469.5221,469.6909,469.4992,469.6707,1237
2023-12-12T03:05:00.000Z,469.6707,469.8043,469.657,469.6869,1628
2023-12-12T03:10:00.000Z,469.6869,469.7924,469.672,469.7514,659
2023-12-12T03:15:00.000Z,469.7514,469.8497,469.7176,469.8061,876
2023-12-12T03:20:00.000Z,469.8061,469.8816,469.743,469.8719,1392
2023-12-12T03:25:00.000Z,469.8719,470.0553,469.8564,469.9791,1419
2023-12-12T05:30:00.000Z,470.0737,470.4248,469.9485,470.4151,2946
2023-12-12T05:35:00.000Z,470.4151,470.4398,470.2443,470.2686,1355
2023-12-12T05:40:00.000Z,470.2686,470.4872,470.2634,470.4335,1251
2023-12-12T05:45:00.000Z,470.4335,470.5425,470.373,470.5284,1147
2023-12-12T05:50:00.000Z,470.5284,470.6866,470.4508,470.5013,1628
2023-12-12T05:55:00.000Z,470.5013,470.679,470.4139,470.6103,2052
2023-12-12T06:00:00.000Z,470.6103,470.6606,470.5349,470.638,1472
2023-12-12T06:05:00.000Z,470.638,470.688,470.6133,470.6694,882
2023-12-12T06:10:00.000Z,470.6694,470.8421,470.661,470.7785,1410
2023-12-12T06:15:00.000Z,470.7785,470.7785,470.5392,470.5502,1215
2023-12-12T06:20:00.000Z,470.5502,470.5925,470.4439,470.4926,896
2023-12-12T06:25:00.000Z,470.4926,470.6199,470.4538,470.6199,1006
2023-12-12T06:30:00.000Z,470.6199,470.7196,470.5377,470.7196,1472
2023-12-12T06:35:00.000Z,470.7196,470.7506,470.6063,470.6994,989
2023-12-12T06:40:00.000Z,470.6994,470.6994,470.5982,470.6255,1164
2023-12-12T06:45:00.000Z,470.6255,470.6919,470.6197,470.6553,791
2023-12-12T06:50:00.000Z,470.6553,470.6553,470.5835,470.6012,1141
2023-12-12T06:55:00.000Z,470.6012,470.723,470.5659,470.6487,2052
2023-12-12T13:00:00.000Z,470.6187,470.6187,470.167,470.3255,5499
2023-12-12T13:05:00.000Z,470.3255,470.6742,470.316,470.655,3009
2023-12-12T13:10:00.000Z,470.655,471.3167,470.6156,471.1797,5029
2023-12-12T13:15:00.000Z,471.1797,471.4137,470.9588,470.9726,3338
2023-12-12T13:20:00.000Z,470.9726,471.0387,470.7077,470.9115,2585
2023-12-12T13:25:00.000Z,470.9115,471.259,470.8627,471.1459,2820
2023-12-12T13:30:00.000Z,471.1459,472.2277,470.3413,470.8954,18332
2023-12-12T13:35:00.000Z,470.8954,471.1191,470.5674,470.6119,5954
2023-12-12T13:40:00.000Z,470.6119,470.7764,470.0104,470.3732,6941
2023-12-12T13:45:00.000Z,470.3732,470.5232,470.0966,470.4578,4793
2023-12-12T13:50:00.000Z,470.4578,470.5568,470.1399,470.1765,2424
2023-12-12T13:55:00.000Z,470.1765,470.5788,470.1722,470.3499,2683
2023-12-12T14:00:00.000Z,470.3499,470.7715,470.2828,470.674,3323
2023-12-12T14:05:00.000Z,470.674,470.949,470.4401,470.9245,4515
2023-12-12T14:10:00.000Z,470.9245,471.2672,470.5949,470.6564,5736
2023-12-12T14:15:00.000Z,470.6564,470.7355,470.4426,470.5103,3032
2023-12-12T14:20:00.000Z,470.5103,470.6446,470.2976,470.2976,2958
2023-12-12T14:25:00.000Z,470.2976,470.4453,470.2165,470.2511,4268
2023-12-12T14:30:00.000Z,470.2511,470.2511,469.8511,469.8836,4068
2023-12-12T14:35:00.000Z,469.8836,470.2692,469.8018,470.0109,5300
2023-12-12T14:40:00.000Z,470.0109,470.3795,469.9648,470.3603,4823
2023-12-12T14:45:00.000Z,470.3603,470.4,470.1699,470.3332,3775
2023-12-12T14:50:00.000Z,470.3332,470.5571,469.9915,469.9926,3848
2023-12-12T14:55:00.000Z,469.9926,470.1627,469.9269,470.1059,1676
2023-12-12T15:00:00.000Z,470.1059,470.1759,469.8888,470.1489,2080
2023-12-12T15:05:00.000Z,470.1489,470.3606,470.1024,470.359,2626
2023-12-12T15:10:00.000Z,470.359,470.3739,470.0988,470.1627,1118
2023-12-12T15:15:00.000Z,470.1627,470.2292,470.0954,470.2007,887
2023-12-12T15:20:00.000Z,470.2007,470.4539,470.1615,470.397,1474
2023-12-12T15:25:00.000Z,470.397,470.4906,470.3158,470.3547,1705
2023-12-12T15:30:00.000Z,470.3547,470.4517,470.2946,470.3042,2225
2023-12-12T15:35:00.000Z,470.3042,470.3042,470.1485,470.2096,813
2023-12-12T15:40:00.000Z,470.2096,470.5398,470.2042,470.5004,1163
2023-12-12T15:45:00.000Z,470.5004,470.584,470.3624,470.5528,972
2023-12-12T15:50:00.000Z,470.5528,470.572,470.3611,470.3937,784
2023-12-12T15:55:00.000Z,470.3937,470.4231,470.2493,470.3068,805
2023-12-12T16:00:00.000Z,470.3068,470.5165,470.2983,470.4867,724
2023-12-12T16:05:00.000Z,470.4867,470.5893,470.4376,470.5392,689
2023-12-12T16:10:00.000Z,470.5392,470.623,470.444,470.5876,775
2023-12-12T16:15:00.000Z,470.5876,470.6848,470.5108,470.6159,553
2023-12-12T16:20:00.000Z,470.6159,470.7489,470.6042,470.6175,647
2023-12-12T16:25:00.000Z,470.6175,470.657,470.5307,470.5413,296
2023-12-12T16:30:00.000Z,470.5413,470.6229,470.3198,470.3198,819
2023-12-12T16:35:00.000Z,470.3198,470.4265,470.1659,470.4129,886
2023-12-12T16:40:00.000Z,470.4129,470.4552,470.3321,470.3849,409
2023-12-12T16:45:00.000Z,470.3849,470.4,470.0671,470.1747,1030
2023-12-12T16:50:00.000Z,470.1747,470.3317,470.1204,470.2481,689
2023-12-12T16:55:00.000Z,470.2481,470.2509,470.1637,470.2332,440
2023-12-12T17:00:00.000Z,470.2332,470.286,470.0883,470.133,386
2023-12-12T17:05:00.000Z,470.133,470.1479,469.7812,469.7812,1588
2023-12-12T17:10:00.000Z,469.7812,469.9525,469.7692,469.9525,1019
2023-12-12T17:15:00.000Z,469.9525,470.0863,469.9305,470.0496,616
2023-12-12T17:20:00.000Z,470.0496,470.0943,469.9711,469.9711,462
2023-12-12T17:25:00.000Z,469.9711,470.0297,469.8765,469.9959,539
2023-12-12T17:30:00.000Z,469.9959,469.9959,469.8414,469.8851,452
2023-12-12T17:35:00.000Z,469.8851,469.9587,469.7798,469.7798,459
2023-12-12T17:40:00.000Z,469.7798,469.8542,469.7174,469.7689,477
2023-12-12T17:45:00.000Z,469.7689,469.884,469.6836,469.6836,431
2023-12-12T17:50:00.000Z,469.6836,469.8422,469.67,469.8326,499
2023-12-12T17:55:00.000Z,469.8326,469.8976,469.694,469.7238,414
2023-12-12T18:00:00.000Z,469.7238,470.0554,469.667,469.9709,1485
2023-12-12T18:05:00.000Z,469.9709,470.0886,469.8293,470.03,528
2023-12-12T18:10:00.000Z,470.03,470.0733,469.9404,470.0423,353
2023-12-12T18:15:00.000Z,470.0423,470.1047,469.7193,469.7193,479
2023-12-12T18:20:00.000Z,469.7193,469.8778,469.7193,469.7952,339
2023-12-12T18:25:00.000Z,469.7952,469.8623,469.6757,469.7388,653
2023-12-13T01:00:00.000Z,469.9146,470.2154,469.9146,470.0473,2927
2023-12-13T01:05:00.000Z,470.0473,470.2799,469.9205,470.2511,2174
2023-12-13T01:10:00.000Z,470.2511,470.4055,470.196,470.2527,2116
2023-12-13T01:15:00.000Z,470.2527,470.3001,470.2055,470.2361,665
2023-12-13T01:20:00.000Z,470.2361,470.2862,470.1607,470.1875,704
2023-12-13T01:25:00.000Z,470.1875,470.2216,470.1305,470.1924,840
2023-12-13T01:30:00.000Z,470.1924,470.6229,470.1924,470.5863,2322
2023-12-13T01:35:00.000Z,470.5863,470.6508,470.4353,470.5356,1664
2023-12-13T01:40:00.000Z,470.5356,470.6481,470.5164,470.6303,810
2023-12-13T01:45:00.000Z,470.6303,470.9654,470.5697,470.9606,2504
2023-12-13T01:50:00.000Z,470.9606,471.4869,470.9479,471.3544,5858
2023-12-13T01:55:00.000Z,471.3544,471.3544,471.0856,471.2607,2275
2023-12-13T02:00:00.000Z,471.2607,471.3001,470.8817,470.9033,2142
2023-12-13T02:05:00.000Z,470.9033,471.0054,470.7066,470.7967,1695
2023-12-13T02:10:00.000Z,470.7967,470.9223,470.7694,470.7886,955
2023-12-13T02:30:00.000Z,470.7886,470.872,470.6065,470.643,1688
2023-12-13T02:35:00.000Z,470.643,470.643,470.4887,470.5227,1337
2023-12-13T02:40:00.000Z,470.5227,470.5946,470.4447,470.5891,928
2023-12-13T02:45:00.000Z,470.5891,470.632,470.5679,470.5957,487
2023-12-13T02:50:00.000Z,470.5957,470.6207,470.5004,470.5255,1141
2023-12-13T02:55:00.000Z,470.5255,470.5918,470.3893,470.4385,1269
2023-12-13T03:00:00.000Z,470.4385,470.4744,470.3215,470.3451,1121
2023-12-13T03:05:00.000Z,470.3451,470.4492,470.3356,470.419,485
2023-12-13T03:10:00.000Z,470.419,470.4285,470.3102,470.3861,1288
2023-12-13T03:15:00.000Z,470.3861,470.3995,470.2761,470.3581,1129
2023-12-13T03:20:00.000Z,470.3581,470.4132,470.3266,470.3509,695
2023-12-13T03:25:00.000Z,470.3509,470.5097,470.3288,470.4809,839
2023-12-13T05:30:00.000Z,470.4285,470.475,470.117,470.1614,2437
2023-12-13T05:35:00.000Z,470.1614,470.1803,470.0419,470.098,1039
2023-12-13T05:40:00.000Z,470.098,470.1624,470.0817,470.0952,804
2023-12-13T05:45:00.000Z,470.0952,470.236,470.0597,470.236,880
2023-12-13T05:50:00.000Z,470.236,470.2554,470.1843,470.1931,697
2023-12-13T05:55:00.000Z,470.1931,470.2957,470.1916,470.2045,603
2023-12-13T06:00:00.000Z,470.2045,470.233,470.1479,470.152,552
2023-12-13T06:05:00.000Z,470.152,470.2576,470.1249,470.248,829
2023-12-13T06:10:00.000Z,470.248,470.2723,470.0096,470.1034,1578
2023-12-13T06:15:00.000Z,470.1034,470.2203,469.9093,469.9243,1855
2023-12-13T06:20:00.000Z,469.9243,469.9303,469.6569,469.7841,3294
2023-12-13T06:25:00.000Z,469.7841,469.8048,469.4271,469.4516,3278
2023-12-13T06:30:00.000Z,469.4516,469.639,469.4056,469.5971,3041
2023-12-13T06:35:00.000Z,469.5971,469.8264,469.5891,469.7353,1718
2023-12-13T06:40:00.000Z,469.7353,469.7748,469.584,469.6133,2138
2023-12-13T06:45:00.000Z,469.6133,469.7939,469.5779,469.7843,1448
2023-12-13T06:50:00.000Z,469.7843,469.8191,469.7117,469.7205,999
2023-12-13T06:55:00.000Z,469.7205,469.8841,469.627,469.7862,2588
2023-12-13T13:00:00.000Z,470.4898,470.6848,470.3669,470.5879,3698
2023-12-13T13:05:00.000Z,470.5879,470.65,470.4604,470.5032,1363
2023-12-13T13:10:00.000Z,470.5032,470.5124,470.1537,470.2235,1470
2023-12-13T13:15:00.000Z,470.2235,470.2235,469.9993,470.0827,910
2023-12-13T13:20:00.000Z,470.0827,470.2996,469.8859,470.144,2632
2023-12-13T13:25:00.000Z,470.144,470.2763,470.0381,470.2026,1612
2023-12-13T13:30:00.000Z,470.2026,471.003,470.173,470.618,7295
2023-12-13T13:35:00.000Z,470.618,470.8117,470.5792,470.751,3313
2023-12-13T13:40:00.000Z,470.751,470.7644,470.1981,470.2,2630
2023-12-13T13:45:00.000Z,470.2,470.2174,469.6818,470.1046,5331
2023-12-13T13:50:00.000Z,470.1046,470.5501,470.0954,470.4306,2323
2023-12-13T13:55:00.000Z,470.4306,470.4583,470.2925,470.4204,1466
2023-12-13T14:00:00.000Z,470.4204,470.5124,469.9959,470.2796,3305
2023-12-13T14:05:00.000Z,470.2796,470.482,470.2796,470.3571,1296
2023-12-13T14:10:00.000Z,470.3571,470.3873,470.0837,470.1325,1811
2023-12-13T14:15:00.000Z,470.1325,470.3535,470.1148,470.1283,1308
2023-12-13T14:20:00.000Z,470.1283,470.2093,469.9917,470.2,992
2023-12-13T14:25:00.000Z,470.2,470.264,469.9319,470.2055,1491
2023-12-13T14:30:00.000Z,470.2055,470.2147,469.9928,470.1394,1359
2023-12-13T14:35:00.000Z,470.1394,470.305,470.1394,470.1901,1250
2023-12-13T14:40:00.000Z,470.1901,470.2177,470.0528,470.1938,1095
2023-12-13T14:45:00.000Z,470.1938,470.2651,470.0467,470.1681,1187
2023-12-13T14:50:00.000Z,470.1681,470.1975,470.0529,470.0529,995
2023-12-13T14:55:00.000Z,470.0529,470.109,469.9515,469.9786,1530
2023-12-13T15:00:00.000Z,469.9786,470.098,469.9385,469.9891,1107
2023-12-13T15:05:00.000Z,469.9891,469.9983,469.7132,469.8423,1872
2023-12-13T15:10:00.000Z,469.8423,469.9643,469.5939,469.6725,2556
2023-12-13T15:15:00.000Z,469.6725,469.9413,469.6373,469.8605,1864
2023-12-13T15:20:00.000Z,469.8605,470.0165,469.7815,469.8012,1016
2023-12-13T15:25:00.000Z,469.8012,469.9611,469.792,469.8469,882
2023-12-13T15:30:00.000Z,469.8469,469.915,469.7616,469.8728,693
2023-12-13T15:35:00.000Z,469.8728,469.9526,469.8088,469.8484,744
2023-12-13T15:40:00.000Z,469.8484,470.2004,469.8282,470.1553,1258
2023-12-13T15:45:00.000Z,470.1553,470.1927,470.0741,470.1633,1078
2023-12-13T15:50:00.000Z,470.1633,470.3745,470.1364,470.2526,1103
2023-12-13T15:55:00.000Z,470.2526,470.3144,470.2237,470.2985,506
2023-12-13T16:00:00.000Z,470.2985,470.388,470.2588,470.3531,639
2023-12-13T16:05:00.000Z,470.3531,470.3741,470.1881,470.2302,602
2023-12-13T16:10:00.000Z,470.2302,470.4923,470.2302,470.4539,624
2023-12-13T16:15:00.000Z,470.4539,470.5753,470.4447,470.4861,911
2023-12-13T16:20:00.000Z,470.4861,470.5509,470.4426,470.4463,433
2023-12-13T16:25:00.000Z,470.4463,470.4555,470.3394,470.3394,419
2023-12-13T16:30:00.000Z,470.3394,470.3927,470.1854,470.216,440
2023-12-13T16:35:00.000Z,470.216,470.307,470.1829,470.307,304
2023-12-13T16:40:00.000Z,470.307,470.3673,470.2364,470.2701,250
2023-12-13T16:45:00.000Z,470.2701,470.2737,470.1344,470.2358,559
2023-12-13T16:50:00.000Z,470.2358,470.3398,470.2266,470.2451,243
2023-12-13T16:55:00.000Z,470.2451,470.2667,470.1468,470.2613,466
2023-12-13T17:00:00.000Z,470.2613,470.4537,470.2171,470.439,431
2023-12-13T17:05:00.000Z,470.439,470.5118,470.3961,470.4824,311
2023-12-13T17:10:00.000Z,470.4824,470.5063,470.3877,470.4542,271
2023-12-13T17:15:00.000Z,470.4542,470.4782,470.3456,470.3456,227
2023-12-13T17:20:00.000Z,470.3456,470.444,470.3216,470.3388,336
2023-12-13T17:25:00.000Z,470.3388,470.3929,470.3296,470.3633,180
2023-12-13T17:30:00.000Z,470.3633,470.4764,470.3578,470.4276,272
2023-12-13T17:35:00.000Z,470.4276,470.4752,470.3852,470.4752,134
2023-12-13T17:40:00.000Z,470.4752,470.5902,470.4512,470.5145,528
2023-12-13T17:45:00.000Z,470.5145,470.5676,470.4574,470.5436,262
2023-12-13T17:50:00.000Z,470.5436,470.5877,470.4918,470.5302,175
2023-12-13T17:55:00.000Z,470.5302,470.5486,470.4776,470.507,195
2023-12-13T18:00:00.000Z,470.507,470.5356,470.4198,470.4293,443
2023-12-13T18:05:00.000Z,470.4293,470.4293,470.1951,470.2131,849
2023-12-13T18:10:00.000Z,470.2131,470.2412,470.1929,470.2088,210
2023-12-13T18:15:00.000Z,470.2088,470.4626,470.2088,470.4338,435
2023-12-13T18:20:00.000Z,470.4338,470.5078,470.4161,470.4772,307
2023-12-13T18:25:00.000Z,470.4772,470.7411,470.4772,470.6434,1170
