time,open,high,low,close,volume
2016-01-04T16:00:00.000Z,100.4952,100.5919,100.306,100.3131,22967
2016-01-05T16:00:00.000Z,100.3169,100.6257,100.2458,100.6006,23066
2016-01-06T16:00:00.000Z,100.6511,100.8337,100.4723,100.5645,35999
2016-01-07T16:00:00.000Z,100.5844,100.7913,100.5844,100.7497,27554
2016-01-10T16:00:00.000Z,100.7292,100.8317,100.6908,100.7661,22096
2016-01-11T16:00:00.000Z,100.7962,100.976,100.7495,100.96,22938
2016-01-12T16:00:00.000Z,101.0191,101.1205,100.9386,101.0927,22366
2016-01-13T16:00:00.000Z,101.1169,101.162,100.8322,100.8776,25290
2016-01-14T16:00:00.000Z,100.8495,101.0175,100.7989,101.004,19684
2016-01-17T16:00:00.000Z,100.9817,100.9817,100.6768,100.7899,20215
2016-01-18T16:00:00.000Z,100.785,100.8509,100.6479,100.674,22318
2016-01-19T16:00:00.000Z,100.6552,100.7649,100.5376,100.7505,26367
2016-01-20T16:00:00.000Z,100.7316,100.8054,100.6329,100.7744,21007
2016-01-21T16:00:00.000Z,100.7687,100.8299,100.6879,100.7576,16108
2016-01-24T16:00:00.000Z,100.6084,100.6685,100.3857,100.4069,20439
2016-01-25T16:00:00.000Z,100.4115,100.5422,100.3789,100.4372,21890
2016-01-26T16:00:00.000Z,100.2923,100.4665,100.2486,100.3517,23153
2016-01-27T16:00:00.000Z,100.3677,100.4588,100.31,100.4461,20973
2016-01-28T16:00:00.000Z,100.5361,101.1292,100.4793,100.6491,16637
2016-01-31T16:00:00.000Z,100.6568,100.7104,100.5911,100.626,15573
2016-02-01T16:00:00.000Z,100.6305,100.6787,100.3769,100.3964,17002
2016-02-02T16:00:00.000Z,100.331,100.4707,100.2076,100.4556,17029
2016-02-03T16:00:00.000Z,100.442,100.5734,100.4131,100.533,15358
2016-02-04T16:00:00.000Z,100.5314,100.6205,100.5245,100.5673,8809
2016-02-14T16:00:00.000Z,100.6572,100.8376,100.6546,100.8201,15929
2016-02-15T16:00:00.000Z,100.7547,100.7813,100.5846,100.6059,16065
2016-02-16T16:00:00.000Z,100.5289,100.6375,100.5167,100.581,18602
2016-02-17T16:00:00.000Z,100.5387,100.6499,100.4723,100.6277,16304
2016-02-18T16:00:00.000Z,100.6134,100.6433,100.5403,100.5669,16390
2016-02-21T16:00:00.000Z,100.5185,100.5185,100.3926,100.4696,12031
2016-02-22T16:00:00.000Z,100.4423,100.5084,100.4165,100.4192,14547
2016-02-23T16:00:00.000Z,100.3806,100.4661,100.3609,100.3752,10866
2016-02-24T16:00:00.000Z,100.3229,100.503,100.1911,100.2765,17892
2016-02-25T16:00:00.000Z,100.276,100.4057,100.2158,100.4001,15895
2016-02-28T16:00:00.000Z,100.363,100.4522,100.3076,100.4478,11902
2016-02-29T16:00:00.000Z,100.4754,100.5406,100.388,100.5404,15875
2016-03-01T16:00:00.000Z,100.52,100.5471,100.3032,100.3545,15670
2016-03-02T16:00:00.000Z,100.331,100.3779,100.1142,100.1742,17607
2016-03-03T16:00:00.000Z,100.1495,100.4028,100.1179,100.3318,16652
2016-03-06T16:00:00.000Z,100.2632,100.2653,100.0402,100.0652,14908
2016-03-07T16:00:00.000Z,100.0093,100.2422,99.9643,100.2009,15035
2016-03-08T16:00:00.000Z,100.2494,100.4454,100.2494,100.3683,14975
2016-03-09T16:00:00.000Z,100.4596,100.5399,100.3206,100.5253,14829
2016-03-10T16:00:00.000Z,100.5441,100.7268,100.4788,100.7132,13562
2016-03-13T16:00:00.000Z,100.7065,100.7065,100.5678,100.6487,9524
2016-03-14T16:00:00.000Z,100.6455,100.658,100.4872,100.6435,12439
2016-03-15T16:00:00.000Z,100.6302,100.8566,100.5916,100.7584,12726
2016-03-16T16:00:00.000Z,100.7569,100.7705,100.5843,100.5897,16528
2016-03-17T16:00:00.000Z,100.5669,100.6487,100.5381,100.6073,9822
2016-03-20T16:00:00.000Z,100.5794,100.5798,100.3847,100.4923,13186
2016-03-21T16:00:00.000Z,100.4721,100.6047,100.4453,100.5787,9095
2016-03-22T16:00:00.000Z,100.5514,100.6407,100.5327,100.5722,8887
2016-03-23T16:00:00.000Z,100.5483,100.7121,100.5483,100.6668,10247
2016-03-24T16:00:00.000Z,100.6348,100.7329,100.5858,100.7135,11251
2016-03-27T16:00:00.000Z,100.6717,100.6883,100.6311,100.6487,9687
2016-03-28T16:00:00.000Z,100.6453,100.9753,100.6341,100.929,18569
2016-03-29T16:00:00.000Z,100.9349,101.068,100.8692,101.0069,14994
2016-03-30T16:00:00.000Z,101.0439,101.0746,100.832,100.9429,17428
2016-03-31T16:00:00.000Z,100.8851,101.0539,100.8678,100.9865,9086
2016-04-04T16:00:00.000Z,101.0073,101.0592,100.777,100.803,12739
2016-04-05T16:00:00.000Z,100.8226,100.8462,100.7181,100.7721,10934
2016-04-06T16:00:00.000Z,100.7736,100.8094,100.7073,100.7375,9283
2016-04-07T16:00:00.000Z,100.7493,100.9222,100.7329,100.8283,15314
2016-04-10T16:00:00.000Z,100.8073,100.9103,100.7621,100.8691,8784
2016-04-11T16:00:00.000Z,100.8822,100.8822,100.7609,100.8118,8960
2016-04-12T16:00:00.000Z,100.7623,100.7699,100.4139,100.5344,18603
2016-04-13T16:00:00.000Z,100.5193,100.6024,100.1543,100.2041,17354
2016-04-14T16:00:00.000Z,100.2417,100.4841,100.2215,100.4134,16162
2016-04-17T16:00:00.000Z,100.3711,100.5364,100.367,100.4393,9653
2016-04-18T16:00:00.000Z,100.391,100.4649,100.353,100.406,10414
2016-04-19T16:00:00.000Z,100.2634,100.3111,100.0599,100.1821,18554
2016-04-20T16:00:00.000Z,100.1243,100.2422,100.0078,100.0853,17032
2016-04-21T16:00:00.000Z,100.0733,100.2163,99.9988,100.0863,11943
2016-04-24T16:00:00.000Z,99.9967,99.9967,99.8117,99.8227,14505
2016-04-25T16:00:00.000Z,99.8017,100.0892,99.8017,100.0598,14900
2016-04-26T16:00:00.000Z,100.0496,100.1403,99.9589,100.0296,11646
2016-04-27T16:00:00.000Z,100.0581,100.231,100.0487,100.1838,11288
2016-04-28T16:00:00.000Z,100.108,100.1594,100.0049,100.0286,8462
2016-05-02T16:00:00.000Z,100.15,100.3001,100.075,100.2399,9693
2016-05-03T16:00:00.000Z,100.2205,100.3347,100.2025,100.2838,8937
2016-05-04T16:00:00.000Z,100.2548,100.3032,100.2156,100.2756,6998
2016-05-05T16:00:00.000Z,100.2284,100.3227,100.1398,100.2355,8898
2016-05-08T16:00:00.000Z,100.2549,100.5102,100.2549,100.4907,9708
2016-05-09T16:00:00.000Z,100.6071,100.6744,100.4185,100.5278,12430
2016-05-10T16:00:00.000Z,100.4729,100.5253,100.4252,100.4536,12776
2016-05-11T16:00:00.000Z,100.424,100.5494,100.424,100.5453,10222
2016-05-12T16:00:00.000Z,100.5406,100.5893,100.3629,100.446,10757
2016-05-15T16:00:00.000Z,100.3998,100.4511,100.2691,100.2882,9368
2016-05-16T16:00:00.000Z,100.2636,100.3621,100.2232,100.2487,6690
2016-05-17T16:00:00.000Z,100.2027,100.2027,100.0316,100.0787,7401
2016-05-18T16:00:00.000Z,99.988,100.1459,99.9415,100.101,8257
2016-05-19T16:00:00.000Z,100.0981,100.2161,100.0981,100.2058,6568
2016-05-22T16:00:00.000Z,100.1795,100.2355,100.0867,100.1711,6383
2016-05-23T16:00:00.000Z,100.1814,100.307,100.1645,100.3027,6849
2016-05-24T16:00:00.000Z,100.3207,100.325,100.233,100.3018,4992
2016-05-25T16:00:00.000Z,100.3041,100.3041,100.148,100.2143,6269
2016-05-26T16:00:00.000Z,100.1806,100.2407,100.115,100.1711,4965
2016-05-29T16:00:00.000Z,100.1509,100.2381,100.1064,100.1155,4954
2016-05-30T16:00:00.000Z,100.1177,100.2623,100.087,100.2621,7216
2016-05-31T16:00:00.000Z,100.2216,100.2647,100.1947,100.2567,4957
2016-06-01T16:00:00.000Z,100.2256,100.2605,100.1331,100.1622,4668
2016-06-02T16:00:00.000Z,100.1395,100.2251,100.0944,100.212,6011
2016-06-05T16:00:00.000Z,100.2342,100.358,100.2342,100.2615,6397
2016-06-06T16:00:00.000Z,100.2529,100.2767,100.2058,100.2058,3920
2016-06-07T16:00:00.000Z,100.2117,100.2371,100.1273,100.1354,6284
2016-06-12T16:00:00.000Z,100.171,100.279,100.1578,100.2746,5532
2016-06-13T16:00:00.000Z,100.2822,100.4534,100.274,100.4109,7916
2016-06-14T16:00:00.000Z,100.4228,100.4447,100.3577,100.4189,5727
2016-06-15T16:00:00.000Z,100.4402,100.6213,100.4402,100.6082,6601
2016-06-16T16:00:00.000Z,100.6009,100.6268,100.5357,100.5826,6303
2016-06-19T16:00:00.000Z,100.5417,100.6232,100.48,100.5777,4192
2016-06-20T16:00:00.000Z,100.5464,100.6727,100.5162,100.6646,5969
2016-06-21T16:00:00.000Z,100.6633,100.7506,100.6036,100.6607,7470
2016-06-22T16:00:00.000Z,100.664,100.7078,100.6296,100.6684,5779
2016-06-23T16:00:00.000Z,100.7092,100.8893,100.6592,100.8354,9669
2016-06-26T16:00:00.000Z,100.8551,101.0537,100.8211,101.0015,8340
2016-06-27T16:00:00.000Z,101.0353,101.0776,100.8001,100.8063,9682
2016-06-28T16:00:00.000Z,100.7496,100.8909,100.7496,100.7878,8154
2016-06-29T16:00:00.000Z,100.7944,100.944,100.7719,100.9163,9128
2016-06-30T16:00:00.000Z,100.9395,101.0873,100.9352,101.0582,9332
2016-07-03T16:00:00.000Z,101.075,101.1108,100.8794,100.9257,10746
2016-07-04T16:00:00.000Z,100.8505,101.0332,100.8258,100.8718,10278
2016-07-05T16:00:00.000Z,100.9195,101.0464,100.897,100.9465,7323
2016-07-06T16:00:00.000Z,101.0112,101.1163,101.0112,101.0961,7634
2016-07-07T16:00:00.000Z,101.1209,101.1795,100.9593,101.1422,9739
2016-07-10T16:00:00.000Z,101.0834,101.0834,100.9667,101.0045,9048
2016-07-11T16:00:00.000Z,100.9981,100.9981,100.8771,100.8975,10438
2016-07-12T16:00:00.000Z,100.8449,100.9279,100.8154,100.8384,8109
2016-07-13T16:00:00.000Z,100.8573,100.9266,100.8406,100.8551,7200
2016-07-14T16:00:00.000Z,100.846,101.0233,100.7635,100.9958,12893
2016-07-17T16:00:00.000Z,101.0074,101.0723,100.9235,100.9779,6244
2016-07-18T16:00:00.000Z,100.9612,101.0473,100.95,101.0167,4952
2016-07-19T16:00:00.000Z,101.0546,101.2525,101.0474,101.2058,9193
2016-07-20T16:00:00.000Z,101.2881,101.3948,101.2397,101.2624,9944
2016-07-21T16:00:00.000Z,101.2274,101.3188,101.1419,101.2786,7570
2016-07-24T16:00:00.000Z,101.2559,101.2677,101.1639,101.1922,6467
2016-07-25T16:00:00.000Z,101.1701,101.3444,101.1484,101.3045,7703
2016-07-26T16:00:00.000Z,101.3055,101.3547,101.2278,101.2511,8591
2016-07-27T16:00:00.000Z,101.2922,101.4145,101.2477,101.3911,9729
2016-07-28T16:00:00.000Z,101.3768,101.4302,101.3158,101.3444,7905
2016-07-31T16:00:00.000Z,101.3474,101.3771,101.2723,101.2887,6618
2016-08-01T16:00:00.000Z,101.2518,101.4179,101.2518,101.3867,8661
2016-08-02T16:00:00.000Z,101.3891,101.4701,101.3575,101.4253,9048
2016-08-03T16:00:00.000Z,101.401,101.4501,101.3735,101.4376,6902
2016-08-04T16:00:00.000Z,101.459,101.5952,101.4519,101.5828,10199
2016-08-07T16:00:00.000Z,101.5328,101.5886,101.49,101.5859,9719
2016-08-08T16:00:00.000Z,101.603,101.7004,101.575,101.6486,10329
2016-08-09T16:00:00.000Z,101.7085,101.8099,101.5997,101.6156,19589
2016-08-10T16:00:00.000Z,101.5946,101.7133,101.5388,101.674,12071
2016-08-11T16:00:00.000Z,101.6634,101.8274,101.5965,101.7978,12848
2016-08-14T16:00:00.000Z,101.8487,102.0284,101.82,101.8984,17629
2016-08-15T16:00:00.000Z,101.8731,101.9191,101.7521,101.76,12898
2016-08-16T16:00:00.000Z,101.7176,101.7741,101.6648,101.7096,10364
2016-08-17T16:00:00.000Z,101.7295,101.7981,101.6273,101.7026,10305
2016-08-18T16:00:00.000Z,101.6457,101.6768,101.4676,101.5421,13320
2016-08-21T16:00:00.000Z,101.4635,101.6084,101.4614,101.6084,8225
2016-08-22T16:00:00.000Z,101.5582,101.5699,101.3204,101.3869,11604
2016-08-23T16:00:00.000Z,101.2792,101.4482,101.2612,101.3521,11744
2016-08-24T16:00:00.000Z,101.3818,101.4601,101.3106,101.3226,9202
2016-08-25T16:00:00.000Z,101.3451,101.5063,101.3216,101.4975,8621
2016-08-28T16:00:00.000Z,101.4389,101.4389,101.3525,101.3996,7217
2016-08-29T16:00:00.000Z,101.3602,101.3961,101.2014,101.204,10638
2016-08-30T16:00:00.000Z,101.2311,101.2999,101.1857,101.2518,7142
2016-08-31T16:00:00.000Z,101.2299,101.3021,101.1394,101.2767,8247
2016-09-01T16:00:00.000Z,101.3149,101.3544,101.2334,101.2574,6198
2016-09-04T16:00:00.000Z,101.2588,101.272,101.1919,101.2299,4796
2016-09-05T16:00:00.000Z,101.2224,101.2815,101.1774,101.1982,5479
2016-09-06T16:00:00.000Z,101.2405,101.2681,101.1381,101.1722,5090
2016-09-07T16:00:00.000Z,101.1566,101.3069,101.1566,101.3028,6732
2016-09-08T16:00:00.000Z,101.2726,101.4142,101.2534,101.3525,6707
2016-09-11T16:00:00.000Z,101.2913,101.2915,101.19,101.2324,7524
2016-09-12T16:00:00.000Z,101.2439,101.3715,101.2383,101.3474,9511
2016-09-13T16:00:00.000Z,101.3246,101.4579,101.2905,101.3779,9009
2016-09-18T16:00:00.000Z,101.3853,101.4045,101.3005,101.383,4416
2016-09-19T16:00:00.000Z,101.395,101.4883,101.3926,101.4021,6276
2016-09-20T16:00:00.000Z,101.3885,101.4186,101.3344,101.4007,6680
2016-09-21T16:00:00.000Z,101.4367,101.4791,101.3844,101.4087,5601
2016-09-22T16:00:00.000Z,101.4364,101.5143,101.4318,101.4741,5695
2016-09-25T16:00:00.000Z,101.4659,101.546,101.4537,101.5149,5023
2016-09-26T16:00:00.000Z,101.4737,101.5725,101.4737,101.5361,6162
2016-09-27T16:00:00.000Z,101.5182,101.5498,101.4781,101.5493,4794
2016-09-28T16:00:00.000Z,101.5409,101.5596,101.5103,101.5504,3380
2016-09-29T16:00:00.000Z,101.5407,101.5853,101.5266,101.5539,3351
2016-10-09T16:00:00.000Z,101.662,101.7501,101.662,101.7225,4963
2016-10-10T16:00:00.000Z,101.7098,101.7246,101.6444,101.6967,5353
2016-10-11T16:00:00.000Z,101.7012,101.7135,101.5781,101.6327,4796
2016-10-12T16:00:00.000Z,101.603,101.713,101.5927,101.7067,4638
2016-10-13T16:00:00.000Z,101.6991,101.7482,101.6328,101.7319,5890
2016-10-16T16:00:00.000Z,101.7315,101.8014,101.6825,101.8014,5529
2016-10-17T16:00:00.000Z,101.7787,101.7998,101.7351,101.7677,5690
2016-10-18T16:00:00.000Z,101.7846,101.9141,101.7422,101.8967,7436
2016-10-19T16:00:00.000Z,101.9451,102.0434,101.9095,102.0383,7886
2016-10-20T16:00:00.000Z,102.0692,102.0692,101.9851,102.0435,5178
2016-10-23T16:00:00.000Z,102.0205,102.0735,101.812,101.8291,10722
2016-10-24T16:00:00.000Z,101.8054,101.866,101.6854,101.7358,12670
2016-10-25T16:00:00.000Z,101.6397,101.7018,101.4094,101.5708,11340
2016-10-26T16:00:00.000Z,101.5837,101.7557,101.5318,101.7293,8708
2016-10-27T16:00:00.000Z,101.7315,101.7563,101.6502,101.7441,6286
2016-10-30T16:00:00.000Z,101.7127,101.7127,101.5407,101.5562,8351
2016-10-31T16:00:00.000Z,101.5111,101.6105,101.4948,101.5913,7601
2016-11-01T16:00:00.000Z,101.5771,101.6603,101.5409,101.6375,7172
2016-11-02T16:00:00.000Z,101.6585,101.7555,101.6362,101.7172,8182
2016-11-03T16:00:00.000Z,101.701,101.7504,101.6639,101.719,6407
2016-11-06T16:00:00.000Z,101.6941,101.6941,101.5431,101.5623,9273
2016-11-07T16:00:00.000Z,101.4597,101.5376,101.4161,101.513,8375
2016-11-08T16:00:00.000Z,101.4506,101.7506,101.3997,101.4739,12329
2016-11-09T16:00:00.000Z,101.3251,101.3752,101.2165,101.2464,11368
2016-11-10T16:00:00.000Z,101.1418,101.2181,101.0732,101.1118,14325
2016-11-13T16:00:00.000Z,101.0784,101.158,100.8938,100.9217,10532
2016-11-14T16:00:00.000Z,100.9095,100.9251,100.7277,100.9181,11984
2016-11-15T16:00:00.000Z,100.836,100.9124,100.7161,100.7312,9012
2016-11-16T16:00:00.000Z,100.6964,100.7599,100.5446,100.5561,9831
2016-11-17T16:00:00.000Z,100.4886,100.5716,100.4286,100.4368,10657
2016-11-20T16:00:00.000Z,100.546,100.5789,100.4382,100.4605,7012
2016-11-21T16:00:00.000Z,100.523,100.5992,100.3836,100.4511,8224
2016-11-22T16:00:00.000Z,100.4705,100.7069,100.3978,100.6921,10427
2016-11-23T16:00:00.000Z,100.6126,100.6768,100.5394,100.6344,7100
2016-11-24T16:00:00.000Z,100.5936,100.6628,100.5145,100.5569,5735
2016-11-27T16:00:00.000Z,100.5979,100.6608,100.5649,100.6049,3430
2016-11-28T16:00:00.000Z,100.5684,100.5684,100.069,100.1766,12136
2016-11-29T16:00:00.000Z,100.1234,100.2815,99.886,100.1188,13995
2016-11-30T16:00:00.000Z,99.9874,100.0389,99.7018,99.7698,15116
2016-12-01T16:00:00.000Z,99.7338,99.8656,99.688,99.7509,10588
2016-12-04T16:00:00.000Z,99.779,99.8164,99.5266,99.6023,8438
2016-12-05T16:00:00.000Z,99.3948,99.4612,99.061,99.3442,14625
2016-12-06T16:00:00.000Z,99.4488,99.5312,99.2223,99.4246,12590
2016-12-07T16:00:00.000Z,99.5601,99.7174,99.3712,99.4515,11065
2016-12-08T16:00:00.000Z,99.4409,99.5592,99.3565,99.4212,7901
2016-12-11T16:00:00.000Z,99.2064,99.3063,98.9389,98.9521,12752
2016-12-12T16:00:00.000Z,98.9355,99.0198,98.7605,98.8384,11581
2016-12-13T16:00:00.000Z,98.9592,99.0084,98.573,98.6728,10477
2016-12-14T16:00:00.000Z,98.1358,98.266,97.4989,97.5297,19433
2016-12-15T16:00:00.000Z,97.5425,98.4555,97.3303,98.4377,23316
2016-12-18T16:00:00.000Z,98.0947,98.1252,97.4191,97.6949,20333
2016-12-19T16:00:00.000Z,97.1387,97.7835,96.7366,97.6567,26347
2016-12-20T16:00:00.000Z,98.1578,98.8277,97.905,98.7354,24793
2016-12-21T16:00:00.000Z,98.7151,99.068,98.5427,99.0366,19551
2016-12-22T16:00:00.000Z,98.9041,98.9847,98.6247,98.7103,12878
2016-12-25T16:00:00.000Z,98.5247,98.8908,98.4193,98.7859,14136
2016-12-26T16:00:00.000Z,98.7659,98.7801,98.4824,98.5612,9019
2016-12-27T16:00:00.000Z,98.4425,98.8987,98.4347,98.8352,12912
2016-12-28T16:00:00.000Z,98.7761,99.7276,98.7761,99.3913,15438
2016-12-29T16:00:00.000Z,99.4028,99.5518,99.0923,99.1813,10977
2017-01-02T16:00:00.000Z,99.175,99.2959,99.0031,99.1604,10043
2017-01-03T16:00:00.000Z,99.1246,99.3033,98.9688,99.0745,13038
2017-01-04T16:00:00.000Z,98.9857,99.2804,98.8864,99.2804,12616
2017-01-05T16:00:00.000Z,99.327,99.4273,99.0913,99.1271,11480
2017-01-08T16:00:00.000Z,99.1404,99.3558,99.0758,99.3104,8921
2017-01-09T16:00:00.000Z,99.4179,99.4566,99.2506,99.2717,10042
2017-01-10T16:00:00.000Z,99.1697,99.2609,99.0487,99.1059,9637
2017-01-11T16:00:00.000Z,99.1341,99.3439,99.1341,99.1455,8467
2017-01-12T16:00:00.000Z,99.1527,99.3186,99.1257,99.2346,8541
2017-01-15T16:00:00.000Z,99.221,99.3178,98.7665,98.7779,10663
2017-01-16T16:00:00.000Z,98.7285,98.7717,98.5801,98.6991,8749
2017-01-17T16:00:00.000Z,98.6851,98.8886,98.6564,98.6963,8067
2017-01-18T16:00:00.000Z,98.6223,98.9631,98.5265,98.9019,9817
2017-01-19T16:00:00.000Z,98.8783,99.146,98.7772,98.9922,9739
2017-01-22T16:00:00.000Z,99.0211,99.0508,98.9068,98.9611,4449
2017-01-23T16:00:00.000Z,98.9619,99.2557,98.5432,98.5622,10400
2017-01-24T16:00:00.000Z,98.4372,98.5155,98.2546,98.4472,13222
2017-01-25T16:00:00.000Z,98.2437,98.4465,98.2191,98.3676,7816
2017-02-02T16:00:00.000Z,98.3851,98.4425,97.7952,97.9584,13890
2017-02-05T16:00:00.000Z,97.7726,98.0888,97.7295,97.865,9894
2017-02-06T16:00:00.000Z,97.665,98.0457,97.6259,98.0021,12137
2017-02-07T16:00:00.000Z,97.9059,98.2012,97.9059,98.2012,10841
2017-02-08T16:00:00.000Z,98.1467,98.3388,98.1225,98.2784,10067
2017-02-09T16:00:00.000Z,98.2189,98.2322,98.086,98.1616,7809
2017-02-12T16:00:00.000Z,98.148,98.4404,98.1006,98.392,8273
2017-02-13T16:00:00.000Z,98.3445,98.4267,98.097,98.2226,9928
2017-02-14T16:00:00.000Z,98.1299,98.2273,98.0413,98.1785,8866
2017-02-15T16:00:00.000Z,98.1561,98.6288,98.1331,98.6288,9738
2017-02-16T16:00:00.000Z,98.4934,98.7023,98.3975,98.5798,11373
2017-02-19T16:00:00.000Z,98.6693,98.8673,98.5406,98.7921,10364
2017-02-20T16:00:00.000Z,98.7959,98.7959,98.4781,98.5019,10877
2017-02-21T16:00:00.000Z,98.3905,98.8445,98.3542,98.8163,9858
2017-02-22T16:00:00.000Z,98.8713,98.9804,98.6855,98.8225,7882
2017-02-23T16:00:00.000Z,98.8095,98.9703,98.6384,98.7758,10278
2017-02-26T16:00:00.000Z,98.8327,99.0421,98.6874,98.7003,9521
2017-02-27T16:00:00.000Z,98.6755,98.9211,98.647,98.8784,6762
2017-02-28T16:00:00.000Z,98.8244,98.8409,98.4782,98.5096,9430
2017-03-01T16:00:00.000Z,98.446,98.5805,98.3874,98.4485,8455
2017-03-02T16:00:00.000Z,98.4518,98.603,98.3656,98.3884,8256
2017-03-05T16:00:00.000Z,98.3901,98.4375,98.2941,98.313,6590
2017-03-06T16:00:00.000Z,98.3107,98.4773,98.2588,98.4482,6704
2017-03-07T16:00:00.000Z,98.4462,98.4932,98.0982,98.0982,9434
2017-03-08T16:00:00.000Z,98.0975,98.3992,97.992,98.0054,9728
2017-03-09T16:00:00.000Z,98.0461,98.1355,97.9517,98.0692,6979
2017-03-12T16:00:00.000Z,98.0444,98.6078,97.9592,98.4566,11164
2017-03-13T16:00:00.000Z,98.4573,98.5799,98.379,98.5566,9321
2017-03-14T16:00:00.000Z,98.6079,98.6079,98.3993,98.5491,7723
2017-03-15T16:00:00.000Z,98.6721,99.1045,98.6485,98.8316,19445
2017-03-16T16:00:00.000Z,98.7643,98.8909,98.6946,98.7469,8447
2017-03-19T16:00:00.000Z,98.7481,98.9051,98.6277,98.7483,9372
2017-03-20T16:00:00.000Z,98.6776,98.8855,98.5345,98.881,10549
2017-03-21T16:00:00.000Z,98.8695,98.9849,98.7426,98.8082,9903
2017-03-22T16:00:00.000Z,98.8201,98.98,98.676,98.888,9835
2017-03-23T16:00:00.000Z,98.9302,99.308,98.822,99.2089,12287
2017-03-26T16:00:00.000Z,99.2463,99.3457,99.1526,99.3231,8989
2017-03-27T16:00:00.000Z,99.3476,99.3977,99.1249,99.169,10249
2017-03-28T16:00:00.000Z,99.1138,99.3106,99.015,99.1479,8690
2017-03-29T16:00:00.000Z,99.148,99.1906,98.963,99.1502,8700
2017-03-30T16:00:00.000Z,99.1397,99.3116,98.9773,99.1714,8459
2017-04-04T16:00:00.000Z,99.2246,99.3413,98.8978,98.9931,9623
2017-04-05T16:00:00.000Z,98.997,99.116,98.9348,99.0835,7082
2017-04-06T16:00:00.000Z,99.0775,99.2597,99.0775,99.1986,7861
2017-04-09T16:00:00.000Z,99.1757,99.1802,98.988,99.0516,7573
2017-04-10T16:00:00.000Z,99.0126,99.1474,98.9436,99.0843,5921
2017-04-11T16:00:00.000Z,99.1733,99.2046,98.9062,98.9394,10400
2017-04-12T16:00:00.000Z,98.9913,99.1036,98.7898,98.9938,10319
2017-04-13T16:00:00.000Z,98.9917,99.0364,98.7417,98.7651,8111
2017-04-16T16:00:00.000Z,98.7065,98.8076,98.4683,98.5036,10045
2017-04-17T16:00:00.000Z,98.4467,98.5776,98.3567,98.5093,8669
2017-04-18T16:00:00.000Z,98.5561,98.697,98.5012,98.6034,8513
2017-04-19T16:00:00.000Z,98.5498,98.6538,98.4656,98.5944,8847
2017-04-20T16:00:00.000Z,98.5417,98.6029,98.3055,98.349,9392
2017-04-23T16:00:00.000Z,98.2856,98.3113,97.9775,98.0784,11531
2017-04-24T16:00:00.000Z,98.075,98.3887,98.0664,98.3274,10883
2017-04-25T16:00:00.000Z,98.2489,98.4133,98.2447,98.3579,10600
2017-04-26T16:00:00.000Z,98.3497,98.4562,98.2536,98.3438,9478
2017-04-27T16:00:00.000Z,98.319,98.3427,98.1778,98.2346,7427
2017-05-01T16:00:00.000Z,98.229,98.3592,98.1063,98.1891,9909
2017-05-02T16:00:00.000Z,98.1497,98.1915,97.9443,98.0938,9308
2017-05-03T16:00:00.000Z,98.1109,98.2004,97.7233,97.7303,13378
2017-05-04T16:00:00.000Z,97.7238,97.7786,97.5875,97.6611,9544
2017-05-07T16:00:00.000Z,97.6275,97.7006,97.3615,97.4027,14076
2017-05-08T16:00:00.000Z,97.347,97.4802,97.2845,97.3067,16453
2017-05-09T16:00:00.000Z,97.2646,97.4187,96.843,96.9727,27805
2017-05-10T16:00:00.000Z,97.049,97.3535,96.9726,97.3058,26303
2017-05-11T16:00:00.000Z,97.3075,97.459,97.012,97.0427,25191
2017-05-14T16:00:00.000Z,97.2579,97.5451,97.233,97.3188,21089
2017-05-15T16:00:00.000Z,97.3017,97.3359,97.1154,97.242,17151
2017-05-16T16:00:00.000Z,97.2865,97.3224,97.0633,97.2284,19778
2017-05-17T16:00:00.000Z,97.3395,97.4162,97.2612,97.3001,13590
2017-05-18T16:00:00.000Z,97.2954,97.3182,97.0633,97.2233,16650
2017-05-21T16:00:00.000Z,97.1558,97.1815,96.8602,96.877,13330
2017-05-22T16:00:00.000Z,96.8511,97.1305,96.8416,97.0343,13830
2017-05-23T16:00:00.000Z,97.0304,97.324,96.9716,97.2311,16086
2017-05-24T16:00:00.000Z,97.313,97.3227,97.1644,97.2718,10117
2017-05-25T16:00:00.000Z,97.2249,97.2527,97.1092,97.2039,7322
2017-05-30T16:00:00.000Z,97.2192,97.5579,97.2192,97.5137,10308
2017-05-31T16:00:00.000Z,97.4203,97.7028,97.4054,97.6836,9978
2017-06-01T16:00:00.000Z,97.6861,97.6861,97.4934,97.6479,6600
2017-06-04T16:00:00.000Z,97.6763,97.8617,97.6528,97.7818,9617
2017-06-05T16:00:00.000Z,97.7749,97.8241,97.6382,97.6811,7349
2017-06-06T16:00:00.000Z,97.634,97.6565,97.4103,97.6215,13931
2017-06-07T16:00:00.000Z,97.6509,97.6795,97.4502,97.5032,10940
2017-06-08T16:00:00.000Z,97.5439,97.6392,97.4521,97.5706,8279
2017-06-11T16:00:00.000Z,97.6379,97.8834,97.6379,97.8097,10075
2017-06-12T16:00:00.000Z,97.9461,97.993,97.7893,97.8286,9075
2017-06-13T16:00:00.000Z,97.7604,98.0337,97.7193,97.9395,20497
2017-06-14T16:00:00.000Z,97.9688,98.1385,97.825,97.9194,14520
2017-06-15T16:00:00.000Z,97.8609,97.9344,97.7947,97.8783,8324
2017-06-18T16:00:00.000Z,97.9417,98.2842,97.9391,98.2336,13535
2017-06-19T16:00:00.000Z,98.2969,98.3358,98.1544,98.2192,11380
2017-06-20T16:00:00.000Z,98.2278,98.2837,97.966,98.0368,14697
2017-06-21T16:00:00.000Z,97.9935,98.0419,97.7811,97.8472,14213
2017-06-22T16:00:00.000Z,97.886,98.0236,97.8763,97.9903,9435
2017-06-25T16:00:00.000Z,98.0193,98.2305,97.9855,98.1902,11696
2017-06-26T16:00:00.000Z,98.2238,98.274,98.0713,98.1742,10081
2017-06-27T16:00:00.000Z,98.1021,98.2304,98.0662,98.136,10704
2017-06-28T16:00:00.000Z,98.1169,98.17,98.0159,98.0898,12116
2017-06-29T16:00:00.000Z,97.999,98.0241,97.9224,97.9904,10496
2017-07-02T16:00:00.000Z,98.0287,98.0478,97.7827,97.7827,9591
2017-07-03T16:00:00.000Z,97.7541,97.8657,97.7302,97.8416,7466
2017-07-04T16:00:00.000Z,97.8037,97.969,97.7862,97.9495,9544
2017-07-05T16:00:00.000Z,97.9683,98.1186,97.9511,98.07,9604
2017-07-06T16:00:00.000Z,98.0091,98.1706,97.9669,97.9691,12990
2017-07-09T16:00:00.000Z,97.9929,98.0607,97.8968,97.9011,11507
2017-07-10T16:00:00.000Z,97.9011,98.0019,97.8734,97.903,10222
2017-07-11T16:00:00.000Z,97.9677,98.0669,97.8447,97.8923,15525
2017-07-12T16:00:00.000Z,97.9338,98.0524,97.8849,97.9461,13092
2017-07-13T16:00:00.000Z,97.9102,97.9343,97.8035,97.8899,15215
2017-07-16T16:00:00.000Z,97.9255,97.9979,97.8072,97.8283,16596
2017-07-17T16:00:00.000Z,97.7834,97.7834,97.6178,97.7071,18287
2017-07-18T16:00:00.000Z,97.7463,97.7874,97.6931,97.6931,12582
2017-07-19T16:00:00.000Z,97.7276,97.8555,97.7276,97.8405,8901
2017-07-20T16:00:00.000Z,97.8621,97.8821,97.7377,97.7745,7075
2017-07-23T16:00:00.000Z,97.7758,97.8514,97.7641,97.8325,7181
2017-07-24T16:00:00.000Z,97.8346,97.8458,97.6268,97.6926,9566
2017-07-25T16:00:00.000Z,97.6694,97.7204,97.5514,97.5754,9092
2017-07-26T16:00:00.000Z,97.5957,97.6544,97.4543,97.588,13390
2017-07-27T16:00:00.000Z,97.586,97.6107,97.4996,97.517,9873
2017-07-30T16:00:00.000Z,97.5026,97.5521,97.3726,97.4058,11975
2017-07-31T16:00:00.000Z,97.3845,97.4224,97.2413,97.2874,16962
2017-08-01T16:00:00.000Z,97.333,97.4344,97.3194,97.3395,13832
2017-08-02T16:00:00.000Z,97.3511,97.4157,97.3143,97.372,14251
2017-08-03T16:00:00.000Z,97.3797,97.4988,97.3725,97.4197,12011
2017-08-06T16:00:00.000Z,97.3831,97.3831,97.1826,97.2068,15609
2017-08-07T16:00:00.000Z,97.1808,97.2804,97.1619,97.2151,14176
2017-08-08T16:00:00.000Z,97.2574,97.2674,97.1139,97.1464,19038
2017-08-09T16:00:00.000Z,97.2079,97.2706,97.1728,97.2406,14894
2017-08-10T16:00:00.000Z,97.4031,97.4412,97.3197,97.4153,15359
2017-08-13T16:00:00.000Z,97.4172,97.578,97.3593,97.5601,18397
2017-08-14T16:00:00.000Z,97.6092,97.6606,97.5014,97.5592,14867
2017-08-15T16:00:00.000Z,97.5347,97.5666,97.4704,97.4934,10238
2017-08-16T16:00:00.000Z,97.5046,97.5321,97.4366,97.4992,7685
2017-08-17T16:00:00.000Z,97.533,97.6082,97.5017,97.5048,8781
2017-08-20T16:00:00.000Z,97.4914,97.4956,97.4089,97.4618,8438
2017-08-21T16:00:00.000Z,97.4721,97.4936,97.3844,97.4778,9631
2017-08-22T16:00:00.000Z,97.5078,97.6153,97.4736,97.5073,12477
2017-08-23T16:00:00.000Z,97.52,97.5595,97.4185,97.4745,10274
2017-08-24T16:00:00.000Z,97.4531,97.4997,97.412,97.4173,5994
2017-08-27T16:00:00.000Z,97.4188,97.4554,97.3417,97.3463,8866
2017-08-28T16:00:00.000Z,97.3458,97.4726,97.3175,97.4445,8792
2017-08-29T16:00:00.000Z,97.4515,97.5037,97.3758,97.4956,7800
2017-08-30T16:00:00.000Z,97.4597,97.5469,97.4501,97.5469,6236
2017-08-31T16:00:00.000Z,97.5471,97.5471,97.4878,97.4926,5598
2017-09-03T16:00:00.000Z,97.4883,97.5264,97.4584,97.4758,4938
2017-09-04T16:00:00.000Z,97.4674,97.4674,97.336,97.336,7337
2017-09-05T16:00:00.000Z,97.3513,97.4827,97.3513,97.4728,7140
2017-09-06T16:00:00.000Z,97.4688,97.647,97.4591,97.6369,9090
2017-09-07T16:00:00.000Z,97.7283,97.8021,97.6366,97.7304,12315
2017-09-10T16:00:00.000Z,97.7216,97.766,97.6224,97.6268,8059
2017-09-11T16:00:00.000Z,97.5725,97.7309,97.5725,97.6656,10638
2017-09-12T16:00:00.000Z,97.6212,97.6804,97.5078,97.5421,15317
2017-09-13T16:00:00.000Z,97.562,97.7368,97.5324,97.7318,13389
2017-09-14T16:00:00.000Z,97.7417,97.7564,97.6526,97.6921,8582
2017-09-17T16:00:00.000Z,97.6723,97.7169,97.4821,97.4969,18758
2017-09-18T16:00:00.000Z,97.4968,97.6171,97.4968,97.6019,10201
2017-09-19T16:00:00.000Z,97.5921,97.602,97.4925,97.522,9836
2017-09-20T16:00:00.000Z,97.5221,97.5619,97.3417,97.4518,9283
2017-09-21T16:00:00.000Z,97.4716,97.5772,97.4617,97.5571,7707
2017-09-24T16:00:00.000Z,97.6163,97.692,97.5773,97.6425,7861
2017-09-25T16:00:00.000Z,97.6227,97.6724,97.5929,97.6477,4789
2017-09-26T16:00:00.000Z,97.6329,97.6476,97.5579,97.6281,6626
2017-09-27T16:00:00.000Z,97.6725,97.7277,97.644,97.7232,9838
2017-09-28T16:00:00.000Z,97.7231,97.7527,97.6237,97.6979,6947
2017-10-08T16:00:00.000Z,97.6979,97.6979,97.4684,97.4746,8075
2017-10-09T16:00:00.000Z,97.4845,97.5239,97.4385,97.4438,6164
2017-10-10T16:00:00.000Z,97.434,97.4784,97.384,97.4142,6570
2017-10-11T16:00:00.000Z,97.4153,97.4499,97.2356,97.2602,10499
2017-10-12T16:00:00.000Z,97.2947,97.3448,97.2403,97.2552,7482
2017-10-15T16:00:00.000Z,97.1177,97.1177,96.9771,97.0251,13503
2017-10-16T16:00:00.000Z,97.0008,97.0502,96.7144,96.7947,14180
2017-10-17T16:00:00.000Z,96.864,96.8906,96.7363,96.8458,19761
2017-10-18T16:00:00.000Z,96.9367,97.141,96.8917,96.9911,14235
2017-10-19T16:00:00.000Z,96.9672,97.0964,96.9573,96.997,10877
2017-10-22T16:00:00.000Z,96.9389,97.0424,96.8627,97.0275,10715
2017-10-23T16:00:00.000Z,97.0334,97.0382,96.9535,96.9876,5353
2017-10-24T16:00:00.000Z,96.9489,96.9489,96.6388,96.6586,13304
2017-10-25T16:00:00.000Z,96.6548,96.7339,96.4665,96.7193,17585
2017-10-26T16:00:00.000Z,96.7318,96.7318,96.364,96.3688,12829
2017-10-29T16:00:00.000Z,96.2126,96.257,95.7679,95.9729,39431
2017-10-30T16:00:00.000Z,96.105,96.163,95.9709,96.0986,20354
2017-10-31T16:00:00.000Z,96.1246,96.3211,96.1098,96.1938,18011
2017-11-01T16:00:00.000Z,96.1734,96.2748,96.1053,96.1171,17410
2017-11-02T16:00:00.000Z,96.1348,96.2007,95.9968,96.1496,22406
2017-11-05T16:00:00.000Z,96.1546,96.2488,96.0922,96.2246,17462
2017-11-06T16:00:00.000Z,96.2092,96.2299,95.9605,96.0105,25400
2017-11-07T16:00:00.000Z,96.026,96.2559,95.9385,96.1604,29207
2017-11-08T16:00:00.000Z,96.2026,96.2902,96.1241,96.148,20535
2017-11-09T16:00:00.000Z,96.1671,96.2225,96.0445,96.1346,19149
2017-11-12T16:00:00.000Z,96.0802,96.1707,95.8047,95.8224,26567
2017-11-13T16:00:00.000Z,95.8667,96.0942,95.7424,96.0735,29497
2017-11-14T16:00:00.000Z,96.1218,96.2746,96.0574,96.2324,26014
2017-11-15T16:00:00.000Z,96.2502,96.4225,96.2502,96.3669,23316
2017-11-16T16:00:00.000Z,96.3692,96.3696,96.2723,96.2915,14768
2017-11-19T16:00:00.000Z,96.2272,96.3741,96.1519,96.3063,15324
2017-11-20T16:00:00.000Z,96.2066,96.3295,96.0812,96.2695,18173
2017-11-21T16:00:00.000Z,96.2506,96.2506,95.9248,95.9433,13250
2017-11-22T16:00:00.000Z,95.9831,96.0884,95.9482,95.9751,10737
2017-11-23T16:00:00.000Z,96.1679,96.2034,96.0444,96.165,6704
2017-11-26T16:00:00.000Z,96.205,96.2427,96.1006,96.1653,11625
2017-11-27T16:00:00.000Z,96.163,96.2982,96.0913,96.1213,11994
2017-11-28T16:00:00.000Z,96.0933,96.5958,96.0362,96.5197,13579
2017-11-29T16:00:00.000Z,96.4526,96.6302,96.3658,96.5724,10599
2017-11-30T16:00:00.000Z,96.5434,96.6688,96.4519,96.5386,9240
2017-12-03T16:00:00.000Z,96.4956,96.6067,96.3989,96.5149,8849
2017-12-04T16:00:00.000Z,96.5952,96.6785,96.4435,96.5169,14031
2017-12-05T16:00:00.000Z,96.547,96.5913,96.4339,96.5323,10344
2017-12-06T16:00:00.000Z,96.578,96.5928,96.42,96.4397,10205
2017-12-07T16:00:00.000Z,96.49,96.49,96.2509,96.3456,12239
2017-12-10T16:00:00.000Z,96.3008,96.3503,96.1561,96.2008,9383
2017-12-11T16:00:00.000Z,96.1216,96.2208,96.0614,96.1114,9796
2017-12-12T16:00:00.000Z,96.0921,96.2268,96.0772,96.1669,10698
2017-12-13T16:00:00.000Z,96.2814,96.3319,96.2118,96.2921,8085
2017-12-14T16:00:00.000Z,96.2921,96.5119,96.2921,96.4371,11227
2017-12-17T16:00:00.000Z,96.4868,96.5768,96.3724,96.4169,8451
2017-12-18T16:00:00.000Z,96.4273,96.4921,96.3625,96.3975,7014
2017-12-19T16:00:00.000Z,96.333,96.4471,96.3226,96.4273,7811
2017-12-20T16:00:00.000Z,96.3928,96.4572,96.3426,96.4522,7087
2017-12-21T16:00:00.000Z,96.4725,96.6423,96.4279,96.6423,7753
2017-12-24T16:00:00.000Z,96.6125,96.6773,96.5429,96.5725,8005
2017-12-25T16:00:00.000Z,96.5725,96.5925,96.4534,96.4732,8080
2017-12-26T16:00:00.000Z,96.4732,96.5078,96.433,96.4929,4086
2017-12-27T16:00:00.000Z,96.5424,96.6223,96.4929,96.5081,4489
2017-12-28T16:00:00.000Z,96.5082,96.6475,96.3831,96.6074,9669
2018-01-01T16:00:00.000Z,96.6024,96.6277,96.2631,96.2631,10611
2018-01-02T16:00:00.000Z,96.2682,96.3528,96.2583,96.2932,9143
2018-01-03T16:00:00.000Z,96.2339,96.2979,96.1038,96.2531,10492
2018-01-04T16:00:00.000Z,96.2535,96.3081,96.2134,96.2633,5901
2018-01-07T16:00:00.000Z,96.2637,96.4234,96.1985,96.4037,9281
2018-01-08T16:00:00.000Z,96.404,96.4637,96.3596,96.4136,7291
2018-01-09T16:00:00.000Z,96.3063,96.3849,96.2001,96.2051,9912
2018-01-10T16:00:00.000Z,96.1857,96.2446,95.9909,96.0505,12722
2018-01-11T16:00:00.000Z,96.0705,96.18,96.0705,96.1504,6287
2018-01-14T16:00:00.000Z,96.0864,96.0864,95.8916,96.0105,10785
2018-01-15T16:00:00.000Z,96.0398,96.0857,95.9414,95.9902,6846
2018-01-16T16:00:00.000Z,95.9562,96.0205,95.8114,95.8454,14237
2018-01-17T16:00:00.000Z,95.8066,95.8398,95.6454,95.6655,14708
2018-01-18T16:00:00.000Z,95.6683,95.7663,95.5774,95.6427,13252
2018-01-21T16:00:00.000Z,95.6342,95.8187,95.5881,95.7993,11155
2018-01-22T16:00:00.000Z,95.8625,95.8764,95.7917,95.8158,10575
2018-01-23T16:00:00.000Z,95.8914,95.9822,95.8264,95.8756,11622
2018-01-24T16:00:00.000Z,95.7657,95.9723,95.7657,95.9649,9086
2018-01-25T16:00:00.000Z,96.0058,96.0264,95.9315,95.9721,9292
2018-01-28T16:00:00.000Z,95.9655,96.0435,95.8849,95.9592,9538
2018-01-29T16:00:00.000Z,95.9609,95.9971,95.8892,95.8977,10086
2018-01-30T16:00:00.000Z,95.9331,95.9928,95.892,95.9388,8906
2018-01-31T16:00:00.000Z,95.9402,96.0757,95.9143,96.0632,14179
2018-02-01T16:00:00.000Z,96.0116,96.045,95.9633,95.9634,8877
2018-02-04T16:00:00.000Z,95.9239,95.9814,95.8177,95.8976,14007
2018-02-05T16:00:00.000Z,96.0801,96.1118,95.9913,96.0596,16097
2018-02-06T16:00:00.000Z,96.008,96.0732,95.958,96.0699,11309
2018-02-07T16:00:00.000Z,96.1449,96.1539,95.9091,95.9231,14633
2018-02-08T16:00:00.000Z,95.859,96.119,95.859,96.0773,21757
2018-02-11T16:00:00.000Z,96.089,96.303,96.0001,96.1375,14691
2018-02-12T16:00:00.000Z,96.1336,96.1549,96.0438,96.0706,12168
2018-02-13T16:00:00.000Z,96.069,96.0901,95.9965,96.0465,5489
2018-02-21T16:00:00.000Z,95.9695,95.9841,95.8399,95.8857,6490
2018-02-22T16:00:00.000Z,95.894,95.9791,95.885,95.9651,5785
2018-02-25T16:00:00.000Z,95.9602,96.2926,95.9602,96.2627,8936
2018-02-26T16:00:00.000Z,96.2733,96.5161,96.2034,96.4647,11533
2018-02-27T16:00:00.000Z,96.4137,96.4928,96.3841,96.4499,7332
2018-02-28T16:00:00.000Z,96.4849,96.5521,96.4376,96.46,7503
2018-03-01T16:00:00.000Z,96.4549,96.4915,96.4091,96.4516,7269
2018-03-04T16:00:00.000Z,96.4492,96.5001,96.338,96.4258,6948
2018-03-05T16:00:00.000Z,96.4243,96.5786,96.3744,96.56,10755
2018-03-06T16:00:00.000Z,96.5446,96.5867,96.4976,96.553,7306
2018-03-07T16:00:00.000Z,96.6562,96.6609,96.4774,96.5243,7070
2018-03-08T16:00:00.000Z,96.4964,96.6173,96.4492,96.5563,7983
2018-03-11T16:00:00.000Z,96.5453,96.625,96.5453,96.6052,5362
2018-03-12T16:00:00.000Z,96.5903,96.5952,96.4305,96.4454,6979
2018-03-13T16:00:00.000Z,96.5748,96.5748,96.3804,96.4452,8247
2018-03-14T16:00:00.000Z,96.4453,96.5202,96.4403,96.4953,4812
2018-03-15T16:00:00.000Z,96.4954,96.5753,96.4755,96.5004,4698
2018-03-18T16:00:00.000Z,96.5004,96.545,96.4454,96.5401,4578
2018-03-19T16:00:00.000Z,96.5401,96.6802,96.5154,96.6752,8724
2018-03-20T16:00:00.000Z,96.6752,96.7101,96.6352,96.6602,6928
2018-03-21T16:00:00.000Z,96.7298,96.8401,96.6354,96.7652,9619
2018-03-22T16:00:00.000Z,97.0924,97.2297,96.9503,97.0497,12612
2018-03-25T16:00:00.000Z,96.9551,97.0302,96.9251,96.98,6915
2018-03-26T16:00:00.000Z,96.8679,96.9658,96.8612,96.9609,6609
2018-03-27T16:00:00.000Z,97.1008,97.1107,96.9709,96.9758,7055
2018-03-28T16:00:00.000Z,96.9709,96.9957,96.8705,96.9599,6752
2018-03-29T16:00:00.000Z,96.9252,97.0552,96.9054,96.9356,6962
2018-04-01T16:00:00.000Z,96.8857,96.9703,96.7767,96.9108,6231
2018-04-02T16:00:00.000Z,97.0396,97.0396,96.756,96.8307,8354
2018-04-03T16:00:00.000Z,96.8801,96.89,96.7962,96.8457,5852
2018-04-08T16:00:00.000Z,96.9346,97.0402,96.8852,96.9707,6668
2018-04-09T16:00:00.000Z,96.946,96.9559,96.7767,96.7956,6682
2018-04-10T16:00:00.000Z,96.7365,96.9448,96.691,96.9357,8720
2018-04-11T16:00:00.000Z,96.9357,97.0354,96.8407,97.0354,7192
2018-04-12T16:00:00.000Z,96.9565,97.0899,96.9157,97.0652,8354
2018-04-15T16:00:00.000Z,97.1046,97.3595,97.0361,97.3496,11846
2018-04-16T16:00:00.000Z,97.3495,97.4873,97.284,97.4375,11618
2018-04-17T16:00:00.000Z,98.0255,98.3109,97.8762,98.0387,20735
2018-04-18T16:00:00.000Z,97.9568,98.1159,97.8919,97.9365,10903
2018-04-19T16:00:00.000Z,97.8926,98.0188,97.8515,97.9476,7323
2018-04-22T16:00:00.000Z,97.9232,97.9232,97.7635,97.7892,7569
2018-04-23T16:00:00.000Z,97.8863,97.9763,97.8181,97.9273,7231
2018-04-24T16:00:00.000Z,97.9179,97.9694,97.8096,97.8368,9091
2018-04-25T16:00:00.000Z,97.8414,97.9401,97.7846,97.9164,9509
2018-04-26T16:00:00.000Z,97.9298,97.9539,97.6828,97.6875,11313
2018-05-01T16:00:00.000Z,97.6953,97.7599,97.5146,97.5656,9044
2018-05-02T16:00:00.000Z,97.593,97.8438,97.5828,97.8264,8891
2018-05-03T16:00:00.000Z,97.8471,97.9696,97.7886,97.9652,7913
2018-05-06T16:00:00.000Z,97.9677,98.0033,97.822,97.8642,10119
2018-05-07T16:00:00.000Z,97.7553,98.0487,97.7026,97.7351,17007
2018-05-08T16:00:00.000Z,97.6609,97.7064,97.5322,97.6165,11124
2018-05-09T16:00:00.000Z,97.6076,97.779,97.5804,97.7775,8893
2018-05-10T16:00:00.000Z,97.791,97.8986,97.7238,97.7437,11435
2018-05-13T16:00:00.000Z,97.734,97.7861,97.6679,97.7141,9192
2018-05-14T16:00:00.000Z,97.6555,97.6745,97.4447,97.6224,12378
2018-05-15T16:00:00.000Z,97.4782,97.7111,97.4576,97.6385,11433
2018-05-16T16:00:00.000Z,97.6348,97.6818,97.3632,97.4381,12130
2018-05-17T16:00:00.000Z,97.4104,97.4477,97.2362,97.3531,9974
2018-05-20T16:00:00.000Z,97.375,97.4972,97.3223,97.4503,9830
2018-05-21T16:00:00.000Z,97.4491,97.6363,97.4491,97.6164,7567
2018-05-22T16:00:00.000Z,97.6162,97.6861,97.5653,97.6671,6797
2018-05-23T16:00:00.000Z,97.7204,97.7308,97.5811,97.6003,5533
2018-05-24T16:00:00.000Z,97.6132,97.9096,97.5317,97.8585,7284
2018-05-27T16:00:00.000Z,97.834,97.8869,97.7423,97.751,5072
2018-05-28T16:00:00.000Z,97.7296,97.8541,97.5977,97.8008,6356
2018-05-29T16:00:00.000Z,97.9293,97.9653,97.8024,97.8428,7859
2018-05-30T16:00:00.000Z,97.8154,97.8877,97.6923,97.7165,6080
2018-05-31T16:00:00.000Z,97.731,97.8227,97.6867,97.7494,5204
2018-06-03T16:00:00.000Z,97.7496,97.7496,97.5204,97.5827,6954
2018-06-04T16:00:00.000Z,97.5817,97.6159,97.4931,97.5127,4760
2018-06-05T16:00:00.000Z,97.5121,97.6157,97.443,97.4532,6128
2018-06-06T16:00:00.000Z,97.4188,97.4374,97.3354,97.4178,5275
2018-06-07T16:00:00.000Z,97.4325,97.5815,97.4325,97.5423,7468
2018-06-10T16:00:00.000Z,97.536,97.6055,97.4915,97.5509,4046
2018-06-11T16:00:00.000Z,97.551,97.551,97.3668,97.3816,5504
2018-06-12T16:00:00.000Z,97.4458,97.5855,97.3919,97.5411,6623
2018-06-13T16:00:00.000Z,97.5414,97.8001,97.5325,97.6974,6830
2018-06-14T16:00:00.000Z,97.8417,97.8453,97.7371,97.7957,4346
2018-06-18T16:00:00.000Z,97.8497,98.0708,97.7909,98.0234,6546
2018-06-19T16:00:00.000Z,98.0036,98.0527,97.7468,97.7861,5876
2018-06-20T16:00:00.000Z,97.8352,98.0748,97.8115,98.0013,4782
2018-06-21T16:00:00.000Z,98.0111,98.1917,97.9277,98.1263,7842
2018-06-24T16:00:00.000Z,98.0823,98.1904,97.9616,98.0612,6768
2018-06-25T16:00:00.000Z,98.0956,98.1505,98.0172,98.0661,4611
2018-06-26T16:00:00.000Z,98.0081,98.2112,98.0032,98.1869,6150
2018-06-27T16:00:00.000Z,98.2064,98.3445,98.1821,98.2758,5142
2018-06-28T16:00:00.000Z,98.3533,98.5465,98.3533,98.3932,6691
2018-07-01T16:00:00.000Z,98.4418,98.5611,98.3081,98.5563,4835
2018-07-02T16:00:00.000Z,98.595,98.624,98.3517,98.3517,6218
2018-07-03T16:00:00.000Z,98.323,98.3904,98.2436,98.3171,6285
2018-07-04T16:00:00.000Z,98.4084,98.4516,98.3356,98.357,5907
2018-07-05T16:00:00.000Z,98.3331,98.3892,98.1187,98.1914,7411
2018-07-08T16:00:00.000Z,98.1578,98.2204,98.0924,98.117,4447
2018-07-09T16:00:00.000Z,98.0452,98.1763,98.034,98.1256,5256
2018-07-10T16:00:00.000Z,98.2214,98.331,98.1334,98.3215,6340
2018-07-11T16:00:00.000Z,98.3119,98.3119,98.173,98.2504,3714
2018-07-12T16:00:00.000Z,98.217,98.4504,98.217,98.4281,4808
2018-07-15T16:00:00.000Z,98.5427,98.6007,98.4434,98.4973,5332
2018-07-16T16:00:00.000Z,98.464,98.5628,98.4449,98.4971,4595
2018-07-17T16:00:00.000Z,98.5069,98.5829,98.4672,98.5017,4912
2018-07-18T16:00:00.000Z,98.4437,98.744,98.3336,98.7126,7910
2018-07-19T16:00:00.000Z,98.7544,98.8382,98.1881,98.202,11695
2018-07-22T16:00:00.000Z,98.1617,98.3779,98.1617,98.2714,7881
2018-07-23T16:00:00.000Z,98.0719,98.1806,98.0648,98.1073,7215
2018-07-24T16:00:00.000Z,98.0963,98.2142,98.0963,98.1738,4653
2018-07-25T16:00:00.000Z,98.1069,98.3698,98.0802,98.2492,7114
2018-07-26T16:00:00.000Z,98.2765,98.3827,98.2765,98.3805,5253
2018-07-29T16:00:00.000Z,98.4171,98.4627,98.3341,98.4072,5903
2018-07-30T16:00:00.000Z,98.4906,98.5367,98.341,98.5296,8565
2018-07-31T16:00:00.000Z,98.4652,98.6805,98.4262,98.6414,10210
2018-08-01T16:00:00.000Z,98.6284,98.7323,98.5203,98.5744,10371
2018-08-02T16:00:00.000Z,98.5795,98.7426,98.5292,98.6777,8975
2018-08-05T16:00:00.000Z,98.6788,98.7203,98.5576,98.5841,7365
2018-08-06T16:00:00.000Z,98.5826,98.6979,98.4844,98.544,9758
2018-08-07T16:00:00.000Z,98.508,98.508,98.2562,98.2562,8656
2018-08-08T16:00:00.000Z,98.2906,98.3136,98.0465,98.1324,9782
2018-08-09T16:00:00.000Z,98.1388,98.1975,97.9285,98.0047,11335
2018-08-12T16:00:00.000Z,97.9941,98.0515,97.671,97.8566,11485
2018-08-13T16:00:00.000Z,97.8481,98.0301,97.7871,98.0107,11469
2018-08-14T16:00:00.000Z,98.0962,98.1068,97.8282,97.9095,9591
2018-08-15T16:00:00.000Z,97.9687,98.0185,97.6304,97.6622,13830
2018-08-16T16:00:00.000Z,97.5938,97.7529,97.3429,97.6063,15036
2018-08-19T16:00:00.000Z,97.6326,97.676,97.472,97.5785,8194
2018-08-20T16:00:00.000Z,97.5604,97.6196,97.3791,97.5364,9098
2018-08-21T16:00:00.000Z,97.5826,97.6863,97.4975,97.5976,8260
2018-08-22T16:00:00.000Z,97.6443,97.7157,97.5343,97.6596,6498
2018-08-23T16:00:00.000Z,97.7151,97.8212,97.5811,97.6378,7896
2018-08-26T16:00:00.000Z,97.6069,97.6636,97.5019,97.6038,6061
2018-08-27T16:00:00.000Z,97.58,97.7911,97.4772,97.7751,8400
2018-08-28T16:00:00.000Z,97.7757,97.8048,97.6882,97.7803,4444
2018-08-29T16:00:00.000Z,97.7887,97.9359,97.7886,97.8909,6508
2018-08-30T16:00:00.000Z,97.8793,98.0267,97.8705,97.9917,5051
2018-09-02T16:00:00.000Z,97.9566,97.9958,97.8195,97.8436,4424
2018-09-03T16:00:00.000Z,97.8439,97.8789,97.6869,97.7264,4971
2018-09-04T16:00:00.000Z,97.7598,97.7966,97.6735,97.6739,4939
2018-09-05T16:00:00.000Z,97.6741,97.7679,97.6461,97.699,4088
2018-09-06T16:00:00.000Z,97.6991,97.7321,97.5671,97.6471,4776
2018-09-09T16:00:00.000Z,97.5668,97.6379,97.4291,97.4576,5489
2018-09-10T16:00:00.000Z,97.4384,97.4669,97.2054,97.3385,8868
2018-09-11T16:00:00.000Z,97.3592,97.4699,97.3158,97.4314,8532
2018-09-12T16:00:00.000Z,97.3588,97.5517,97.3395,97.4938,5832
2018-09-13T16:00:00.000Z,97.4841,97.5951,97.4407,97.571,5816
2018-09-16T16:00:00.000Z,97.7049,97.7349,97.6099,97.665,4306
2018-09-17T16:00:00.000Z,97.6849,97.7149,97.54,97.57,4883
2018-09-18T16:00:00.000Z,97.545,97.58,97.41,97.41,5732
2018-09-19T16:00:00.000Z,97.3501,97.405,97.2202,97.235,4668
2018-09-20T16:00:00.000Z,97.21,97.4249,97.1801,97.41,5692
2018-09-24T16:00:00.000Z,97.42,97.445,97.365,97.425,1987
2018-09-25T16:00:00.000Z,97.4,97.615,97.37,97.605,4274
2018-09-26T16:00:00.000Z,97.625,97.7448,97.565,97.7348,4708
2018-09-27T16:00:00.000Z,97.7348,97.83,97.6898,97.7601,3349
2018-10-07T16:00:00.000Z,97.78,97.7949,97.6202,97.735,4652
2018-10-08T16:00:00.000Z,97.7549,97.9048,97.72,97.8099,7702
2018-10-09T16:00:00.000Z,97.8549,97.86,97.7499,97.85,4910
2018-10-10T16:00:00.000Z,97.9998,98.1048,97.9052,98.0599,7496
2018-10-11T16:00:00.000Z,98.0599,98.1299,98.0001,98.05,4321
2018-10-14T16:00:00.000Z,98.0301,98.1049,97.9702,98.0001,3895
2018-10-15T16:00:00.000Z,97.9502,98.0755,97.8801,98.0705,7476
2018-10-16T16:00:00.000Z,98.0057,98.1504,98.0057,98.0107,6416
2018-10-17T16:00:00.000Z,98.1355,98.1949,98.0855,98.125,6581
2018-10-18T16:00:00.000Z,98.1949,98.2049,98.0152,98.0799,5987
2018-10-21T16:00:00.000Z,97.9601,98.0299,97.9251,97.975,4404
2018-10-22T16:00:00.000Z,97.9101,98.1096,97.9101,98.0846,5680
2018-10-23T16:00:00.000Z,98.0696,98.1748,98.0297,98.1549,3641
2018-10-24T16:00:00.000Z,98.2646,98.2846,98.1399,98.1898,4081
2018-10-25T16:00:00.000Z,98.1898,98.2297,98.1149,98.1998,3046
2018-10-28T16:00:00.000Z,98.2397,98.4093,98.1998,98.375,6449
2018-10-29T16:00:00.000Z,98.3749,98.4099,98.2602,98.3496,5803
2018-10-30T16:00:00.000Z,98.2996,98.4179,98.2404,98.3645,5171
2018-10-31T16:00:00.000Z,98.3838,98.429,98.2449,98.39,5337
2018-11-01T16:00:00.000Z,98.2538,98.314,98.114,98.1282,7005
2018-11-04T16:00:00.000Z,98.1279,98.2344,98.0889,98.1902,5090
2018-11-05T16:00:00.000Z,98.2278,98.3785,98.1366,98.3735,6930
2018-11-06T16:00:00.000Z,98.3323,98.5066,98.3245,98.465,7267
2018-11-07T16:00:00.000Z,98.4403,98.5956,98.4091,98.57,6865
2018-11-08T16:00:00.000Z,98.5163,98.5907,98.4785,98.5162,5985
2018-11-11T16:00:00.000Z,98.5383,98.5555,98.4469,98.4469,6117
2018-11-12T16:00:00.000Z,98.5348,98.5457,98.4,98.4741,7033
2018-11-13T16:00:00.000Z,98.776,98.776,98.6264,98.6618,9689
2018-11-14T16:00:00.000Z,98.6984,98.7322,98.6228,98.7191,7635
2018-11-15T16:00:00.000Z,98.7601,98.9575,98.705,98.9025,7766
2018-11-18T16:00:00.000Z,98.8747,99.045,98.7819,98.835,9365
2018-11-19T16:00:00.000Z,98.846,98.8859,98.7461,98.831,5291
2018-11-20T16:00:00.000Z,98.88,98.9631,98.7436,98.805,9084
2018-11-21T16:00:00.000Z,98.8582,98.8603,98.674,98.6804,5072
2018-11-22T16:00:00.000Z,98.6982,98.7929,98.6331,98.7285,6094
2018-11-25T16:00:00.000Z,98.8036,98.8452,98.5922,98.6342,7228
2018-11-26T16:00:00.000Z,98.6547,98.7573,98.5639,98.7434,4865
2018-11-27T16:00:00.000Z,98.7664,98.7963,98.7013,98.7412,3022
2018-11-28T16:00:00.000Z,98.8096,98.912,98.7965,98.8769,7289
2018-11-29T16:00:00.000Z,98.9128,99.096,98.8909,98.9515,4584
2018-12-02T16:00:00.000Z,98.7898,99.031,98.7898,99.031,6770
2018-12-03T16:00:00.000Z,99.0786,99.189,99.0432,99.1051,7406
2018-12-04T16:00:00.000Z,99.2165,99.2655,99.0558,99.0648,5646
2018-12-05T16:00:00.000Z,99.1317,99.1851,99.0381,99.1628,7271
2018-12-06T16:00:00.000Z,99.1962,99.1962,99.0151,99.1736,5053
2018-12-09T16:00:00.000Z,99.2797,99.2978,99.2029,99.2481,4625
2018-12-10T16:00:00.000Z,99.1927,99.2175,99.0888,99.1383,4179
2018-12-11T16:00:00.000Z,99.064,99.2527,99.064,99.2033,4688
2018-12-12T16:00:00.000Z,99.1389,99.1488,98.8809,98.9056,7587
2018-12-13T16:00:00.000Z,98.9062,98.9655,98.7678,98.8321,6364
2018-12-16T16:00:00.000Z,98.8501,98.8501,98.5406,98.5705,5819
2018-12-17T16:00:00.000Z,98.5706,98.7149,98.5556,98.69,7305
2018-12-18T16:00:00.000Z,98.7548,98.8299,98.6203,98.82,7345
2018-12-19T16:00:00.000Z,98.9445,99.0299,98.8,99.0249,6951
2018-12-20T16:00:00.000Z,98.9651,99.0796,98.9203,98.9253,5030
2018-12-23T16:00:00.000Z,99.0796,99.0796,98.8553,98.89,3740
2018-12-24T16:00:00.000Z,98.9497,99.0594,98.9497,99.0303,4684
2018-12-25T16:00:00.000Z,99.0005,99.1848,98.9607,99.1599,5948
2018-12-26T16:00:00.000Z,99.0603,99.2093,99.0101,99.1446,5455
2018-12-27T16:00:00.000Z,99.1595,99.4199,99.1595,99.4,5493
2019-01-01T16:00:00.000Z,99.4548,99.6148,99.4299,99.5999,3385
2019-01-02T16:00:00.000Z,99.6696,99.6746,99.5302,99.6098,3591
2019-01-03T16:00:00.000Z,99.6944,99.7293,99.4353,99.5199,5627
2019-01-06T16:00:00.000Z,99.4651,99.6098,99.4402,99.56,3991
2019-01-07T16:00:00.000Z,99.5949,99.8795,99.555,99.8546,6461
2019-01-08T16:00:00.000Z,99.8047,99.8296,99.6851,99.8045,5535
2019-01-09T16:00:00.000Z,99.7995,99.8792,99.6009,99.615,5405
2019-01-10T16:00:00.000Z,99.4208,99.6999,99.4208,99.6698,4600
2019-01-13T16:00:00.000Z,99.7443,99.7543,99.5048,99.5495,5224
2019-01-14T16:00:00.000Z,99.5495,99.5892,99.42,99.5446,4494
2019-01-15T16:00:00.000Z,99.5993,99.8644,99.5944,99.8644,5277
2019-01-16T16:00:00.000Z,99.8495,99.9693,99.8047,99.9294,5408
2019-01-17T16:00:00.000Z,99.994,99.994,99.7746,99.7944,5457
2019-01-20T16:00:00.000Z,99.7348,99.7946,99.6698,99.7195,5571
2019-01-21T16:00:00.000Z,99.6301,99.8093,99.6201,99.7795,4579
2019-01-22T16:00:00.000Z,99.8288,99.8586,98.6041,99.624,7592
2019-01-23T16:00:00.000Z,99.6188,99.7378,99.6089,99.6387,4222
2019-01-24T16:00:00.000Z,99.5793,99.6434,99.5491,99.5642,3805
2019-01-27T16:00:00.000Z,99.5592,99.6978,99.4544,99.6483,5685
2019-01-28T16:00:00.000Z,99.6957,99.7928,99.6532,99.7477,6608
2019-01-29T16:00:00.000Z,99.7643,99.8305,99.7164,99.8305,6829
2019-01-30T16:00:00.000Z,99.8613,99.9368,99.8157,99.8542,4839
2019-01-31T16:00:00.000Z,99.9016,99.906,99.7777,99.7777,2889
2019-02-10T16:00:00.000Z,99.7774,100.0682,99.7774,99.9962,8071
2019-02-11T16:00:00.000Z,99.9794,100.1004,99.9624,99.9956,6052
2019-02-12T16:00:00.000Z,99.935,100.0134,99.9234,99.9589,4667
2019-02-13T16:00:00.000Z,99.9227,100.0006,99.7752,99.8026,6995
2019-02-14T16:00:00.000Z,99.7877,99.9322,99.7279,99.7961,5792
2019-02-17T16:00:00.000Z,99.7572,99.7659,99.5926,99.6007,6033
2019-02-18T16:00:00.000Z,99.5408,99.7663,99.5388,99.6769,8441
2019-02-19T16:00:00.000Z,99.6524,99.7862,99.632,99.736,7236
2019-02-20T16:00:00.000Z,99.6916,99.7882,99.5793,99.7548,7666
2019-02-21T16:00:00.000Z,99.7151,99.7712,99.594,99.609,6759
2019-02-24T16:00:00.000Z,99.5385,99.5815,99.2432,99.3388,7256
2019-02-25T16:00:00.000Z,99.2865,99.2865,98.979,99.1276,7099
2019-02-26T16:00:00.000Z,99.1708,99.2715,99.1242,99.2122,7234
2019-02-27T16:00:00.000Z,99.2076,99.2814,99.0699,99.1289,5028
2019-02-28T16:00:00.000Z,99.0996,99.1586,99.0062,99.021,4770
2019-03-03T16:00:00.000Z,98.9552,99.2033,98.9154,99.1437,6409
2019-03-04T16:00:00.000Z,99.1089,99.2479,99.1089,99.1784,4456
2019-03-05T16:00:00.000Z,99.1783,99.2826,99.1485,99.1883,4717
2019-03-06T16:00:00.000Z,99.2604,99.4701,99.2504,99.4701,5964
2019-03-07T16:00:00.000Z,99.565,99.6498,99.51,99.5799,6442
2019-03-10T16:00:00.000Z,99.6248,99.6498,99.4849,99.4999,4803
2019-03-11T16:00:00.000Z,99.4499,99.5798,99.4399,99.5349,3740
2019-03-12T16:00:00.000Z,99.5399,99.6049,99.4999,99.5149,3114
2019-03-13T16:00:00.000Z,99.5199,99.5349,99.3749,99.3749,4199
2019-03-14T16:00:00.000Z,99.3299,99.5249,99.2349,99.4349,7312
2019-03-17T16:00:00.000Z,99.4299,99.4299,99.2999,99.3399,4212
2019-03-18T16:00:00.000Z,99.3249,99.4399,99.2649,99.2649,4359
2019-03-19T16:00:00.000Z,99.2849,99.3549,99.2499,99.2799,3995
2019-03-20T16:00:00.000Z,99.3599,99.4599,99.3449,99.4299,4597
2019-03-21T16:00:00.000Z,99.4499,99.5349,99.4099,99.4999,2694
2019-03-24T16:00:00.000Z,99.6548,99.6998,99.6048,99.6948,4264
2019-03-25T16:00:00.000Z,99.6698,99.7648,99.6348,99.6998,4060
2019-03-26T16:00:00.000Z,99.6998,99.7248,99.6149,99.6398,3149
2019-03-27T16:00:00.000Z,99.7198,99.7448,99.6348,99.6898,3657
2019-03-28T16:00:00.000Z,99.6498,99.6598,99.5649,99.6199,3763
2019-03-31T16:00:00.000Z,99.5649,99.5649,99.31,99.325,6353
2019-04-01T16:00:00.000Z,99.15,99.2949,99.15,99.2349,6294
2019-04-02T16:00:00.000Z,99.2199,99.3199,98.8701,98.955,7055
2019-04-03T16:00:00.000Z,98.935,98.955,98.7151,98.7251,10022
2019-04-07T16:00:00.000Z,98.6801,98.9099,98.6601,98.7799,7230
2019-04-08T16:00:00.000Z,98.7699,98.7799,98.66,98.72,7704
2019-04-09T16:00:00.000Z,98.7,98.8599,98.595,98.8049,13390
2019-04-10T16:00:00.000Z,98.8499,98.9649,98.7599,98.9199,5904
2019-04-11T16:00:00.000Z,98.9099,98.9349,98.8299,98.8549,5750
2019-04-14T16:00:00.000Z,98.5049,98.6797,98.4648,98.6397,9262
2019-04-15T16:00:00.000Z,98.5997,98.6696,98.4897,98.5297,4165
2019-04-16T16:00:00.000Z,98.5446,98.7096,98.3347,98.7096,8089
2019-04-17T16:00:00.000Z,98.7095,98.7644,98.6446,98.7445,3153
2019-04-18T16:00:00.000Z,98.7794,98.8193,98.6945,98.7246,5005
2019-04-21T16:00:00.000Z,98.5998,98.6845,98.5996,98.5996,3875
2019-04-22T16:00:00.000Z,98.5597,98.6945,98.5347,98.6495,4858
2019-04-23T16:00:00.000Z,98.6744,98.6744,98.4396,98.4495,6268
2019-04-24T16:00:00.000Z,98.5093,98.7188,98.4746,98.5595,6253
2019-04-25T16:00:00.000Z,98.5994,98.7343,98.5894,98.7244,3940
2019-04-28T16:00:00.000Z,98.7393,98.7592,98.5694,98.5944,4212
2019-04-29T16:00:00.000Z,98.674,98.8891,98.6641,98.8791,4717
2019-05-05T16:00:00.000Z,99.083,99.0935,98.9586,99.0188,7401
2019-05-06T16:00:00.000Z,98.9758,99.0444,98.9401,98.9893,4218
2019-05-07T16:00:00.000Z,99.0764,99.1334,98.9942,99.0338,6454
2019-05-08T16:00:00.000Z,99.0754,99.1067,99.0187,99.1067,6227
2019-05-09T16:00:00.000Z,99.0228,99.1592,98.9331,99.0921,7839
2019-05-12T16:00:00.000Z,99.1317,99.2562,99.1139,99.2368,6647
2019-05-13T16:00:00.000Z,99.2253,99.2544,99.0737,99.1228,5024
2019-05-14T16:00:00.000Z,99.0724,99.1682,99.0103,99.1482,9786
2019-05-15T16:00:00.000Z,99.1567,99.2202,99.0967,99.1517,7625
2019-05-16T16:00:00.000Z,99.0949,99.1537,99.0448,99.1456,7609
2019-05-19T16:00:00.000Z,99.1099,99.1895,99.0548,99.1127,6815
2019-05-20T16:00:00.000Z,99.1838,99.1838,98.9735,99.0262,8610
2019-05-21T16:00:00.000Z,98.9287,98.9719,98.8873,98.9279,7713
2019-05-22T16:00:00.000Z,98.9829,99.0858,98.9628,99.0707,5865
2019-05-23T16:00:00.000Z,99.0746,99.0919,99.0286,99.0543,4220
2019-05-26T16:00:00.000Z,99.0182,99.0182,98.6642,98.7152,9532
2019-05-27T16:00:00.000Z,98.7085,98.8764,98.6905,98.8309,6340
2019-05-28T16:00:00.000Z,98.9325,99.0685,98.8915,99.0465,6160
2019-05-29T16:00:00.000Z,99.0083,99.1164,98.9835,99.0466,7564
2019-05-30T16:00:00.000Z,99.0618,99.0889,98.925,99.0251,5958
2019-06-02T16:00:00.000Z,99.0641,99.1829,99.0598,99.139,6338
2019-06-03T16:00:00.000Z,99.1649,99.264,99.1281,99.2418,5392
2019-06-04T16:00:00.000Z,99.2111,99.3023,99.1568,99.2978,5547
2019-06-05T16:00:00.000Z,99.351,99.351,99.2229,99.2597,5939
2019-06-09T16:00:00.000Z,99.1968,99.2712,99.1824,99.2301,5296
2019-06-10T16:00:00.000Z,99.1598,99.2129,99.0285,99.0483,6685
2019-06-11T16:00:00.000Z,99.073,99.1422,99.0551,99.0943,7595
2019-06-12T16:00:00.000Z,99.1148,99.2497,99.1148,99.2225,4872
2019-06-13T16:00:00.000Z,99.239,99.3539,99.2248,99.3539,3345
2019-06-16T16:00:00.000Z,99.3724,99.4558,99.3679,99.3836,3680
2019-06-17T16:00:00.000Z,99.3885,99.3929,99.2857,99.3252,4949
2019-06-18T16:00:00.000Z,99.3555,99.3555,99.2513,99.2878,3898
2019-06-19T16:00:00.000Z,99.3649,99.452,99.3025,99.3025,5618
2019-06-20T16:00:00.000Z,99.3127,99.4001,99.2567,99.3616,6883
2019-06-23T16:00:00.000Z,99.3618,99.3708,99.2434,99.2718,4500
2019-06-24T16:00:00.000Z,99.312,99.3958,99.2913,99.3004,5719
2019-06-25T16:00:00.000Z,99.2996,99.3176,99.2306,99.2351,4341
2019-06-26T16:00:00.000Z,99.2348,99.3005,99.1924,99.2108,4616
2019-06-27T16:00:00.000Z,99.1654,99.4145,99.1654,99.3641,7964
2019-06-30T16:00:00.000Z,99.2834,99.4208,99.2364,99.4028,5113
2019-07-01T16:00:00.000Z,99.376,99.6647,99.361,99.6557,8640
2019-07-02T16:00:00.000Z,99.7308,99.7549,99.6593,99.7026,5412
2019-07-03T16:00:00.000Z,99.6496,99.7427,99.6163,99.7382,5055
2019-07-04T16:00:00.000Z,99.725,99.725,99.5917,99.6007,4961
2019-07-07T16:00:00.000Z,99.5647,99.669,99.5179,99.5366,5593
2019-07-08T16:00:00.000Z,99.5366,99.6494,99.5366,99.627,5838
2019-07-09T16:00:00.000Z,99.6363,99.6909,99.5803,99.657,8666
2019-07-10T16:00:00.000Z,99.6802,99.7854,99.6256,99.6359,11016
2019-07-11T16:00:00.000Z,99.6411,99.7073,99.5967,99.7073,5973
2019-07-14T16:00:00.000Z,99.7341,99.831,99.5776,99.5899,10443
2019-07-15T16:00:00.000Z,99.5889,99.6723,99.5844,99.6027,4944
2019-07-16T16:00:00.000Z,99.6267,99.6751,99.6047,99.6466,5744
2019-07-17T16:00:00.000Z,99.6777,99.7705,99.6777,99.7566,6283
2019-07-18T16:00:00.000Z,99.7704,99.7992,99.683,99.7406,4852
2019-07-21T16:00:00.000Z,99.7222,99.8139,99.6819,99.8049,5033
2019-07-22T16:00:00.000Z,99.8131,99.9506,99.7584,99.7928,8972
2019-07-23T16:00:00.000Z,99.7505,99.7505,99.6617,99.6617,5839
2019-07-24T16:00:00.000Z,99.6863,99.7166,99.6689,99.6932,4526
2019-07-25T16:00:00.000Z,99.6882,99.7425,99.6662,99.7251,4377
2019-07-28T16:00:00.000Z,99.7236,99.7363,99.5857,99.5912,8872
2019-07-29T16:00:00.000Z,99.5851,99.6626,99.5311,99.662,7234
2019-07-30T16:00:00.000Z,99.7143,99.8031,99.6973,99.7989,6651
2019-07-31T16:00:00.000Z,99.8315,99.8315,99.7258,99.8039,5362
2019-08-01T16:00:00.000Z,99.9964,100.0193,99.8936,99.9469,7577
2019-08-04T16:00:00.000Z,99.9417,100.1425,99.9088,100.1425,10162
2019-08-05T16:00:00.000Z,100.1971,100.2407,100.0717,100.097,10488
2019-08-06T16:00:00.000Z,100.0607,100.1244,100.0607,100.0937,8220
2019-08-07T16:00:00.000Z,100.077,100.1083,100.053,100.0987,7810
2019-08-08T16:00:00.000Z,100.1096,100.1807,100.0937,100.1498,11321
2019-08-11T16:00:00.000Z,100.1361,100.1546,100.0678,100.1546,9970
2019-08-12T16:00:00.000Z,100.1996,100.2609,100.1996,100.2116,9747
2019-08-13T16:00:00.000Z,100.1818,100.2595,100.1153,100.1776,13442
2019-08-14T16:00:00.000Z,100.2948,100.3884,100.1066,100.1066,10175
2019-08-15T16:00:00.000Z,100.1105,100.1374,100.0025,100.0574,10226
2019-08-18T16:00:00.000Z,100.1111,100.1154,100.0017,100.1154,7836
2019-08-19T16:00:00.000Z,100.0499,100.1272,100.0499,100.0618,5771
2019-08-20T16:00:00.000Z,100.0623,100.0677,99.945,99.9478,5352
2019-08-21T16:00:00.000Z,99.912,100.0287,99.912,100.0036,4852
2019-08-22T16:00:00.000Z,100.018,100.0651,99.941,100.0244,5576
2019-08-25T16:00:00.000Z,100.1428,100.2379,100.0644,100.0644,6607
2019-08-26T16:00:00.000Z,100.0593,100.0893,100.0146,100.0875,6736
2019-08-27T16:00:00.000Z,100.1111,100.1235,100.0368,100.0569,4370
2019-08-28T16:00:00.000Z,100.0347,100.3263,99.978,100.2238,16439
2019-08-29T16:00:00.000Z,100.117,100.1244,99.9595,100.0074,11309
2019-09-01T16:00:00.000Z,100.0166,100.0547,99.9175,99.9276,9874
2019-09-02T16:00:00.000Z,99.9264,99.972,99.885,99.885,6093
2019-09-03T16:00:00.000Z,99.8985,99.9969,99.8841,99.9821,9870
2019-09-04T16:00:00.000Z,100.1508,100.1792,100.0783,100.1276,9476
2019-09-05T16:00:00.000Z,100.1419,100.2712,100.1027,100.1912,11899
2019-09-08T16:00:00.000Z,100.1907,100.1907,100.1066,100.1308,8318
2019-09-09T16:00:00.000Z,100.0774,100.1163,100.0219,100.0219,8660
2019-09-10T16:00:00.000Z,99.9874,100.0542,99.9772,100.0017,7727
2019-09-11T16:00:00.000Z,99.9183,99.9855,99.841,99.841,11319
2019-09-15T16:00:00.000Z,99.7283,99.9395,99.7088,99.8954,9780
2019-09-16T16:00:00.000Z,99.9926,100.0219,99.7953,99.8141,12210
2019-09-17T16:00:00.000Z,99.843,99.8918,99.7199,99.7199,10125
2019-09-18T16:00:00.000Z,99.7342,99.858,99.7342,99.8385,7220
2019-09-19T16:00:00.000Z,99.8431,99.9123,99.7945,99.8927,7532
2019-09-22T16:00:00.000Z,99.892,99.9566,99.8585,99.8634,7982
2019-09-23T16:00:00.000Z,99.9215,99.9701,99.7921,99.8318,8040
2019-09-24T16:00:00.000Z,99.8459,99.9057,99.8017,99.8865,5690
2019-09-25T16:00:00.000Z,99.8758,99.9061,99.7379,99.7475,7844
2019-09-26T16:00:00.000Z,99.7465,99.7898,99.6313,99.6361,6919
2019-09-29T16:00:00.000Z,99.6167,99.7843,99.616,99.7747,5670
2019-10-07T16:00:00.000Z,99.8128,99.8995,99.784,99.8951,5824
2019-10-08T16:00:00.000Z,99.9476,99.9572,99.8401,99.8692,7042
2019-10-09T16:00:00.000Z,99.8547,99.869,99.7612,99.7995,4494
2019-10-10T16:00:00.000Z,99.7325,99.7468,99.6153,99.675,8163
2019-10-13T16:00:00.000Z,99.5266,99.7082,99.5266,99.6833,10901
2019-10-14T16:00:00.000Z,99.6492,99.751,99.6439,99.6939,8197
2019-10-15T16:00:00.000Z,99.7418,99.7658,99.6732,99.6828,7625
2019-10-16T16:00:00.000Z,99.7138,99.7846,99.6996,99.7741,8294
2019-10-17T16:00:00.000Z,99.7716,99.7716,99.6378,99.6473,9774
2019-10-20T16:00:00.000Z,99.6548,99.6548,99.4765,99.5262,10589
2019-10-21T16:00:00.000Z,99.4697,99.5408,99.4697,99.5,7132
2019-10-22T16:00:00.000Z,99.5275,99.5798,99.4816,99.5558,9395
2019-10-23T16:00:00.000Z,99.5406,99.5796,99.5164,99.5653,6959
2019-10-24T16:00:00.000Z,99.5559,99.5971,99.4946,99.4993,9806
2019-10-27T16:00:00.000Z,99.4321,99.4737,99.3596,99.3944,11300
2019-10-28T16:00:00.000Z,99.3788,99.4436,99.3462,99.3802,7285
2019-10-29T16:00:00.000Z,99.3983,99.4029,99.1255,99.1992,13481
2019-10-30T16:00:00.000Z,99.3295,99.3664,99.2269,99.3618,10045
2019-10-31T16:00:00.000Z,99.4431,99.4431,99.3361,99.4072,7467
2019-11-03T16:00:00.000Z,99.3466,99.3715,99.2788,99.345,8356
2019-11-04T16:00:00.000Z,99.2533,99.5447,99.2533,99.5218,14225
2019-11-05T16:00:00.000Z,99.5202,99.5691,99.5022,99.5418,9171
2019-11-06T16:00:00.000Z,99.5078,99.5542,99.4821,99.5359,11138
2019-11-07T16:00:00.000Z,99.4144,99.4879,99.4144,99.4562,10188
2019-11-10T16:00:00.000Z,99.4314,99.5984,99.4181,99.5953,12482
2019-11-11T16:00:00.000Z,99.6287,99.6432,99.5053,99.5139,11250
2019-11-12T16:00:00.000Z,99.5609,99.5736,99.4973,99.569,8577
2019-11-13T16:00:00.000Z,99.5702,99.6109,99.4855,99.5165,17469
2019-11-14T16:00:00.000Z,99.5549,99.5823,99.4723,99.5695,14428
2019-11-17T16:00:00.000Z,99.5599,99.8099,99.5599,99.7563,15753
2019-11-18T16:00:00.000Z,99.8158,99.8487,99.7785,99.8214,11373
2019-11-19T16:00:00.000Z,99.8557,99.8557,99.7518,99.8347,10589
2019-11-20T16:00:00.000Z,99.8898,99.9407,99.8434,99.8837,9163
2019-11-21T16:00:00.000Z,99.757,99.8854,99.748,99.865,10161
2019-11-24T16:00:00.000Z,99.8514,99.8514,99.712,99.732,10547
2019-11-25T16:00:00.000Z,99.7202,99.8025,99.6957,99.8025,8664
2019-11-26T16:00:00.000Z,99.7963,99.8337,99.7641,99.7856,7421
2019-11-27T16:00:00.000Z,99.7898,99.8418,99.7791,99.7978,15640
2019-11-28T16:00:00.000Z,99.6956,99.7813,99.6624,99.7181,7930
2019-12-01T16:00:00.000Z,99.6371,99.6413,99.5499,99.5714,8802
2019-12-02T16:00:00.000Z,99.5829,99.6401,99.5618,99.6359,7505
2019-12-03T16:00:00.000Z,99.7257,99.7288,99.6488,99.7187,8197
2019-12-04T16:00:00.000Z,99.6781,99.7506,99.672,99.7203,5680
2019-12-05T16:00:00.000Z,99.7351,99.7357,99.5819,99.5981,8702
2019-12-08T16:00:00.000Z,99.5804,99.6104,99.5256,99.5888,8656
2019-12-09T16:00:00.000Z,99.5971,99.6988,99.5971,99.6765,10521
2019-12-10T16:00:00.000Z,99.6441,99.7415,99.6221,99.7302,9471
2019-12-11T16:00:00.000Z,99.7123,99.7824,99.7038,99.7663,8623
2019-12-12T16:00:00.000Z,99.6776,99.7432,99.6776,99.6899,7794
2019-12-15T16:00:00.000Z,99.6696,99.6696,99.5867,99.6204,9962
2019-12-16T16:00:00.000Z,99.5872,99.5872,99.4361,99.4855,13493
2019-12-17T16:00:00.000Z,99.476,99.5296,99.4302,99.4613,10732
2019-12-18T16:00:00.000Z,99.4655,99.539,99.4513,99.5343,10526
2019-12-19T16:00:00.000Z,99.5296,99.7229,99.5249,99.7229,13058
2019-12-22T16:00:00.000Z,99.691,99.8152,99.691,99.8104,10248
2019-12-23T16:00:00.000Z,99.8736,99.9129,99.8126,99.8303,12675
2019-12-24T16:00:00.000Z,99.8355,99.9,99.8118,99.9,8987
2019-12-25T16:00:00.000Z,99.8995,99.9932,99.89,99.9555,11271
2019-12-26T16:00:00.000Z,99.9312,99.9596,99.8679,99.9224,10935
2019-12-29T16:00:00.000Z,99.884,99.9314,99.8286,99.9314,10577
2019-12-30T16:00:00.000Z,99.8972,99.9637,99.8768,99.9293,11509
2020-01-01T16:00:00.000Z,99.8995,99.9089,99.7959,99.8377,11854
2020-01-02T16:00:00.000Z,99.8054,99.8431,99.7404,99.7496,12596
2020-01-05T16:00:00.000Z,99.8067,99.9519,99.7737,99.8998,11054
2020-01-06T16:00:00.000Z,99.8808,99.8855,99.8094,99.8329,10491
2020-01-07T16:00:00.000Z,99.833,99.9166,99.8097,99.9013,10430
2020-01-08T16:00:00.000Z,99.8623,100.1109,99.8019,100.0344,17410
2020-01-09T16:00:00.000Z,100.0635,100.2241,100.0252,100.1918,15505
2020-01-12T16:00:00.000Z,100.1563,100.2088,100.1249,100.1487,9857
2020-01-13T16:00:00.000Z,100.1009,100.1149,100.032,100.0967,13429
2020-01-14T16:00:00.000Z,100.1213,100.2153,100.056,100.1376,12978
2020-01-15T16:00:00.000Z,100.1441,100.1497,100.0663,100.0945,10818
2020-01-16T16:00:00.000Z,100.08,100.2548,100.0616,100.2146,15725
2020-01-19T16:00:00.000Z,100.2346,100.4463,100.2346,100.4417,13472
2020-01-20T16:00:00.000Z,100.4525,100.5434,100.4026,100.5085,17247
2020-01-21T16:00:00.000Z,100.5744,100.6295,100.4058,100.4402,12977
2020-01-22T16:00:00.000Z,100.5404,100.702,100.482,100.702,10434
2020-02-02T16:00:00.000Z,101.4372,101.6224,101.2422,101.3525,14748
2020-02-03T16:00:00.000Z,101.3824,101.3824,101.2637,101.2708,9401
2020-02-04T16:00:00.000Z,101.1744,101.3206,101.1424,101.2802,11081
2020-02-05T16:00:00.000Z,101.2378,101.3666,101.221,101.3525,11758
2020-02-06T16:00:00.000Z,101.3856,101.4968,101.3595,101.4926,10990
2020-02-09T16:00:00.000Z,101.5436,101.6037,101.453,101.4831,14628
2020-02-10T16:00:00.000Z,101.4376,101.4492,101.2985,101.3405,17615
2020-02-11T16:00:00.000Z,101.2488,101.416,101.2488,101.3667,18106
2020-02-12T16:00:00.000Z,101.3978,101.4121,101.3026,101.3939,17303
2020-02-13T16:00:00.000Z,101.3656,101.3881,101.1341,101.135,22959
2020-02-16T16:00:00.000Z,101.1972,101.2368,101.0377,101.0508,20332
2020-02-17T16:00:00.000Z,101.1212,101.2142,101.0596,101.1922,18151
2020-02-18T16:00:00.000Z,101.1461,101.1937,101.1301,101.1399,15418
2020-02-19T16:00:00.000Z,101.1107,101.1152,100.9476,101.0016,16600
2020-02-20T16:00:00.000Z,101.0916,101.174,101.061,101.1396,14655
2020-02-23T16:00:00.000Z,101.2385,101.3428,101.1898,101.2719,13761
2020-02-24T16:00:00.000Z,101.2977,101.3178,101.2245,101.2552,11494
2020-02-25T16:00:00.000Z,101.2817,101.3325,101.1913,101.2679,10790
2020-02-26T16:00:00.000Z,101.2935,101.4627,101.2663,101.4049,18271
2020-02-27T16:00:00.000Z,101.4404,101.5621,101.4293,101.5621,14045
2020-03-01T16:00:00.000Z,101.6856,101.6856,101.4341,101.4674,13865
2020-03-02T16:00:00.000Z,101.3643,101.4899,101.3147,101.4236,13433
2020-03-03T16:00:00.000Z,101.5534,101.7395,101.5246,101.7043,13681
2020-03-04T16:00:00.000Z,101.63,101.7698,101.6227,101.7393,10680
2020-03-05T16:00:00.000Z,101.8218,101.9557,101.7723,101.9415,13758
2020-03-08T16:00:00.000Z,102.2489,102.413,102.1279,102.1534,15337
2020-03-09T16:00:00.000Z,101.9938,102.0761,101.6679,101.7133,17463
2020-03-10T16:00:00.000Z,101.6397,101.8882,101.6159,101.8834,12714
2020-03-11T16:00:00.000Z,101.8501,101.9524,101.7776,101.783,11368
2020-03-12T16:00:00.000Z,101.8376,101.8652,101.5552,101.6329,17011
2020-03-15T16:00:00.000Z,101.7698,101.8376,101.5052,101.6387,18214
2020-03-16T16:00:00.000Z,101.5894,101.6184,101.4291,101.4388,14024
2020-03-17T16:00:00.000Z,101.3604,101.7011,101.3604,101.6283,14316
2020-03-18T16:00:00.000Z,101.597,101.6994,101.4353,101.5036,13950
2020-03-19T16:00:00.000Z,101.5183,101.742,101.5157,101.6434,13569
2020-03-22T16:00:00.000Z,101.8064,101.9821,101.7728,101.9485,10225
2020-03-23T16:00:00.000Z,101.9542,102.2073,101.899,102.08,16993
2020-03-24T16:00:00.000Z,102.0115,102.3408,101.9735,102.2015,15432
2020-03-25T16:00:00.000Z,102.2946,102.4938,102.2374,102.3091,18310
2020-03-26T16:00:00.000Z,102.4045,102.4045,102.1474,102.1665,17534
2020-03-29T16:00:00.000Z,102.1328,102.438,102.0995,102.4079,21812
2020-03-30T16:00:00.000Z,102.3272,102.6318,102.2811,102.5736,20770
2020-03-31T16:00:00.000Z,102.732,102.7611,102.4899,102.5996,17805
2020-04-01T16:00:00.000Z,102.4893,102.6177,102.3953,102.4441,17226
2020-04-02T16:00:00.000Z,102.4018,102.5929,102.3193,102.3239,18777
2020-04-06T16:00:00.000Z,102.766,103.5894,102.6332,103.3184,33721
2020-04-07T16:00:00.000Z,103.3059,103.7462,103.3048,103.7442,23045
2020-04-08T16:00:00.000Z,103.6863,103.7053,103.4456,103.629,21391
2020-04-09T16:00:00.000Z,103.5713,103.6426,103.1056,103.3491,29431
2020-04-12T16:00:00.000Z,103.3224,103.5241,103.1079,103.4244,22280
2020-04-13T16:00:00.000Z,103.4523,103.6628,103.4523,103.5584,20075
2020-04-14T16:00:00.000Z,103.6059,103.8566,103.5965,103.7833,21428
2020-04-15T16:00:00.000Z,103.9143,103.9143,103.6821,103.7605,17031
2020-04-16T16:00:00.000Z,103.6944,103.7838,103.5964,103.6156,15346
2020-04-19T16:00:00.000Z,103.7031,103.8474,103.5863,103.6732,20032
2020-04-20T16:00:00.000Z,103.6216,104.0274,103.6216,103.9818,20739
2020-04-21T16:00:00.000Z,104.0229,104.3543,103.9931,104.2962,23719
2020-04-22T16:00:00.000Z,104.2989,104.724,104.2421,104.4419,27702
2020-04-23T16:00:00.000Z,104.4619,104.5412,104.1754,104.4584,32408
2020-04-26T16:00:00.000Z,104.2351,104.4338,104.2207,104.4218,13928
2020-04-27T16:00:00.000Z,104.3937,104.7199,104.3519,104.6594,20690
2020-04-28T16:00:00.000Z,104.672,105.0393,104.6539,105.0352,25493
2020-04-29T16:00:00.000Z,104.9621,104.9621,104.7121,104.8006,22471
2020-05-05T16:00:00.000Z,104.8683,104.9328,104.5376,104.5451,16794
2020-05-06T16:00:00.000Z,104.4631,104.499,103.9539,103.9927,31190
2020-05-07T16:00:00.000Z,104.0038,104.2232,103.6859,104.0078,41152
2020-05-10T16:00:00.000Z,103.9245,103.9793,103.3992,103.5192,37779
2020-05-11T16:00:00.000Z,103.6255,103.8065,103.4319,103.63,32403
2020-05-12T16:00:00.000Z,103.6225,103.8066,103.5948,103.6786,38814
2020-05-13T16:00:00.000Z,103.6261,103.9098,103.4305,103.7543,46209
2020-05-14T16:00:00.000Z,103.7397,103.9865,103.6692,103.8858,43683
2020-05-17T16:00:00.000Z,103.7633,103.7774,103.3505,103.4316,36349
2020-05-18T16:00:00.000Z,103.2709,103.4844,103.0468,103.2348,36500
2020-05-19T16:00:00.000Z,103.171,103.2655,102.971,103.0488,33972
2020-05-20T16:00:00.000Z,103.077,103.331,103.0417,103.0609,27914
2020-05-21T16:00:00.000Z,103.182,103.6668,103.0974,103.6668,36051
2020-05-24T16:00:00.000Z,103.5025,103.5618,103.0977,103.1197,29568
2020-05-25T16:00:00.000Z,103.0862,103.4144,102.5254,102.6854,46530
2020-05-26T16:00:00.000Z,102.6759,102.8472,102.3112,102.4608,48308
2020-05-27T16:00:00.000Z,102.5102,102.7534,102.5102,102.6891,47793
2020-05-28T16:00:00.000Z,102.5732,102.6938,102.469,102.5034,29039
2020-05-31T16:00:00.000Z,102.6711,102.7529,102.3613,102.4374,31741
2020-06-01T16:00:00.000Z,102.3332,102.4155,101.748,101.8196,49662
2020-06-02T16:00:00.000Z,101.7646,102.0336,101.464,101.9531,60651
2020-06-03T16:00:00.000Z,101.8316,102.0644,101.5336,101.6043,39626
2020-06-04T16:00:00.000Z,101.6858,101.7703,101.3531,101.3845,46369
2020-06-07T16:00:00.000Z,101.3395,101.6598,101.2415,101.6364,40891
2020-06-08T16:00:00.000Z,101.5977,101.9211,101.5881,101.6241,35395
2020-06-09T16:00:00.000Z,101.6767,101.844,101.4839,101.5902,37039
2020-06-10T16:00:00.000Z,101.6462,101.7829,101.575,101.7009,30293
2020-06-11T16:00:00.000Z,101.9353,101.9772,101.7848,101.8927,31895
2020-06-14T16:00:00.000Z,101.9738,102.0956,101.8139,101.9663,27861
2020-06-15T16:00:00.000Z,101.6275,101.6943,101.4549,101.4549,29274
2020-06-16T16:00:00.000Z,101.4158,101.4734,101.2853,101.2853,23297
2020-06-17T16:00:00.000Z,101.5141,101.6892,101.1919,101.3717,42855
2020-06-18T16:00:00.000Z,101.4442,101.4442,101.1512,101.355,24421
2020-06-21T16:00:00.000Z,101.3584,101.4338,101.2054,101.2105,20587
2020-06-22T16:00:00.000Z,101.1066,101.3395,100.8967,101.2703,42361
2020-06-23T16:00:00.000Z,101.3055,101.591,101.2761,101.5862,29410
2020-06-28T16:00:00.000Z,101.5435,101.7609,101.4883,101.6028,23036
2020-06-29T16:00:00.000Z,101.474,101.6601,101.447,101.6417,26275
2020-06-30T16:00:00.000Z,101.7791,101.7791,101.5378,101.5875,20285
2020-07-01T16:00:00.000Z,101.6116,101.6914,101.5376,101.6668,16319
2020-07-02T16:00:00.000Z,101.6231,101.6812,101.4679,101.5381,26743
2020-07-05T16:00:00.000Z,101.4147,101.4312,100.4837,100.4855,45346
2020-07-06T16:00:00.000Z,100.1094,100.645,100.1094,100.5954,37076
2020-07-07T16:00:00.000Z,100.561,100.6034,100.1861,100.2822,39127
2020-07-08T16:00:00.000Z,100.1909,100.2873,99.9377,100.1474,45120
2020-07-09T16:00:00.000Z,100.2028,100.4701,100.1793,100.3409,30779
2020-07-12T16:00:00.000Z,100.3539,100.4008,100.0455,100.1015,26743
2020-07-13T16:00:00.000Z,100.2768,100.4671,100.2199,100.2603,29775
2020-07-14T16:00:00.000Z,100.2436,100.6574,100.1672,100.6574,33607
2020-07-15T16:00:00.000Z,100.6376,100.8485,100.5436,100.8303,31689
2020-07-16T16:00:00.000Z,100.8054,100.9561,100.6614,100.7669,29217
2020-07-19T16:00:00.000Z,100.7427,100.8634,100.6816,100.8465,19640
2020-07-20T16:00:00.000Z,101.0472,101.2379,100.9599,101.0629,28503
2020-07-21T16:00:00.000Z,100.9731,101.2904,100.8057,101.2812,31304
2020-07-22T16:00:00.000Z,101.1979,101.2577,101.0445,101.159,23876
2020-07-23T16:00:00.000Z,101.1553,101.4568,101.0829,101.3461,26075
2020-07-26T16:00:00.000Z,101.327,101.3362,101.1121,101.2538,17963
2020-07-27T16:00:00.000Z,101.1489,101.1489,100.9636,101.0058,22553
2020-07-28T16:00:00.000Z,100.9687,101.045,100.8192,100.8851,18192
2020-07-29T16:00:00.000Z,100.806,100.9131,100.8014,100.8495,16449
2020-07-30T16:00:00.000Z,100.8063,100.8148,100.5081,100.6752,23449
2020-08-02T16:00:00.000Z,100.5255,100.9974,100.521,100.8838,20757
2020-08-03T16:00:00.000Z,100.8448,100.9777,100.7136,100.8275,23345
2020-08-04T16:00:00.000Z,100.8172,100.9835,100.4842,100.5263,25709
2020-08-05T16:00:00.000Z,100.4513,100.5479,100.349,100.3995,22844
2020-08-06T16:00:00.000Z,100.3428,100.5635,100.2878,100.3346,30330
2020-08-09T16:00:00.000Z,100.3502,100.5969,100.3061,100.5779,24692
2020-08-10T16:00:00.000Z,100.5362,100.5418,100.3047,100.4732,28158
2020-08-11T16:00:00.000Z,100.4085,100.5003,100.2977,100.4303,31389
2020-08-12T16:00:00.000Z,100.3505,100.5243,100.3115,100.4605,22625
2020-08-13T16:00:00.000Z,100.5033,100.643,100.4293,100.5681,29572
2020-08-16T16:00:00.000Z,100.6182,100.672,100.5553,100.6223,20688
2020-08-17T16:00:00.000Z,100.5712,100.6536,100.4754,100.5171,22494
2020-08-18T16:00:00.000Z,100.4614,100.5029,100.2477,100.2553,22606
2020-08-19T16:00:00.000Z,100.1476,100.2339,100.0418,100.0878,27087
2020-08-20T16:00:00.000Z,100.057,100.2745,100.0112,100.1656,20505
2020-08-23T16:00:00.000Z,100.1397,100.2454,100.0891,100.1099,15717
2020-08-24T16:00:00.000Z,99.9414,100.0568,99.8256,99.9022,27698
2020-08-25T16:00:00.000Z,99.939,100.0563,99.6885,99.6964,18529
2020-08-26T16:00:00.000Z,99.7204,99.803,99.608,99.7068,22053
2020-08-27T16:00:00.000Z,99.6456,99.7273,99.5549,99.7107,33219
2020-08-30T16:00:00.000Z,99.6657,99.8506,99.6559,99.792,17019
2020-08-31T16:00:00.000Z,99.7772,99.8708,99.7168,99.7664,17652
2020-09-01T16:00:00.000Z,99.6682,99.6965,99.427,99.5163,24562
2020-09-02T16:00:00.000Z,99.3316,99.5609,99.2926,99.516,29283
2020-09-03T16:00:00.000Z,99.5405,99.5762,99.3816,99.3964,21172
2020-09-06T16:00:00.000Z,99.2783,99.4363,99.257,99.3769,27874
2020-09-07T16:00:00.000Z,99.426,99.5858,99.426,99.5261,28036
2020-09-08T16:00:00.000Z,99.6444,99.875,99.6001,99.8701,36891
2020-09-09T16:00:00.000Z,99.7961,100.0502,99.7405,99.9308,28732
2020-09-10T16:00:00.000Z,99.8713,99.9251,99.7106,99.7306,22014
2020-09-13T16:00:00.000Z,99.0005,99.7393,99.0005,99.6796,24038
2020-09-14T16:00:00.000Z,99.7533,100.0437,99.7095,99.9547,28770
2020-09-15T16:00:00.000Z,100.0532,100.1791,99.9449,99.9498,28071
2020-09-16T16:00:00.000Z,99.91,100.0685,99.8188,99.8884,26287
2020-09-17T16:00:00.000Z,99.8981,100.0833,99.8687,99.9442,22376
2020-09-20T16:00:00.000Z,100.0225,100.273,99.993,100.1985,25109
2020-09-21T16:00:00.000Z,100.2921,100.3324,100.0987,100.3132,29142
2020-09-22T16:00:00.000Z,100.2786,100.3729,100.1284,100.2532,25316
2020-09-23T16:00:00.000Z,100.3008,100.3417,100.0226,100.1029,27984
2020-09-24T16:00:00.000Z,100.048,100.0712,99.9013,99.916,20729
2020-09-27T16:00:00.000Z,99.881,100.0149,99.8566,99.9902,13870
2020-09-28T16:00:00.000Z,99.9996,100.0045,99.8151,99.8947,16054
2020-09-29T16:00:00.000Z,99.8997,99.9678,99.6055,99.6453,18582
2020-10-08T16:00:00.000Z,99.4716,99.5392,99.4105,99.4267,15708
2020-10-11T16:00:00.000Z,99.3627,99.6048,99.3353,99.5559,18240
2020-10-12T16:00:00.000Z,99.5649,99.6192,99.5092,99.5591,15568
2020-10-13T16:00:00.000Z,99.5496,99.5496,99.38,99.4643,22735
2020-10-14T16:00:00.000Z,99.4011,99.4848,99.2452,99.3194,23765
2020-10-15T16:00:00.000Z,99.2853,99.4386,99.2399,99.4193,19456
2020-10-18T16:00:00.000Z,99.4144,99.6432,99.3944,99.6091,22394
2020-10-19T16:00:00.000Z,99.5698,99.6487,99.4794,99.6381,19243
2020-10-20T16:00:00.000Z,99.6188,99.7437,99.585,99.6932,27224
2020-10-21T16:00:00.000Z,99.7772,99.9316,99.7627,99.9063,24675
2020-10-22T16:00:00.000Z,99.8494,99.9127,99.7937,99.8373,19675
2020-10-25T16:00:00.000Z,99.7699,99.8933,99.7489,99.7685,20881
2020-10-26T16:00:00.000Z,99.7395,99.9233,99.7395,99.8636,19628
2020-10-27T16:00:00.000Z,99.9889,100.0377,99.7745,99.8695,27841
2020-10-28T16:00:00.000Z,99.9266,99.9929,99.7599,99.8041,23276
2020-10-29T16:00:00.000Z,99.8081,99.9185,99.7452,99.8248,20430
2020-11-01T16:00:00.000Z,99.8149,99.9769,99.744,99.9723,21125
2020-11-02T16:00:00.000Z,100.0045,100.057,99.9182,99.982,21575
2020-11-03T16:00:00.000Z,99.9423,99.976,99.8223,99.9501,26126
2020-11-04T16:00:00.000Z,99.9316,99.994,99.7908,99.8242,24030
2020-11-05T16:00:00.000Z,99.704,99.7752,99.637,99.6481,23349
2020-11-08T16:00:00.000Z,99.6398,99.6398,99.5067,99.5467,24790
2020-11-09T16:00:00.000Z,99.4484,99.7364,99.4484,99.6442,30221
2020-11-10T16:00:00.000Z,99.6689,99.7173,99.5867,99.6208,27136
2020-11-11T16:00:00.000Z,99.5946,99.6367,99.5052,99.5274,25578
2020-11-12T16:00:00.000Z,99.4959,99.5163,99.2476,99.331,43272
2020-11-15T16:00:00.000Z,99.4525,99.4902,99.3156,99.3255,31282
2020-11-16T16:00:00.000Z,99.3359,99.3437,99.2511,99.275,25819
2020-11-17T16:00:00.000Z,99.248,99.2585,99.0289,99.0694,32908
2020-11-18T16:00:00.000Z,98.9803,99.082,98.9275,98.9746,30162
2020-11-19T16:00:00.000Z,98.8796,99.1184,98.7878,99.0467,44679
2020-11-22T16:00:00.000Z,99.1774,99.285,99.1538,99.2501,30917
2020-11-23T16:00:00.000Z,99.2211,99.2976,99.1237,99.1438,28944
2020-11-24T16:00:00.000Z,99.1246,99.3701,99.1214,99.3096,30786
2020-11-25T16:00:00.000Z,99.3404,99.408,99.2631,99.2842,23221
2020-11-26T16:00:00.000Z,99.3304,99.3835,99.1729,99.1767,33897
2020-11-29T16:00:00.000Z,99.3892,99.6667,99.3372,99.6468,32094
2020-11-30T16:00:00.000Z,99.6422,99.6422,99.4555,99.4887,21901
2020-12-01T16:00:00.000Z,99.4173,99.4316,99.286,99.3531,23411
2020-12-02T16:00:00.000Z,99.3482,99.3916,99.2018,99.2885,20538
2020-12-03T16:00:00.000Z,99.327,99.424,99.2789,99.4048,17366
2020-12-06T16:00:00.000Z,99.3764,99.3764,99.2204,99.2886,22225
2020-12-07T16:00:00.000Z,99.3469,99.4841,99.3469,99.4447,21424
2020-12-08T16:00:00.000Z,99.4989,99.5045,99.3378,99.4127,24857
2020-12-09T16:00:00.000Z,99.4523,99.5745,99.4474,99.4793,25219
2020-12-10T16:00:00.000Z,99.4497,99.4547,99.291,99.3255,31054
2020-12-13T16:00:00.000Z,99.2945,99.3742,99.2543,99.3193,17083
2020-12-14T16:00:00.000Z,99.4977,99.5739,99.4243,99.489,25887
2020-12-15T16:00:00.000Z,99.4988,99.6136,99.4741,99.5587,20707
2020-12-16T16:00:00.000Z,99.5537,99.5787,99.384,99.414,23358
2020-12-17T16:00:00.000Z,99.3496,99.4339,99.2692,99.3039,22995
2020-12-20T16:00:00.000Z,99.4079,99.5638,99.4079,99.5389,18901
2020-12-21T16:00:00.000Z,99.6586,99.7835,99.6189,99.7138,26239
2020-12-22T16:00:00.000Z,99.7534,99.8237,99.684,99.7889,22368
2020-12-23T16:00:00.000Z,99.779,99.7889,99.604,99.6689,22493
2020-12-24T16:00:00.000Z,99.6984,99.8285,99.6091,99.8285,18607
2020-12-27T16:00:00.000Z,99.8828,99.9185,99.7491,99.7588,17940
2020-12-28T16:00:00.000Z,99.8033,99.8837,99.764,99.8392,18884
2020-12-29T16:00:00.000Z,99.8391,99.9887,99.8045,99.9791,21124
2020-12-30T16:00:00.000Z,100.0683,100.0683,99.7745,99.8145,22326
2021-01-03T16:00:00.000Z,99.7997,99.839,99.7138,99.754,18589
2021-01-04T16:00:00.000Z,99.7834,99.9185,99.719,99.8787,17608
2021-01-05T16:00:00.000Z,99.9082,100.0037,99.8193,99.9043,20969
2021-01-06T16:00:00.000Z,99.9843,100.0391,99.9048,99.9347,23681
2021-01-07T16:00:00.000Z,99.9396,99.9787,99.769,99.8588,24196
2021-01-10T16:00:00.000Z,99.8195,99.8293,99.6676,99.8081,23879
2021-01-11T16:00:00.000Z,99.769,99.9677,99.7642,99.9677,22355
2021-01-12T16:00:00.000Z,99.919,100.1072,99.8884,100.0822,31607
2021-01-13T16:00:00.000Z,100.1888,100.4015,100.0067,100.072,39151
2021-01-14T16:00:00.000Z,100.0185,100.1401,99.832,99.8472,35671
2021-01-17T16:00:00.000Z,99.7282,99.7916,99.6481,99.7363,27591
2021-01-18T16:00:00.000Z,99.7453,99.8157,99.7022,99.761,19666
2021-01-19T16:00:00.000Z,99.8599,99.9108,99.7611,99.8901,21070
2021-01-20T16:00:00.000Z,99.9038,100.0383,99.8743,100.0281,24329
2021-01-21T16:00:00.000Z,99.966,100.0873,99.8582,100.0779,27458
2021-01-24T16:00:00.000Z,100.0062,100.0778,99.9104,100.0032,23876
2021-01-25T16:00:00.000Z,99.8296,99.8689,99.6589,99.7015,35816
2021-01-26T16:00:00.000Z,99.6756,99.8051,99.5925,99.7707,33003
2021-01-27T16:00:00.000Z,99.7337,99.7337,99.5361,99.5461,31270
2021-01-28T16:00:00.000Z,99.5903,99.6783,99.3197,99.5741,51271
2021-01-31T16:00:00.000Z,99.6156,99.7285,99.571,99.6632,26232
2021-02-01T16:00:00.000Z,99.6753,99.7287,99.6243,99.636,25633
2021-02-02T16:00:00.000Z,99.5564,99.5826,99.3562,99.395,38589
2021-02-03T16:00:00.000Z,99.3678,99.4384,99.2371,99.2944,41686
2021-02-04T16:00:00.000Z,99.2663,99.4028,99.2213,99.2729,37521
2021-02-07T16:00:00.000Z,99.2961,99.3149,99.1389,99.2616,33733
2021-02-08T16:00:00.000Z,99.2491,99.3895,99.2491,99.3366,30040
2021-02-09T16:00:00.000Z,99.2858,99.3058,99.1482,99.1985,23360
2021-02-17T16:00:00.000Z,99.0169,99.1294,98.9227,99.0366,33761
2021-02-18T16:00:00.000Z,99.0977,99.2591,99.0977,99.2305,27815
2021-02-21T16:00:00.000Z,99.1396,99.3216,99.1222,99.3216,30568
2021-02-22T16:00:00.000Z,99.2709,99.3996,99.2387,99.34,28898
2021-02-23T16:00:00.000Z,99.4216,99.4884,99.3776,99.3812,27418
2021-02-24T16:00:00.000Z,99.3377,99.3722,99.2585,99.3579,37088
2021-02-25T16:00:00.000Z,99.3003,99.3351,99.1458,99.1607,19238
2021-02-28T16:00:00.000Z,99.2147,99.3094,99.2103,99.2601,20178
2021-03-01T16:00:00.000Z,99.2996,99.355,99.1904,99.27,22227
2021-03-02T16:00:00.000Z,99.2747,99.3741,99.1603,99.2248,23834
2021-03-03T16:00:00.000Z,99.1897,99.2193,99.1051,99.1492,19730
2021-03-04T16:00:00.000Z,99.0603,99.3592,99.0603,99.3541,30058
2021-03-07T16:00:00.000Z,99.2796,99.4383,99.2247,99.4036,24119
2021-03-08T16:00:00.000Z,99.3638,99.4232,99.2143,99.3139,24955
2021-03-09T16:00:00.000Z,99.314,99.4285,99.2293,99.3786,26002
2021-03-10T16:00:00.000Z,99.3775,99.3975,99.2578,99.2877,21860
2021-03-11T16:00:00.000Z,99.2828,99.3426,99.2127,99.2325,20600
2021-03-14T16:00:00.000Z,99.2224,99.2323,99.0975,99.1423,22176
2021-03-15T16:00:00.000Z,99.162,99.262,99.1573,99.1769,20606
2021-03-16T16:00:00.000Z,99.2406,99.3163,99.2264,99.2465,20174
2021-03-17T16:00:00.000Z,99.2464,99.2513,99.1514,99.1867,17248
2021-03-18T16:00:00.000Z,99.2309,99.401,99.2259,99.361,22886
2021-03-21T16:00:00.000Z,99.4889,99.5054,99.3711,99.4255,16622
2021-03-22T16:00:00.000Z,99.4203,99.4905,99.4006,99.4505,15518
2021-03-23T16:00:00.000Z,99.5737,99.6255,99.5361,99.5905,18896
2021-03-24T16:00:00.000Z,99.5802,99.6351,99.5402,99.6252,15986
2021-03-25T16:00:00.000Z,99.5858,99.5956,99.5351,99.5354,15918
2021-03-28T16:00:00.000Z,99.5137,99.5595,99.4503,99.5201,16235
2021-03-29T16:00:00.000Z,99.5739,99.6295,99.4397,99.4399,17579
2021-03-30T16:00:00.000Z,99.458,99.5972,99.4531,99.5722,16377
2021-03-31T16:00:00.000Z,99.5723,99.5925,99.4875,99.5229,17647
2021-04-01T16:00:00.000Z,99.5329,99.6423,99.5277,99.543,19180
2021-04-05T16:00:00.000Z,99.5426,99.5426,99.4425,99.4924,15029
2021-04-06T16:00:00.000Z,99.4626,99.502,99.3479,99.3579,25169
2021-04-07T16:00:00.000Z,99.3911,99.412,99.3022,99.3268,16606
2021-04-08T16:00:00.000Z,99.3908,99.4512,99.3568,99.3908,17204
2021-04-11T16:00:00.000Z,99.4152,99.5599,99.4152,99.5501,19807
2021-04-12T16:00:00.000Z,99.6704,99.833,99.6704,99.8133,28832
2021-04-13T16:00:00.000Z,99.7633,99.8125,99.7431,99.8071,19930
2021-04-14T16:00:00.000Z,99.8103,99.8209,99.7319,99.7469,13465
2021-04-15T16:00:00.000Z,99.7174,99.7909,99.7013,99.7757,18582
2021-04-18T16:00:00.000Z,99.7599,99.8686,99.6905,99.8142,22819
2021-04-19T16:00:00.000Z,99.8576,99.8738,99.8241,99.8489,16455
2021-04-20T16:00:00.000Z,99.8529,99.9423,99.834,99.9226,23814
2021-04-21T16:00:00.000Z,99.8827,99.9067,99.8178,99.8764,18811
2021-04-22T16:00:00.000Z,99.8704,99.9345,99.8357,99.8895,17329
2021-04-25T16:00:00.000Z,99.765,99.7872,99.6935,99.7566,29656
2021-04-26T16:00:00.000Z,99.7607,99.8587,99.7099,99.7255,23468
2021-04-27T16:00:00.000Z,99.784,99.8401,99.7488,99.7968,24951
2021-04-28T16:00:00.000Z,99.8249,99.8953,99.7484,99.8099,20864
2021-04-29T16:00:00.000Z,99.84,99.9914,99.7858,99.9761,23919
2021-05-05T16:00:00.000Z,99.9951,100.0571,99.9286,100.0233,20966
2021-05-06T16:00:00.000Z,100.0226,100.0856,99.9607,100.0042,21325
2021-05-09T16:00:00.000Z,99.9656,100.0895,99.9451,100.0604,26511
2021-05-10T16:00:00.000Z,100.0919,100.2223,100.0621,100.1944,35023
2021-05-11T16:00:00.000Z,100.2059,100.2346,100.0688,100.1078,33748
2021-05-12T16:00:00.000Z,100.0055,100.0442,99.9073,100.0442,34431
2021-05-13T16:00:00.000Z,99.9989,100.0774,99.9725,100.0412,27155
2021-05-16T16:00:00.000Z,100.0188,100.0634,99.9302,99.9661,29073
2021-05-17T16:00:00.000Z,99.9381,99.9873,99.8985,99.9497,33047
2021-05-18T16:00:00.000Z,99.945,100.0963,99.945,100.0914,37091
2021-05-19T16:00:00.000Z,100.1061,100.2216,100.059,100.2216,52908
2021-05-20T16:00:00.000Z,100.1722,100.2788,100.1132,100.272,38235
2021-05-23T16:00:00.000Z,100.2145,100.2776,100.1151,100.1549,31526
2021-05-24T16:00:00.000Z,100.1044,100.1652,100.0527,100.1629,21077
2021-05-25T16:00:00.000Z,100.1429,100.2642,100.1429,100.1848,22096
2021-05-26T16:00:00.000Z,100.1414,100.1649,100.0887,100.098,19263
2021-05-27T16:00:00.000Z,100.07,100.0906,99.9945,100.037,31330
2021-05-30T16:00:00.000Z,99.9033,100.0339,99.8164,100.0154,18464
2021-05-31T16:00:00.000Z,100.0342,100.1133,100.0257,100.0364,15715
2021-06-01T16:00:00.000Z,100.0314,100.0898,99.8958,99.9061,31842
2021-06-02T16:00:00.000Z,99.9395,99.9937,99.9005,99.9739,19076
2021-06-03T16:00:00.000Z,99.969,99.9884,99.7917,99.8015,25395
2021-06-06T16:00:00.000Z,99.7095,99.7961,99.6711,99.6808,25745
2021-06-07T16:00:00.000Z,99.6992,99.7738,99.68,99.7044,20311
2021-06-08T16:00:00.000Z,99.7042,99.7338,99.6601,99.6898,22522
2021-06-09T16:00:00.000Z,99.7576,99.8177,99.7492,99.7647,19587
2021-06-10T16:00:00.000Z,99.7452,99.7791,99.6412,99.6608,20405
2021-06-14T16:00:00.000Z,99.5957,99.7346,99.5797,99.695,21498
2021-06-15T16:00:00.000Z,99.6943,99.7585,99.6639,99.7036,17213
2021-06-16T16:00:00.000Z,99.6448,99.7236,99.6341,99.6343,21485
2021-06-17T16:00:00.000Z,99.639,99.8231,99.639,99.7884,27432
2021-06-20T16:00:00.000Z,99.8817,99.9685,99.8336,99.9685,20776
2021-06-21T16:00:00.000Z,99.9132,99.983,99.8834,99.9681,16141
2021-06-22T16:00:00.000Z,99.9725,100.0373,99.9585,100.0125,16177
2021-06-23T16:00:00.000Z,100.0658,100.1365,100.0069,100.0317,18877
2021-06-24T16:00:00.000Z,100.0168,100.0764,99.992,100.0418,14097
2021-06-27T16:00:00.000Z,100.0904,100.1309,99.9374,99.9568,20526
2021-06-28T16:00:00.000Z,99.961,100.046,99.9561,100.0405,15971
2021-06-29T16:00:00.000Z,100.0647,100.1255,100.0109,100.1161,16803
2021-06-30T16:00:00.000Z,100.129,100.164,100.0194,100.0243,18755
2021-07-01T16:00:00.000Z,100.0425,100.1076,100.0425,100.0619,14643
2021-07-04T16:00:00.000Z,100.1003,100.1274,100.0427,100.0727,13553
2021-07-05T16:00:00.000Z,100.0622,100.1069,100.0119,100.0265,18036
2021-07-06T16:00:00.000Z,100.0635,100.2447,100.0202,100.2192,27288
2021-07-07T16:00:00.000Z,100.5195,100.5195,100.3505,100.4296,26013
2021-07-08T16:00:00.000Z,100.3999,100.4426,100.2752,100.3591,25196
2021-07-11T16:00:00.000Z,100.4801,100.6991,100.4417,100.6458,31885
2021-07-12T16:00:00.000Z,100.6759,100.7505,100.6659,100.7016,20446
2021-07-13T16:00:00.000Z,100.7651,100.9093,100.7157,100.7969,29065
2021-07-14T16:00:00.000Z,100.7229,100.7656,100.6202,100.6349,23324
2021-07-15T16:00:00.000Z,100.6575,100.7576,100.6381,100.7336,15410
2021-07-18T16:00:00.000Z,100.7328,100.7706,100.6832,100.7412,13941
2021-07-19T16:00:00.000Z,100.8483,100.8979,100.7658,100.8264,21952
2021-07-20T16:00:00.000Z,100.8235,100.9307,100.7928,100.9214,18944
2021-07-21T16:00:00.000Z,100.9024,100.9024,100.8057,100.8552,17522
2021-07-22T16:00:00.000Z,100.8582,101.0021,100.8582,100.9885,20157
2021-07-25T16:00:00.000Z,101.0744,101.147,101.0295,101.09,22015
2021-07-26T16:00:00.000Z,101.0393,101.1178,100.7176,100.8077,34210
2021-07-27T16:00:00.000Z,100.8459,100.9771,100.8212,100.828,22599
2021-07-28T16:00:00.000Z,100.8924,100.9822,100.8878,100.9295,18344
2021-07-29T16:00:00.000Z,101.0029,101.2011,101.0029,101.2011,25045
2021-08-01T16:00:00.000Z,101.4251,101.4251,101.2086,101.2981,28128
2021-08-02T16:00:00.000Z,101.2999,101.2999,101.1506,101.2135,16367
2021-08-03T16:00:00.000Z,101.1739,101.1887,101.1007,101.1675,19228
2021-08-04T16:00:00.000Z,101.2238,101.2975,101.1808,101.2925,17837
2021-08-05T16:00:00.000Z,101.2356,101.265,101.201,101.2409,20497
2021-08-08T16:00:00.000Z,101.1433,101.1433,100.8672,100.9068,35728
2021-08-09T16:00:00.000Z,100.7987,100.9893,100.7666,100.9093,27486
2021-08-10T16:00:00.000Z,100.8725,100.9193,100.8209,100.8556,28969
2021-08-11T16:00:00.000Z,100.8696,100.9874,100.8666,100.9525,23336
2021-08-12T16:00:00.000Z,100.9727,100.9797,100.8431,100.9079,22129
2021-08-15T16:00:00.000Z,100.9436,100.9698,100.8229,100.8528,32624
2021-08-16T16:00:00.000Z,100.827,100.9575,100.8104,100.9257,38269
2021-08-17T16:00:00.000Z,100.8955,101.1367,100.8576,101.1174,42265
2021-08-18T16:00:00.000Z,101.1626,101.1792,101.0413,101.1278,35077
2021-08-19T16:00:00.000Z,101.1335,101.1435,101.0138,101.0529,25366
2021-08-22T16:00:00.000Z,101.0268,101.0539,100.9403,100.971,21474
2021-08-23T16:00:00.000Z,100.9525,101.034,100.9133,101.0301,19840
2021-08-24T16:00:00.000Z,101.0222,101.1721,101.0222,101.1109,23032
2021-08-25T16:00:00.000Z,101.041,101.0446,100.9331,100.9431,22973
2021-08-26T16:00:00.000Z,100.9761,101.0774,100.9761,101.0686,19793
2021-08-29T16:00:00.000Z,101.0572,101.1875,100.9887,101.165,40353
2021-08-30T16:00:00.000Z,101.1469,101.1992,101.0754,101.1186,19826
2021-08-31T16:00:00.000Z,101.1512,101.3684,101.1417,101.3446,25657
2021-09-01T16:00:00.000Z,101.3299,101.344,101.2537,101.266,21566
2021-09-02T16:00:00.000Z,101.256,101.2989,101.22,101.22,17364
2021-09-05T16:00:00.000Z,101.2386,101.305,101.1725,101.187,21375
2021-09-06T16:00:00.000Z,101.1868,101.2103,101.063,101.063,22546
2021-09-07T16:00:00.000Z,101.0805,101.1332,101.0232,101.0566,25083
2021-09-08T16:00:00.000Z,101.056,101.1133,101.018,101.0229,20353
2021-09-09T16:00:00.000Z,101.0384,101.0725,100.8928,101.0435,30776
2021-09-12T16:00:00.000Z,101.0614,101.0765,100.8018,100.8115,24529
2021-09-13T16:00:00.000Z,100.7913,100.8709,100.7663,100.8409,26631
2021-09-14T16:00:00.000Z,100.9139,100.9748,100.7557,100.7906,26579
2021-09-15T16:00:00.000Z,100.7857,100.8553,100.7606,100.8405,20019
2021-09-16T16:00:00.000Z,100.9338,100.9753,100.8705,100.9507,16804
2021-09-21T16:00:00.000Z,101.0585,101.1049,101.0351,101.0951,19686
2021-09-22T16:00:00.000Z,101.0557,101.2044,101.0299,101.1646,23363
2021-09-23T16:00:00.000Z,101.1254,101.1645,101.0551,101.0849,20435
2021-09-26T16:00:00.000Z,101.0899,101.1398,101.0004,101.0353,23689
2021-09-27T16:00:00.000Z,101.0205,101.0497,100.9451,100.9553,24225
2021-09-28T16:00:00.000Z,100.9549,101.109,100.9451,101.0891,19564
2021-09-29T16:00:00.000Z,101.1137,101.1641,100.9997,101.0645,19274
2021-10-07T16:00:00.000Z,101.0105,101.0301,100.8893,100.8893,22595
2021-10-10T16:00:00.000Z,100.8253,100.8684,100.6687,100.6687,29600
2021-10-11T16:00:00.000Z,100.713,100.7678,100.6536,100.7334,22258
2021-10-12T16:00:00.000Z,100.7479,100.7875,100.6281,100.6833,24686
2021-10-13T16:00:00.000Z,100.7222,100.778,100.6528,100.6727,19134
2021-10-14T16:00:00.000Z,100.6138,100.7866,100.5723,100.6516,24829
2021-10-17T16:00:00.000Z,100.4128,100.4615,100.343,100.3624,26182
2021-10-18T16:00:00.000Z,100.342,100.496,100.3218,100.4863,31067
2021-10-19T16:00:00.000Z,100.5745,100.5847,100.4559,100.4799,26150
2021-10-20T16:00:00.000Z,100.5499,100.6524,100.5308,100.6524,19250
2021-10-21T16:00:00.000Z,100.6228,100.692,100.5772,100.5874,22344
2021-10-24T16:00:00.000Z,100.6285,100.6602,100.5424,100.615,19203
2021-10-25T16:00:00.000Z,100.622,100.7022,100.5941,100.6522,20658
2021-10-26T16:00:00.000Z,100.6603,100.7105,100.612,100.6307,23199
2021-10-27T16:00:00.000Z,100.6309,100.7124,100.5841,100.6736,31391
2021-10-28T16:00:00.000Z,100.6833,100.7248,100.5612,100.6099,28324
2021-10-31T16:00:00.000Z,100.6343,100.785,100.6343,100.7711,28957
2021-11-01T16:00:00.000Z,100.7701,100.9197,100.7197,100.8802,30612
2021-11-02T16:00:00.000Z,100.8978,100.96,100.8313,100.8568,28084
2021-11-03T16:00:00.000Z,100.8683,100.9345,100.8507,100.9133,22661
2021-11-04T16:00:00.000Z,101.0753,101.1676,101.045,101.1583,37577
2021-11-07T16:00:00.000Z,101.1618,101.2295,101.0588,101.1152,35351
2021-11-08T16:00:00.000Z,101.0663,101.1239,100.9941,101.1021,33160
2021-11-09T16:00:00.000Z,101.1086,101.1524,101.0451,101.0675,30469
2021-11-10T16:00:00.000Z,101.0018,101.0344,100.9431,100.968,37373
2021-11-11T16:00:00.000Z,100.952,101.0252,100.9353,100.9537,27742
2021-11-14T16:00:00.000Z,100.9552,101.0919,100.9161,101.077,33958
2021-11-15T16:00:00.000Z,101.0786,101.1246,101.0027,101.0797,31531
2021-11-16T16:00:00.000Z,101.0537,101.0537,100.9825,101.0097,38708
2021-11-17T16:00:00.000Z,101.0042,101.0743,101.0042,101.0568,44344
2021-11-18T16:00:00.000Z,101.046,101.0908,100.8712,100.8941,53812
2021-11-21T16:00:00.000Z,100.9641,101.088,100.9641,101.076,38451
2021-11-22T16:00:00.000Z,101.0366,101.0398,100.9465,101.015,35646
2021-11-23T16:00:00.000Z,101.0525,101.2022,101.0264,101.1865,29605
2021-11-24T16:00:00.000Z,101.16,101.2032,101.1333,101.1733,18494
2021-11-25T16:00:00.000Z,101.2465,101.3426,101.2426,101.314,18773
2021-11-28T16:00:00.000Z,101.3332,101.3332,101.2162,101.2691,36720
2021-11-29T16:00:00.000Z,101.1997,101.2367,101.1137,101.2127,23167
2021-11-30T16:00:00.000Z,101.1751,101.2031,101.0961,101.1197,19584
2021-12-01T16:00:00.000Z,101.1237,101.1571,100.9414,101.0026,26018
2021-12-02T16:00:00.000Z,100.9932,101.026,100.9029,100.9262,24142
2021-12-05T16:00:00.000Z,101.1767,101.2669,101.1482,101.2122,27213
2021-12-06T16:00:00.000Z,101.1981,101.2167,101.0409,101.0646,33049
2021-12-07T16:00:00.000Z,101.0366,101.0934,100.9701,101.008,21494
2021-12-08T16:00:00.000Z,100.9983,101.1385,100.9554,101.0685,24839
2021-12-09T16:00:00.000Z,101.1195,101.1773,101.1009,101.1483,19747
2021-12-12T16:00:00.000Z,101.1135,101.2032,101.0583,101.1682,29951
2021-12-13T16:00:00.000Z,101.2079,101.3531,101.2079,101.2687,29949
2021-12-14T16:00:00.000Z,101.2192,101.3483,101.1895,101.3334,21888
2021-12-15T16:00:00.000Z,101.2888,101.3082,101.2084,101.2633,23648
2021-12-16T16:00:00.000Z,101.2778,101.3779,101.2331,101.263,28202
2021-12-19T16:00:00.000Z,101.2283,101.2731,101.0983,101.2032,25862
2021-12-20T16:00:00.000Z,101.1732,101.2376,101.1229,101.2327,25434
2021-12-21T16:00:00.000Z,101.2076,101.3726,101.1931,101.3676,29588
2021-12-22T16:00:00.000Z,101.3973,101.4876,101.3679,101.4826,24923
2021-12-23T16:00:00.000Z,101.4627,101.5221,101.3977,101.3977,21420
2021-12-26T16:00:00.000Z,101.4665,101.5823,101.4174,101.4673,29434
2021-12-27T16:00:00.000Z,101.5313,101.5362,101.4176,101.4825,23115
2021-12-28T16:00:00.000Z,101.5321,101.5971,101.5076,101.5922,20874
2021-12-29T16:00:00.000Z,101.5764,101.7617,101.5472,101.7567,24267
2021-12-30T16:00:00.000Z,101.6713,101.7658,101.6317,101.7063,21817
2022-01-03T16:00:00.000Z,101.6457,101.7107,101.5716,101.7107,24665
2022-01-04T16:00:00.000Z,101.686,101.7153,101.5957,101.6157,26345
2022-01-05T16:00:00.000Z,101.5175,101.5499,101.4652,101.4853,29552
2022-01-06T16:00:00.000Z,101.4653,101.5288,101.4297,101.4845,27468
2022-01-09T16:00:00.000Z,101.5525,101.6291,101.5249,101.6043,23229
2022-01-10T16:00:00.000Z,101.5888,101.7222,101.5538,101.6827,29826
2022-01-11T16:00:00.000Z,101.7,101.7649,101.6597,101.6645,26917
2022-01-12T16:00:00.000Z,101.64,101.7282,101.6236,101.6686,25462
2022-01-13T16:00:00.000Z,101.6967,101.7425,101.612,101.6514,32309
2022-01-16T16:00:00.000Z,101.8492,101.8773,101.7292,101.7847,44074
2022-01-17T16:00:00.000Z,101.8291,102.1532,101.8291,102.1338,40337
2022-01-18T16:00:00.000Z,102.2859,102.3614,102.2252,102.2485,47170
2022-01-19T16:00:00.000Z,102.2814,102.3121,102.2219,102.2819,33418
2022-01-20T16:00:00.000Z,102.3151,102.4932,102.2893,102.4781,32649
2022-01-23T16:00:00.000Z,102.5587,102.6751,102.518,102.5929,41392
2022-01-24T16:00:00.000Z,102.5791,102.5791,102.4321,102.4757,49128
2022-01-25T16:00:00.000Z,102.3798,102.4049,102.2303,102.2809,51490
2022-01-26T16:00:00.000Z,102.2212,102.3432,102.1606,102.2066,45105
2022-01-27T16:00:00.000Z,102.2374,102.4966,102.2374,102.4916,45296
2022-02-06T16:00:00.000Z,102.3133,102.4054,102.1677,102.3307,42268
2022-02-07T16:00:00.000Z,102.3519,102.4404,102.2984,102.3193,44187
2022-02-08T16:00:00.000Z,102.2296,102.2656,102.1825,102.1992,44383
2022-02-09T16:00:00.000Z,102.2164,102.2683,102.1736,102.1814,37519
2022-02-10T16:00:00.000Z,101.8798,101.9411,101.6999,101.8041,86236
2022-02-13T16:00:00.000Z,101.8564,101.8689,101.702,101.7045,49370
2022-02-14T16:00:00.000Z,101.7046,101.8008,101.6792,101.7133,62829
2022-02-15T16:00:00.000Z,101.7171,101.7744,101.6175,101.7135,60078
2022-02-16T16:00:00.000Z,101.7747,101.816,101.7088,101.7414,45588
2022-02-17T16:00:00.000Z,101.6973,101.774,101.5739,101.5922,42223
2022-02-20T16:00:00.000Z,101.5127,101.587,101.2976,101.3175,54452
2022-02-21T16:00:00.000Z,101.3283,101.3701,101.1655,101.2309,57858
2022-02-22T16:00:00.000Z,101.3234,101.4344,101.3234,101.404,38987
2022-02-23T16:00:00.000Z,101.4958,101.5328,101.4192,101.448,41855
2022-02-24T16:00:00.000Z,101.4158,101.5273,101.382,101.5083,46068
2022-02-27T16:00:00.000Z,101.5182,101.5593,101.4773,101.4923,31042
2022-02-28T16:00:00.000Z,101.5218,101.5361,101.3291,101.3624,35501
2022-03-01T16:00:00.000Z,101.2806,101.3528,101.2559,101.2887,31570
2022-03-02T16:00:00.000Z,101.2305,101.273,101.0409,101.0584,60698
2022-03-03T16:00:00.000Z,101.0761,101.2426,101.0647,101.2005,51150
2022-03-06T16:00:00.000Z,101.1435,101.4058,101.1192,101.3427,55110
2022-03-07T16:00:00.000Z,101.3846,101.49,101.3375,101.4558,45569
2022-03-08T16:00:00.000Z,101.3039,101.3725,101.1783,101.3093,63499
2022-03-09T16:00:00.000Z,101.3584,101.4088,101.2325,101.2477,38734
2022-03-10T16:00:00.000Z,101.2473,101.7234,101.1108,101.6496,78476
2022-03-13T16:00:00.000Z,101.9311,101.9583,101.7794,101.859,58859
2022-03-14T16:00:00.000Z,101.602,101.7792,101.3492,101.4438,80058
2022-03-15T16:00:00.000Z,101.3854,101.6858,101.2233,101.4928,70423
2022-03-16T16:00:00.000Z,101.5645,101.5769,101.4336,101.572,34430
2022-03-17T16:00:00.000Z,101.6139,101.7553,101.566,101.7012,31700
2022-03-20T16:00:00.000Z,101.6195,101.6312,101.5119,101.5319,23431
2022-03-21T16:00:00.000Z,101.4057,101.4159,101.3217,101.3367,34853
2022-03-22T16:00:00.000Z,101.3699,101.5242,101.3565,101.4091,32749
2022-03-23T16:00:00.000Z,101.3723,101.5147,101.3239,101.51,30103
2022-03-24T16:00:00.000Z,101.5,101.5874,101.4642,101.5697,30649
2022-03-27T16:00:00.000Z,101.6326,101.6726,101.4889,101.5327,28573
2022-03-28T16:00:00.000Z,101.5332,101.5793,101.471,101.5053,26790
2022-03-29T16:00:00.000Z,101.5792,101.7195,101.5372,101.6696,37738
2022-03-30T16:00:00.000Z,101.6231,101.6734,101.5255,101.5591,28801
2022-03-31T16:00:00.000Z,101.5818,101.7233,101.5818,101.6738,29856
2022-04-05T16:00:00.000Z,101.7022,101.7911,101.6653,101.7485,28461
2022-04-06T16:00:00.000Z,101.8005,101.9171,101.7585,101.8622,28635
2022-04-07T16:00:00.000Z,101.869,101.908,101.7346,101.7943,32699
2022-04-10T16:00:00.000Z,101.8075,101.819,101.6136,101.6423,31331
2022-04-11T16:00:00.000Z,101.6659,101.9898,101.5285,101.5842,51938
2022-04-12T16:00:00.000Z,101.6348,101.7317,101.6255,101.706,30405
2022-04-13T16:00:00.000Z,101.7875,101.8565,101.7372,101.7614,38678
2022-04-14T16:00:00.000Z,101.7271,101.92,101.7075,101.7924,45279
2022-04-17T16:00:00.000Z,101.6387,101.6433,101.5134,101.5322,46112
2022-04-18T16:00:00.000Z,101.5781,101.6207,101.4522,101.4867,34558
2022-04-19T16:00:00.000Z,101.4633,101.4858,101.3269,101.4007,58202
2022-04-20T16:00:00.000Z,101.4268,101.4719,101.3888,101.4524,27883
2022-04-21T16:00:00.000Z,101.4417,101.4509,101.2761,101.3155,36978
2022-04-24T16:00:00.000Z,101.3827,101.4792,101.351,101.4237,32656
2022-04-25T16:00:00.000Z,101.4362,101.4419,101.3429,101.3774,27580
2022-04-26T16:00:00.000Z,101.3213,101.3612,101.2768,101.3036,31219
2022-04-27T16:00:00.000Z,101.2691,101.2899,101.1973,101.2499,32358
2022-04-28T16:00:00.000Z,101.2795,101.4284,101.2795,101.4071,37550
2022-05-04T16:00:00.000Z,101.3957,101.4887,101.3789,101.4614,27844
2022-05-05T16:00:00.000Z,101.4517,101.4758,101.322,101.4444,36217
2022-05-08T16:00:00.000Z,101.4511,101.5044,101.3875,101.4953,28276
2022-05-09T16:00:00.000Z,101.5453,101.6195,101.5384,101.6067,44868
2022-05-10T16:00:00.000Z,101.5338,101.5433,101.4037,101.4705,47692
2022-05-11T16:00:00.000Z,101.4895,101.5762,101.4613,101.558,44716
2022-05-12T16:00:00.000Z,101.5672,101.6169,101.4636,101.4666,42141
2022-05-15T16:00:00.000Z,101.3917,101.522,101.3708,101.517,45493
2022-05-16T16:00:00.000Z,101.5146,101.5948,101.5146,101.5674,41122
2022-05-17T16:00:00.000Z,101.5757,101.6922,101.5569,101.6805,63524
2022-05-18T16:00:00.000Z,101.7083,101.7345,101.5616,101.6041,59886
2022-05-19T16:00:00.000Z,101.4994,101.5675,101.4895,101.5596,38709
2022-05-22T16:00:00.000Z,101.6415,101.6661,101.5915,101.6443,30430
2022-05-23T16:00:00.000Z,101.6236,101.6773,101.6036,101.6324,24830
2022-05-24T16:00:00.000Z,101.6217,101.6948,101.6217,101.651,32535
2022-05-25T16:00:00.000Z,101.7815,101.9098,101.775,101.881,36561
2022-05-26T16:00:00.000Z,101.8622,101.888,101.7995,101.8851,33123
2022-05-29T16:00:00.000Z,101.7646,101.7696,101.7042,101.7541,49149
2022-05-30T16:00:00.000Z,101.6453,101.6453,101.4654,101.4956,42945
2022-05-31T16:00:00.000Z,101.5501,101.555,101.4263,101.4407,29029
2022-06-01T16:00:00.000Z,101.4144,101.5097,101.3656,101.3956,40595
2022-06-05T16:00:00.000Z,101.4,101.4241,101.2758,101.2857,31947
2022-06-06T16:00:00.000Z,101.2755,101.3789,101.246,101.374,35629
2022-06-07T16:00:00.000Z,101.3445,101.4182,101.3145,101.3541,31793
2022-06-08T16:00:00.000Z,101.3382,101.4823,101.3243,101.4575,41744
2022-06-09T16:00:00.000Z,101.4718,101.5017,101.383,101.4027,31487
2022-06-12T16:00:00.000Z,101.3898,101.4046,101.305,101.3346,33316
2022-06-13T16:00:00.000Z,101.2697,101.343,101.2435,101.3382,30789
2022-06-14T16:00:00.000Z,101.2833,101.3125,101.1728,101.2469,39221
2022-06-15T16:00:00.000Z,101.2697,101.3299,101.2648,101.3252,30793
2022-06-16T16:00:00.000Z,101.3349,101.4347,101.3349,101.3898,31731
2022-06-19T16:00:00.000Z,101.3406,101.355,101.2353,101.2603,34527
2022-06-20T16:00:00.000Z,101.2284,101.2943,101.2101,101.2443,23157
2022-06-21T16:00:00.000Z,101.2638,101.3287,101.2494,101.3236,24469
2022-06-22T16:00:00.000Z,101.3447,101.3732,101.2504,101.2598,30420
2022-06-23T16:00:00.000Z,101.3088,101.3445,101.19,101.205,31296
2022-06-26T16:00:00.000Z,101.1429,101.1429,100.9679,100.9891,45694
2022-06-27T16:00:00.000Z,101.0356,101.0815,100.877,100.9069,38892
2022-06-28T16:00:00.000Z,100.9431,101.0587,100.936,100.9738,38381
2022-06-29T16:00:00.000Z,100.9835,101.1454,100.9456,101.1255,34128
2022-06-30T16:00:00.000Z,101.1151,101.1863,101.0663,101.1127,39275
2022-07-03T16:00:00.000Z,101.0619,101.0619,100.8285,100.8685,42794
2022-07-04T16:00:00.000Z,100.7187,100.9649,100.7187,100.96,47462
2022-07-05T16:00:00.000Z,101.0097,101.0398,100.9499,101.0044,40830
2022-07-06T16:00:00.000Z,100.9656,101.063,100.9399,100.9884,27524
2022-07-07T16:00:00.000Z,100.9688,101.0426,100.9289,100.9934,29225
2022-07-10T16:00:00.000Z,101.0424,101.2144,101.0424,101.2097,38653
2022-07-11T16:00:00.000Z,101.2768,101.3319,101.213,101.2875,37875
2022-07-12T16:00:00.000Z,101.3405,101.3757,101.2923,101.3599,34482
2022-07-13T16:00:00.000Z,101.3593,101.4415,101.3593,101.4364,34424
2022-07-14T16:00:00.000Z,101.4841,101.5357,101.4098,101.5202,39201
2022-07-17T16:00:00.000Z,101.5351,101.5691,101.467,101.5118,31817
2022-07-18T16:00:00.000Z,101.4635,101.4949,101.4139,101.4903,30676
2022-07-19T16:00:00.000Z,101.4811,101.5603,101.4418,101.5504,29405
2022-07-20T16:00:00.000Z,101.6209,101.6607,101.5954,101.6262,36685
2022-07-21T16:00:00.000Z,101.5956,101.6092,101.5383,101.554,30411
2022-07-24T16:00:00.000Z,101.5401,101.6538,101.5158,101.569,33396
2022-07-25T16:00:00.000Z,101.608,101.7324,101.599,101.7274,35294
2022-07-26T16:00:00.000Z,101.7447,101.7471,101.6587,101.6876,37169
2022-07-27T16:00:00.000Z,101.6435,101.6634,101.5165,101.5464,42743
2022-07-28T16:00:00.000Z,101.6936,101.7652,101.6936,101.7521,43408
2022-07-31T16:00:00.000Z,101.8037,101.884,101.7923,101.8301,40750
2022-08-01T16:00:00.000Z,101.8994,101.9622,101.861,101.9353,49247
2022-08-02T16:00:00.000Z,101.8586,102.0428,101.8147,102.0279,49365
2022-08-03T16:00:00.000Z,102.0952,102.2043,101.9118,101.9387,79112
2022-08-04T16:00:00.000Z,101.9262,101.9683,101.8326,101.8585,46846
2022-08-07T16:00:00.000Z,101.8424,101.9349,101.8009,101.8194,45693
2022-08-08T16:00:00.000Z,101.8115,101.8536,101.6737,101.7772,79149
2022-08-09T16:00:00.000Z,101.752,101.8466,101.6392,101.6579,78894
2022-08-10T16:00:00.000Z,101.6533,101.7303,101.6195,101.6981,71549
2022-08-11T16:00:00.000Z,101.7143,101.7374,101.6187,101.6346,60165
2022-08-14T16:00:00.000Z,101.8164,102.2872,101.8164,102.1841,97086
2022-08-15T16:00:00.000Z,102.259,102.276,102.1183,102.1283,81785
2022-08-16T16:00:00.000Z,102.0689,102.1365,102.0265,102.1297,48028
2022-08-17T16:00:00.000Z,102.171,102.1859,102.0957,102.1659,53444
2022-08-18T16:00:00.000Z,102.1567,102.1591,102.038,102.1194,59643
2022-08-21T16:00:00.000Z,102.1733,102.1752,102.0327,102.0788,39308
2022-08-22T16:00:00.000Z,102.0066,102.0516,101.9422,101.951,45478
2022-08-23T16:00:00.000Z,101.9399,102.0257,101.9303,101.9856,42522
2022-08-24T16:00:00.000Z,101.9383,101.9383,101.8283,101.8466,42631
2022-08-25T16:00:00.000Z,101.8371,101.8808,101.8003,101.8508,45060
2022-08-28T16:00:00.000Z,101.8008,101.9385,101.7769,101.9303,39894
2022-08-29T16:00:00.000Z,102.0069,102.0162,101.8946,101.953,65187
2022-08-30T16:00:00.000Z,101.8807,101.9304,101.8364,101.8712,37881
2022-08-31T16:00:00.000Z,101.8711,102.0404,101.8615,102.0253,47513
2022-09-01T16:00:00.000Z,102.0495,102.12,101.9714,101.9814,49704
2022-09-04T16:00:00.000Z,102.027,102.1062,102.0117,102.0414,40568
2022-09-05T16:00:00.000Z,102.0873,102.125,102.0059,102.0656,35741
2022-09-06T16:00:00.000Z,102.0363,102.0751,101.9709,102.0009,47774
2022-09-07T16:00:00.000Z,101.948,101.976,101.9113,101.9559,33665
2022-09-08T16:00:00.000Z,101.9461,102.0054,101.8019,101.8068,48006
2022-09-12T16:00:00.000Z,101.839,101.8839,101.809,101.8537,33520
2022-09-13T16:00:00.000Z,101.7906,101.8285,101.7343,101.7842,40288
2022-09-14T16:00:00.000Z,101.8679,101.8824,101.7387,101.739,48288
2022-09-15T16:00:00.000Z,101.6729,101.7434,101.6091,101.7381,58366
2022-09-18T16:00:00.000Z,101.7133,101.7977,101.6782,101.7925,50693
2022-09-19T16:00:00.000Z,101.8309,101.8919,101.7973,101.8919,53778
2022-09-20T16:00:00.000Z,101.8821,101.9271,101.8376,101.9271,43499
2022-09-21T16:00:00.000Z,101.939,101.947,101.8722,101.9074,46530
2022-09-22T16:00:00.000Z,101.8579,101.8721,101.7672,101.8065,43560
2022-09-25T16:00:00.000Z,101.7456,101.7456,101.5366,101.5414,65469
2022-09-26T16:00:00.000Z,101.5502,101.6358,101.5014,101.6211,61275
2022-09-27T16:00:00.000Z,101.5678,101.5678,101.4853,101.5257,57846
2022-09-28T16:00:00.000Z,101.5733,101.615,101.3814,101.401,67560
2022-09-29T16:00:00.000Z,101.3009,101.4958,101.2759,101.386,55515
2022-10-09T16:00:00.000Z,101.4646,101.6201,101.4646,101.6199,55323
2022-10-10T16:00:00.000Z,101.6772,101.6842,101.5354,101.5653,45657
2022-10-11T16:00:00.000Z,101.5338,101.8139,101.5151,101.6988,73620
2022-10-12T16:00:00.000Z,101.66,101.7394,101.6444,101.7091,47006
2022-10-13T16:00:00.000Z,101.7132,101.8773,101.694,101.8771,56110
2022-10-16T16:00:00.000Z,101.8441,101.8781,101.7978,101.8185,39053
2022-10-17T16:00:00.000Z,101.8041,101.8779,101.7735,101.8587,45954
2022-10-18T16:00:00.000Z,101.8293,101.9224,101.8278,101.8779,42929
2022-10-19T16:00:00.000Z,101.8291,101.8715,101.7463,101.8207,60802
2022-10-20T16:00:00.000Z,101.7896,101.8424,101.718,101.7327,44963
2022-10-23T16:00:00.000Z,101.7554,101.8509,101.6822,101.8308,43822
2022-10-24T16:00:00.000Z,101.7927,101.8696,101.725,101.7635,57209
2022-10-25T16:00:00.000Z,101.8139,101.9181,101.7893,101.9085,46050
2022-10-26T16:00:00.000Z,101.9728,102.0281,101.9389,101.9938,48731
2022-10-27T16:00:00.000Z,101.9806,102.1198,101.9806,102.1095,53314
2022-10-30T16:00:00.000Z,102.1904,102.2415,102.1079,102.1537,58493
2022-10-31T16:00:00.000Z,102.1083,102.1426,102.0328,102.0519,64705
2022-11-01T16:00:00.000Z,102.054,102.0862,101.9314,101.9858,53823
2022-11-02T16:00:00.000Z,102.0231,102.0703,101.9631,101.9885,42460
2022-11-03T16:00:00.000Z,101.9536,101.9579,101.8224,101.8784,68208
2022-11-06T16:00:00.000Z,101.9127,101.9402,101.843,101.8861,57376
2022-11-07T16:00:00.000Z,101.8001,101.9045,101.7642,101.9037,67078
2022-11-08T16:00:00.000Z,101.8958,101.91,101.8212,101.8661,61531
2022-11-09T16:00:00.000Z,101.8813,101.9394,101.8176,101.8475,53983
2022-11-10T16:00:00.000Z,101.8876,101.9157,101.4204,101.5714,119580
2022-11-13T16:00:00.000Z,101.2263,101.2585,101.0102,101.0271,116858
2022-11-14T16:00:00.000Z,101.0063,101.1272,100.8806,100.9738,112704
2022-11-15T16:00:00.000Z,101.0696,101.1256,100.5358,100.6205,147424
2022-11-16T16:00:00.000Z,100.6304,100.9812,100.5301,100.9811,156638
2022-11-17T16:00:00.000Z,100.8907,101.0745,100.7667,100.848,121614
2022-11-20T16:00:00.000Z,100.9939,101.0339,100.8773,100.9183,79068
2022-11-21T16:00:00.000Z,100.9258,101.0219,100.8733,100.9603,70763
2022-11-22T16:00:00.000Z,101.019,101.2172,101.014,101.155,82058
2022-11-23T16:00:00.000Z,101.2658,101.3471,101.2479,101.2782,77608
2022-11-24T16:00:00.000Z,101.3018,101.3229,100.9609,101.0186,73717
2022-11-27T16:00:00.000Z,101.1116,101.171,100.8322,100.8793,69933
2022-11-28T16:00:00.000Z,100.7924,100.8249,100.4579,100.6455,137030
2022-11-29T16:00:00.000Z,100.5264,100.6432,100.4181,100.5399,68776
2022-11-30T16:00:00.000Z,100.4415,100.6972,100.4415,100.6879,64129
2022-12-01T16:00:00.000Z,100.6626,100.8251,100.6482,100.7234,54636
2022-12-04T16:00:00.000Z,100.6508,100.773,100.609,100.6647,54469
2022-12-05T16:00:00.000Z,100.6321,100.6894,100.4712,100.4869,62145
2022-12-06T16:00:00.000Z,100.3363,100.6516,100.2532,100.6399,118306
2022-12-07T16:00:00.000Z,100.6394,100.7862,100.5815,100.7415,64758
2022-12-08T16:00:00.000Z,100.6245,100.6819,100.5417,100.6153,61289
2022-12-11T16:00:00.000Z,100.6515,100.7389,100.5354,100.5898,51247
2022-12-12T16:00:00.000Z,100.5502,100.5793,100.3359,100.4893,73039
2022-12-13T16:00:00.000Z,100.6009,100.8874,100.5825,100.8621,80697
2022-12-14T16:00:00.000Z,100.806,100.9098,100.7459,100.7914,68931
2022-12-15T16:00:00.000Z,100.7359,100.8946,100.7152,100.8103,50996
2022-12-18T16:00:00.000Z,101.0241,101.0918,100.8798,100.9242,53626
2022-12-19T16:00:00.000Z,100.969,100.9873,100.8042,100.8198,46539
2022-12-20T16:00:00.000Z,100.8442,100.9929,100.7599,100.9682,45549
2022-12-21T16:00:00.000Z,100.9909,101.0681,100.949,100.9839,35285
2022-12-22T16:00:00.000Z,100.9857,101.123,100.9494,101.1038,39892
2022-12-25T16:00:00.000Z,101.0605,101.0921,100.894,100.988,42091
2022-12-26T16:00:00.000Z,100.9543,100.9543,100.7197,100.7932,48804
2022-12-27T16:00:00.000Z,100.8409,100.8767,100.7631,100.8717,33007
2022-12-28T16:00:00.000Z,100.9221,100.9775,100.8885,100.9434,31718
2022-12-29T16:00:00.000Z,100.9291,101.007,100.8841,100.9423,38017
2023-01-02T16:00:00.000Z,100.9847,101.0958,100.9227,101.0371,41064
2023-01-03T16:00:00.000Z,101.0607,101.1804,101.0465,101.141,45526
2023-01-04T16:00:00.000Z,101.0985,101.1697,101.0764,101.1203,31874
2023-01-05T16:00:00.000Z,101.08,101.0894,100.9364,101.0295,51447
2023-01-08T16:00:00.000Z,101.0534,101.0534,100.9306,100.9982,37392
2023-01-09T16:00:00.000Z,100.8763,100.9528,100.7884,100.8075,51941
2023-01-10T16:00:00.000Z,100.7878,100.9062,100.7429,100.8824,49815
2023-01-11T16:00:00.000Z,100.9176,100.9781,100.8847,100.9336,47549
2023-01-12T16:00:00.000Z,100.9135,100.9374,100.8487,100.8631,53171
2023-01-15T16:00:00.000Z,100.8045,100.8297,100.6195,100.6647,71250
2023-01-16T16:00:00.000Z,100.7061,100.7281,100.6324,100.6958,50019
2023-01-17T16:00:00.000Z,100.7467,100.8058,100.6431,100.6629,49724
2023-01-18T16:00:00.000Z,100.7258,100.7258,100.6043,100.6754,49316
2023-01-19T16:00:00.000Z,100.6744,100.7037,100.5677,100.5782,32334
2023-01-29T16:00:00.000Z,100.5417,100.8129,100.5178,100.7841,59706
2023-01-30T16:00:00.000Z,100.7663,100.9133,100.7453,100.8912,71081
2023-01-31T16:00:00.000Z,100.8564,100.9137,100.8287,100.8431,48875
2023-02-01T16:00:00.000Z,100.839,100.9477,100.831,100.9459,49537
2023-02-02T16:00:00.000Z,100.9576,100.9844,100.9078,100.9737,62693
2023-02-05T16:00:00.000Z,100.9476,101.0033,100.8611,100.862,57097
2023-02-06T16:00:00.000Z,100.8201,100.9737,100.8146,100.9737,64857
2023-02-07T16:00:00.000Z,100.9376,100.9519,100.8818,100.9179,55826
2023-02-08T16:00:00.000Z,100.9222,101.0152,100.8836,100.9892,64695
2023-02-09T16:00:00.000Z,100.9477,100.9871,100.8791,100.9076,55553
2023-02-12T16:00:00.000Z,100.9038,100.9637,100.8607,100.904,56906
2023-02-13T16:00:00.000Z,100.8696,100.9374,100.8071,100.9263,66679
2023-02-14T16:00:00.000Z,100.8602,100.9389,100.8245,100.91,70060
2023-02-15T16:00:00.000Z,100.8816,101.0532,100.8183,100.9509,78661
2023-02-16T16:00:00.000Z,100.9191,100.9191,100.8375,100.8896,88285
2023-02-19T16:00:00.000Z,100.8353,100.8736,100.635,100.6488,101483
2023-02-20T16:00:00.000Z,100.548,100.6255,100.4982,100.6088,81745
2023-02-21T16:00:00.000Z,100.6311,100.6448,100.5743,100.6324,57494
2023-02-22T16:00:00.000Z,100.6099,100.6659,100.5764,100.6299,49394
2023-02-23T16:00:00.000Z,100.5944,100.6749,100.5828,100.654,45111
2023-02-26T16:00:00.000Z,100.65,100.661,100.5847,100.6554,66697
2023-02-27T16:00:00.000Z,100.455,100.6216,100.429,100.5814,61070
2023-02-28T16:00:00.000Z,100.5659,100.6197,100.5255,100.609,52862
2023-03-01T16:00:00.000Z,100.6054,100.6302,100.4821,100.5317,45513
2023-03-02T16:00:00.000Z,100.4886,100.5802,100.4373,100.5749,50539
2023-03-05T16:00:00.000Z,100.6334,100.728,100.6334,100.7144,52739
2023-03-06T16:00:00.000Z,100.7034,100.8177,100.6838,100.7981,52391
2023-03-07T16:00:00.000Z,100.7937,100.8177,100.7339,100.7437,38807
2023-03-08T16:00:00.000Z,100.758,100.8475,100.734,100.8137,49256
2023-03-09T16:00:00.000Z,100.8591,100.8879,100.8033,100.8436,44941
2023-03-12T16:00:00.000Z,100.8418,100.8514,100.727,100.8118,49320
2023-03-13T16:00:00.000Z,100.8598,100.9037,100.8098,100.8844,51416
2023-03-14T16:00:00.000Z,100.8504,100.8504,100.7598,100.8098,48843
2023-03-15T16:00:00.000Z,100.8519,100.9937,100.8519,100.9643,54045
2023-03-16T16:00:00.000Z,100.9213,101.0085,100.8949,100.964,52179
2023-03-19T16:00:00.000Z,101.0872,101.1178,100.994,101.054,65838
2023-03-20T16:00:00.000Z,101.0533,101.0732,100.9587,101.0031,62745
2023-03-21T16:00:00.000Z,100.9782,101.0223,100.9482,101.003,57531
2023-03-22T16:00:00.000Z,101.0264,101.0515,100.9675,100.9826,49138
2023-03-23T16:00:00.000Z,100.9954,101.0005,100.8666,100.8862,59640
2023-03-26T16:00:00.000Z,100.9426,101.0494,100.9356,101.0304,50377
2023-03-27T16:00:00.000Z,101.0152,101.0396,100.9705,101.0053,36694
2023-03-28T16:00:00.000Z,101.0193,101.0197,100.9504,101.0051,40442
2023-03-29T16:00:00.000Z,101.0296,101.0837,100.9167,100.9603,55830
2023-03-30T16:00:00.000Z,100.9844,101.0488,100.931,101.0342,55019
2023-04-02T16:00:00.000Z,101.0524,101.0524,100.9045,100.915,60156
2023-04-03T16:00:00.000Z,100.9468,100.9671,100.8995,100.9624,36924
2023-04-05T16:00:00.000Z,100.9616,100.967,100.8387,100.9232,51122
2023-04-06T16:00:00.000Z,100.9063,101.0985,100.8564,101.0498,57403
2023-04-09T16:00:00.000Z,101.0108,101.0737,100.9993,101.073,40961
2023-04-10T16:00:00.000Z,101.0909,101.1636,101.0746,101.1395,51951
2023-04-11T16:00:00.000Z,101.1673,101.1983,101.1346,101.1844,36472
2023-04-12T16:00:00.000Z,101.1649,101.1827,101.1043,101.1236,42721
2023-04-13T16:00:00.000Z,101.1217,101.1766,101.0689,101.1033,53660
2023-04-16T16:00:00.000Z,101.0695,101.077,101.0018,101.0165,56244
2023-04-17T16:00:00.000Z,101.0219,101.1162,100.9926,101.1011,48420
2023-04-18T16:00:00.000Z,101.1216,101.168,101.1149,101.1442,43163
2023-04-19T16:00:00.000Z,101.1424,101.17,101.0811,101.1152,40821
2023-04-20T16:00:00.000Z,101.1221,101.2256,101.0842,101.2049,62551
2023-04-23T16:00:00.000Z,101.2356,101.2749,101.2186,101.242,51940
2023-04-24T16:00:00.000Z,101.263,101.2802,101.2118,101.2351,55778
2023-04-25T16:00:00.000Z,101.2539,101.3506,101.228,101.3262,59621
2023-04-26T16:00:00.000Z,101.4184,101.4577,101.3774,101.4472,68574
2023-04-27T16:00:00.000Z,101.4086,101.4229,101.3684,101.4098,42883
2023-05-03T16:00:00.000Z,101.4947,101.5373,101.4472,101.4707,50167
2023-05-04T16:00:00.000Z,101.5062,101.7121,101.5062,101.6836,62042
2023-05-07T16:00:00.000Z,101.6148,101.6337,101.5346,101.5683,65011
2023-05-08T16:00:00.000Z,101.5887,101.6232,101.5748,101.5849,66663
2023-05-09T16:00:00.000Z,101.6259,101.7808,101.6161,101.7293,72754
2023-05-10T16:00:00.000Z,101.8822,101.8986,101.7812,101.8382,57841
2023-05-11T16:00:00.000Z,101.7931,101.7975,101.7293,101.7784,68936
2023-05-14T16:00:00.000Z,101.7587,101.816,101.6919,101.7192,74715
2023-05-15T16:00:00.000Z,101.7176,101.7274,101.6329,101.7004,74451
2023-05-16T16:00:00.000Z,101.7089,101.7251,101.6144,101.6343,59459
2023-05-17T16:00:00.000Z,101.5794,101.6581,101.5437,101.6466,70478
2023-05-18T16:00:00.000Z,101.654,101.733,101.6471,101.7138,76569
2023-05-21T16:00:00.000Z,101.7079,101.8599,101.6893,101.8149,74184
2023-05-22T16:00:00.000Z,101.8704,102.0142,101.8647,101.9756,61750
2023-05-23T16:00:00.000Z,101.9541,101.9877,101.8974,101.9496,56322
2023-05-24T16:00:00.000Z,101.9223,101.9478,101.8735,101.8847,56827
2023-05-25T16:00:00.000Z,101.8937,101.9147,101.8039,101.8207,47663
2023-05-28T16:00:00.000Z,101.7921,101.9232,101.7566,101.9135,48346
2023-05-29T16:00:00.000Z,101.9374,101.9569,101.8697,101.8705,74705
2023-05-30T16:00:00.000Z,101.8594,101.9158,101.797,101.91,44833
2023-05-31T16:00:00.000Z,101.9949,102.0193,101.9103,101.9811,49778
2023-06-01T16:00:00.000Z,101.9288,101.9703,101.6042,101.6725,67750
2023-06-04T16:00:00.000Z,101.7184,101.8244,101.7106,101.7893,47794
2023-06-05T16:00:00.000Z,101.8034,101.8947,101.7901,101.8846,44406
2023-06-06T16:00:00.000Z,101.9088,101.9467,101.8604,101.9193,43868
2023-06-07T16:00:00.000Z,101.9047,101.9047,101.7854,101.8438,55578
2023-06-08T16:00:00.000Z,101.8344,102.0632,101.8245,102.0186,55275
2023-06-11T16:00:00.000Z,102.0011,102.0775,101.9575,101.993,49925
2023-06-12T16:00:00.000Z,102.1241,102.2661,102.1072,102.1959,60353
2023-06-13T16:00:00.000Z,102.3385,102.3385,102.1724,102.2123,47767
2023-06-14T16:00:00.000Z,102.1548,102.1562,101.9524,101.9921,72648
2023-06-15T16:00:00.000Z,101.9483,101.9712,101.7065,101.7957,79139
2023-06-18T16:00:00.000Z,101.7951,101.7951,101.6158,101.6785,69790
2023-06-19T16:00:00.000Z,101.7278,101.8085,101.6846,101.8033,55339
2023-06-20T16:00:00.000Z,101.845,101.8984,101.8183,101.8846,46588
2023-06-25T16:00:00.000Z,101.919,101.9587,101.8844,101.9185,40902
2023-06-26T16:00:00.000Z,101.8859,101.8859,101.7795,101.8536,45436
2023-06-27T16:00:00.000Z,101.9098,101.9627,101.8887,101.9536,37925
2023-06-28T16:00:00.000Z,101.9066,102.0569,101.8889,102.0227,51723
2023-06-29T16:00:00.000Z,102.0607,102.1673,102.0331,102.1618,48057
2023-07-02T16:00:00.000Z,102.1241,102.1369,102.0381,102.0832,38622
2023-07-03T16:00:00.000Z,102.097,102.1821,101.8781,102.0168,57670
2023-07-04T16:00:00.000Z,102.0699,102.1356,102.0568,102.1309,36452
2023-07-05T16:00:00.000Z,102.1404,102.1952,102.097,102.1159,43160
2023-07-06T16:00:00.000Z,102.1629,102.2018,102.1225,102.1519,45437
2023-07-09T16:00:00.000Z,102.1094,102.1672,102.0148,102.1615,42207
2023-07-10T16:00:00.000Z,102.1976,102.2303,102.1465,102.1707,41598
2023-07-11T16:00:00.000Z,102.1567,102.1654,102.0919,102.1503,49006
2023-07-12T16:00:00.000Z,102.1093,102.1456,102.0613,102.0955,44539
2023-07-13T16:00:00.000Z,102.0536,102.2295,102.0066,102.0763,78659
2023-07-16T16:00:00.000Z,102.087,102.2452,102.0823,102.2157,53378
2023-07-17T16:00:00.000Z,102.2649,102.2958,102.2027,102.2613,44626
2023-07-18T16:00:00.000Z,102.28,102.296,102.2218,102.2469,29852
2023-07-19T16:00:00.000Z,102.2329,102.296,102.2119,102.2809,34941
2023-07-20T16:00:00.000Z,102.3043,102.3846,102.3043,102.3501,41312
2023-07-23T16:00:00.000Z,102.3783,102.4002,102.3165,102.3903,30876
2023-07-24T16:00:00.000Z,102.1774,102.1774,101.9736,101.9884,77087
2023-07-25T16:00:00.000Z,102.01,102.1465,101.9754,102.1325,61810
2023-07-26T16:00:00.000Z,102.1494,102.2596,102.1274,102.2206,62116
2023-07-27T16:00:00.000Z,102.2276,102.2379,102.0918,102.1261,62597
2023-07-30T16:00:00.000Z,102.0205,102.0804,101.9638,102.0709,50255
2023-07-31T16:00:00.000Z,102.1023,102.1744,102.0778,102.0871,54846
2023-08-01T16:00:00.000Z,102.131,102.1636,102.1073,102.1182,47037
2023-08-02T16:00:00.000Z,102.1647,102.2424,102.1536,102.2402,54449
2023-08-03T16:00:00.000Z,102.1956,102.3883,102.1698,102.2397,68001
2023-08-06T16:00:00.000Z,102.2232,102.2649,102.212,102.2449,42549
2023-08-07T16:00:00.000Z,102.2602,102.2786,102.2116,102.2459,49337
2023-08-08T16:00:00.000Z,102.2583,102.2724,102.2138,102.2312,43436
2023-08-09T16:00:00.000Z,102.2203,102.2289,102.1741,102.2166,41611
2023-08-10T16:00:00.000Z,102.2344,102.2609,102.2038,102.2498,49726
2023-08-13T16:00:00.000Z,102.3318,102.4085,102.3174,102.3198,82491
2023-08-14T16:00:00.000Z,102.6343,102.7009,102.4718,102.4933,105614
2023-08-15T16:00:00.000Z,102.5458,102.5715,102.5005,102.5462,80415
2023-08-16T16:00:00.000Z,102.5492,102.5527,102.4233,102.4539,63676
2023-08-17T16:00:00.000Z,102.4846,102.5247,102.4455,102.5082,69226
2023-08-20T16:00:00.000Z,102.5476,102.647,102.5112,102.5994,83155
2023-08-21T16:00:00.000Z,102.5389,102.595,102.495,102.5276,92183
2023-08-22T16:00:00.000Z,102.4647,102.5403,102.4588,102.4948,71543
2023-08-23T16:00:00.000Z,102.512,102.5327,102.4664,102.5084,61503
2023-08-24T16:00:00.000Z,102.5133,102.5203,102.3436,102.3744,57561
2023-08-27T16:00:00.000Z,102.1598,102.352,102.1288,102.352,58176
2023-08-28T16:00:00.000Z,102.3549,102.3552,102.1355,102.2288,55313
2023-08-29T16:00:00.000Z,102.2116,102.3771,102.1863,102.3463,83091
2023-08-30T16:00:00.000Z,102.3816,102.3846,102.2815,102.3406,40514
2023-08-31T16:00:00.000Z,102.2777,102.2906,102.0698,102.0947,63227
2023-09-03T16:00:00.000Z,101.9584,102.0298,101.9381,102.016,60061
2023-09-04T16:00:00.000Z,102.0346,102.0791,101.9773,102.0116,49798
2023-09-05T16:00:00.000Z,102.0154,102.0297,101.8117,101.8262,73546
2023-09-06T16:00:00.000Z,101.7927,101.9001,101.7367,101.7566,67484
2023-09-07T16:00:00.000Z,101.8343,101.8695,101.6862,101.8246,60642
2023-09-10T16:00:00.000Z,101.7689,101.826,101.6516,101.7925,58905
2023-09-11T16:00:00.000Z,101.8966,101.9504,101.8359,101.8462,49960
2023-09-12T16:00:00.000Z,101.8974,101.9995,101.8799,101.9647,56189
2023-09-13T16:00:00.000Z,101.9502,102.0795,101.9101,102.0733,51935
2023-09-14T16:00:00.000Z,102.0493,102.074,101.9002,101.9101,68143
2023-09-17T16:00:00.000Z,101.8054,101.8589,101.7198,101.7939,67953
2023-09-18T16:00:00.000Z,101.7692,101.8274,101.7582,101.8129,60244
2023-09-19T16:00:00.000Z,101.7563,101.8722,101.7563,101.8225,53875
2023-09-20T16:00:00.000Z,101.8178,101.9471,101.8174,101.927,57370
2023-09-21T16:00:00.000Z,101.927,101.927,101.7617,101.7713,62820
2023-09-24T16:00:00.000Z,101.7792,101.8404,101.6477,101.7218,56750
2023-09-25T16:00:00.000Z,101.6886,101.7653,101.6471,101.7416,46818
2023-09-26T16:00:00.000Z,101.8027,101.8111,101.7264,101.7856,49887
2023-09-27T16:00:00.000Z,101.8371,101.9149,101.7965,101.8957,58379
2023-10-08T16:00:00.000Z,101.858,101.9552,101.858,101.8751,49863
2023-10-09T16:00:00.000Z,101.8241,101.8351,101.7405,101.7745,65391
2023-10-10T16:00:00.000Z,101.716,101.7384,101.5599,101.5741,80408
2023-10-11T16:00:00.000Z,101.5229,101.6792,101.4946,101.6634,66894
2023-10-12T16:00:00.000Z,101.6885,101.7925,101.6882,101.7522,70294
2023-10-15T16:00:00.000Z,101.802,101.8354,101.7075,101.7925,51706
2023-10-16T16:00:00.000Z,101.7244,101.7316,101.6181,101.6619,54681
2023-10-17T16:00:00.000Z,101.6435,101.7119,101.6023,101.6112,52788
2023-10-18T16:00:00.000Z,101.5836,101.5926,101.4077,101.4326,74064
2023-10-19T16:00:00.000Z,101.4866,101.6067,101.3438,101.5628,79710
2023-10-22T16:00:00.000Z,101.6429,101.7221,101.621,101.7073,70262
2023-10-23T16:00:00.000Z,101.6028,101.6513,101.514,101.6125,69567
2023-10-24T16:00:00.000Z,101.6186,101.8555,101.5318,101.8376,107091
2023-10-25T16:00:00.000Z,101.8141,101.8951,101.7818,101.7959,56991
2023-10-26T16:00:00.000Z,101.7774,101.8461,101.7117,101.7696,54520
2023-10-29T16:00:00.000Z,101.7912,101.8846,101.7856,101.8146,53084
2023-10-30T16:00:00.000Z,101.845,101.9627,101.8398,101.9087,60704
2023-10-31T16:00:00.000Z,101.9166,101.9566,101.8327,101.8972,59812
2023-11-01T16:00:00.000Z,101.9593,102.0303,101.9372,102.0255,48276
2023-11-02T16:00:00.000Z,102.0063,102.0269,101.9494,101.9926,44621
2023-11-05T16:00:00.000Z,101.9998,102.0244,101.9308,102.0175,56351
2023-11-06T16:00:00.000Z,102.0288,102.049,101.9303,101.9351,42063
2023-11-07T16:00:00.000Z,101.9132,102.0765,101.862,102.0285,64629
2023-11-08T16:00:00.000Z,102.0511,102.0688,102.0027,102.0027,50213
2023-11-09T16:00:00.000Z,101.9992,102.0766,101.9529,102.0264,52314
2023-11-12T16:00:00.000Z,102.0292,102.1253,102.0144,102.089,63231
2023-11-13T16:00:00.000Z,102.087,102.1005,101.9401,102.0185,76196
2023-11-14T16:00:00.000Z,101.9898,102.0772,101.9231,101.9936,80566
2023-11-15T16:00:00.000Z,102.0005,102.1123,101.9973,102.0992,78149
2023-11-16T16:00:00.000Z,102.069,102.1095,102.02,102.1077,76303
2023-11-19T16:00:00.000Z,102.0848,102.0848,101.9553,102.0264,99985
2023-11-20T16:00:00.000Z,101.9987,102.0108,101.8962,101.9336,84554
2023-11-21T16:00:00.000Z,101.915,101.9241,101.8056,101.8377,84774
2023-11-22T16:00:00.000Z,101.7686,101.7686,101.6628,101.6677,101372
2023-11-23T16:00:00.000Z,101.7149,101.7721,101.6663,101.6842,73930
2023-11-26T16:00:00.000Z,101.6783,101.718,101.595,101.6018,70420
2023-11-27T16:00:00.000Z,101.663,101.7451,101.6527,101.7389,58597
2023-11-28T16:00:00.000Z,101.7201,101.8193,101.6881,101.8085,85644
2023-11-29T16:00:00.000Z,101.862,101.9103,101.8057,101.8251,53300
2023-11-30T16:00:00.000Z,101.8393,101.8836,101.8064,101.845,45088
2023-12-03T16:00:00.000Z,101.8591,101.8837,101.7247,101.7434,45324
2023-12-04T16:00:00.000Z,101.748,101.8121,101.6932,101.8121,53218
2023-12-05T16:00:00.000Z,101.8134,101.8134,101.7064,101.74,52004
2023-12-06T16:00:00.000Z,101.7378,101.8827,101.6887,101.8593,71194
2023-12-07T16:00:00.000Z,101.8811,101.9196,101.837,101.857,50729
2023-12-10T16:00:00.000Z,101.9547,102.0407,101.9547,101.9868,53961
2023-12-11T16:00:00.000Z,101.9771,102.0361,101.9468,101.9722,39818
2023-12-12T16:00:00.000Z,102.0865,102.2023,102.0817,102.1825,59954
2023-12-13T16:00:00.000Z,102.1177,102.3311,102.1124,102.1868,86269
2023-12-14T16:00:00.000Z,102.2011,102.3061,102.1769,102.3008,56048
2023-12-17T16:00:00.000Z,102.3163,102.366,102.2468,102.2713,54114
2023-12-18T16:00:00.000Z,102.2228,102.3069,102.1918,102.2764,49023
2023-12-19T16:00:00.000Z,102.2563,102.321,102.2025,102.217,53624
2023-12-20T16:00:00.000Z,102.2265,102.3664,102.1471,102.3365,66285
2023-12-21T16:00:00.000Z,102.4078,102.4967,102.3775,102.3927,63958
2023-12-24T16:00:00.000Z,102.4071,102.5514,102.3774,102.5367,55221
2023-12-25T16:00:00.000Z,102.5078,102.6405,102.4866,102.5412,56466
2023-12-26T16:00:00.000Z,102.5893,102.6314,102.4826,102.5714,49677
2023-12-27T16:00:00.000Z,102.6761,102.6761,102.4473,102.5108,60722
2023-12-28T16:00:00.000Z,102.5297,102.585,102.5003,102.5301,42633
2024-01-01T16:00:00.000Z,102.584,102.5945,102.4168,102.4168,49514
2024-01-02T16:00:00.000Z,102.3833,102.4935,102.296,102.4884,69134
2024-01-03T16:00:00.000Z,102.5021,102.5293,102.4494,102.4602,50322
2024-01-04T16:00:00.000Z,102.5028,102.6138,102.4751,102.5402,55905
2024-01-07T16:00:00.000Z,102.5448,102.555,102.4459,102.4799,46732
2024-01-08T16:00:00.000Z,102.551,102.61,102.503,102.58,60507
2024-01-09T16:00:00.000Z,102.561,102.569,102.477,102.482,51478
2024-01-10T16:00:00.000Z,102.439,102.605,102.416,102.593,76063
2024-01-11T16:00:00.000Z,102.569,102.569,102.422,102.431,79353
2024-01-14T16:00:00.000Z,102.38,102.493,102.345,102.414,61384
2024-01-15T16:00:00.000Z,102.37,102.399,102.32,102.352,58363
2024-01-16T16:00:00.000Z,102.373,102.47,102.351,102.45,56311
2024-01-17T16:00:00.000Z,102.475,102.537,102.408,102.432,45967
2024-01-18T16:00:00.000Z,102.466,102.569,102.466,102.55,49113
2024-01-21T16:00:00.000Z,102.538,102.64,102.503,102.592,50819
2024-01-22T16:00:00.000Z,102.565,102.591,102.485,102.519,52627
2024-01-23T16:00:00.000Z,102.498,102.577,102.483,102.554,50262
2024-01-24T16:00:00.000Z,102.669,102.807,102.655,102.723,90269
2024-01-25T16:00:00.000Z,102.74,102.766,102.671,102.7,49202
2024-01-28T16:00:00.000Z,102.677,102.766,102.649,102.756,47449
2024-01-29T16:00:00.000Z,102.895,102.973,102.867,102.931,54918
2024-01-30T16:00:00.000Z,103.051,103.066,102.86,102.929,64885
2024-01-31T16:00:00.000Z,102.932,102.961,102.853,102.861,49024
2024-02-01T16:00:00.000Z,102.836,102.871,102.793,102.868,47845
